Name,Dialog
Baljeet,"Okay, this paper towel represents the space-time continuum. Normally, it moves in a straight line, (he puts the paper towel on a hook) but something has disrupted the flow. Now time cannot move forward and it puts enormous strain on the fabric of time (tears the paper towel) and tears the fabric! So now there is a little less space-time fabric to work with. The days are getting shorter. Now, you take this shortened piece of space-time (puts the paper towel on the hook and tears it again) and loop it again. Do this enough times (crumples the paper towel and puts it in his pocket) and pretty soon you do not have anything left. What I cannot seem to figure out is what could have possibly caused the space-time disruption in the first place? And an even bigger conundrum is how Candace is standing outside of the space-time interruption and somehow knew about its effects."
Baljeet-2,"That's Dr. Baljeet to you. Were you not listening? Here is the crux of your problem. Think of the universe and all of the many dimensions as circular. The energy flows between the dimensions like this, clockwise. Say this is your dimension, and this is our dimension. You traveled with the flow of energy, so going clockwise would be easy. Going counterclockwise would take 8 million gigawatts of energy, overloading the local power grid. I have prepared a little song to help illustrate my point. (he plays an accordion)"
Baljeet,"Right? Then I started thinking about how important it is to make the right decision on everything! You see, every choice carries with it its own potential timeline. So every decision I make effectively nullifies the possible future! I can not even choose which flavour of ice-cream to order. If I choose vanilla, that may set me on the path to the presidency. But if I have strawberry, I could get hit by a bus!"
Baljeet,"Okay, everyone. Please return your seats to the upright position, and please do not panic. As you can see the Paper Pelican is dissolving in water, because it is, after all, made of paper mache. But do not worry, because your seat cushions also function as flotation devices. Thank you for flying with us."
Baljeet,"Stabby Barf Pain is the name of a theoretical fifth season that combines the best aspects of the other four seasons, winter, spring, summer, and fall into one! Flowers bloom as golden leaves fall from trees. Warm sun shines as beautiful snowflakes fill the air. A fifth season beyond all expectations!"
Baljeet,"I signed up for a class called ""Summer Rocks,"" believing it was a geology course. It turned out to be a rock-and-roll camp, and no matter how hard I study, I just do not rock! I could actually get an e- (tries to say ""F"") an- Oh, I can't even say that terrible letter. Ineas! Erb! What am I going to do?"
Baljeet,"(growls) That is it! I can put up with noogies, wedgies, wet willies, and even the fact that you apparently placed a tracking device on, or inside, my person, but I will not tolerate your ignorant decision to take plastic over paper! From this moment on, I am no longer your nerd!! (storms out)"
Baljeet,"NOOOOO! If time stops looping, there will be no big tears in the fabric of space-time and no way for us to get home. We must find a way to get ourselves and that machine through one of the rifts and back into Danville. Then we can push the button and blow up the machine."
Baljeet,"I have! You see, the greatest impediment to making astronomical observations, is our atmosphere. It is like looking through pea soup! So to make our terrestrial telescopes more effective, I am going to take all of the Earth's atmosphere, and put it on the moon! (shows poster that shows what he's saying)"
Baljeet,"Hello, everyone. I was just cleaning my room and I thought I would return some of the things Ferb lent me. Your cowboy hat, your baseball mitt, your banjo CDs, your American flag unitard, oh, and here's your bald eagle. (Gives all the things in order and when Baljeet says bald eagle, it flies away) Oh, and Phineas, here is your sack."
Baljeet,"(Narrating) In 1903, my great-grandfather was leading a bicycle race, when he fell into a tiger pit. Years later, my grandfather skillfully avoided the tiger pit, but sadly not the tiger. Then, my father was confident he had outsmarted the tiger, but he was wrong."
Baljeet,"I was just giving Buford some pointers on collegiate life. Since I've already graduated and been accepted as a professor, I could pull some strings and get him into my school. (to Buford) Just think, Buford. You could be my student! I would be the boss of you!"
Baljeet,"Excellent! And I have repurposed my portable particle accelerator science project (which took second place? Hello?!) to track Mrs. Flynn-Fletcher's essence. Even under optimal conditions, I calculated she can only hang together for another eight minutes and forty-seven seconds!"
Baljeet,"I did. (Clears his throat) We Speckies vow to live in peace and harmony with you Finkies. All we ask is that you admit Space Adventure is much better than Stumbleberry Finkbat, and that you have brought eternal shame to your families forever believing otherwise."
Baljeetolas,"Listen, here is how it works. By observing the swamp, logic tells me that it is too big to go around. And by gathering information about it from Isabel, I can logically make assessments about the best way to get across. Are you following me?"
Baljeet,"Well, that was very entertaining, but that is all I had time scheduled for. (notices how high they are) Oh, wait. You are already airborne. And I am already still with you. (begins to panic a little) I can not believe this! My schedule is totally blown! I am going to miss my polka recital!"
Baljeet,"Well, first, I would like you to iron all of my books, then perhaps polish my retainer, then you can start my college applications. Massage my toosties. Sew my name onto my underwear, organize my book reports by subject. Ooh, build me—"
Baljeet,"The diameter of the sun can be calculated from the distance between the Earth and the sun. Since we know the time taken by the Earth to go once around the sun, p=1 year, and the distance traveled by the Earth in this process, 2πa..."
Baljeet-2,"(pauses) I know, it needs a chorus. Anyway, without the 8 million gigawatts, you would have to go clockwise, the long way around. Theoretically, you would get home, but there is no telling how many dimensions you would have to go through."
Baljeet,"Actually, I can think of many things that I can not do. Flying comes to mind. Also putting my foot behind my head, but it occurs to me that you're speaking hyperbolically. So point taken, Greg LeMond! I'm going to win this race!"
Baljeet,"(outraged) I do not believe this! I wasted all this time in a class without grades?!? Aohhhhh! If only there were some other kind of outlet for me to express these feelings to my like-minded peer group! (comes to a realization. peeks at the stage than to Coltrane.) Pardon me! I want to try something! (Runs and stomps onto stage. Their song ""Gimme a Grade"" plays. As they continue with the song, the audience sway and move their heads along with the beat.)"
Baljeet,"Huh? Oh, sorry. I am too preoccupied with today's wild fluctuations in the space-time continuum. With pressure readings like this, I could potentially get sucked into a rift. And then none of you would remember I ever existed!"
Baljeet,"(over radio) Phineas! Good news, I have the device that turned your mom into the cloud and I am trying to reverse it! But the battery is not working so we are having to run an extension cord from your house. Can you get the Mom Cloud here?"
Baljeet,"Now Buford, your mindless bullying may have a rustic charm stateside, but now we are in Europe. A place of high refinement. So let me do all the talking. (They go inside a restaurant and speaks with a man in a different accent) Excuse me, sir. Would you have any used cooking oil that we could have?"
Baljeet,"Because today is the Tri-State Area Unification Day! I learned all about it in Assimilation class. You see, the Tri-State Area was the bi-state area until our founder, the great John P. Trystate, uttered the immortal words:"
Baljeet,"W-what? Uh, uh, oh. Thank you. (Flashlight switch flips; Wolf howls) Well, this is a story about a kid who comes to this country, and goes to camp. He, like, has to share a tent with a bully. It's really quite terrifying, actually. Quite terrifying. (Crickets chirp; Flashlight switch flips)"
Baljeet,"Technology like that is twenty years away; you will need a time machine. Luckily, I have been working on a design. I have not figured out all the quantum physics yet, but if you give me a couple of days..."
Baljeet Replicas,"(All at once) He is always giving us a hard time...He says he is our friend! Would a friend steal your bike?! To be fair, he stole everyone's bike...And what about the time he drank all the water out of our fish tank?!"
Baljeetolas,"I have an idea. I think I have a way to get you across this swamp. I have been working on a way of solving problems by the process of deriving reliable generalizations from observation. I call it ""logic."""
Baljeet,"Based on his extensive history of malapropisms, I would say that he is talking about the Chupacabra, the Latin American goat sucker, that is said to haunt the deserts of Mexico and South-Western America."
Baljeet,"Useless Shoelace Facts, Volume 8. ""The plastic or metal tip on the end of a shoelace is called an... aglet. A-G-L-E-T. It is one of the most useful, yet tragically ignored inventions in all of history""."
Baljeet,"Well, they must have disappeared through a temporal rift. If we could calculate the location of the next rift, we could just throw in a rope with a life preserver tied to the end of it and pull it out."
Baljeet,Yes. They do a tail-wagging dance to alert each other to a source of food. (in background) The waggle explains the angle to the destination in relations to the imaginary line between the sun and the door of the hive.
Nerdcrow (Baljeet),"I am a nerdcrow. I hang in cornfields, wedgie-style, to keep the crows away. They would not be caught dead anywhere around me. For you see, despite my above average mathematical skills, I am not cool."
Baljeet,"Actually, most would consider dragon-fruit to be that exotic, indeed. (Buford starts to imitate Baljeet) Known for its dazzling flowers, it is actually the fruit of several... (Sees Buford mocking him) What are you doing? St-Stop that. Uh-Ah-buh- (Baljeet starts drinking his smoothie, and Buford mocks him doing that as well) Stop that."
Baljeet,"...and at the destabilization point, the vortex collapses in on itself, and it becomes an actual ""hole"" in space-time, sucking the nearest person or object into it and they are lost in the void."
Baljeet,"And it is so simple! I can use an ion coupling device to attract each atmospheric molecule to the second greatest gravity source, which in this case, is the moon, and after the initial impact..."
Baljeet,"Yes! By my calculations, we have effectively strengthened the hydrogen bonds between water molecules, so that the surface tension is virtually unbreakable! In your face, physics camp! Booyah!"
Baljeet,"Phineas and Ferb, days ago, you helped me build a portal to Mars. Now, I beg you to help me win the Biggest Watermelon Contest at the festival. Help me, Phineas and Ferb. You're my only hope! (Looks around and then turns off his hologram)"
Baljeet,(goes over to the dandelion and picks it) Hmm... (drawing on the fence) Two point seven-three-two times ten to the twenty-sixth power of particles. But I could not tell you the exact location of any of them because of the Heisenberg uncertainty principle.
Baljeet,"I, too, have a question. If I miss the third shuttlecock with my rubber chicken, does Buford have to jump over the chokecherry bush before or after the girls finish peeling their tangerines?"
Baljeet,"Well, I got kicked out of summer school because my grades were too high. But then I heard about this place! Sure, they break you down and strip you of your identity, but school is school."
Baljeet,"From my observations, Candace's instability stems from her desperate need for attention, which she clearly is not getting from her mother. It is no wonder Candace is crying out for help."
Baljeet,"It looks like the next anomaly will appear any second now. I am working on the exact coordinates, but there is significant interference. It looks like there may be multiple rifts coming."
Baljeet,"So after hiding in the bathroom, I jumped out the window and came over here as quickly as possible. I do not even know how to act in front of a girl! I do not even know what girls like."
Baljeet,"Oh, no! The portal is broken! Ooh, now I will not get a good grade at the science fair tomorrow, and, uh,... there's also the issue of your sister stranded on a distant, barren planet."
Baljeet,"Ghosts, there is no such thing. Look! My EMF readings are three milligauss. Normal background radiation. And when we point it at the room, it is also... Well, that cannot be right."
Baljeet,"Surface tension is the property which allows molecules of water on its surface to form a sort of stretchy skin, which allows it to retain its shape and durability at a small size."
Baljeet,Buford! You're completely disrespecting this classic song. You're ignoring the historical context! King Wenceslas was a great man. You have no idea what this song is about!
Baljeet,"No! There is always a way! Isabella teaches the emergency preparedness class for the Fireside Girls. She could build a generator in her sleep. Is that not right, Isabella? (who is not here)"
Baljeet,"Actually, you did, too. Since our planet's orbit of speed around the sun is 67,000 miles per hour and you are on its surface and speeding around the sun as well. (Buford spins the hat on Baljeet's head.) Quit it!"
Baljeet,We are so privileged to be here in this strange and beautiful place. To think that the greatest minds in history have been searching for Atlantis for thousands of years.
Baljeet,"This place must exist outside the flow of time. Candace, you were the only one of us outside the loop. Were the looping intervals decreasing in chronological amplitude?"
Baljeet,You are missing the point! I do not know that if I chose strawberry I would get hit by a bus! I am just saying that every decision we make has unforeseen repercussions!
Baljeet,I have an idea. (Wipe to him later on) Phineas and Ferb made me this 3D projector. I can project one of their projects right into the yard here. Your brother will think they just built it.
Baljeet,Your blueprints are 97% sound. But you accidentally placed a cosine where you needed a quadratic differential! (laughs) Not to worry. I fixed it. I will send an attachment.
Baljeet,"No can do, Phineas. I am taking an eastern Indian cooking class. We are going to make goat vindaloo. If we can ever find a goat. (goat brays offscreen) Oh! There is one now. Got to run! (runs away)"
Baljeet,"Yes, but now I've got to write her back in a passive way that makes her think it's really her idea. She is trying to manipulate the situation. (He takes another bite of his sandwich) It is how we love."
Dr. Baljeet,"Well, since the Phineas and Ferb from the first dimension suggested we make the most of our summer, Buford and I have been experimenting with fun, and so far..."
Baljeet,"I know this goes completely against all logic and therefore makes it totally out of character for me to say, but I think you may have been cursed with bad luck."
Baljeet,"""Haha"" yourself. I am going to win this race! Oooohh! The impending victory! It is as sweet as... (Greg LeMond quickly passes him) Greg LeMond? I thought you were supposed to be motivating me."
Baljeet,"Well, the slowly melting ice of the wheel creates a slick surface, eliminating friction. (Close-up on Baljeet.) Gravity converts into angular momentum, giving us perpetual mo—Hello?"
Baljeet,"Well, we have to build something to close the hole and stop the looping.  But it will require einsteinium, tungsten wire, and micro-crystal plasma resistors."
Baljeet,"No! I moved polka back so I could answer your question! It would take some major rearranging, but I think I can at least come to watch you make the bubble."
Baljeet,She has absorbed too much water! She is nearly two tons! We cannot fire the device until she is close to her normal density! Otherwise she could explode!
Baljeet,"Plot all you want, I have my eye on you! No one will be able to stop me from stripping away the Earth's atmosphere! Oh, the things I will be able to see!"
Baljeet,"Well, let us see. (transitions to Eiffel Tower) Oh, this is from the time Phineas and Ferb built a full-scale replica of the Eiffel Tower. I will hide the projector in the bushes."
Baljeet,"No, that is Venus. And that is Earth in prehistoric time. (Gasps, yells) Change it, change it, change it! Whoo, Hey, look, it is us in the future fixing the portal."
Baljeet,"You know, if I am good enough to impress the Katherine Marshall, maybe my acting talents are worth cultivating. Maybe I should take a class. Buford?"
Baljeet,"Well, folks, I do not know about Western cinema, but this Forced Perspective Western Town has been a hoot, which I am just now realizing is a thing."
Baljeet,"(offscreen) HEEELP!!! (Runs onscreen) Help! Phineas and Ferb, and to a lesser extent, Buford! I am having an existential emergency! I find myself incapable of making decisions!"
Baljeet,"For your safety, Mishti, I invite you to hold on to the rail. It appears to be very clean, which I know is important to you now that you are a girl."
Baljeet,"(runs up) Phineas! Ferb! I saved Buford's life, and now because of the Bully Code, he is my personal servant! It is driving me crazy! You have got to help me!"
Baljeet,"Yes! Yes, it does! This way my work will not be interrupted by creatures who cannot possibly understand it! Like raccoons, or people, for instance."
Baljeet,(on radio) Not to add pressure to what is already a high-pressure system... (giggle) but we have six minutes and forty-one seconds 'til your mom dissipates completely!
Baljeet,"I did it! I won a bike race! Thanks to Greg LeMond inspiring me. And then, you know, getting attacked by that tiger. By the way, I hope he is okay."
Baljeet,"I said early. Anyway, under personal preferences, I could not decide whether to select 'Loop' or 'String' theory. I was paralyzed with indecision!"
Baljeet,"When she looked at you, her pupils actually formed little hearts. Like, I do not know how that is physically possible. She changed her eyeballs!"
Baljeet-2,"I will try to keep it open for as long as possible, but the window is very unstable. Even the slightest disturbance could cause it to collapse."
Baljeet,"N-No! Of course not, sir. Hehe (walks off; comes back with a chicken-shaped out of peanuts) Here, sir. Try our deluxe peanut chicken. Our **motto** is: ""So Peanutty, you will not even taste the chicken!"""
Baljeet,That's because it is. Every minute of my entire day is planned out right here. Remember how you told me to seize the day? Consider it seized!
Baljeet,"Thank you, Phineas. (Cut to the dining room. The gang is gathered around the table in their pajamas.) In researching for my very first slumber party, in which I am so excited to stay up past my regular bedtime of 9:30 p.m…"
Baljeet,"Technically, we will not be drifting. More like violent ejection, plummeting through the atmosphere and crashing onto the planet's surface."
Baljeet,"The weight of your freakish muscles will only pull you down faster. And why does he just stare off into space like that? (screams) Phineas, help us!"
Baljeet,(blinks) Huh. I had not noticed that. I acknowledge your accomplishment with limited praise as an emotionally-restrained mentor. Let us do this!!!
Baljeet,"Seeing as there are 34 sheep in the circumference, if we calculate the sheep radius and multiplied by y divided by 3πr², you would get... (falls asleep on the ground, snoring.)"
Baljeet,"But the part that perplexes me the most is that, for some reason, the sun algorithm that I created keeps coming up with the wrong result!"
Baljeet,"Well, I stand corrected. You seem to have a lot of information. But if you know so much about it, why do you not sing the original song?"
Baljeet,"Wrong. It is very primitive and aggressive. We do not want to meet it in here. (shows gazelles that look like Phineas and Ferb running away from the id.) Obviously, you see Phineas and Ferb as some sort of prey."
Baljeet,"Perhaps we can give you a recharge, but, of course, this time with the correct powers. We have been working on rebuilding the machine."
Baljeet,"Do not worry, Phineas. With all of her training, she will be fine. Just last week, she earned her Judo, Hapkido, and Jujitsu Patches."
Baljeet,"On a multi-valve engine with variable timing, how can I isolate an exhaust valve leak at the stem seal without removing the camshaft?"
Baljeet,Uh my schedule is extremely tight. I doubt I even have a second to answer your question. Maybe if I move my polka recital back. Okay.
Baljeet,"By chance. I ran into the director, Katherine Marshall, and she thought I would fit a particular role. A character called ""Exterra""."
Baljeet,"(looking at a tablet) Inexplicably, your mother's vaporized bits have coalesced with the high humidity in the air to form a ""cumulo-mom-bus"" if you will."
Baljeet,"I am not mechanically inclined like the two of you. To truly understand my predicament, I feel it will be best expressed in a song. (Claps hands twice)"
Baljeet,"(To Ferb) You know this is pretty tame compared to other roller coasters, but when you compare it to other dental themed rides, it is a rush!"
Baljeet,"Then, they put it all together to make you this salad. There are still grasshopper legs in it, but other than that, it is not bad."
Baljeet,I feel this may not be the best way to block a shot. Clearly I was - Clearly I was wrong about that. That was most effective. Aah!
Baljeet,"You know, Isabella, I sometimes wonder if it was mere coincidence that it was you and I chosen to portray the young, happy couple."
Baljeet,"While this Forced Perspective Town is charming, it has not changed my perspective. I still find the Western film genre tacky and— (screams as a giant tumbleweed runs him over)"
Baljeet,You will be most gratified. (Buford walks in) As long as you find insignificant bags of peanuts gratifying… (faceplams) Welcome to Wedgieville. Population: me.
Baljeet,"Okay. (Baljeet makes some calculations.) Right... (pointing on a map) There! In fifteen seconds, that is the point of maximum disturbance! So it should be appearing right over...there! (A groundhog gets sucked into the rift.)"
Baljeet,Ferb has discovered a way to temporarily alter road surface modules from a solid to a liquid state around the hull. Fascinating!
Baljeet,"Aww! I got you in my tractor beam! (starts pushing buttons) Time to strip the atmosphere from our planet, and allow an unobstructed view of the cosmos!"
Baljeet,"Oh, that's it! I will become Hanuman Man, a flying blue monkey that can grow as massive as he desires to crush all in his way! (pause)"
Baljeet,"Do me a favor. Next time you want to make a fiendishly clever computer-controlled contraption, call one of your other friends."
Dr. Baljeet,All we have to do is get these magnetic deprogramming chips near the cyborgs' frontal lobes and they will no longer be evil.
Baljeet,"Well, winning does take the sting out of the fact that there is obviously a horse out there somewhere with only three shoes."
Baljeet,"Um, hello? Can we discuss the bigger problem? And by ""bigger problem"", I mean ""THE BERSERK NECROSLUG THAT IS ON THE LOOSE""!"
Baljeet,We could remove you to a sterile environment and get a board certified surgeon to cleanly and safely preform a Jere-botomy.
Baljeet,"It is like our own miniature Canada! But, of course, without the beavers, moose, and disproportionate number of comedians."
Baljeet,"You know, saliva is 98% water and the other 2% is made up of very beneficial electrolytes. It is gross, but it is science."
Baljeet,"If by okay, you mean that my life is a meaningless, black cauldron of swirling failure... then yes, everything is groovy."
Baljeet,"And now, for my final trick, (cut to main stage) I will reattach my thumb! Feel the rhythm, feel the rhyme, come on thumb, it's healing time."
Baljeet,You are amputating two perfectly good words and stitching them together. They are the Frankenstein monsters of grammar.
Baljeet,Last stop! I'm afraid there is no way to get to the East Coast by boat unless you go all the way around South America.
Baljeet,"Finally, we have been able to harness the energy in raw vegetables to power the unicycle. But how will we make it fly?"
Baljeet's Brain,I had discarded my limited physical form like a useless appendix! I will free everyone to create a mind-brain utopia!
Baljeet,"Buford, these equations show that if we combine your brawn with my brains, we can conquer the final target together!"
Baljeet,There is a new Space Adventure movie filming in Danville. (takes out a poster) The Namrak Necroslug. And I have been invited to audition!
Baljeet,But how? Mr. Random is already miles away. We have no idea where he is going and no way to get there except on foot!
Baljeet,"Because of the 17 summer school classes I am taking, I qualified for the science fair. So I decided to design this."
Baljeet,"We're going to the circus! We're going to the circus! (Cut to the kitchen, where Phineas, Ferb, Isabella and Django is eating Pow cereal... aside from Buford) I am here and ready to go to the world-famous Cirque de Lune."
Baljeet,"...I gotta get it, gotta g... gotta get it, gotta get it, gotta get it, gotta get it, gotta get it, gotta get it..."
Baljeet,(Sarcastically) And spoil my carefully calculated air of selfishness and unconcern? Not until the last second thank you very much! (Baljeet and Buford sail away leaving the rest of the group behind)
Baljeet,"Huh, if you convert the basal molecules into an adenosine triphosphate engine, it might be theoretically possible."
Baljeetolas,"Greetings, adventurers! If by my bow, or my vast store of useless knowledge I may aid you... Hey, where is my bow?"
Baljeet,"Good, we will just wait here and eventually, the fuel will run out. (Isabella and Buford look at him) Ohh... And then she will plummet to...yeah..."
Baljeet,"Hmm... maybe it is not too late. We should try to get them together. You know, before Isabella leaves for school."
Baljeet,"YES! I have BEAT you, Danville Mountain! In your cliff face! Ha ha! I cannot wait to tell Buf- oh. That is right."
Baljeet,"(Seeing Buford fall) Oh no! Buford is in trouble! I must do something! (He goes to a man selling balloons) Please, my bully is in trouble, let go of all of your balloons."
Baljeet,I have been making mental notes of the paths and probabilities as I have gone along. It will be a piece of cake.
Baljeet,"So you are telling me that even though you are now a girl, you still like to have fun just like in the old days?"
Baljeet,Ah! this is catastrophic! Should we not do something? Should no one inform the populous of the impending impact?
Second Baljeet,"This is great! Now that I have made both choices, I will no longer miss any opp- (DBG bus returns, hits Second Baljeet) What do you know! I was right!"
Baljeet,"Huh. Usually, some unforeseen element would have removed our invention by now. Perhaps we should take it down."
Baljeet,"Really? Because usually, people are either gone or fall asleep by the time I get to this part of the sentence."
Baljeet,"(getting out a binder) …I present to you the ultimate sleepover checklist! Movies, a pillow fight, ice cream sundae bar, some mores (s'mores)…"
Baljeet,You mean test the resiliency of our cartilaginous collusion with vigorous application of weight and velocity?
Baljeet,"(Holding a plastic dummy that looks just like him) Thank you. Thanking you much. So little Jeet, I hear you went to New Delhi. And did you try the chicken club?"
Baljeet,"I can see how that would be relevant if we were going to eat it. We are not going to have to eat it, are we?!"
Baljeet,"No, no please! I have given my solemn oath to protect the little monotreme until the Flynn family comes home."
Baljeet,"I did not go through six years of ninja school just to be called Dr. Baljeet. It is Dr. Ninja Baljeet, okay?"
Baljeet,"Another week's allowance replacing wedgied underwear. If I had anything left, I would invest in the company."
Baljeet,"(With a wide smile ""frozen"" on his face) I have been here since midnight waiting for everyone! I can't stop smiling! I have got cramps in my cheeks."
Baljeet,"Because, (hands it to Buford to hold) as a person of superior intellect, I require an angry wall of meat to protect my science project."
Baljeet,"Shape-shifting alien zombies, fair enough, but I must tell you that I am kind of using my brain right now."
Baljeet,"If we could just stick to the topic, please. Five minutes and forty-eight seconds ago, back in my home..."
Baljeet,"No! No, you cannot! We looked all over the place, but there are no potatoes in the entire Tri-State Area!"
Baljeet,Who cares? I am finally free to live my own life! I feel like I can do anything! Like...climb a mountain!
Baljeet,"Somebody take a picture of me next to this dust bunny! (shutter clicks as Ferb jumps on the shutter of the large camera) Phineas, this is amazing! Everybody should shrink."
Baljeet,"That is what I said! Sure, give the weird stuff to Baljeet! Who cares if it does not work out of context?"
Baljeet,"(in a deep voice) Hey, guys. (he coughs and returns to his normal voice) Oh! Something was caught in my throat. So, still trying to figure out where to go to school?"
Baljeet,"(takes the device) I do not know what that will prove. The space-time continuum is remarkably stable, and—Oh, my goodness!"
Baljeet,"(laughing) Yes, he does! But there is still one problem. I do not know how to act. I have a hard time pretending."
Baljeet,"""If a nerd shood save a bully's life, the bully is the nerd's slave for life."" ""Should"" is misspelled."
Baljeet,"Well, without over-complicating things, it's a portal to Mars. You step through it and you're on Mars."
Baljeet,Just follow the trajectory I plotted out and I promise you will hit the final target! We can do this!
Baljeet,"Oh, no, no, no. Phineas and Ferb's blueprint was already brilliant. I just made a minor modification."
Baljeet,"(Squealing) I was too excited to wait. (Takes off his wig) I shaved last night. Just call me Bald-jeet. Heh-heh. Get it? ""Bald-jeet""?"
Baljeet,"Yes! That was very kind of you to invite us to your grandparents' house. (A basketball flies by, and he ducks to avoid it) No fair! That almost hit me!"
Baljeet,"Well, I usually attend college level conferences, but I thought I would dumb it down for the weekend."
Baljeet,"They are really into online gaming now! Hey, who cast a sleep spell on me and stole all my gold? Ugh!"
Baljeet,"Just some old friends. In post-apocalyptic battle gear. Okay, maybe ""friends"" is stretching it a bit."
Baljeet,"The blender-copter! Of course! Those cloud milkshakes brought all the boys to the yard, and Isa, too."
Baljeet,"Ah, there it is! The finish line, right on the other side of Danville Chasm. I am going to win this!"
Baljeet,"You know, for the record, I would like to not be in a position today, where I have to eat this wall."
Baljeet,"Look, Chinese eviscerating fish. Though I suppose here in China we just call them eviscerating fish."
Baljeet,We may be doomed but these nimble fingers and five years of violin lessons can play us out in style.
Baljeet,"This place is creeping me out. If I had any underpants left, I am sure they would have been soiled."
Baljeet,"That is not possible! Well, I mean, clearly, it is possible, but highly unlikely. Prepare to be --"
Baljeet,"Ahh. Now I'll just hang out and ""be cool"" till my teacher gets here. (Wide smile appears on his face again) Uh-oh, it is happening again!"
Baljeet,"It is okay, Mrs Flynn-Fletcher, we were just talking about how easy it is to make a bad decision. (Awkwardly dusts Buford down)"
Baljeet,"Uh, some friends of mine have planned... (pulls out brochure and reads it to her) ""an all-inclusive luxury cruise around Danville Harbor""."
Baljeet,Thank you! I got it at Astro Camp today. (Buford spins it again.) Quit turbocharging the orbital speed of my solar system!
Baljeet,"My time is limited, Magician. I must gather my positronic impulses for the coming battle. Speak."
Baljeet,Positively remedial. How much more basic can you get than the surface tension of water droplets?
Baljeet,I have composed a simulation for turning the Earth's core into a gyroscope. Maybe that would... (groans)
Baljeet,Phineas pulled a jiao with giant mechanical feet out of his backpack and that is what bugs you?
Baljeet,"(to Buford) So, if you do not believe the flying saucer is real, why did you want to take a turn flying it?"
Baljeet,Wow! The fact that we cannot open it makes discovering the contents that much more tantalizing!
Baljeet,"Jetpacks? I thought you were -- (picks up Isabella's decoy) Wood pulp effigies? Ha ha ha ha! Clever, but not clever enough!"
Baljeet,I know! But it took me three minutes to remember how to give my self a CAT scan! I am slipping!
Baljeet,"(to Buford) Stop looking at me, I am not going to do jazz hands! Even though you have totally earned it..."
Baljeet,I do not know if it is so much cause and effect. I do a lot of math! The feelings come and go.
Baljeet,"Oh, but what about all those innocent baristas and bank tellers and bowling alley attendants?"
Baljeet,All of that work and all in vain. If only there was some way to go back to being forgettable.
Baljeet,"(Still reading the brochure) ""Highlights of the evening will include a romantic candlelit dinner with–""... oh, she's gone."
Baljeet,"Aghh! You can build a rollercoaster in a day, but it takes you 12 minutes to pump up a tire?!"
Baljeet,"Oh, yes, I can help you, Irving. I might just be the unsung intellectual giant of the group."
Baljeet,"Inside I am thanking you a thousand times, even though on the outside I remain quite frugal."
Baljeet,"Inside I am thanking you a thousand times, even though on the outside I remain quite frugal."
Baljeet,"This is great! With my stimulated brain, I am dreaming up all sorts of super smart projects!"
Baljeet,"So, Buford, we are literally sitting inside a flying saucer. Do you still not believe in it?"
Baljeet,It got me through hoof and mouth disease. And I have already downloaded my favorite episode.
Baljeet,"Ha ha! Yes! What he said! In da face! (Laughs) Uh-uh, I mean... You will get him next time. Clearly."
Baljeet,"Radius times the angle of rotation, taking into account wind velocity and humidity! (He throws a piece of vine, capturing Buford by his ankle.) Brains!"
Baljeet,"Hello, Buford, I hear you are under the weather and I have just the thing to cheer you up."
Baljeet,"Oh, great! It is not like Ferb is an internationally ranked video game wizard or anything!"
Baljeet,Do you find it as curious as I do that your menu has not changed since you opened in 1929?
Baljeet,"Hey, Buford, your voice is so raspy. It sounds as if sandpaper and a washboard had a baby."
Baljeet,Do not worry your pretty little head. I have plenty of experience with this sort of thing.
Baljeet,"Wait, wait, no Buford. No. No. No. Please don't. (A red liquid splashes Phineas, Ferb and Isabella) I was going to eat those jelly doughnuts."
Baljeet,"At some point, the food will run out, and we will be forced to make ""difficult decisions""."
Baljeet,"Buford, hitting a baseball involves the basic principles of (graphics appear above his head) velocity, force and geometry."
Baljeet,"Let me explain. Four years ago, back in India, we used to have such a good time together."
Baljeet,"We'll build the perfect dinner date for Isabella and Phineas. Their favorite food, music."
Baljeet,It seems too heavy for an airlift. Perhaps if we had two trucks attached side by side...
Baljeet of the future,"Hello, Baljeet of the past! Just watch us. That is how we learned to fix it. Gesundheit!"
Baljeet,Wow; I have no idea how to respond that. (Pauses) I think I will be continuing with the race now.
Baljeet,"Buford, what are we going to do? Phineas wants us to stall. We gotta think of something!"
Baljeet,"Using Ferbographic technology, we are simulcasting our virtual selves around the planet!"
Baljeet,"Uh, we could build a device to concentrate sunlight and dry the doonkelberry instantly."
Baljeet,Oh no! I knew I should not have forsaken the rigid beauty of my candy-colored schedule!
Baljeet,"You know, you can not solve every problem with your muscles. Sometimes you need brains."
Baljeet,Aaah! But it is true! The Earth has moved away from the sun and now the summer is gone!
Baljeet,"What is not to like? It has what every kid loves: rocking back-and-forth, and slowness."
Baljeet,...the particles will bounce up into lunar orbit! Blue skies on the moon! Imagine that!
Baljeet,"Actually, I joined the Empire by accident. I was trying to sign up for a physics camp."
Baljeet,Yipeeeeee! Last day of summer means first day of schooool! Ha-ha ha! (realizes the disproving looks on everyone else) I mean boooooo...
Baljeet,"Huh. Did you say ""Wind-Con""? The largest annual international wind-themed convention?!"
Baljeet,"First, I do not like fried pickles. And secondly, you can never change my perspective."
Baljeet,The answer is yes! But we will need to rig a power cable because the battery is fried.
Baljeet,How can I sit tight? With that air conditioner up there freezing me! (Teeth chattering) So cold. So cold.
Baljeet,Hop on! The mole people startle easily. But they will be back and in greater numbers.
Baljeet,"Oh, that. My Uncle Kamal is doing an exotic cuisine float in the parade, and I'm the…"
Baljeet,Yes. And we need to do it quickly. The time loops are accelerating exponentially and—
Baljeet,"If it is okay with you, I have prepared a little presentation to illustrate my point. (opens up laptop)"
Baljeet,I am watching Perry the Platypus. I promised to not take my eyes out off him all day.
Baljeet,"Oh, here we go again. He's going to tell the story of when he was abducted by aliens."
Baljeet,"(looking at papers in his hands) Well, empirically speaking, the test results show almost unanimous approval ratings!"
Baljeet,I can't do it! I just do not know how to rock! (emotionally) I know I am going to get a bad grade!
Baljeet,"Oh, it is hopeless. I am never going to get my special mistletoe Christmas kiss. (Gets a wedgie from Buford) Ah!"
Baljeet,"Ah, no matter. Personally, I never cared about winning. I just wanted a good grade."
Baljeet,This is usually the part of the day when pitch us building your bread bowl hot tub.
Baljeet,We should monitor the conditions in the upper atmosphere. I have a weather balloon.
Baljeet (cont'd),...we are in for a moderate cold front that shows absolutely no signs of subsiding.
Baljeet,"Buford was supposed to take over half an hour ago, but I can not find him anywhere!"
Baljeet,"Yes. It is not as if society has crumbled, Buford. The phone networks are still up."
Baljeet,And a little extra yeast in the baguette will increase our overall maneuverability.
Baljeet,"Got them! 34 degrees, 10 minutes, 15 seconds north. 15 minutes, zero seconds west."
Baljeet,There it is. Danville Mountain. My quest lies ahead of me like an unpeeled potato.
Baljeet,"Huh. Deception aside, my confidence is at an all-time high. Exterra fears nothing! (yelps)"
Baljeet,"(over a shot of various foods placed on a bookshelf) Those are not knick-knacks! They are food, and they should be in the refrigerator!"
Baljeet,They appear to have been domesticated. They have no squirrel skills. Check it out.
Baljeet,Look at this! (he shows a X-ray of a brain) This is my brain during the school year... (He then shows the other X-ray) And this is my brain now!
Baljeet,Whoo! Opportunity! We can carpe our own diem! (unrolls a blueprint) How about Radical Barbarian Battles?
Baljeet,"Aside from the hack storytelling, they're just a sea of sepia tone and spittoons."
Baljeet,"(Everybody looks at him) It's curry. It's not inherently evil. Maybe a little spicy. (The Gelatin Monster roars) Okay, I'm going home."
Baljeet,Are you telling me that we have never made an obstacle course this entire summer?
Baljeet,"I feel a minor disturbance in the universe, almost as if... (A toilet flushes, and Clive Addison walks out of the stall) Nope! Now it is gone."
Baljeet,"Due to unresolved contract negotiations, Stumbleberry Finkbat has been cancelled!"
Baljeet,"Oddly enough, I feel the same. But I am not worried about making choices anymore."
Baljeet,We just launched them towards the park. Buford is there with the other platypult.
Baljeet,Only a few more seconds to my greatest triumph! I wonder what I will do tomorrow.
Baljeet,"Buford, the table looks great, but there is one thing that would make it perfect. (He produces Buford's cupid costume from behind his back.)"
Baljeet,All this waiting is maddening. Maybe we should put some more growth elixir on it?
Baljeet,"(looks away from Ginger) In a minute. (Turns around) So to continue, the figure eight and... (Notices Ginger has disappeared) Awwww, annnnnd we are back."
Baljeet,"You know, I can see these vines are just painted ropes. How can I act with this?"
Baljeet,"(looks away from Ginger) In a minute. (Turns around) So to continue, the figure eight and... (Notices Ginger has disappeared) Awwww, annnnnd we are back."
Baljeet,"Of course, this is the one time an object has not disappeared from the backyard!"
Baljeet,Something is interfering with the friction of the wheel! We are losing control!
Baljeet,"No, it means...NO!! It means all life is going to be wiped out on both planets!"
Baljeet,"And Ferb. Wait, this is gonna sound crazy, but what if we combined our efforts?"
Baljeet,Which part? The unicorn or Officer Concord the Juice Time Juice Box Flavor Cop?
Baljeet,We are guys. We do not talk about feelings. (Buford shrugs in agreement) Did you see the new car Irving got?
Baljeet,"Oh, I am not Baljeet. I am the scariest thing known to man, a failed math test."
Baljeet,"To truly understand my predicament, I feel it will be best expressed in a song. (Claps hands twice)"
Baljeet,"Oh, Buford. (Buford gives Baljeet a tennis ball and a black marker.) Perhaps this will buy us a little time. Frozen waffle, please. (Buford gives him a frozen waffle with a bite mark out of it.) Ugh."
Dr. Baljeet,That is great. And I think I figured out how to get this giant ant going again.
Baljeet,A beam came down from that balloon and hit your mom right before she vaporized!
Baljeet,We are not fish-leaping distance within any body of water. How is that nature?
Baljeet,"The girls are still gaining! Failure is not an option for me, my husky friend."
Baljeet,"Here is our table, Mishti. Is this okay with you? It is not too drafty, is it?"
Baljeet,"Okay, everyone! Here is how you play: You hold your top...and then...you SPIN!"
Baljeet,"Oh. I mean, it's, uh, it's totally gotten so commercialized now. It's so lame."
Baljeet,Funny how things worked out so that everyone pretty much got what they wanted.
Baljeet,"Oh, look who's sensitive! Besides, Buford could have brought the marshmallows."
Baljeet,"(He wheels in a large crate with a tarp over it) Everyone, please stand back! Keep your fingers, and berets away from the bars."
Baljeet,Never! The line must be drawn here! (gets up and shines a flashlight beside Phineas) Right between Phineas and his loved ones.
Baljeet,"Ooh, I have a mystical, magical act I would like to perform. It's stupefying!"
Baljeet,"Where are you getting your information from, disembodied reggae space voice?"
Baljeet,"(Hung upside down by Buford) No, No, Buford! Please do not drop me I-- (Buford lets go) Oh! Oooh, well this is not so bad."
Baljeet,"Ooh, please be careful. I still need your help at the science fair tomorrow."
Baljeet,Are those the stolen Death Star plans we are not supposed to be looking for?
Baljeet,"I hope you have got your carry on stowed, because we are ready for take-off."
Baljeet,"Oh, sweet. I am going down there. (He comes down from the castle) Okay, here I am. What have you got for me?"
Baljeet,"No gadgets, no gimmicks, just pure achievement! It will be great! Let us go! (begins running up the mountain)"
Baljeet,"If Buford is now the brains of this operation, my life has lost all meaning!"
Baljeet,"Huh, maybe satisfaction should be rated by someone less picky. Respectfully?"
Baljeet,What mysteries does it contain? (gasps) Perhaps dozens of stray Schrödinger's cats?
Baljeet,I will call my family and tell them to start putting up the shame curtains.
Baljeet,(After rolling dice against Buford) Haha! That gives me a five points weapon skills advantage. You lose an arm!
Baljeet,What you have found is a one-way magic carpet ride to your own destruction.
Baljeet,"But if we do the mind swap here, those criminals will still be out of jail."
Baljeet,"(From the Castle) In case you are wondering, the word you are looking for is, 'impenetrable'."
Baljeet,"Oh, my goodness, is this Candace's bed? How did you get it down the stairs?"
Baljeet,You are going to waste a whole day promoting aglets? Who is going to care?
Baljeet,It is almost like Tadashi Kawamata's massive chair sculpture in Abu Dhabi.
Baljeet,Hey! I believe my Uncle Sabu lives not far from here! Perhaps he can help!
Baljeet,"You are kidding, right? You do know she had a giant crush on you for ages."
Baljeet,"Look, everyone! It is Officer Concord the Juice Time Juice Box Flavor Cop!"
Baljeet,"(stops playing) Perhaps in hindsight, we should not have made our submarine out of FOOD!!"
Baljeet,Perhaps the real treasure is true friendship and the spirit of adventure.
Baljeet,"(showing a diagram) Genetically speaking, they fall somewhere between parrots and chameleons."
Baljeet,Come see The Flying Fishmongers jump McGregor's Gorge! Tell your friends!
Baljeet,What luck! Pizzazzium Infinionite! That science prize is as good as mine!
Baljeet,"Yes. All you need is the first part, and then you will have a whole joke."
Baljeet,Why is he wearing a tuxedo? It looks like he should be on a wedding cake.
Baljeet,"So, it turned out that the invasion was all just a big misunderstanding."
Baljeet,"Ha, how convenient that your mother has a whole terrine of goat biryani."
Baljeet,Now there is something you do not see every day: a fly with orange hair.
Isabella and Baljeet,"And now, for your in-flight entertainment; The Paper Pelican Floor Show!"
Baljeet,"Well, maybe we could make our own fire hydrants out of soft foam rubber."
Baljeet,"I am a doctor. (Baljeet rips his clothes off, revealing a doctor's scrubs) And yes, I am single. What seems to be the problem here?"
Baljeet,"Or, you could get her a classic wooden slide rule from Analog Emporium."
Baljeet,"By my new calculations, the next rift should appear right over...there!"
Baljeet,How is that possible? He weighs no more down there than he did up here!
Baljeet,(Gasps) That is right! Three months of summer vacation and I am losing my edge!
Baljeet,Did you know that bees can communicate with each other through dancing?
Baljeet,And how is this supposed to expunge my childhood fear of the boogeyman?
Baljeet,"You can run, but it won't be to the college of your choice, I tell you!"
Baljeet,"I admire your assertiveness, Irving, or should I say... (takes rolled up blueprint and ""dubs"" him with it like a knight) my new protégé?"
Baljeet,Really? A doggy door in a municipal building that does not allow dogs?
Baljeet,"(offended) Oh, I speak boring! And getting your Whittling patch is sooo exciting!"
Baljeet,Your analysis of the pitch's angle and trajectory was most impressive.
Baljeet,"Actually, there is no scientific evidence for the existence of ghosts."
Baljeet,[trailing to the WDTVA logo] Hey! I thought we discussed this earlier!
Baljeet,"But if you designed the tower, will you not know every way to get out?"
Baljeet,"As long as we are up here, how about we fly to a little island I know?"
Baljeet,"Maybe, he delivered a pizza before you even thought about ordering it."
Baljeet,"Exactly, no hero would, no matter what the genre. And neither will we!"
Baljeet-2,We need to generate 8 million gigawatts for inter-dimensional travel.
Baljeet,You may have my underpants. They just got very messy all of a sudden.
Baljeet,"Why, thank you, Mrs. Flynn-Fletcher! That is very kind of you to say."
Baljeet,I cannot believe I turned down a trip to the community pool for this!
Baljeet,(Clears throat) Uh... If you do not already have plans for this upcoming afternoon...
Baljeet,"(Perry puts on his fedora. But then puts it in his mouth when he returns.) Oh, I almost forgot Perry. Come along. Let us get you a little treat. (he grabs the platypus, who holds onto the grass.)"
Baljeet,"See? It only ate Shane. But to be fair, it might not be finished yet!"
Baljeet,And then I will start my own foundation to... Are you not hearing me?
Baljeet,Then we have just got to make sure that those things never touch us!
Baljeet,"All I want is one sweet, special Christmas kiss under the mistletoe."
Baljeet,Then you better go catch it? (The gang all stare. Baljeet speaks to someone offscreen.) I thought you said that would be funny.
Baljeet,I simply spliced the genetic code of a rutabaga and a giant redwood.
Dr. Baljeet,Ha ha! I believe that makes the score six kadooms to twelve rempars.
Baljeet,Wow! The thrill of hitting that thing with a stick is like no other!
Baljeet,"YES! Of course! It is right here, and the key is right on that hook! (notices there isn't a key and gasps)"
Baljeet,"Perry! Where are you?! Oh, it is no use. I fear he is gone for good."
Baljeet,"'Dan:****[trailing to the DC Original logo] It's in the lyrics, man!"
Baljeet,"(revealing his eyes are red, teary and bloodshot) I wish I would have thoughtfully created an eyewash station. Sheesh!"
Nerdcrow (Baljeet),"Oh, yes, I much prefer rotting vegetation and blood-sucking demons."
Baljeet,"(shvitzing) He is redundant, but he is right. I do wish we could luge the heat."
Nerdcrow (Baljeet),The Wizard?!? (falls to the ground) Oof! Do you think the wizard can do something for me?
Baljeet,Huh. Do not flatter yourself. You should see how many he has of me.
Baljeet,"Buford, I have never seen this side of you before. I am very proud."
Baljeet,Really? So I might still have my one big Christmas wish come true?
Baljeet,Because this dweeb spent two weeks in psychology camp last summer.
Baljeet,"Yes! Back to school, baby! ...Oh, you meant that like a bad thing."
Baljeet,The... wires... must... pull... them... out... with... no muscles.
Baljeet,"But all I have is a dollar. (He notices that the machine takes bills) Oh. What do you know. (He straightens the dollar with his hands and inserts it into the slot. It spits it out. He tries again, but fails. He uses the ride's handle as a straightedge to ensure that the bill goes inside the slot. He tries several times to get the ride to take his dollar, but the machine won't. Eventually, the slot starts to properly read the bill.) Hm. (The dollar has spat out again) Oh, come on. (He tries several more times, all to no avail)"
Baljeet,Just give me a moment to water the last bit of our growth formula.
Baljeet,"Exactly! Use my head! (Buford uses Baljeet's head on the road, making sparks)... That is right! Eat sparks, my opponents!"
Baljeet,"You know, bagpipes are sort of anachronistic for this time period-"
Baljeet,"Okay, technically that is correct, but you did not show your work."
Baljeet,"If we can triangulate Buford's specific vocal frequency, we can..."
Baljeet,The ball should arrive at Mount Kilimanjaro in roughly 11 minutes.
Baljeet,"Hello, Phineas. What'you doing? Ooh! I just sounded like Isabella."
Baljeet,I guess it takes brawn and brains together to survive in the wild.
Baljeet,I have never gone so far into deep dull before. (hears Buford talking) Save... Buford...
Baljeet,"""I'm Buford. Let's try solving our problems with brute strength."""
Baljeet,"No, I mean literally climb an actual mountain! Danville Mountain!"
Baljeet,"Oh, yes, by all means, I do not want to forget to add zero later."
Baljeet,"(laughs) Respectfully, I believe you are mistaken. It is a tea-y lemonade."
Baljeetolas,"Yes, that is where we all attack him with ten thousand monsters."
Baljeet,"Not me. You see, I come from a long line of bicycle race losers."
Baljeet,"Oh, I can't look! Just like the library at Alexandria! Whyyyyyy?"
Baljeet,Too bad. You are a captive audience and cannot leave. Here goes!
Baljeet,"Well, I was filling out my college early admission forms, and I-"
Baljeet,"You know, the drawer in our kitchen is full of honey and catsup."
Baljeet,"An unconventional way to use my head, yes, but an effective one!"
Baljeet,I tied your vine to my own. But how did you fall in slow motion?
Baljeet,She appears to be skiing down the frozen wake left by the wheel.
Baljeet,"Oh, yes. This thing is definitely the thing! What is this thing?"
Baljeet,Do not even think about suggesting the Bread Bowl Hot Tub again!
Baljeet,It is a good thing that you have this bicycle-powered generator.
Baljeet,"Yes. Huh, I always thought the two of you would end up together."
Baljeet,They were invented by ancient Babylonian traders and merchants.
Baljeet,I seriously doubt this will work. Buford is not a man of peace.
Baljeet,That is what they are made of. I do not want to build one. Duh!
Baljeet,Your question makes no sense as a response to what I just said.
Baljeet,I found some slide rulers from my World of Calculation exhibit.
Nerdcrow (Baljeet),Look! It is Candace's pet platypus. Has he always had that hat?
Baljeet,I am about to let my feelings out through these pleather pants!
Baljeet,"Uh, gimme a sec. I am coming up with a 32.3% chance of success."
Baljeet,"That was not my guitar. That was me. I call it ""The Fail Wail."" (begins wailing again)"
Baljeet,"(ringing the doorbell) Buford, this man is the embodiment of pure thought and wisdom."
Baljeet,My only regret is that I spent so much time on the wrong side.
Baljeet,"On a unicorn! Straining all credulity, he has come to save us!"
Baljeet,"Based on my calculations, the planet will be here by midnight!"
Baljeet,Just like the failsafe systems on space capsules or airplanes!
Baljeet,Our planets are going to collide! You do know what that means?
Baljeet,(With a steak on his head) I did not bring a plate... I thought they would be provided...
Baljeet,Huh. Finally the opportunity to show off my mad mallet skills!
Baljeet,"Phew, I hope they do not have a male dancer popping out of it."
Baljeet,Hey Buford! We are going to float like little woodland pixies!
Baljeet,Oh no! The pharmacists trashed the machine! Can we rebuild it?
Baljeet,And you finished just in time for the end of this school year!
Baljeet,C'est la vie. Shame curtains are not going to hang themselves.
Baljeet,"Wow, ""Smell you later"" sounds a lot more formal when you bow."
Baljeet,"Ooh, I am thoroughly terrified, yet tingling with excitement!"
Baljeet,I wonder if these two great tastes will taste great together.
Baljeet,Oh no! Look! They are using our grape juice box to make more!
Baljeet,This has taken considerably longer than I have ever imagined!
Baljeet,"Oh, I remember being relaxed, but that was before I had (shows Phineas and Ferb a schedule) this!"
Baljeet,"Aaah, aah! How does dangling me from a rope lighten our load?"
Baljeet,Oh! It is too late! I do not understand the controls anymore!
Baljeet,Yes! Once they gave a monster truck arena to Buck Buckerson!
Baljeet,Oh. Nothing but pharmacists as far as the periscope can see.
Baljeet,That is both a contraction and grammatically incorrect! Ahh! (he wakes up)
Baljeet,(the bully lands on him) Oh! How is it possible you are actually heavier on the moon?
Baljeet,Ooh-hoo-hoo! My blueprint senses are tingling! What is that?
Baljeet,"Okay, first item on the checklist is to watch a scary movie."
Baljeet,"Do not worry, Isabella. You do not have to have every patch."
Baljeet,"Do not strive for anything, and I am not your little master."
Baljeet,"Whenever I need counsel on a problem, I go to my life coach."
Baljeet,But it was fitting her so well. How did you know it was her?
Baljeet,"Well, according to the conditions in the upper atmosphere..."
Baljeet,"My name? Really? How did it… Oh, you mean that figuratively."
Baljeetolas,"Oh, excuse me. Well, there it is. Has anyone seen my arrows?"
Baljeet,"The more pressing question is, ""Where are Phineas and Ferb?"""
Baljeet,"Ha! You cannot charm me with your silver tongue, Elf Prince."
Baljeet,(getting a stopwatch out) They should come back down in approximately eleven minutes.
Baljeet,"Buford, it is so hot in here! Can I please have some punch?"
Baljeet,"I must apologize, the ship sinking was not in the brochure."
Baljeet,It sounded like he almost said we were on our way to Perry.
Baljeet,No! I need to do this myself. And that means no inventions.
Baljeet,"Your id. The embodiment of your deepest, most primal urges."
Baljeet,"Oh, who am I kidding?! We will have to tell them the truth!"
Baljeet,"Okay, okay. (He makes a square with his fingers over his right eye.) A little to the left and... Uh, there! Hold it!"
Baljeet,"Here, look at it! (He reveals a tiny watermelon) It mocks me, bringing shame to my family."
Baljeet,"(scoffs) ""Two trucks attached side by side."" How foolish could I be?"
Baljeet,And your magic rune signs have no power in this dimension.
Baljeet,But I got here first. Why should I sit in the middle seat…
Baljeet,How is this gonna change my perspective on western cinema?
Baljeet,"Everyone, this is Rusty Britches. Rusty, this is everyone."
Baljeet,Is no one going to talk about where we got the snowboards?
Baljeet,Haha! Right on time! I had Perry's absence on my schedule!
Baljeet,"There should be, with Phineas's wind amplification device."
Baljeet,Not from you! From a pretty girl! Do not flatter yourself!
Baljeet,"Ah. Thanks, Buford. I did not like being an angry monster."
Baljeet,"(closes laptop) I am sorry, everyone. It sounded a lot better in my head."
Baljeet,"Buford, when the time pocket ceases to exist, so will we!"
Baljeet,"A little further. (opens gate) A little further. Okay, open your eyes."
Baljeet,"But, uh, are you sure you do not want to hear more music?"
Baljeet,"Hmm, yes, that is sort of difficult to justify...morally."
Baljeet,I-I have a fear of heights. Could you please put us down?
Baljeet,But what about the Tri-State Area Unification Day Parade?
Nerdcrow (Baljeet),I wish I was still hanging by my underwear! Just kidding!
Baljeet,Yes. The girls want to get Phineas and Isabella together.
Baljeet,"Isabella, what is the resonance reading on the top meter?"
Baljeet,"What did you think, Isabella? Was I a convincing Phineas?"
Baljeet,"I think perhaps you are using the term ""VIP"" incorrectly."
Baljeet,It is getting pretty foggy. Should we call the rodeo off?
Baljeet,Stop it! Stop it! What is wrong with you?! Spit him out!
Baljeet,"Well, I, for one, need to get back to the space station."
Baljeet,Oh for the love of humillian dorphite! We lost Ferb too?
Baljeet,"Oh! I am sorry Phineas, I seem to have broken your fire."
Baljeet,Tell me again why you have a life-sized mold of Candace.
Baljeet,"I am trying to wake up, but I can't! Oh! I feel a shock!"
Baljeet,That is not what I meant! But now that you mention it...
Baljeet,This could be a chance for me to shine as an individual.
Baljeet,"Oh man, I have never been pantsed by a continent before."
Nerdcrow (Baljeet),Getting our wishes will not be the same without Candace.
Baljeet,Hello! Greetings from the thing with two heads! (silence) Nothing? (sighs)
Baljeet,"He means ""delightful"" and he means the opposite of that."
Baljeet,Do as she says! (Buford pulls Baljeet from under him) Violence can only lead to more violence.
First Baljeet,Yes. . . but that means I am going to become President!
Baljeet,"It is Dr. Ninja Baljeet. You left off the ""ninja"" part."
Baljeet,Yippee! For this and not for school. (walks away from the others and whispers) I love you school! (walks back)
Baljeet,"Oh, uh... Hello my friends, I did not hear you come in."
Baljeet,"Candace, what is the cosine of eighty-four point seven?"
Baljeet,"You still do not know what game we are playing, do you?"
Baljeet,I really have to rethink having you as my wall of meat.
Baljeet,I am going to need a crane! ...And a new pair of pants.
Baljeet,"No, I don't (shudders) Chills! Chills! Hey where's (shudders) where is Perry?"
Baljeet,"Oh, I am really good at solving these kind of problems."
Baljeet,Mmm! The sweet taste of an unusual and exotic smoothie!
Baljeet,"Before any of us move, I have got one last thing to do."
Baljeetolas,Are not these things guarded in these types of stories?
Baljeet,This is really the wrong color and viscosity for water!
Baljeet,Ready! But it is also the worst wedgie I have ever had.
Baljeet,A homework checking station. I mean a foosball station.
Baljeet,"YOU DO IT AGAIN! AH-HA-HA-HA! Ah. It is lame, isn't it?"
Baljeet,"The only proper response to that question is, ""Yeehaw!"""
Baljeet,"Ferb, did you let me win to save my fragile, nerdy ego?"
Baljeet,I thought it would be a good way to get more attention.
Baljeet,"Ugh, right. Nobody ever asks Baljeet what he is doing."
Baljeet,"Oh, I do not believe her one bit. Too much overacting."
Baljeet,Did anybody else just see the inside of a steamroller?
Baljeet,We cannot get off our switches to help! She is doomed!
Baljeet,An A-minus?! That would be the worst grade of my life!
Baljeet,(Impatiently) So how long does it take you to fix a flat? Tick tock!
Baljeet,Are you not going to ask me what my Christmas wish is?
Baljeet,That all depends. Do you want more carbonated goulash?
Baljeet,How long is the rubberization effect supposed to last?
Baljeet,There is no candy in me!!!! There is no candy in me!!!
Baljeet,"When do I get to go? (the die hits his head) Oh! (he catches it, it says ""1"") It is going to be a long day."
Baljeet,"Ah, I will disintegrate that bridge when I come to it."
Baljeet,"It is not a contest, Buford! (quietly) But I am so going to win."
Baljeet,Are you still going on about that Bread Bowl Hot Tub?
Baljeet,Ok. We're going to the circus! We're going to circus!
Baljeet,"Absolutely, and you can teach me how to wield a club."
Baljeet,"Wow. This whole relaxation thing is...well, relaxing."
Baljeet,Hmmm. Now it just feels like we are watching a movie.
Baljeet,I am Buford's hype man. Check him out! Miiiindfliiip.
Baljeet,"Ha ha! I am going to run rings around you, Ice Giant!"
Baljeet,"Oh, they are too fast! We are never going to make it!"
Baljeet,"Well, right now you're just carrying me like luggage."
Baljeet,(scoffs) Good luck with that. There is already a grand speech.
Baljeet,I am not a bunny rabbit! I am an Almordian Vanksloth.
"Isabella, Baljeet and Buford","(at different times) Come on, guys! Let's go! You can do it! Come on guys!"
Baljeet,The odds of anyone surviving out there for this long—
Baljeet,"Yes, and we are almost done with the first component."
Baljeet,I have read every book on the history of rock music.
Baljeet,"N-no, not really. But you were a lot more sensitive."
Baljeet,(drops boxes) No! This is my spot! You go just here. And Buford...
Baljeet,"(laughs nervously) Sure, when you say it like that, it sounds relaxing."
Baljeet,"But, Buford, your postcard said that she had a pool."
Baljeet,It is the lack of oxygen; it makes you light-headed.
Baljeet,Wow! Surely that would be quite an exciting project.
Baljeet,"Boy, you try to eliminate the atmosphere one time..."
Baljeet,Not necessary! (He runs onto the bridge) Fear is for yesterday. Today we live!
Baljeet,I think our feathered friends have finally departed.
Baljeet,Ahhh! This is so much worse than hitting the ground! (Continues shouting)
Baljeet,(laughs) We have been trying to get you two together all day!
Baljeet,Fear not! I know someone who can help us! Follow me!
Baljeet,"Oh, uh, hi Wendy. Did anyone order a really big hat?"
Baljeet,"Buford, did the light just change from green to red?"
Baljeet,"Ooh, ooh, ooh, may I add some of my favorite flavor?"
Baljeet,Yes. Clay Aiken and Chaka Khan cannot both be wrong.
Baljeet,"You are measuring the radius in centimeters, right?"
Baljeet,No thank you. I am not a big fan of bicycle racing.
Baljeet,"You know, real unicorns are pink. I am just saying."
Baljeet,"We have made real progress today, my young padawan."
Baljeet,"I'll save you! (swings across the river, catches them all, and they all swing back to the other bank) Who is ready for some free climbing?"
Baljeet,He must be hungry. I will get him something to eat.
Baljeet,It was as if love had kicked them both in the face.
Baljeet,"Huh, we are never going to get those socks, are we?"
Baljeet,Hey guys! Remember me? Up here with the dead flies?
Baljeetolas,"(Standing beneath the bridge in the creek bed) Uh, hey guys? It is not really that deep down here."
Baljeet,Wait until they hear about this at psychology camp!
Baljeet,OHHH! I am kind of in the middle of something here!
Baljeet,Would you like to trade two Sartre for a Nietzsche?
Baljeet,My wrist is still hurting from peeling 387 bananas.
Dr. Baljeet,(to Phineas-2) What about you? How have you embraced your freedom?
Baljeet,Ah! Oh! (giggles) My spring may be wound a little too tight.
Baljeet,"March, my little off-the-shelf 3-D package robots!"
Baljeet,The Spruce Goose's wingspan is 319 feet 11 inches.
Baljeet,"My point is, none of them finished in the top ten."
Baljeet,"No, not cool. (Grabs blueprint; rolls it up) When I showed my teacher, he said..."
Baljeet,"March, my little off-the-shelf 3-D package robots!"
Baljeetolas,Do not answer truthfully; it will only enrage her.
Baljeet,"You know I can tell this is an animatronic, right?"
Baljeet,You cannot just buy a—Wait. That gives me an idea!
Baljeet,"No it... actually, yes. That is what I was saying."
Baljeet,"I myself am so down, I am in the basement. (The GPS button on his overalls starts blinking and Buford enters) Buford!"
Baljeet,Slide rule! I gave it to you on a silver platter!
Baljeet,"That is what I told him, but he would not listen."
Baljeet,Please help! The situation I am in is quite dire!
Baljeet,Buford! Do I detect true sentiment in your voice?
Baljeet,"Phineas, how are we going to get off this island?"
Baljeet,Excess weight seems to be hampering our progress.
Baljeet,I do not know why you even brought the swordfish!
Baljeet,Thank you for letting me choose today's activity.
Baljeet,Why is there an orchestra pit in a movie theater?
Baljeet,You can get your Underwater Equestrian Patch now!
Baljeet,"Umm, have you not proven those things to be true?"
Baljeet,"Oh, my friends. It appears that I am out of fuel."
Baljeet,How is that information helpful at this juncture?
Baljeet,Ahhh! Enigmata Obscura! It is the Puzzle Knight!
Baljeet,Something is different. (at Buford) How did you get in here?
Baljeet,I am so happy. I have just torn my rotator cuff.
Baljeet,I will beat you. It is a mathematical certainty.
Baljeet,"Huh, I would not think that from looking at you."
Baljeet,Really? I think I was actually quite terrifying.
Baljeet,"Wait, you have a hamster that's allergic to air?"
Baljeet,Does your mom have any goat-based food products?
Baljeet,Yes uh. Should we not establish the rules first?
Baljeet,"(as Phineas) Hello, I think you know what we are doing today."
Baljeet,The real shock is you're just noticing this now.
Baljeet,"So, I heard Isabella is off to Tri-State State."
Baljeet,"Buford, you have full-sized molds of all of us."
Baljeet,"Oh, oh! I will be Ferb! I have been practicing!"
Baljeet,I know too much. (whispers) The only way out is through...
Baljeet,That does not explain how you got an assistant.
Baljeet,"Ion-Laser cannons, push him back to the center."
Baljeet,"Isabella, this must be your best birthday ever."
Baljeet,(laughs triumphantly) I have conquered the great beast! I am Exterra!
Baljeet,I can feel my competitive spirit breaking free! (Bike hits a tree stump then he falls into the water)
Baljeet,Ha ha ha ha! Surrender to whom? You are frozen!
Baljeet,(unenthusiastically) Perhaps we should flee before it hunts us down.
Baljeet,Luckily I do not think anyone else has noticed.
Baljeet,"Yes, but you would still need to- (Grass shoots up) Oooh, or not."
Baljeet,This would be quite fun it was not terrifying!
Baljeet,Talk!? Have you met the leader of the Finkies?
Baljeet,"What part of ""evil clone"" are you not getting?"
Baljeet,"Remember, those marshmallows are for everyone!"
Baljeet,"Oh, Perry, I could not find the platypus food."
Baljeet,That garden gnome has been sprayed with chrome
Baljeet,Of course. The Rebels are always the bad guys.
Baljeet,"So, how do we get all the leaves down, anyway?"
Baljeet,I really should have packed more underpants... (The kids continue to scream endlessly in fear and terror.)
Baljeet,I hope they do not void the sanitation system.
Baljeet,"This food is really good, do you not think so?"
Baljeet,"Actually, it is not as bad as you would think."
Baljeetolas,"Yes, in that it is the exact opposite of that."
Baljeet,This conversation is over. Transport him away.
Baljeet,Then you would not mind if I went like...this? (splashes water on her face)
Baljeet,There is no handle! Why are there bite marks?!
Baljeet,"That they really like that symbol, apparently!"
Baljeet,"Hey, you got your bitterballen in my vindaloo."
Baljeet,It would be terrible if they did not come out!
Baljeet,And you say that like an angry old prospector.
Baljeet,"Uh, did anyone else see that weird green beam?"
Baljeet,I am insulted! I will have you know that I... (falls asleep and snores)
Baljeet #1,I wonder if the others would like some juice.
Baljeet,I guess I should not knock it until I try it?
Baljeet,I will be honest. I think we look ridiculous.
Baljeet,I guess finding Buford could be a side quest.
Baljeet,Prepare yourselves for emotional devastation!
Baljeet,(laughs) Such is the karmic cycle of angular momentum!
Baljeet,"Ugh. Maybe they will not know the difference. (Cut to reveal a hastily made platypus with a pool 2-ball and the tennis ball for eyes, a baseball cap for the head and bill, a sack of flour for the body, and the frozen waffle for the tail.)"
Baljeet,We could drink lemonade and sit on the porch.
Baljeet,"That is very nice, but I do not want a slave."
Baljeet,Oh! My brain is atrophied! It needs exercise!
Isabella/Buford/Baljeet,Oh no...I mean how could...well I guess it...
Baljeet's Brain,No! I am losing brain cells just watching it!
Baljeet,But didn't Isabella beat you at this earlier?
Baljeet,"Legally speaking, what is our liability here?"
Baljeet,"Rusty, you did it! They are all melting away!"
Baljeet,Buford! Just what do you think you are doing?
Baljeet,There is nothing to worry about way out here!
Baljeet,Oh! Bite this prop tongue from episode eight! (produces said prop tongue)
Baljeet,"(Stretching out his overalls) Oh, dear. I seem to be missing my underpants."
Baljeet,"I am so excited, I can hardly contain myself!"
Baljeet,That one over there is Buford covered in hair
Baljeet,"Ohhhh, prison. We were on our way to prison."
Baljeet,Do the two little lines mean feet or inches?
Baljeet,I do not think that is what they sound like.
Baljeet,"Not to alarm you, but your house is on fire."
Baljeet,"All right. Fair enough. Hey, where is Perry?"
Baljeet,I did not even get to—Wait?! Where is Perry?
Baljeet,"Lucky for us, this quicksand broke our fall."
Baljeet,"(staring at their invention, now a drawing board) Wow, that was impressive, and quite literal."
Baljeet,"(overlapping, runs back and forth) AAAAAHHHHH! WHERE IS THE KEY?! WHERE IS IT?!"
Baljeet,"I, too, feel a certain element of kabob-ism."
Baljeet,(screams and points upward) Sudden sheep! And they're flocking this way!
Baljeet,I can see no educational value in this game.
Baljeet,"(peeks out of the belly) When we are done with this, what will it do?"
Baljeet,I'm up on top! I do not know how I got here!
Baljeet,Why is the water always so warm next to you?
Baljeet,(holding up a black box) I do not know! Those readings make no sense!
Baljeet,Do you guys always wash the house like this?
Nerdcrow (Baljeet),What the hey! Everyone gets to sing but me?
Baljeet,"Mother, please! May I just speak to Mishti?"
Baljeet,And...and how do you even STEER this thing?
Baljeet,Or why not go where Candace goes to school?
Baljeet,"I, too, feel a certain element of kebabism."
Nerdcrow (Baljeet),Does this mean I will not receive coolness?
Baljeet,I would not mind talking about my feelings.
Baljeet,"Okay, but do not expect too much from them."
Baljeet,"Isabella, how does this help us with Pinky?"
Baljeet,Uh oh! How long are we going to be up here?
Baljeet,No! Throw down that vine. NO! Just one end.
Baljeet,And this is a beautifully rendered backdrop
Baljeet-2,"Well, we should probably ask our leader..."
Baljeet,Do you have an international calling card?
Baljeet,I do not think you understand the concept.
Baljeet,"Well, mango chutney is thicker than blood."
Baljeet,I think Candace may have missed that song.
Baljeet,I cannot wait to taste liquified sea salt.
Baljeet,(Being spun rapidly by Buford) Aaaah! Suddenly I am not feeling so fresh.
Baljeet,"So, Ferb, you're off to school in England?"
Baljeet,You cannot resist our superior technology!
Baljeet,"Oh, my friends! (sobs) I hope you can forgive me!"
Baljeet,Why can we not both be vegetable samosas?
Baljeet,I believe I am in the mood for a Western!
Dr. Baljeet,"(offscreen) That is not how to make it climb, Buford."
Baljeet,"Goodbye Blay'n, Clewn't. Merry Christmas!"
Baljeet,You do realize that bacon does not shake.
Baljeet,"Buford, that is not how it is pronounced!"
Baljeet,"Yes, they're not even answering our mail."
Baljeet,You were all acting? This was all staged?
Baljeet,I believe Buford requires your attention.
Baljeet,"Yes! Mine, mine mine mine mine mine mine!"
Baljeet,Did I... Mention how nice the weather is?
Baljeet,There was a cable marathon on last night.
Baljeet,"Oh, that is why you are fluent in French."
Baljeet,"I am not sure, but I know we can beat it."
Baljeet,Hey! What do you mean you blame Baljeet?!
Baljeet,All will be answered in the next episode. (He closes the laptop and heads for the door.)
Baljeet,I never knew this song had another verse.
Baljeet,That is very nice! (He walks up a ladder supported by a huge dragon kite as the scene pans out. Chinese music plays.) Have you seen my kite?
Baljeet,"You are﻿ right. I'd better -- (proceeds to sit down again, but stops as he realizes what Buford is doing) CUT IT OUT!"
Baljeet,"Well, it does seem to indicate a pattern."
Baljeet,Yeah... I am more of a tomato bisque man.
Baljeet,Darkness is a shroud that hides my shame.
Baljeet,Why did you not just use the kettle drum?
Baljeet,"Buford, just try imagining a larger door."
Baljeetolas,Why must everything have such long names?
Baljeet,I know! My ears cannot believe it either!
Baljeet,"Buford, I won Rochambeau fair and square."
Baljeet,Please save your questions till the end.
Baljeet,Now you'll see how brains are used to...
Baljeet,"This is a toy, this is a Styrofoam prop,"
Baljeet,"It is not growing, it is getting closer!"
Baljeet,"Wow Buford, you look like a real pirate!"
Baljeet,Here little squirrellies. Here is a nut.
Baljeet,Ooh! I will spray on the enamel coating.
Baljeet,But it worked so well for me and Mishti!
Baljeet,Zombie vegetarianism is a world problem?
Baljeet,That book does not look so intimidating.
Baljeet,That did not hurt as much as I expected.
Baljeet,(Muffled) Please go. You will just make him angry.
Baljeet's Brain,(screams) Lower Paleolithic technology? Take that!
Baljeet,"Excuse me, but why are you not studying?"
Baljeet,"When in danger, I always hyperventilate."
Baljeet,"Not through the shame curtains, I won't."
Baljeet,"Oh, I can see how that would be helpful."
Baljeet,Studies say it is better for your back.
Baljeet,"Oh, yes. This is much less humiliating."
Baljeet,But I have something to tell you first!
Isabella/Buford/Baljeet,"Well, no, but...nobody ever told... (sighs) no."
Baljeet,I thought you said this would be funny.
Baljeetolas,"Come on Bufavulous, what is the holdup?"
Baljeet,"(After ironing his dollar bill) Okay, dollar, this is your last chance. (He inserts the bill into the slot for a final time, successfully giving the machine credits. However, the ironing table goes off instead. Baljeet kicks ride in frustration, making the ride goes off. He looks at the camera, unamused)"
Baljeet,Try our famous Tjinder family vindaloo!
Baljeet,"So, you are just adding a ""duper"" then?"
Baljeet,Of course! I will just use small words!
Baljeet,Do not ask me! It is your subconscious!
Baljeet,And water is still flowing out the tap.
Baljeet #4,"So, we are agreed. No juice for Buford."
Baljeet-2,I may never be able to open this again.
Baljeet,So I get the part? (hands flyer to Marshall) I get to be Exterra?
Baljeet,I guess we can work together after all.
Baljeet,I think the barrel end slides in here.
Baljeet,Hah! Only if they make SPF 12 million.
Baljeet,(Coughing) I cannot believe we eat the same food.
Baljeet,Phineas and Ferb at ten o'clock again!
Baljeet,There is a time machine at the museum?
Baljeet,Like when we made that title sequence!
Baljeet,"(spoken, recitative) Well, that is a tuba, that is a chair."
Baljeet,"That is just how I'm playing it, babe."
Baljeet,(echoes) Waterproof undergarments! Wheeeeeeeee!
Baljeet,"Yes, for us to make me shine together."
Baljeet,"I do not believe it, Buford was right."
Baljeet,"Phineas, is your refrigerator running?"
Baljeet,I think we have to take it up a notch.
Baljeet,"A pop the balloon dart game, but huge!"
Baljeet,"There, I feel much better. Do not you?"
Baljeet,"Hmm. (sarcastic) Well, thank you for inviting me."
Baljeet,"Um, who is that girl in the bathrobe?"
Baljeet,"Uh, can you point me to the bathroom?"
Baljeet,"Hey, there are now two Ferris wheels!"
Baljeet,"Take a closer look, Mr. McGillicuddy."
Baljeet,"Hmm. (sarcastic) Well, thank you for inviting me."
Baljeet,And you want me to take a look at it?
Baljeet,Your legs do not appear to be broken.
Baljeet,"Well, it was going to be a duet, but: (clears throat)"
Baljeet,Renowned director Katherine Marshall?
Baljeet,(offscreen) You are just using this as an excuse!
Baljeet,When have you ever talked about this?
Baljeet,Oh yeah! I have got something to say!
Baljeet,I knew we would not make it that far.
Baljeet,Was Buford not in the barrel with us?
Baljeet,"But Phineas, there is no oxygen here!"
Baljeet,Is that what Odaf Underhump would do?
Baljeet,"But they are, after all, vegetarians."
Baljeet,"Well, it was just very inspirational."
Baljeet,"I am afraid Buford is right, Phineas."
Baljeet,But what are we going to use as bait?
Baljeet,"He's a platypus, they do not do much."
Baljeet,Really? And what are you doing today?
Baljeet,Ha! I don't even know what scurvy is!
Baljeet,How do you know what every prison ha—
Baljeet,You wanted to be alone with this bag?
Baljeet,What is that flashing on your screen?
Baljeet,"Candace! You can do it! Go, Candace!"
Baljeet,"**Isabella**, and **Phineas**: Phew!"
Baljeet,You turned down slide rule for this?
Baljeet,You cannot attack me; I am the tail!
Baljeet,"Ohh, the French are so intimidating!"
Baljeet,"Wait, I am not Indian in the future?"
Baljeet,"(Mockingly) Oh, now I see the educational value."
Baljeet,"Um, can we up the action a bit here?"
Baljeet,"Oh no, she found me. I guess I'm it! (Screams as Candace opens the umbrella catapulting Baljeet to the ceiling, onto the lamp)"
Baljeet,And I found my missing Uncle Maulik!
Baljeet,But that is all the way across town!
Baljeet,Too bad we are not Phineas and Ferb.
Second Baljeet,"Buford, I would never mess with you!"
Baljeet,I-I-I a-am fee-eling nau-usea-ated!!
Baljeet,"I mispronounced, okay? I am melting!"
Baljeet,Did you have him when you came over?
Baljeet,"Wow, you guys thought of everything!"
Baljeet,They are going to be so proud of us.
Baljeet,It is the same design as the others.
Baljeet,How do you keep coming up with them?
Baljeet,"I am sorry for my outburst, earlier."
Baljeet,What? I recognize it from your home!
Baljeet,A smile-powered rocket to the moon!
Baljeet,I would not eat that if I were you.
Baljeet,I do not want to do it in the suit!
Baljeet,You got to hang out with dinosaurs?
Baljeet,"Oh yeah, and I'm also a ninja, see."
Baljeet,When that alien has corn chip teeth
Baljeet,"Buford, you ripped your finger off."
Baljeet,"No, but we did find this blueprint."
Baljeet,It was nothing. (notices Buford bowing to Baljeet's feet) What are you doing?
Baljeet,"That is not how math works, Buford."
Baljeet,"Oh sure, calibrated the ailerons..."
Buford/Isabella/Baljeet,"Oh, me!/Me, me, me!/Me, me, me!/Me!"
Baljeet,"Oh, I was wrong, it was not for me!"
Baljeet,What about your Bread Bowl Hot Tub?
Baljeet,"The dress was all his idea, though."
Baljeet,I told you I knew what I was doing!
Baljeet #2,Yeah! (Stands up) No juice for Buford. Come on! (Runs out)
Baljeet,"So... are there Fireside Boys, too?"
Nerdcrow (Baljeet),"For some of us, it is a world away!"
Baljeet,You got to hang out with dinosaurs?
Baljeet,"Buford, no! That would be cheating."
Baljeet,"No, sir, Mr. LeMond. (Retrieves bike from the water then raises it over his head) I came to win!"
Baljeet,"Oh, excuse me, I forgot my satchel."
Baljeet,So it is only a rock climbing wall?
Baljeet,"You really did a good job, Candace."
Baljeet,"Oh, why did you not just say that?"
Baljeet,"Actually, that would be because..."
Baljeet,Yes! and no. I mean I do not know!
Baljeet,How about these helicopter blades?
Baljeet,Nano-bots? Can they be programmed?
Baljeet,"It is hard for me to make believe,"
Baljeet,(sighs) I cannot argue. So where is Perry?
Baljeet,Tell me again how you are helping?
Baljeet,I think I pulled my sigmoid colon.
Baljeet,Wow! That is one big bowling ball.
Baljeet,The luck of Shluffbaum is with me!
Baljeet,"Oh, I love Platypus-themed sports! (Buford looks slightly annoyed at this)"
Baljeet,She is. But- she is different now.
Baljeet,Hmm. Could I borrow Ferb sometime?
Baljeet,On the eve of my greatest triumph? (starts fidgeting)
Baljeet,"Yes, complete with hitching posts."
Baljeet,I was about to (showing the now tiny watermelon) when this happened!
Baljeet,"Oh, okay! Well, if you are busy..."
Baljeet,Something to drink if you have it.
Baljeet,"Oh, Clever wordsmithing, good sir!"
Baljeet,"Careful! Only 2% more sugar, Ferb!"
Nerdcrow (Baljeet),How much farther do we have to go?
Baljeet,"(reading banner) ""Forced Perspective Western Town""."
Baljeet,I did what I had to do to survive!
Baljeet,"No grades? Oh, so it is pass/fail?"
Baljeet,(being carried by Buford up the ladder) If Buford does not drop me first.
Baljeet,Okay! (he gets zapped) Wuh! I still feel the same.
Baljeet's Brain,Ha ha! Now time for a brainstorm!
Baljeet,I was just asking where Perry is.
Baljeet,Cotton candy the size of a house!
Baljeet,The anxieties are getting to her!
Baljeet,It is all of Candace's anxieties.
Baljeet,"Then, see, it is already working."
Baljeet,"Yes, it is gratifyingly erudite."
Baljeet,Phineas! Ferb! I need your help!
Baljeet,"Ohhhh, I do not know about this!"
Baljeet,I was hoping you would say that!
Baljeet,Phineas and Ferb at ten o'clock!
Baljeet #2,We should take some out to them!
Baljeet,But what if you do not come out?
Baljeet,The Harpies of Hyperventilation!
Baljeet,Okay. The Pythagorean theorem...
Baljeet,Come on! We can just catch them!
Baljeet,"Uh, I guess I have time for one."
Baljeet,Hey! (Turns on the flashlight under his chin; ghostly voice) Wheerrrre is Perrrrrryyyyy?
Baljeet,"Wait a minute, you speak Latin!?"
Baljeet,"Go, Candace! You got this, girl!"
Baljeet,I've got something on the radar!
Baljeet,Oh. Were you having a good time?
Baljeet,"Hey, where are Phineas and Ferb? (Screams)"
Baljeet,No! And that is also a question.
Baljeet,Maybe there is another way over.
Nerdcrow (Baljeet),"Hey, works for me, chili cheese."
Baljeet,"But you are not going to, right?"
Baljeet,Who would want to soak in soup?
Baljeet,Yes! Poser is up! Here it goes!
Baljeet,We should put that in the bank.
Baljeet,Only because I ruled leg irons!
Baljeet,"Candace, did you get the socks?"
Baljeet,And why is Buford filming this?
Baljeet,(to Ferb) That is ketchup on your sleeve!
Baljeet,What?! We were all thinking it!
Baljeet,Oh! Let us get to our stations.
Baljeet,Wait! I know! Stabby Barf Pain!
Baljeet,Oh no! Public art! Right ahead!
Baljeet,Does no one know what today is?
Baljeet,I think we have a problem here.
Nerdcrow (Baljeet),Do I have a say in this matter?
Baljeet,"Hey, what was that small noise?"
Baljeet,"So, nice weather we are having."
Baljeet,This sleep over is a good idea.
Baljeet,"He meant...for my pants, right?"
Baljeet,This whole story is ridiculous.
Baljeet,I have no recollection of that.
Baljeet,"Oh, my gosh! It is almost time."
Baljeet,"Uh, why is Perry wearing a hat?"
Baljeet,Buford drank all the sunscreen!
Baljeet #2,Yeah! He can get his own juice!
Baljeet,"Well, it was nice knowing you."
Baljeet,What is the cheese grater for?
Dr. Baljeet,It is some kind of metal door.
Young Baljeet,"No, no, no! Me! Give it to me!"
Baljeet,I retract my former statement.
Baljeet,Oh no! That was the last ship!
Baljeet,Hot and cold running? Awesome!
Baljeet,(shudders) The time pocket is dissolving!
Baljeet,"Oh, yes. That is a great idea."
Baljeet,"Oh, do not be so overdramatic."
Baljeet,You do not believe in cowboys?
Baljeetolas,Because it is the Middle Ages.
Baljeet,Fall back! We are outnumbered!
Baljeet,What is the goal of this game?
Baljeet,"Oh, sure, blame it on Phineas."
Baljeet,Why do you not just go inside?
Baljeet,No. That means almost nothing.
Baljeet,Making changes to my schedule.
Baljeetolas,Are quests usually this short?
Baljeet,Oh! I have got back and forth!
Baljeet,Were the days getting shorter?
Baljeet,Me! I want the largest piece!
Baljeet,Should I go get a pipe organ?
Baljeet,"Oh, how I have missed spoons!"
Baljeet,Oh! That was quite a workout.
Baljeet,"Stop wasting my time, Buford."
Baljeet,Do not do anything too crazy!
Baljeet,I do not know how he does it.
Baljeet,"(shows some spinning tops) It is called ""spinning tops""."
Baljeet,Come on! She is getting away!
Baljeet,You know nothing about women.
Baljeet,Yay! We are back! We made it! (Falls back)
Baljeet,Everyone in the neighborhood?
Baljeet,"Do not splash! Do not splash! (More zombies start to rise, and everybody follows him)"
Baljeet #4,What has he ever done for us?
Baljeet,"A washer, a hinge and a nail."
Baljeet,I do not know what to choose!
Baljeet,It is so Christmasy in there!
Baljeet,Do their faces look familiar?
Baljeet,"Eat pig iron, old pharmacist!"
Baljeet,"Oh no, look out! Power lines!"
Baljeet,I have a life outside of you!
Baljeet,He has the key to our defeat!
Baljeet,"Yes, I understand: hyperbole!"
Baljeet,It's still missing something.
Baljeet,That was an eventful summer.
Baljeet,Why is it smoking like that?
Baljeet,"Ugh, here comes the picture."
Baljeet,The book was so much better.
Baljeet,We found a box of squirrels!
Baljeet,Probably to see their queen.
Baljeet,That is not even a real age!
Baljeet,Next...next...next...next...
Baljeet,"Define ""undisclosed amount""."
Baljeet,How is everyone doing that?!
Baljeet,They are all over the place!
Baljeet,We need to pick up the pace.
Baljeet,"Aah! I'm up, I'm up, I'm up!"
Baljeet,What are you so happy about?
Baljeet,(he sighs) I am cognizant of that fact.
Baljeet,"Uh, how are we getting home?"
Baljeet,"(annoyed) Buford, how did you find me?"
Baljeet,He must have 5 more minutes!
Baljeet,"Pretty catchy, doncha think?"
Baljeet,What if we can not untie it?
Baljeet,I just really wanted grapes! (walks off)
Nerdcrow (Baljeet),We have got to do something!
Baljeet,"Yes. Surprising, is it not?"
Baljeet,Who named all these things?
Baljeet,The prophecy has come true!
Baljeet,"Oh, yes. (imitating Buford) ""Shake things up."""
Baljeet,"Buford, what are you doing?"
Baljeet,"Dude, it is not my problem."
Baljeet,What kind of watch is that?
Baljeet,There are too many of them!
Baljeet,But what will the cows eat?
Baljeet,Heh! (rhetorically) Is 269 a prime number?
Baljeet,What does a rodeo clown do?
Baljeet,"Is it me? It is him, right?"
Baljeet,You realize it is only ham.
Baljeet,But we're on the same team.
Baljeet,Are you a fan of my... fan? (evil laugh)
Baljeet,"Well, if the pink bow fits."
Baljeet,Alright! That is very good!
Baljeet,"Buford, what have you done?"
Baljeet,"Merry Christmas, old buddy!"
Nerdcrow (Baljeet),Allow me to put it in song!
Baljeet,And everything is so pretty
Baljeet,You don't even have a chin.
Baljeet,When do I get to supervise?
Baljeet,"(feels about on top of his head and becomes angry when he discovers the knot) Alright, so it is war then!"
Baljeet,"May we be in the show, too?"
Alien in Baljeet's body,Have you no sense of drama?
Baljeet,You do not use 3.14 for Pi?
Baljeet,"(sarcastically) Yes, thank you for sharing."
Baljeet,"Buford, what are you up to?"
Baljeet,That is the same direction!
Nerdcrow (Baljeet),How come he gets to sing--
Baljeet,What did you think I said?
Baljeet,How terrifyingly specific!
Baljeet,We cannot follow a thread.
Baljeet,My phone's out in the car.
Baljeet,How could he be in Africa?
Baljeet,Shh! Do not move a muscle.
Baljeet,"Oh, you mean toothalloons."
Baljeet,(offscreen) THERE IS NO CANDY IN ME!!!
Baljeet,No Phineas and Ferb today.
Baljeet,"(high voice) Technically, we are socks."
First Baljeet,"Hello, Mrs Flynn-Fletcher!"
Baljeet,(grunts) It's fixed! Let's do this!
Baljeet #,"Indeed, what about Buford?"
Baljeet,But I do not want to quit!
Baljeet,I will get an alarm clock.
Baljeet,"Sure, now you put me down."
Baljeet,I retract my mocking tone.
Baljeet,That has not happened yet!
Baljeet,Yes! Let us do that again!
Baljeet,I climbed out the window.
Baljeet,"Ah, the tomb of Poseidon."
Baljeet,Not even our second best.
Baljeet,My money is on the squid.
Baljeet,"You are pluralizing ""at""?"
Baljeet,"Hmm, maybe you are right."
Baljeet,Networking is everything.
Baljeet,This is not how it works!
Baljeet,Not a good time for that.
Baljeet,"Wait, I think it stopped. (The wristwatch communicator is still beeping inside of Perry. Baljeet and Buford look at him)"
Baljeetolas,The answer to your riddle
Baljeet,Present company excluded.
Baljeet,(walks away) I stand by that metaphor.
Baljeets,(as they split) Pineapple! Mango! Tomato!
Baljeet,(Perry's wristwatch communicator starts beeping) What is that weird noise?
First Baljeet,I would like grape juice.
Baljeet,"What, may I ask, is this?"
Baljeet,This is all they gave me!
Baljeet,Has anyone seen my pants?
Dr. Baljeet,What do you do with them?
Baljeet,"Oh boy, a promotion. (Buford jumps down, and he realizes.) Hey!"
Baljeet,"Voltaire, Buford? Really?"
Baljeet,Buford?! You are crying!
Baljeet-2,"Like that, for instance."
Baljeet,Almost... Almost... Now!
Baljeet,(enters along with Buford) Did someone lose a ball?
Baljeet,If not a bit nauseating.
Baljeet,What are you guys doing?
Baljeet,I feel like I want an A!
Buford and Baljeet,Wow! Right on! Etcetera.
Baljeet,(sips and writes on the whiteboard) Let us try 37% more tea.
Baljeet,Right back at ya' buddy.
Baljeet,And just what are those?
Baljeet,That is just a flamingo.
Baljeet,Effervescent and frothy.
Baljeet,How could this be worse?
Baljeet,Because you have layers?
Baljeet,How about tiger attacks?
Baljeet,I make a mean milkshake!
Baljeet,"Goodbye, my friends! Ah!"
Baljeet,"Well, in that case, I--"
Baljeet,(jolts awake) I am awake! I am awake!
Baljeet,"I had to survive, okay?"
Baljeet,Pay attention up there!
Baljeet,"Ooh, we should name it!"
Baljeet,Somebody gimme a grade!
Baljeet,I am totally listening!
Baljeet,Pay attention up there!
Baljeet,"Yeah, it's just that..."
Baljeet,Exactly like yesterday!
Baljeet,"(offscreen) Man, that kid can wade!"
Baljeet,Pay attention up there!
Baljeet,(at the whiteboard) I have already started.
Baljeet,"Oh, you mean me, right?"
Baljeet,All potatoes have eyes.
Baljeet,You are doing it again!
First Baljeet,Now I am beside myself.
Baljeet,It is a... Miiiindflip.
Baljeet,City Hall serves lunch?
Baljeet,But who d-dare open it?
Baljeet,Wow! Sounds high tech.
Baljeet,I know what I must do.
Baljeet,"The singular is ""die""! (tosses die)"
Baljeet,This is almost as fun—
Baljeet,Those were long johns.
Baljeet,Boy howdy! Aham. Ah...
Baljeet,And the cherry on top!
Baljeet,Fishmongers fly again!
Baljeet,I do not see anything.
Baljeet,Uh! Almost got it. Ah!
Baljeet,"All right, step aside!"
Baljeet,"Metaphorically, right?"
First Baljeet,"Oh, she is doing well!"
Baljeet,And you know this how?
Baljeet,"Anything else, Buford?"
Baljeet,I do not want to lose!
Baljeet,It sounds pretentious.
Baljeet,Excuse me. (He goes around to the back of the cage) What is up?
Baljeet,I...I am okay! Really!
Baljeet,Did someone say test!?
Baljeetolas,Your mother said that?
Baljeet,"(Drusselsteinian accent) No, for the beholding!"
Baljeet,"Oh, here we go again!"
Baljeet,"Ten-four, good buddy."
Baljeet,What happened to Y-8?
Baljeet,A touching sentiment.
Baljeet,Like in the basement?
Baljeet,"(offscreen) No, that! Over there!"
Baljeet,(walking along the streets of Danville) You are following me.
Baljeet,The Namrak Necroslug?
Baljeet and Buford,(running off) Ice cream! Ice cream!
Baljeet,Why is Buford crying?
Baljeet,"Not quite. (brief pause) Okay, now. (Buford licks his finger and sticks it in Baljeet's ear)"
Baljeet,Yes! That was a rush!
Baljeet,Well... I-It is nice.
Baljeet,Coming! Misht-aah...!
Baljeet,"Well, that was weird."
Baljeet,"(Cheerfully) Hi, Mr. McGillicuddy."
Nerdcrow (Baljeet),I think it is a bear.
Baljeet,It is called a jiao.
Baljeet,Like I said: almost.
Baljeet,I would have walked.
Baljeet,Yep. There they are.
Baljeet,"Yes, I am seeing it."
Baljeet,"Hey, where is Perry?"
Baljeet,That cannot be good.
Baljeet,"Eat my dust, Buford!"
Baljeet,"Oh, no, it is stuck."
Baljeet,I was just about to.
Baljeet,"Yes, but who is she?"
Baljeet,Oh yeah? What is it?
Baljeet,"Oh, I almost forgot."
Baljeet,"Orientation, Buford!"
Baljeet,Because it was cool!
Baljeet,Ferb is almost done.
Baljeet,I need better clips.
Baljeet,I do not understand.
Baljeet,"Well, yes, a little."
Baljeet,He has not been fed.
Second Baljeet,(offscreen) -and one strawberry!
Baljeet,"Buford, is that you?"
Baljeetolas,"Just for the record,"
Baljeet,"Subtle, yet pungent."
Baljeetolas,is an egg. Bye now!
Baljeet,The ants have left.
Baljeet,What is Ferb doing?
Baljeet,"Yes. Yes, they are."
Baljeet,"No, she is- a girl!"
Baljeet,He went that-a-way.
Baljeet,The Mariana Trench! (falls over)
Baljeet,(stops fidgeting) Science marches on!
Baljeet,"Oh, thank you, sir."
Baljeet,"Ha-ha, coming down!"
Baljeet,"(as he also walks by) Namaste, compadres."
Baljeet,Isabella took mine.
Baljeet,That works for me.
Baljeet #3,What about Buford?
Baljeet,I am in both acts!
Baljeet,"Hmmph! Well, I am."
Baljeet,"So, like recently?"
Nerdcrow (Baljeet),You get use to it.
Baljeet,I stand corrected.
Baljeet,Pretentious alert.
Baljeet,"Hey, that was fun."
Baljeet,I always want pie.
Baljeet,I do not have one.
Baljeet,"Oh, I am so upset!"
Baljeet,That is new to me.
Baljeet,(echoes) I want to be cool!
Baljeet,Stay away from me!
Baljeet,What does that do?
Baljeet,"Oh, no, not again!"
Baljeet,But it is plastic.
Baljeet,"Whew, stinker-roo."
Baljeet,"Hey, not Isabella!"
Baljeet,That is... creepy.
Baljeet,It is the id! Run!
Baljeet,I want to be cool!
Baljeet,"Yes, I believe so."
Baljeet,I stand corrected.
Baljeet,What is happening?
Baljeet,"Pass me the ball! (Candace's hat lands on his head, he cannot see. The ball hits him right in the crotch, and he whines:)"
Baljeet,I will take that!
Baljeet,Ahhh! Cut it out!
Isabella/Buford/Baljeet,"Pretty much, yes!"
Baljeet,(running) Try the vindaloo!
Third Baljeet,And orange juice!
Phineas and Baljeet,Vegetable samosa!
Baljeet,Wait; underwater?
Baljeet,"Ah, we are ready."
Baljeet,We are in Africa.
Baljeet,"Uh, perhaps that?"
Baljeet,"Hmm, significant."
Baljeet,"(getting hit by the cannonballs) Ow, ow, ow ow ow!"
Baljeet,"Okay, everyone..."
Baljeet and Isabella,"No, Buford, wait!"
Baljeet,"Oh, really corny!"
Baljeet,"Well, naturally--"
Baljeet,"Aye aye, Captain!"
Baljeet,Feel about what?
Baljeet,Let us go again.
Baljeet,AAAAAAAAHHHH....
Baljeet,Very impressive.
Baljeet,Cleaning is fun!
Baljeet,Or a bottle cap!
Baljeet,"(enters the backyard) Sorry, I'm late."
Baljeet,"Oh no, not good. (He runs)"
Baljeet,"Stop it, Buford."
Baljeet,Whoo! (grunts) Thank you!
First Baljeet,Neither would I!
Baljeet,"(Scoffs) Oh, what a nerd."
Baljeet,"Well, I think..."
Baljeet,"Boo, boo, I say!"
Baljeetolas,(He sighs) Phineas has pie.
Baljeet,I hear no voice.
Baljeet,Of course it is. (chuckles)
Baljeet,That is amazing!
Baljeet,"Oh, my goodness!"
Baljeet,What does it do?
Baljeet,(Off screen) I am from India!
"Phineas, Ferb, Baljeet, and Isabella","Hi, Carl's dad!"
Baljeet,Here they come!
"Phineas, Isabella, Buford, Baljeet, Vivian",Happy New Year!
Baljeet,Indi-a! Indi-a!
"Buford, Phineas, and Baljeet","Goodbye, Perry."
Baljeet,Ugh! A western?
Baljeet,Where is Perry?
Baljeet,You okay buddy?
Baljeet,(sighs) He is that way.
Baljeet,"""Me, too"" what?"
Baljeet,Ow! That is me!
Baljeet,(showing a huge blemish on his butt) And deer ticks.
Baljeet,Ride 'em where?
Baljeet,Yes! A big one!
Baljeet,Or a telescope.
Isabella and Baljeet,"(as flight attendants, direct everyone inside; in two different tones, switch in the third saying) Welcome aboard. (3x)"
Baljeet,...Mocking you.
Baljeet,"Grapes, please. (Takes it from Candace and starts eating, Candace looks shocked when he does not split)"
Dr. Baljeet,"A slug, really?"
Baljeet,May I have one?
Baljeet #5,You mean to us!
Baljeet,He put in 41%!
Baljeet,(Appearing from behind Buford.) Miiiindfliiip.
Baljeet,It's survival!
Baljeet,"(flat) Yes, I got it."
Baljeet,What happened?
Baljeet,"(as Phineas) Um, it is big."
Baljeet,It's survival!
Baljeet,"No, not a bit."
Baljeet,"(hitting various obstacles) Ow! Ow, ow ow!"
Baljeet,"Saturn, check!"
Baljeet,Where's Perry?
Second Baljeet,And I like it!
Baljeet,"You are right! (stands up and puts finger up, about to speak)"
Baljeet,Cactus garden!
Baljeet,"Yes, yes I do."
Baljeet,D-Did it work?
Baljeet,"I am out, too!"
Baljeet,Miiiindfliiip!
Baljeet,He started it.
Baljeet,Miiiindfliiip!
Baljeet,Miiiindfliiip!
Baljeet,"What? Aw, man."
Baljeet,320 feet even!
Baljeet,I do not know!
Baljeet,Eye of potato!
Baljeet,What was that?
Baljeet,It is uncanny.
Baljeet,What a thrill!
Baljeet,"Oh! Fractions? (While he stands he loses his footing and falls, shouting)"
Baljeet,Buford did it!
Baljeet,I am slipping!
Baljeet,It is your id.
Baljeet,But now it is!
Baljeet,Aaaahhhh! (lands on the cardboard flame; he is wearing an elf costume) Oof!
Baljeet,"Focus, Buford."
Baljeet,(As Mr. Other Sock) Just looking!
Baljeet,(raises hand) I would have.
Baljeet,"Yay, Phineas!"
Baljeet,(As Mr. Other Sock) My sole mate!
Baljeetolas,I don't know.
Nerdcrow (Baljeet),Three please.
Baljeet,I used to be.
Baljeet,"Buford, wait!"
Baljeet,"Buford, wait!"
Buford and Baljeet,Charge again!
Nerdcrow (Baljeet),"Yes, Candace."
Baljeet,Safe travels!
Baljeet,"Wait, Sluggy?"
Baljeet,I will do it.
Baljeet,I am honored.
"Nerdcrow (Baljeet), Jeremy-Tree","Yes, Candace."
Baljeet,Was it scary?
Nerdcrow (Baljeet),What is that?
"Nerdcrow (Baljeet), Jeremy-Tree, Lion-Tiger-Bear Guy (Buford)","Yes, Candace."
"Nerdcrow (Baljeet), Jeremy-Tree, Lion-Tiger-Bear Guy (Buford)","Yes, Candace."
Baljeet,Did it work?
Baljeet,I am trying!
Baljeet,Almost done.
Baljeet,"One vanilla- (he suddenly splits in two, Phineas backs away.)"
Baljeet,"Um, Candace?"
Baljeet,"Oh, my. Ohh!"
Baljeet,Fair enough.
Baljeet,"Uh, Candace?"
Baljeet,A Mom Cloud.
Baljeet,I am coming!
Baljeet,Aglets. Yay.
Baljeet,Anilla-Verb.
Buford/Baljeet,"Go, Candace!"
Baljeet/Buford,Here we are.
Baljeet,As you wish!
"Phineas, Isabella, Buford, and Baljeet","Hi, Candace."
Baljeet,Fair enough.
Baljeet,Wow. Artsy.
Baljeet,I am ready!
Baljeet,He's right!
Baljeet,Cut it out!
Baljeet,"Okay, okay!"
Isabella/Baljeet/Buford,(clamoring) Me! Me! Me!
Baljeet,Cut it out!
Baljeet,(Rolling a cheese wheel as Ferb balances on it) I am on it!
Baljeet,I said 37%!
Baljeet,Do not ask.
Nerdcrow (Baljeet),"Boy, howdy!"
Baljeet,Any second!
Baljeet,"Oh, Jeremy!"
Baljeet,He is home!
Baljeet,Seriously?!
Baljeet,(Yells) Earthquake!
Baljeet,Which time?
Baljeet,And fennel.
Baljeet,Can I help?
Dr. Baljeet,A squirrel?
All Baljeet replicas,...Get him!
Baljeet,Public art!
Baljeet,I am good!
Buford and Baljeet,...actors?
Baljeet,Fantasy...
Baljeet,Thank you.
Baljeet,Uh...oh...
Baljeet,Way to go!
Baljeet,Lots of...
Baljeet,I am fine.
Baljeet,"Oh, sorry!"
Baljeet,What the?!
Isabella and Baljeet,All right!
Baljeet,Of course!
Baljeet,Maybe not.
Baljeet,I am cold.
Baljeet,I believe!
Baljeet,"Uh, black?"
Baljeet,(the canopy closes on his fingers) Ah! (he reopens it and closes it properly) Ready.
Baljeet,"(he looks behind him) Um, guys? (Ferb looks over at where the setup once stood)"
Baljeet,Rewrites?
Baljeet,And Ferb.
Baljeet,I'm okay!
Buford and Baljeet,Ahhhhh...
Baljeet,Good job.
Baljeet,"Ha, well…"
Baljeet,(nervously) Surprise?
Baljeet,BUFORD!!!
Baljeet,Try this.
Baljeet,And Ferb.
Baljeet,Now what?
Baljeet,Now what?
Baljeet,"(offscreen) Hi, guys."
Baljeet,I helped!
Baljeet,Speckies!
Baljeet #1,The jerk!
Baljeet,I do not.
Baljeet,Can I go?
Buford and Baljeet,Together! (they pump their fists in the sky together)
Baljeet,Vindaloo!
Baljeet,Say less.
Baljeet,"Uh, okay. (fist bumps Hulk)"
Baljeet,(He pours in his favorite flavor) Hah-hah!
Baljeet,Can not!
Baljeet,(Whimpers) In pain.
Baljeet,Go fish!
Baljeet,Bending!
Baljeet,Romance?
Baljeet,But how?
Buford and Baljeet,Hmmmm...
Baljeet,Finkies!
Doof zombie (Baljeet),...me...
Baljeet,Ask him.
Baljeet,All set.
Baljeet,Victory!
"Isabella, Baljeet and Irving",Ohhhhhh.
All the Baljeets at once,Baljeet!
Baljeet,Nothing.
Baljeet,"Ah, yes."
"Isabella, Buford, Baljeet, Vivian",Goodbye!
Baljeet,Oh no...
Baljeet,Goodbye. (departs)
Baljeet,Alright.
Baljeet,Woo-hoo!
Baljeet,Of DOOM!
Baljeet,Brains.
Baljeet,Brains.
Baljeet,Really?
Baljeet,Agreed.
Baljeet,You do?
Baljeet,Really?
Baljeet,No-ope!
Baljeet,Really?
Baljeet,Brains.
Baljeet,Charge!
Baljeet,(pauses) Agreed.
Baljeet,Not it!
Baljeet,Sucker!
Baljeet,Mmm....
Baljeet,Sparks!
Baljeet,Buford!
Baljeet,(offscreen) Use it!
"Candace, Jeremy-Tree, Nerdcrow (Baljeet)","Oh, my!"
Baljeet,Really?
Baljeet,Ladies?
Baljeet,And me! (chuckles)
Baljeet,And me?
Baljeet,Brains.
Baljeet,Thanks. (Sneezes)
Baljeet,"Oh, no!"
Baljeet,Buford?
Baljeet,I'm in.
Baljeet and Isabella,Oooooh!
Baljeet,Ma-ath!
Baljeet,(suspicious) Mm-hmm.
Baljeet,Really?
Baljeet,Hello.
Baljeet,Rusty!
Baljeet,Roger!
Baljeet,(gasps) Spoon!
Baljeet,(He laughs nervously) Sorry.
Baljeet,Gorge!
Baljeet,(Stands up; shaking a fist) Never!
Baljeet,(showing his foam finger) Ready!
Baljeet,Hello.
Nerdcrow (Baljeet),There!
"Phineas, Isabella, Buford, and Baljeet",Ferb!!
Baljeet,Daisy!
Baljeet,Ninja.
Baljeet,"(The reflection of Ferb's turns into him.) Hello! (At first Ferb is alarmed, but then the bubble pops, revealing the real Baljeet standing behind it.)"
Baljeet,Perry?
Baljeet,"(As he and Ferb cut slices of smelly cheese, wearing gas masks) Sorry."
Isabella/Baljeet/Buford,Oh no!
Baljeet,Yes...
Baljeet,Oh my.
Baljeet,"(looks at Buford, embarrassed) Maybe."
"Phineas, Buford and Baljeet",Run!!!
Baljeet,(Draws his flashlight) Ready?
Baljeet,It is— (Perry walks in and chatters.)
Baljeet,Where?
Candace/Baljeet/Isabella,Aww...
Nerdcrow (Baljeet),Sorry.
Baljeet,Later.
Baljeet,Enjoy.
Baljeet,Uh-oh!
Baljeet,(as Phineas) Sure.
Baljeet,What?
Baljeet,Yuck!
Baljeet,What?
"Isabella, Buford and Baljeet",Yeah.
"Linda, Lawrence, Phineas, Ferb, Isabella, Buford, Baljeet",Awww.
Baljeet,Whoa!
Baljeet,Woah!
Baljeet,Yes!!
All other Baljeets,Yeah!
Baljeet,I do!
Baljeet,Nope!
Baljeet,Math!
Baljeet,(laughs) Woah!
Baljeet,Nope!
Baljeet,Math.
Baljeet,Okay. (Sits down)
Baljeet,(to Buford) Well?
Baljeet,Whoa!
Baljeet,What?
Nerdcrow (Baljeet),(eagerly) Do I!
Buford and Baljeet,A-ha!
Baljeet,Nice!
Baljeet,Aaah!
Baljeet,What?
Baljeet,(as Phineas) Nice.
Baljeet,Aww.
"Ferb, Isabella, Baljeet, Buford",(without looking around) Hey.
Isabella/Baljeet/Buford,Aww.
Baljeet,Huh?
Baljeet,(normal voice) Huh?
Baljeet,Why?
Baljeet,Hey!
Baljeet,(screaming) Mmm!
Baljeet,Huh?
Isabella/Buford/Baljeet,Yes.
Baljeet,But…
Baljeet,(Giving himself a facepalm) Aww!
Baljeet,Wow.
"Phineas, Ferb, Buford, Baljeet, Isabella, Django, Luc Robitaille",Ham! (Linda takes the picture)
Baljeet,(laughs) Oh.
Baljeet,Ow!
Baljeet,Ha!
Baljeet,Ow!
Baljeet,No.
"Phineas, Ferb, Buford, Baljeet, Isabella",Me!
"Phineas, Buford, Baljeet",Me!
"Isabella, Buford and Baljeet",No!
"Isabella, Baljeet and Irving",Me!
Baljeet,Me!
Baljeet,No.
Baljeet,No.
Baljeet,Ew!
Baljeet,(screams)
Baljeet,(snores)
Baljeet's Brain,(screams)
Buford and Baljeet,(squeal)
Game Baljeet,(Punches and kicks)
Baljeet,(sighs)
Baljeet and Phineas,(whooping)
Baljeet,(pants for a while)
"Isabella, Baljeet, Carl, and Phineas",(cheering and laughing)
Baljeet,(panicked yelling)
Baljeet,(screams)
Baljeet,(gasps and screams as he transforms)
Baljeet,(Screams)
Baljeet,
