Name,Dialog
Candace,"(on phone) No, Stacy, I have the whole place to myself. Mom and Dad are at the movies, and the boys are playing ping pong over at Buford's. Oh, so listen to this weird book I've been readin'. ""If one repeats this incantation in the presence of a doll, then alive it shall be!"" Ha ha! But check this out: ""The light of a full moon will make it evil."" Oh, (picks up Ducky Momo doll) I'm so totally doing it! Oh, relax, Stacy, it's funny! Ukka-samma-hi, oona-mooda-salla. I will you alive, Ducky Momo! (in a demonic voice) ""Candace, this is Ducky Momo! You must buy more of my memorabilia, like my 50th anniversary collector's item bobblehead!"" (normal voice) But, y'know, I'm really concerned about its resale value. (puts the doll on her face) Aaah! Help! Help! Ha ha ha! Sorry, okay, just havin' a little fun! (leaves her windowsill and walks to her closet and while at her closet) So, what's up? Y'know I just use this new exfoliating and moisturizing scrub in the bath, which is totally confusing (Candace changes her clothes) because why exfoliate off all the cells you just moisturized?...Weird. (hears something move) Hold on, Stacy. I thought I heard a sound coming from under the bed. (reaches under her bed and a black cat screeches and scurries from under it) Cheese and crackers! And we don't even have a cat. (reaches back under the bed and gets her Ducky Momo doll) How did you get underneath there? (picks back up the phone) Oh, it's nothing. Ducky Momo must've fallen under my bed. (to the doll) Now stay put. (lightning flash as the doll moves) Okay, so let me tell you about my day with Jeremy. So he picks me up and the same song I've been playing in my room was the same song he was playing in his car! (The doll crawls onto the bed behind her.) The same song! I mean, what are the chances of that? (Candace drops the towel onto the doll.) And then he says, ""You wanna get grilled cheeses at that place?"" And I was just thinkin' I wanted grilled cheese so he gets one!"
Candace,"Is someone there? (gasps and dials her phone) Stacy, I know you're gonna think this is crazy, but I honestly think something is in the room with me. Have you ever been in a situation where your whole body, like, senses a presence? Like, you can't see it, but it's, like...it's, like, right next to...you? (Zoom out to reveal the Ducky Momo doll on the arm of the couch. The doll quacks and stretches his arms out. Candace screams and runs off.) Upstairs! The only logical escape! (Candace runs upstairs but gets her ankle caught in a curtain. The doll approaches the stairs quacking. Candace screams and bites the curtain off. The doll climbs up the stairs. Candace frees herself from the curtain, hides behind a wall and dials her phone.) Stacy, you gotta help me! The spell from that weird book worked! Ducky Momo is alive and he's trying to get me!! No, he's downstairs. He—Would you stop laughing? Yes, you are! I can hear the milk shooting out of your nose! (She looks behind her and sees the doll and yells, dropping her phone.) My phone! (The phone lands by the doll's webbed feet. It ends the call.) Back! Stay back! Ah! (Takes down a picture) Stay away from me! (Takes down a poster and crumples it up.) You stay away! I'm serious! Uh! (She slides a table across the hall.) Oh, come on! (The doll sees the crumpled poster on the floor and walks around it.) No! He's unstoppable! (Cut to Candace pulling on her bedroom door handle.) Come on! Open! Open! Open! Oh, yeah. It's an innie. (Pushes the door open and pants.) Keep it together, Candace, think! Think think think! Block the door! Block the door! (She blocks the door with everything but the kitchen sink. She then pulls up the doll and screams and hides under her bed.) I didn't really mean to wish you to life! I was just goofing around! I don't understand! What do you want?! (The doll jumps on the bed, reaches out his arms and quacks.) Huh? It almost looks like you want a...a hug. (The doll jumps up and down excitedly.) Seriously? You just want a hug? Well, okay. (Hugs the doll.) But I don't get it. If the incantation made you alive, then the moonlight should've made you evil. (The doll shakes his head quacking and points out the window.) What? What? Oh, the moon was behind the clouds, so you're not evil. (The clouds uncover the full moon shining on Mr. Miggins, who comes to life and roars evilly.) But now Mr. Miggins is!! AAAAAAAAAHHH!!!"
Candace,"Well, I'm watching you. (walks into the house and closes the door, then opens it shortly after) And I'm in charge, conditionally! (closes the door again; looks out the window, then answers her video phone when it rings.) Hello? Oh, hi, Stacy! No, I can't go to the mall right now. Mom just went to the store, she left me in charge, well, you know, conditionally. (Phineas and Ferb walk past with lots of wooden planks.) Oh if you go, can you see if Jeremy is there? No, no, he's the cute one that works at Mr. Slushy Burger. (Phineas and Ferb walk past with steel beams.) Yeah, he totally smiled at me last time I was there. I just about died. No, I told you I can't. I'm watching my brother and stepbrother. (Phineas and Ferb walk past with sinks and toilets.) Yeah, and they never get into trouble ‘cause Mom never catches them. One of these days though, I'm going to see to it that she catches them red-handed. (Phineas and Ferb walk past with a flamingo and a lion in a cage that roars loudly.) Will you hold it down?! I am trying to use the phone! (at Stacy) Mom left me in charge, so there will be no shenanigans today. What are they doing right now? Why do you ask? What do you mean you can see it from your house? See what?! (She runs out to the backyard and stares in shock upon seeing the rollercoaster that Phineas and Ferb are building.) Phineas, what is this?!"
Candace,"Listen up, team, I'll be at the front of the house tracking Mom on my GPS device. (Cut to Stacy and Jenny asleep.) Jenny, (Jenny wakes up.) you'll guard the gate. See to it that Phineas and Ferb stay in the hot zone. Stacy, (Stacy wakes up.) you make sure whatever they built stays there 'til Mom comes home. To achieve that goal, we use the following busting jargon: When Mom comes home, the cue is ""The condor is in the nest."" When the boys are in prime busting position, it's ""The peas are in the pod."" And if what they've built somehow disappears, I want you to scream, ""The banana has split!"" Got it? (Stacy and Jenny salute.) Good. Now, in the event that any of us should be captured— (alarm blares) That's the Mom Signal! Ladies, it's go time! So move it, move it, move it!"
Candace,"Well, If they really are doing nothing, I guess I've got some time to go about my personal business. Let's see... What do I usually do? I know! I'll call Stacy and tell her how I'm busting Phineas and Ferb for—Oh yeah, can't do that 'cause they're not doing anything. Wait a minute! I know! (She sets up a video camera.) I'll put this camera in just the right spot so when Phineas and Ferb are—Ugh! (She has a rope trap set up.) And then when Phineas and Ferb walk by I'll—Ugh! (Now she is in the bathroom applying lip gloss.) Well, if there's one thing I know, I'm gonna look sooo good when I bust them for—Agh! Face it! You can't do anything unless you're trying to bust them for doing something. And if they're doing nothing, then... (Sobbing) ""Who is Candace?"""
Candace,"Okay, I was having a rotten day. One crummy thing after another kept happening and when he told me that this thing can make the day start over again, I just couldn't help myself. And then the days just kept looping and I know I should've said something sooner, but I kept coming so close to busting you guys! And I swear I had no idea it would do any of this. I thought I'd get one do-over and that would be that, but then I saw it was creating problems and making things disappear and making people forget, but by the time I tried to stop it, it was too late, and I lost you guys! And I don't know how to fix it!"
Candace,"Oooooh, what are those two up to now? (Cuts to her perspective out the window.) Okay, Phineas and Ferb are standing in the yard with two nerds, Isabella, and the Eiffel Tower. (Cut back to her.) That's nothing but trouble! Wait a sec... (She gets out binoculars, cut to her view from them.) Those aren't my brothers. (Zoom in on Buford and Baljeet) What?! Is that Buford and Baljeet?! (Cut back to her, she gets out her phone and dials it.) Oh, I am so calling Mom! (Stops) Hold on. If those aren't my brothers, why am I calling my mom? Why not call Buford and Baljeet's moms? That satisfies the Mom response, and the bust urge! I'll call that dork Irving's mom, too. And what the heck? Why leave my mom out of the party? (She laughs, plays another song on her headphones and dials numbers, humming.) Information, please. (Hums more.)"
Candace,"Me? I'm just makin' a snack. Oh I just thought I'd have, you know, somethin' healthy. What? Oh, okay, you caught me. Donuts and cheesy popcorn. (The Ducky Momo doll peers behind the door. The door handle jiggles. Cut to outside as the doll attempts to open the door. The doll reaches into its stuffing and takes out a credit card and slides it through the door. Cut to Candace getting a glass of water.) Yeah, Jeremy was so great, he took us out for mani-pedis. (The door opens.) Is someone there? Oh, the storm just blew the door open. Yeah, I know. Creepy. (The Ducky Momo doll attempts to walk between Candace's legs. Candace closes the door with her leg, slamming it on the doll.) Anyway, since Jeremy's mom is a regular at the mani-pedi place, we got special treatment. Yeah, they served us sparkling apple juice and finger sandwiches and made fun of us in Thai. It was all so classy. What can I say? (closes the fridge door with her foot) I love a well-groomed foot."
Candace,"I'm ready for this trip to be over. I'm tired of being in mobile lock-down, where I can't even call my friends because of spotty cell service! That, combined with the refrigerator door opening every time we make a left and sharing a bathroom the size of a postage stamp. The only consolation for this whole rigmarole, besides the fact we didn't stop at one of those greasy spoon road stop diners, is the fact that you two haven't done (echoing) anything bustable for a whole week! Seven solid days. Are you even listening to me?"
Candace,"Gee, Jeremy. I forgot you're a whole year older than me. A trip to college? Heh-heh.. That's, that's really great. Okay, well, I'll talk to you later. Bye. (Hangs up phone and picks up a stuffed teddy bear with a picture of Jeremy taped to its face) (to the teddy bear) Oh, Jeremy! In the blink of an eye, you'll be moving on to the next phase of your life. You'll be going to college and wearing tweed jackets with patches on the elbows! You'll be so mature! And look at me! I'm a child! Jeremy, you'll see! I can mature! Starting with taking this silly photo off. (rips off photo. gasps) Oh, Mr. Miggins! (hugs it) Have you been there the whole time?"
Candace,"Hey there, little fella. You're not such a tough guy, are you, Mr. Spider? Aw, no you're not. No, not a bit. Ah, who ya kidding, Flynn? To face your fear, you gotta at least look. (gets creeped out by the spider) Ahh! Creepy crawly, creepy crawly, creepy crawly! Get off me, get off me, get off me, get off me! Ew, ew! (Sighs) I'm sorry, 5-year-old me. I tried. I really tried. (slaps herself) Snap out of it, current me! Summer's not over yet. (looks outside the window) Hey, wait a minute, summer's over? Who did th- oh... Phineas and Ferb. (runs downstairs) Phineas and Ferb, what did you do to summer?!"
Candace,"Aw, I don't know, sweetie. I was being silly before and overreacted. Sometimes we see things that aren't really there, but don't worry. I promise I'll protect you if...I...see... (Wide shot of the lake. Nosey's head appears out of the water.) **THE LAKE NOSE MONSTER!!!** (Everyone jumps out of the water screaming.) Quick, kid, run as fast as your little legs can carry you! Follow the train tracks north! You should hit Ackerton by sundown! Blend in! It's a college town! Get a retail job and save up enough for a bus ticket to the Canadian border! Someone will get in touch with you when the coast is clear!"
Candace,"""Thanks for the old baby picture."" (Sighs) Ooh, wait! I need something with today's date on it. I could take a picture of them with one of those old-fashioned things. It's like a-a web page... printed on paper... A newspaper! Ha-ha! (Runs around trying to get Ferb to hold the paper) Okay, stop and hold the paper. Ferb, sweetie? Okay, just stand here and... No! No, don't run away! Wait! Hold it! No, no, no, no. Get back here. How about if we just sit? Then hold the paper. (Ferb throws it) We don't... We... No, don't throw it. Wait! (Candace gives up on Ferb and goes to Phineas) Okay, just hold this. Stay."
Candace-2,"(voiceover) War journal entry number... Uh, I mean, Dear Diary, It's been two months since the fall of Doofenshmirtz, but every morning I think I'm gonna wake up back in the underground. I feel restless. I need a challenge. I need a mission. I can feel myself getting softer. Doofenshmirtz is in jail and everyone is trying to embrace their new freedom. I alone know better. I can feel evil still out there, getting stronger while I sit in my room, waiting for the other shoe to drop."
Candace,"I'm not here for ""Hi's"". Today is a pivotal moment in my life. You see, Jeremy's band is gonna play at the festival. Jeremy's gonna see me in the crowd. Not just because I have front row seats, but because I'm gonna be cheering harder that anyone else. Like this: ""WOO! YEAH! WOO! BABY! OH YEAH, SING IT!"" Then we're gonna date through high school and college, marry and have two kids: Xavier and Amanda. So don't you dare ruin it with one of your little project thingies!"
Candace,"Wait a second! I just realized something! You both make money off of people's natural insecurities. (raising both of them up close to her face, to Otter) You show people oddballs so that they'll feel better about themselves, (to Blanca) and you (pointing her left hand towards her) make beauty totally unattainable so they'll feel worse about themselves! Look at me! I'm fifty feet tall now and it's still out of reach! Well, I've had it! Making beauty the focus of my life has distracted me from the real focus of my life: Busting my brothers. Giant Candace (Putting both of them down) is out, PEACE!"
Candace,"Good! Is this house even clean enough for this? (Picking up a few magazines) Let's see, monster trucks on the bottom, book review on top. That should impress 'em. (She looks out the window and sees Phineas and Ferb's personal anti-gravity device) Oh no! No! No! That is hideous! (As she walks into the backyard) What the heck did they build out here? (Reading) ""Anti-gravity Maximus."" Oh, I have got to get rid of this thing. (She begins to haul it away, but the machine zaps her, causing her to levitate in the air) No, no. No! No- Ahhh! (Clings onto the tree) Phineas and Ferb! Not today! Not now! If Jeremy's parents see me like this, that's the end of me seeing him. Come on, there's gotta be a reverse switch on this thing."
Candace,"Phineas and Ferb, let me in! (pushes button; gets covered in ant pheromones) Ew! What the heck is wrong with this doorbell?! Hello? (pushes button again; gets covered in more pheromones) Ow! Oh, it got in my eyes! (pushes button once again; gets covered in more pheromones) Hellooooo?! (presses it three more times) Ugh, it tastes like Buford's grandmother's house! That is it! (goes inside Antius Maximus) When I lay my hands on them, aha! (while inside) Phineas and Ferb, you are soooo buuuu... (seeing giant ant) bu......bu...buggy? Yeah, you know what? (chuckles) This is the wrong giant ant farm. I'm just gonna head out, okay? But bang up job on the whole digging thing, really. Okay? (sees another ant) Oh, hello, yeah, take it easy."
Candace,"He broke up with me! Of course he broke up with me. I mean, look at me. I'm a bundle of unbridled neuroses! I'm in Africa, surrounded by natural wonders, and all I can think about is finding a cell phone. (falling from tree) I'd break up with me tooooo! Even the tree broke up with me! (gasps) Are you okay, Mr. Pockets? Jeremy's right. I shouldn't be his girlfriend. I don't belong in society. I don't deserve to be part of civilization! (sobs) Candace is out! Peace! I'm going native!"
Candace,"Size! That's it! It's got to be huge. No, wait, you built a skyscraper to the moon and pfft who knows where that went. (the camera reveals the current location of the skyscraper: the dark side of the moon) No, if this summer's taught me anything, it's not the size of the project that's important. What matters is proximity. Mom's proximity. (at herself) Think, Candace, think. This could be the most important decision of your entire summer. Something that will make Mom come and see what you are building. Hmm, what would that be? (gasps) A Mom Attractor!"
Candace,"But everything will be gone by the time Mom gets home. Isn't that right, Mr. Miggins? Unless… (she grabs a sack, an oil can, and a football helmet which she puts on, and lays a trap for a Brobot; a Ferbot walks near the oil can and drinks from it; Candace leaps from the cellar and traps the Ferbot) Aha! (She carries the sack with the Ferbot in it to the front yard and calls Stacy) Stacy? Oh my gosh! Guess what? Ugh, Stacy, I can't understand you. Why are you crying? Yeah. Crying, crying, it hurts, right. Got that. Uh-huh, Oh, hi, Mrs. Hirano! What? Stacy got her ears pierced? Gee, what a terrible thing that I had completely no idea about! Anyway, gotta run, Mrs. Hirano. Give Stacy my best! (Throughout this, a garbage truck arrives. A man takes the bag with the Ferbot in it and tosses it into the dump area. It drives away, and a Fred's Fertilizer truck pulls up. A man drops off a bag of fertilizer and the truck drives off. Candace barely notices; she walks back to the bag and kicks it) Poor, mixed-up Stacy."
Candace,"(talking on her cellphone) I'd love to come over to watch you get your ears pierced, Stacy, but my mom went to Zippy Pics and left me in charge of my brothers. (Sees a Phinedroid out the door) Oh, here they come now. (smirks, another Phinedroid walks by) Phineas and Ferrrruh, Phineas? (Gasps) I have to call you back! (she goes outside) Oh, wait till Mom finds out about Phineas and Ferb, and...Phineas and Ferb and Phineas? And Ferb? And Phineas and Ferb? Phineas?! Ferb?! Ferbias?! Phiniferb?! (Gasps) They're my brothers and they're robots! They're Brobots! (Candace screams and runs into the panic room, finally, she calls Linda.)"
Candace,"Skiddley Whiffers is the best game ever! And HA! (Rolls a double 5) That springs me out of the mud pit, into the car wash, through the terrible tower, and uh oh, Roll Again! Yes! Double kings, baby! Excuse me. And here comes the big finish. Bing! Bing! Bing! Victory bell! Unbroken winning streak. (Slaps her own rear end) Oh, that feels good! But you wouldn't know about that because YOU lost! I am the Queen of Skiddley Whiffers! Who is the queen? I am the Queen!"
Candace,"Anyway, Stacy, so I decided that from now on, I'm gonna stop always interrupting my life with all these stu... (gasps as she sees the leaves blocking the door) Stacy, I gotta call you back. Oh I see. So they think they can stop me from seeing whatever giant project they're working on today by plastering leaves all over the door, huh? Well, it's not gonna work! A-ha! ...Um, they've built a big wall of leaves to block the door! Well, I'll just dig in here and, uh..."
Candace,"First, I'm going to name you Mr. Cutie-Patootie. Then we'll give you a complete makeover, and teach you some cool tricks! You stay put while I find you a new stylish outfit. Let's see what we've got here. (While Dennis, now standing upright, uses blueprints to search for an entrance to Perry's lair) What am I doing with a scepter? Huh. Next! Leopard headbands are so last year. Ooh, here's some of my doll clothes! Eh, let's skip the tiara. What is this? Leg warmers? Who wears leg warmers? I definitely don't. (Laughs)"
Candace,"Okay, you guys are so... hey, they're not here. What's this? This stuff's way below their usually bustable level. I wonder what they're doing out here with Dad's old barbells. (Candace lifts barbells) Hey, I've never been able to... (gasps) Super strength. What if that really was a vampire bat? Candace, get a hold of yourself. I mean, it's not like I can fly. (Candace floats in air) Oh my gosh! Okay there's only one way to know for sure. A mirror. (Candace's reflection in the mirror disappears) Oh no, no reflection!"
Candace,"An animal translator? I have had it up to HERE with stupid animals today! Why would you wanna know what stupid animals are saying? Oh, I can tell you what they'll say: ""I'm an animal and I bite my own heinie!"" ""I've got a small cranial capacity!"" ""Look at me! I don't have opposable thumbs!"" (The animals start to become angry at Candace's statements and begin growling at her) ""I eat with my face!"" ""I sweat through my tongue!"" ""I'm a furry-flea bitten loser!"" LIKE ANY OTHER ANIMAL ON THIS PLANET!"
Candace,"You know what I think? I think you two found Nosey, but you didn't bring back any proof, specifically just to make me look foolish, in front of all of these— (Sees a chomped camera in the lake) Wait a minute. (Picks it up) Look at this! Only one thing could've made a bite mark this big! Yes! I have proof! Now they'll have to...believe...me... (Sees the sad expressions on her brothers' faces.) Or maybe you were specifically trying to protect Nosey. (Phineas smiles.) Oh. I'm gonna have to do the right thing here, aren't I?"
Candace,"Uh, uh, I'm not wearing this. I mean, I'm wearing it in that it's actually on my body right now, but I'm not attached to it. Not to say that I'm attached to my other clothes. I mean, I can actually take them off. No, no, no. But, I mean-- I didn't want to put these-- I-I want to put clothes on, but I-- It was a mix-up, Okay? The dry cleaners and a-- a jackalope lawnmower, and-- (Pants) Do you like it?"
Candace,"Waiting for Jeremy to call! You see, last night, at the movies, he said was going to call soon. So I calculated that ""soon"" must mean first thing in the morning since ""soon"" can't refer to a period in excess of or equal to 24 hours, give or take a 59-minute cushion of time, on either side of the event in question. (Candace holds up a notepad of her math) See? I had it all figured out right here on this notepad. I even showed my math!"
Candace,"It's not fair. Every time I try to bust Phineas and Ferb it's ""Candace, I'm shopping,"" ""Candace, I’m having root canal surgery,"" ""Candace, I'm deliberating with a sequestered jury. How did you even get in here?"" Then my-- (seeing Phineas and Ferb fly past in the super suit) Oh look, a flying man! (She suddenly stops) Wait a second. Isn't that impossible? Wait another second! Something impossible plus that thing existing in real life equals... (She gasps before pedaling toward home) Phineas and Ferb!"
Candace,"Oh, hey, boys. See you're still doing nothing. Oh, don't mind me. I'm just carrying a few construction supplies for a really huge super cool contraption. (Laughs) You know, like the ones you used to build. Well, I figured I'd get in on the fun today. Oh, pardon my reach! Just trying to get into the most convenient position to drive this stake into the ground. Oh yeah! I'm really having fun now!"
Candace,"Oh, you don't have to. (Linda takes a seat. Candace clears her throat and begins reading.) ""Smorky knew that it was wrong to steal the pie, but it looked so delicious. He knew his friend had worked hard to make the pie and bake the pie. How would Smorky's friend feel when he saw the pie was gone? He would feel sad. He would feel bad. He might even feel mad. But Smorky was so hungry. What could Smorky do? What should Smorky do? What would Smorky do?"""
Candace,"(Sighs, talking fast) Phineas and Ferb built a beach in the backyard, just like they said they were going to. But instead of just a cute little beach in their sandbox; it turned out to be this absolutely huge beach, with a coastline, and palm trees, and a pier, and hula dancers, and water skiers, and tiki huts, and dolphins, and dancing, and surfing, and everybody from the neighborhood showed up—"
Candace,"I don't know, Stacy, between busting my brothers and trying to make Jeremy my boyfriend in time for school, I just can't seem to get anything this summer. Like my ""Jeremy and Me"" scrapbook. I mean, I have cute pictures of Jeremy and cute pictures of me, but no cute pictures of both of us being cute together! It's a real problem. But time to check on Phineas and Ferb!"
Candace,"Phineas! When Mom sees that you've built a haunted house in the backyard with werewolves and vampires and a Giant Floating Baby Head? What's that even about? (Baby coos) Not now! (Baby crying) And then there was a giant Jack-in-the-Box with a suit of armor that nearly took my head off, and you--you just drive me crazy! When I tell Mom what you're doing, you are going down! Down, down, down! (walks off)"
Candace,"Okay, gonna cast that net a little wider. (going through list of names in phone, first Jeremy) Jeremy? No, I can't talk about Jeremy with Jeremy. (Then Stacy) Mad at Stacy. (Then Jenny) Jenny, pigeons. (Then Linda) Mom? No way! (Then Buford) Yuck! How did HE even get in here?! Delete! Okay, who else? (more rapidly at each turn) Jeremy, Stacy, Jenny, Mom. Jeremy, Stacy, Jenny, Mom. Jeremy, Stacy, Jenny, Mom. Jeremy, Stacy, Jenny, Mom. (Phone says “NO MORE CONTACTS”; gasps.) How can I only have four friends?! And one of them's my mom!"
Candace,"Mom! Phineas and Ferb are in the ""Gadgets Through the Ages"" exhibit, and they're doing something to this chair thing, and Ferb is using that hose thing that makes sparks, and he's wearing that mask that goes like this! (Waves hand up and down) And you have to come with me right now! Please, please, please, please, please, please, please, please, please, please, please, please, please!"
Candace,"Every day, I stress out trying to bust those guys. But every day, I fail. (pulls her hair, then face plants onto the bed) It's like the universe is punishing me for bringing attention to it. (gasps) But what if I play it cool? Maybe then the Mysterious Force won't yank the rug out from under me. I'munna play hard to get. First, the perfect blasé fit. (She goes into her closet and changes into a more casual look with her hair in a bun.) Step one to a more blasé bust. If I care. I mean, I don't. (Puts on sunglasses and walks out the door, but then goes back in.) Blasé. (Goes back out.)"
Candace,Time to take my perfect hair to a bust show. (Cut to downstairs. Her phone rings.) Hello? You're kidding! I won a random contest to sing backup for Love Händel at the Danville 24 Hour Music Awards?! Sweet! Perfect hair day? Backup singer for Love Händel? That could only mean... Wait. Lemme try one last thing. (Falls backwards. Wide shot to reveal she landed on two pillows. She gasps.) Pillows magically appear to break my fall! It's true! I'm finally having good luck!
Candace,"Hello. Is this the Johnson residence? I'd like to speak to Jeremy Johnson. This is Candace Flynn. Why am I calling, you ask? Because I have a question about our algebra assignment. Thank you, I'll hold. Okay, okay, let's see... opening jokes, opening jokes. Hey there, Jeremy! This is Candace Flynn. So what do you get when you cross a yak and a martian?"
Candace,"(on her cell phone) Stacy, you are talking to the luckiest girl in this house! Jeremy is taking me to the summer cotillion! Cotillion. It's like a dance. Yes, it's a real word. All I know is it's gonna be great. Wait a minute, I just thought of something, two somethings actually. And one of them is pointy. Stacy, I'll call you back. It's time for a little preemptive bust."
Candace,"That's great! You're completely incapacitated! That means I have the whole day to myself! I could spend all day on my Jeremy scrapbook, or I could work on Jeremy, the board game. Or I could go to the mall and watch Jeremy work from my hiding place behind the Weave and Wig. The possibilities are endless! This is gonna be the best sick day ever, for me! (Slams door)"
Candace,"Hi Mom. Phineas and Ferb have been abducted by an evil alien, and I'm here with another alien, who isn't his son, and... How does that sound so far? (Meap blinks) I agree. Craaazy! What are we going to do? (Meap walks off, and returns with one of Phineas and Ferb's baseball launchers) Play catch? Hm, well if you think it will help. (Meap begins to pull out pictures, in an attempt to explain his plan to Candace. First with Phineas and Ferb) Phineas and Ferb. (Meap pulls out a picture of Mitch) Your father. (Meap pulls out another picture of him)  No, right not your father. A bad guy. Say, where do you keep all these pictures?"
Candace,"I did, but I can't show up with an obvious, stupid present that anyone could've gotten him. The perfect gift means that you totally get the other person in the most deep and paying-attention-y way. If his gift to me is perfect and my gift to him isn't, he's gonna be so hurt and insulted, and think I'm lame and thoughtless, and he'll stop liking me! (bawling)"
Candace,"No, Mom. Y'see, later on today, which is kinda like last month to me, Vanessa's dad invents this thing which he says doesn't work but it actually does, because, well, here I am.  But it also doesn't work because they're not here, so even though every day repeats, not everyone or everything repeats, because you don't even know what Capri pants are!!"
Candace,"Telephone? Telephone? Telephone? I'll never know what Jeremy wants to tell me. This whole continent hates me. That lion, those two circus clowns in the ultra-light, the mysterious object under this tarp. (removes the tarp to reveal...) Telephone! Big, weird, wind-up telephone. (Reading) ""For best reception place unit in high location with unobstructed views."" (begins to drag the telephone towards a tree) Heeheeheeheehee, heeheehee."
Candace,"Sure, Mom. There's got to be something heavy in here. (She finds a wrench, and pushes it into her shoe, weighing her down somewhat) OJ, did you know that stood for Orange Juice? 'Cause I didn't. (Nervous chuckle) Well, its not fresh, but it was an impromptu brunch. Brunch: cross between breakfast and lunch. Makes you wonder what a late night snack would be. A lack? How about a dack? A Cross between dinner and snack, anyway... Haha, enjoy."
Candace,"It's all about the varying degrees of authority. There's conditionally in charge; and you've got your basically in charge, your mostly in charge; and then there's just in charge, completely devoid of modifiers. That's what I'm shooting for. Huh? What are my brothers doing right now? What do you mean you can see it from where you are? See what?!"
Candace,"I mean, why am I still on sock detail when Gladys from Accounting got promoted to Commander, and she doesn't even know how to hold a blaster? No, I mean, really, she failed that part of the exam four times. She held it backwards and upside-down. But no, she's a second cousin of some midlevel Darth, and so she gets a promotion? What about me?"
Candace,"(Sighs) Page one. Welcome Fireside girl. You're about to embark on a trans-formative journey that you will remember for years to come. (Later) ...and water should be boiling. Now on to part two of the introduction. (Later still) (hoarsely) Section 12, part 6. How to start a fire using only bobby pins and a hat. (Even later) Section 25, part 16. How to tell if a marshmallow is properly roasted. (Candace stumbles, and coughs dryly.)"
Candace,"(Trying on different costumes) Oh, I've got to find the perfect outfit to wear to Stacy's costume party. That's it! A disco diva! Nah. A corn dog! Nah. I know! I'll ask Jeremy! (Talking to a photo of Jeremy taped on top of a teddybear) What do you think about my costumes, Jeremy? (As Jeremy) Gee, Candace, I think you look beautiful in everything. Will you be my girlfriend? (Cell phone rings) (As herself) Oh, yes, Jeremy! I will be your girlfriend! (Ringing continues) What? The prom? (At phone) What?!"
Candace,"Stacy, it's conclusion-jumping-to-time. Strategy session, now! (both hide in bushes) She's amazing! She's all exotic and stuff! She has on the same bathing suit as me, only it's brighter and she wears it better. And she dives off rocky cliffs holding poisonous snakes into piranha-infested water! What am I going to do? She's like catnip for boys! She's boynip!"
Candace,"(offscreen) Ummumumumumum. (Cut to her.) Ummumumumum. Oh strange phenomenon, tell me why you keep making my brothers' inventions disappear! Give me a sign! (Looks to her left with her left eye and vice versa. She smacks the floor, and a book wobbles off the shelf) Ugh! Why do you toy with me? (Picks up the book) My 4th grade science book? (Opens the book) ""The scientific method has proven to be mankind's most useful tool for understanding the truth behind formerly strange phenomenon"". Hee-hee-hee-hee..."
Candace,"I mean, seriously, we've been playing this game for what, six years? And look, I've won 19 out of 24 games this year. The last 12, in a row, it's like Skiddley Whiffers wants me to win. And consequently, you to lose! [hits bell] Over, and over, and over again. Skiddley Whiffers is too easy! I need to move on to a bigger challenge. (leaves)"
Candace,"Ooh, I-- I almost forgot the coolest part. (In the backyard) Hey, guys. Guys. You're never gonna believe this. At the end, they- (ominous theme playing) (gasps) Ferb? (sees what looks like Ferb removing his head, she screams and runs to the panic room) Oh, my gosh. Ferb's an alien. Whoa, whoa, whoa. Hang on a second. I'm sure there's a perfectly good reason Ferb can remove his head. I mean, it's not like he had any of the other telltale signs, is it? Oh, no."
Candace,"Ooh, me! In general, I thought the Greek's decoy platypus was a brilliant idea until it got smashed by the T-Rex. Its use of lasers to destroy the city of Troy really seemed unbeatable, until Paris flew down in his laser chariot. The flying chariots were all; Phew! Phew! Phew! Phew! Phew! Phew! Phew! Gak! Gak! Gak! And Eew!"
Candace,"Oh, I can't believe it. I'm finally going to Jeremy's house. Okay, now, what would the perfect look be? (Gasps) I know: ""Girl next door meets pop diva meets Hollywood bad girl crossed with an old school glamor goddess""! (Crash) Now I just gotta find the finishing touch. (She later goes outside dressed in a white t-shirt with a red flower on it, brown boots, a long green scarf, designer bootcut jeans with no back pockets, a white belt with a gold buckle and her bike helmet) Hey, boys! I'm off to the Johnson's book club. Jeremy invited me over."
Candace,"...You know what? You're right. I guess it has gotten a little old. I just get so frustrated. I always come so close to busting Phineas and Ferb, but it ends up the same way every single time. I look and say there's a massive ""thing"" Phineas and Ferb built right in front of me, but every time you look, you always say..."
Candace,"Mom, I know this sounds crazy. I mean, no crazier than all my other calls. You've got a gig, you're upset about losing your lucky pick. Like, you're going to come home now and see what I'm rambling on about. No, you know, I should bring the ball to you! Yeah that's a good idea. Mom, forget this call ever happened. Bye! (hangs up)"
Candace,"Duh! (Rushes off and comes back wearing a dress) I've been planning this since I was 10! I can set up the perfect wedding, get you two kids married in a way you'll never forget, and have you on a plane to the Galapagos with time to spare. You and mom go to the salon to get up-dos, and French manicures. Then head to Tri-State Bridal and ask for Olga. Now go!"
Candace,"There they are! Now why are they going into an auto parts store? Alright, Watson. Here's where the deducing begins. (she gasps) They've acquired a fleet of automobiles. And they're in there buying a bunch of little air fresheners for them. Or... they're buying motor oil for their giant robot! What do you think, Stace? Stace?"
Candace,"(Reading the guide) Elephant, log, dolphin, driftwood, tire, driftwood, rhesus monkey wearing a powdered wig, driftwood, driftwood, you aren't old enough to know what that is, driftwood, driftwood, it's usually driftwood. (Camera zooms out) So don't go humiliating me by, I don't know, building some boat (Picks up luggage cases) to find the Lake Nose Monster or something."
Candace,"(to a posh woman) Um excuse me? May I borrow these for a moment? (The woman hands over her opera glasses) Thank you! (looks through the glasses and sees the kids) Phineas and Ferb?! (at Stacy) Stacy, I'm gonna skip over my dramatic agonizing about whether I can resist the urge to bust my brothers and, I'm just gonna give you my $70, my auction paddle, and tell you to do the best you can to get that bobble head. (gives the woman back her opera glasses) Oh, here."
Candace,"Silly BFF, Jeremy likes me for who I am. It's like we're one. When I breathe in, he breathes out. His heart says, ""Knock knock"" and my heart says, ""Who's there?"" and the answer is, ""Us!"" (giggles) Remember those days when I was always panicking about (Phineas, Ferb and Isabella pass with baseball stuff) what he thought or what he would or wouldn't like? Ancient history."
Candace,"(at Stacy) Oh, no. I'm going to do it right this time. Even though every fiber of my being is screaming to tell you to stay here and find out the information, then run frantically out to that ATV and drive my brothers to Mom who'll bust them, I will resist! Yes! I am going to stay right here and break my old pattern!"
Candace,"(Talking to Stacy on her video phone) I can't believe it! It's Phineas' birthday, and I still don't know what to get him! What do you get for the boy who can make everything? (Sighs) It's my fault. I should have been thinking about this before, but I've just been so distracted by trying to bust Phineas and-- Wait! (Notices Ferb behind a tree; The garage door opens and Ferb runs into the garage) What is he up to? T-T-Y-L, Stacy!"
Candace,"Again, let's assume there is a Santa Claus. He's got it easy. The hard part is trying to figure out what to give people when they don't write you a letter, telling you exactly what they want most. And by ""people"" I mean ""Jeremy"", and by ""you"", I mean ""me""... and uh, no the rest is pretty much literal."
Candace,"All right, all right, we've had our kicks. But Mom's still gonna flip when she sees this. (A car door shuts) That's her car! You are so busted! (she skates into the house); The Bread-inator hits the roller rink, turning into a giant loaf of bread) (coming out of the house) Mom, come on, come on! The boys built a giant roller rink in the backyard– uh...giant loaf of bread?"
Candace,"(looking at her watch) Oh, you know what? I just remembered some friends asked me to help them form a giant human pyramid and I told them that was, like, the last thing I want to do today, but it turns out I was wrong. So I-I gotta go. (leaves) The speech is great, Dad, (puts her hands on her father's shoulders) but you might want to add some visual aids. Just a little dry."
Candace,"Okay. Take the conversation I just had with Jeremy. I suggested we go to the movies later and he said ""cool"". And what does that mean? I mean, did he mean like ""Cool, I totally want to hang out with you"" or ""Cool, I really wanna see that movie"" or ""cool"" like ""I think you're being cold and distant""?"
Candace,"Listen, this thing getting snagged on a plane is just the tip of the bicuspid. It could shrink down to the size of a real tooth, and get lost in the grass. Or turn to ice, and melt into nothingness. For all you know it could turn into a giant Ducky Momo, and fly away. Are you prepared for all that?"
Candace,"(acting in her room) ""To think… To dream…"" (pause for a moment to see what was going on with her brothers outside; resumes) ""Whether 'tis nobler to love, I know not."" Ah, The Princess Sensibilities. My favorite play. (runs off) What is going on out there?! (Monster noises, Candace mashes monster set) Would you keep it down out here?! You guys ruin everything! I am trying to practice the art of acting. And I will not be disturbed by your little movies!"
Candace,"(chuckles) Jeremy and I are cool. Stacy's right. I mean there's a good reason why he didn't show up. And he probably wants to tell me he wants us to… Start wearing matching sweaters or something cute like that. (chuckles) Yeah, yeah. (Her cellphone rings) It's him! Jeremy? Hello? Jeremy? You wanted to tell me somethin- Oh, we got cut off."
Candace,"(Climbing into Phineas and Ferb's spaceship) Brothers. Does every sister have to deal with this? No. Do I have to deal with this? Of course. You'd think I'd have better things to do and other things to worry about. Every single day, it's one thing after another. But do Mom and Dad see it? No. Do they get in trouble? No. And another thing– (She enters the cockpit, to find Phineas and Ferb aren't there)"
Candace,"Are you kidding? Anniversaries are very important. Take June, for example. On the 3rd, Jeremy spoke to me for the first time back in the 7th grade. May 6th, he brushed up against me in the hall. Oh, and April 3rd - that's the day he laughed so hard, milk came out of his nose! (laughs) He looked so cute."
Candace,"Mom, you've gotta come home right away! Phineas and Ferb... have... th-they built a... d... a thing that... that... Oh, what's the use? I'll only drive you home to find that the boys' contraption I wanna show you has inexplicably disappeared and, once again, you'll think I've lost my marbles."
Candace,"It's not too late to fix this! I can still have a best friend forever! Stacy, there she is! Right next to the Phineas... and Ferb... Lemonade stand. (looks at the cup she has been drinking from, realizing she has been drinking from Phineas and Ferb Lemonade, followed by several of the P&F lemonade franchises, until finally stopping at a beauty salon where some one is doing Linda's hair.) Mom! I'll tell mom! But wait! Stacy! Mom! Stacy! Mom! Stacy! Mom! Stacy! Stom! Macy! Sassafrass! Mulberry! Shish kebab! Marmalade! Hominahaa... (mutters indistinctly)"
Candace,"You see, I know Jeremy likes me, but I don't know why he likes me. And if I find out what it is that he likes about me, I can make sure I don't change that about myself. Because what if I stop doing whatever it is that he likes? And then he stops liking me because I'm not doing it anymore?"
Candace,"So that's it! They're time-traveling again! And the best part is they have to return to this exact spot. And I'll be standing right here with mom to bust them when they do. Actually, right over here. I'd be, uh...crushed by the machine if I was standing there. And...I'm talking to nobody."
Candace-2,"Academy graduates, Doofenshmirtz is still out there and no doubt he's planning a comeback. But so are we. We now have you, the animal agents of OWCA, who will, without a doubt, prevail. So as I step down from my position as head of the Resistance, (Monogram-2 and Carl-2 react to this in fear) I congratulate you all and wish you luck."
Candace,"Impression! Stacy, you're a genius. Wasn't it in one of those Holmes stories that they used pencil lead to reveal an impression on paper? Well, if my hunch is right... (She takes an impression of the missing half of the page) ""To do today: Big Ben race to Thames at 1600 for water slide fun""! Stacy, 1600 is 4 o'clock which is right now! Let's go!"
Candace,"(as Gary Frank) Oh, I'm so glad. Yeah, I figured you guys would like the supreme meat lover's choice. Though, I wasn't sure about the prosciutto. Sometimes, it could be rather tough. And when it gets in between your teeth, it could be really embarrassing like, (pauses) um... yeah, and that's how I feel about it."
Candace,"Call me. Hmm. Who else do I know? Becky, this is Candace. I know we haven't talked since kindergarten, but... Hey, Wendy. This is Candace. We shared a seat on the bus to planetarium. Hello? Clarissa, this is Candace. We played volleyball at camp. Jill? Nancy? Barbara? Olga? Chicago Joe!"
Future Candace,"(on the phone) Oh Stacy, every job has its problems. But there's gotta be an upside to being president of Uruguay. No, huh? Me? I'm fine, the kids are fine. Xavier and Fred are in the backyard with young Phineas and Ferb. (realizes) YOUNG Phineas and Ferb?! Gotta go, Stacy. Good luck with that llama legislation."
Candace,"I know we have a flashlight in here somewhere. (begins feeling around in a drawer) Oh, okay, that's a stapler, Ow! Scissors. And, what is this, an old banana? Ew. What happened to all the flashlights? Ah-ha! (The flashlight flickers out) Darn, the batteries are dying. I better conserve them. Phineas? Ferb? (trips) Oh who leaves a chair right next to a table?"
Memory-Candaces (con't.),Are promoting a boxing match...built a beach in the backyard...built a time machine... built a ski resort! Are directing a movie...built a circus...built a haunted house... built a giant sundae maker... are getting the band back together... Phineas and Ferb are in my large intestine!
Candace,"Hey, Stacy. Yes, yes. I'm ready for Jeremy's band's outdoor concert at the summer festival! Today's gonna be amazing! (Clock ticks) (Sniffs) All right, what gives? It's already 9:00 and there's no construction noise, no delivery trucks, no-- (Bird chirps) No nothing? (She looks out the window.) They're just standing there. Like statues. Statues..."
Candace,"A regular old lemonade stand? That's it? Huh. That means there's, uh, nothing for me to bust today, which means...I have a free day! Phineas and Ferb, I've got to hand it to you. Finally, I can like normal mediocre kids doing normal mediocre stuff. Thanks for giving me the day off!"
Candace,"You know, Mom, I understand. Obviously, you're not gonna come see what Phineas and Ferb are up to until this is resolved. So here's what we're gonna do! First of all, no more calling Dad! If I don't convince you to come home to bust the boys after a couple of calls, I go get you!"
Candace,"Okay, first things first. Dismantle that thingamajig of... of weirdness. Sometimes, I swear, I'm the only normal one in this family. (pause) Like I said. Weirdness. Now, let's get serious. See what I'm wearing here? Serious. This egg's not gonna hatch itself. We need to build a nursery."
Candace,"For your information, I'm going down to City Hall because Jeremy's working the Slushy Dawg concession stand at the food court there. And we're gonna have lunch...together. But don't worry, Isabella. I'm sure Pinky'll turn up. Perry always does. Speaking of which, where is Perry?"
Candace,"(After seeing Perry) No way. This is so weird. I see Perry with an eagle, and their both dressed up like secret agents and they're talking to man inside an egg. (Snickers) That is so messed up. It must be the moss. Hey, wait a minute. (Sees she's at the top of a tree) How did I get way up here? (Screams, Coughs; Eagle calls) Now Perry has a wetski? (Gasps) How strange can this get?"
Candace,"Mom, if there is ever a time when I need you to listen to me... (whacks some more) ...listen to me now! Mom! Remember what you... wanted for today? Remember? You wanted us all to be together as a family! (groans) For the first day of summer! (ducks) Your favorite memory! You wanted us all to be together at home!"
Supermodel Candace,"Hi, I'm Candace. I'm sure you recognize me from my countless magazine covers. You know, being a supermodel is hard work; The bright lights, the deafening applause, and all those paper cuts from counting my huge stacks of money. That's why I start every morning with Candace Os."
Candace,"(Panting) Wait a minute! I can still give mom the one thing the boys can't! The gift of music! Played on my friend: the bass. (A wave from Shrinkspheria washes over her; the bass guitar shrinks and disappears.) Huh. Oh, well, it's a good thing I play the banjo! (Banjo disappears) It's a good thing I play the bassoon! (Bassoon disappears) It's a good thing I play the bugle! (Bugle disappears) It's a good thing I play the bongos! (Bongos disappears)"
Candace,"No, not nice work. You humiliate me all day long by being boring, then you think you can make up for that by giving me a super fun ride on the world's greatest crazy slide?! (pause) Okay, you get a pass for saving my life. Maybe there's still time for mom and me to get our toes done."
Candace,"What are you dweebs doing? Don't you get it? This is all baloney! It's just special effects. And even if it were real what good would this stuff do? Plastic blasters? Rolling dice? You think you could stop a thing like that by waving a wand and saying; ""Oogie boogie woogie!""?"
Candace,"What an incredible waste of time. I mean, come on. Most of this stuff if you saw it on the sidewalk, you'd walk around– it? (She sees something) A Ducky Momo, first edition, green pupil variant, with a left handed pull cord! Heavenly light, angel chorus! I must have it. But I gotta play it cool."
Candace,"Oh, I changed my ringtone. That's a tangerine orangutan. Endangered animals! (looks at her phone) Oh, it's Jeremy! (she picks it up) Hi. You're uh, picking me up in ten minutes? Great! (nervous laugh) Bye. (hangs up the phone) Ten minutes! Stacy, crank this thing up. If it takes a half an hour on five it should do the trick in ten seconds on twenty."
Candace,"Oooooh! Here he comes! Oh, Jeremy. How can you even make walking to a bus stop cute? Yeah, I'm a lucky, lucky gal. (a strange object falls from Jeremy's backpack) Oh, no! He dropped something! Jeremy! Jeremy! (runs outside) Jeremy, wait! You dropped-- (bus leaves) Wait! (calls Jeremy on her cellphone) Jeremy, you dropped something outside my house, and it kind of looks, uh, artsy."
Candace,"What's your hurry? Let's relax for a little while. You know, with Phineas and Ferb gone, I've had a blast doing things I wanted to do. But it's strange. I kind of miss the little guys. It's as if there was a whole other side to our relationship that I never noticed before."
Candace,"What?! (sitting Linda back down) No no no! You sit! I'll go ask 'em. (Runs to the sliding door and imitates the sound of the door opening.) Hey, guys! Uh, do you know how the knight moves? (Doing a bad imitation of Phineas.) Uh, yeah, Candace, it moves straight up and then, uh, straight down on the same square. (normal voice) Oh, hey, yeah, that's great! Thanks! Oh, wait, what was that, Ferb? Oh, yeah, you don't talk! (Imitates the sound of the door closing and draws the curtains on the door.)"
Candace,"Hygiene, here we are! Okay, lip wax, pimple cream, fungal cream... Wow! Running out of all my most embarrassing personal hygiene products on the same day. Ooh, right, deodorant! Oh, now, which Ducky Momo deodorant did I use? Hmmm... (Takes one off the shelf and looks around) Well, there's only one way to be sure. (Uncaps the deodorant and sniffs. She puts it back on the shelf and smells her own armpit.)"
Candace,"Okay, that's just freaky. And...bustable! All I gotta do is... (Pause) But it never works! No matter what I try, whatever the boys do just disappears before Mom looks! If only there was some way to guarantee Mom would see what the boys have done? (Looks at the supercomputer) Ee-ee-ee-ee-ee-ee-ee-ee-ee-ee..."
Candace,"No, no, I have two little brothers and all of you are best friends! But then Vanessa's dad built this machine, and now the days are repeating and things like spoons and little boys like my brothers are starting to disappear. And the worst thing is nobody remembers them!"
Candace,"(hangs up) He thinks it's weird. Why is it that when Phineas and Ferb have an idea, everyone's like (deep voice) ""Oh, wow, you guys are really clever!"" (normal voice) And when I come up with something, everyone goes ""What? Did you say something, Candace?"" (picks up the baklava bear, now covered with ants) Oh you know what I'm talking about, baklava bear. Ew! (after seeing the ants, she quickly throws the bear onto the ground)"
Candace,"Stacy, I'm gonna have to call you back. My new phone is here. (reveals her ""phone"" is actually her hand) Wee! Gimme, gimme, gimme, gimme, gimme! (receives her phone) So, how many apps does it run? Can I play MP3s and send texts to Stacy at the same time? How 'bout... (realizes) Hey, wait a minute. All this phone does is...make phone calls!"
Candace,"I'm just going to sit here and enjoy -- (She sees the parade out the window.) Ooh, the parade coming by. Haha, look at that kid in the cute little car. (She notices that the kid is Phineas.) Gah! (Candace slaps both hands over her mouth.) Mom! Ah! What am I doing? (Purposefully blocks her view) I am blocking my view. What my brothers do doesn't affect me. Letting it go for just one day. (She takes a breath) Nails. Happy relaxing fun."
Candace,There's no time for that now! Mr. Random is a ruthless venture capitalist who captured all of us in his Himalayan fortress where he performed inhuman experiments on bathing suits and tried to destroy Klimpaloon in pursuit of a revolutionary swimsuit sales gimmick.
Candace,"Uh, well, back onto the important things in life, like having fun! (In a cement truck) Remember when you used to have this much fun? (In a crane) All this fun could be yours too. All you have to do is join me! (Building the contraption; jackhammer clinking) Okay, okay, I don't want to brag, but fun loves me more than it loves you right now..."
Candace,"Um, um... Excuse me! (Walks away from Jeremy to resolve her inner turmoil) Urge to bust so strong, but I need time with Jeremy to find out why he likes me! Gotta resist urge to bust! Must not spoil quality time with boyfriend! (Composes herself and returns to his side) Uh, picnic in the dangerous, unauthorized, and highly bust-worthy biosphere? Sounds great! (Giggles insincerely)"
Candace,"And I don't care. Because today, I'm going to Jeremy's family picnic in the park. I will be spending the whole day with my boyfriend and his extended family. And they are all going to love me, because today, I am Composed Candace. Confident, cool, and relaxed."
Candace,"There they are. (Phineas and Ferb get into a taxi that promptly pulls off) They dropped a notebook. The page is torn, but it says ""To big race 1600 Water S."" Water Street! The final clue! They're having a big race at 1600 Water Street! Ooh, I gotta call Mom! (To her mom through the phone) And that's why you've gotta come down to 1600 Water Street."
Candace,"Now, keep in mind how Dad just made you feel, okay? Phineas and Ferb have reverse-engineered and built an exact duplicate of this thing and at this very moment, they're trying to figure out what it does by forcing it to belly dance and work in a library. (smiles)"
Candace,"This dumb block party totally is throwing off my entire day. Jeremy's stuck working the Slushy Dawg concession, my parents are busy with preparations, and the boys are so preoccupied with the party they haven't done anything remotely bust-able all day."
Candace,"Oh, Grandma, you're gonna love this mall! I'll show you my favorite store, and there's this little dress that-- (Ding) Hmm... (Dialing) Stacy, I have a strange feeling that ground was just broken in my backyard. I need you to get over there and tell me what's going on."
Candace,"I try and I try and I try and I try, but no matter what I do, things never work out like I planned! (Stacy is starting to fall asleep listening to her. Candace gasps) Maybe if I knew how things were gonna turn out, I could plan for that and then do the right stuff! I know. I know. That doesn't make any sense, does it?"
Candace,Now's my chance! (runs up to the crate) Woo! Evidence at last! Wait a minute. Let's just make sure it's really in here. (opens the crate) Here Chupa... (The Chupacabra scratches her in the face) This is the best day EVER! (she stops for a moment) Wait a minute. I'd better move this to the front lawn where Mom can see it right when she gets home. (she pushes the crate to the driveway and dials the phone) Hello? Mom?
Candace,"Oh, great and powerful Mysterious Force. I know you are just trying to protect my brothers, but I am simply trying to protect them too from their dangerous inventions. Show yourself so that I may reason with you! (nothing happens) Maybe we should build a shrine to it."
Candace,"Ugh! I can't believe I'm just stuck here! I can't believe I'll—I'll never get to get my driver's license, or—or wear my dream dress to the prom! (Sighs) But most of all, I can't believe I'll never see Jeremy again. (Draws a heart that says ""C+J"" in the dirt) How long are we supposed to just sit here?!"
Candace,"Wow, this place is just made for scientific inquiry. (spots telescope) Hey, cool telescope! (looks through it) I bet I can see my house from here. Oh, cool, it's pointed right at it! (sees trebuchet in backyard) What the heck is that? Oh, my gosh. It's another stupid invention. (patting telescope) Thank you, Mr. Scientific Instrument."
Candace,"(Candace zips back to the computer and starts typing.) Okay, I still got a chance. (The computer beeps.) What the heck? (Computer displays:) ""FIRESIDE GIRLS ONLY! PLEASE ENTER YOUR PATCH #""? (types frantically) Gotta guess the right numbers. Gotta guess the right numbers. (Computer displays:) ""YOU HAVE EXCEEDED YOUR LOG-IN ATTEMPTS""? No, you've exceeded your log-in attempts! Phineas!!!"
Candace,"(winks) You can depend on me. (answers her video phone, which rings) Hi, Stacy. Yeah, it's so cool. The first day of my first job, and the best part is Jeremy works right across the aisle! I could watch him make hot dogs all day. Any moment now, Jeremy will look over and notice how cute I look."
Candace,"Ahem. Good afternoon, Mother. Good afternoon, Dr. Hirano. Pardon the interruption, but is there any tediously responsible errand of a focused and mature nature that I can perform for you? Balance a checkbook, pay the bills, perhaps file some taxes?"
Candace,"Guys! Guys! I really need your help! There's this really weird thing that's happening! Days keep repeating because of a machine thingy that Vanessa's dad made, and there was this wagon, and now things are disappearing, like tigers, and spoons, and—"
Candace,"(At phone) Hello? Lake's Cakes? I'd like a 7-tiered.... Oh no, make that 10-tiered white cake with raspberry filled... (Beep) Please hold. (Click) Yes, Flowers? Oh, yes, I need something with smell... (Beep) Um, please hold. (Click) I'm back. Where was I? I want something with cinnamon..."
Candace,"(Tire swing lowers) I don't know, Stacy. I think they're up to some-- (tire swing lifts the girls up) Whoa! This is so weird. I can't believe it's my old tree house. Carpets, furniture, entertainment center. I mean, look at all the bells and whistles. (She says as they walk past literal bells and whistles. Ha! Puns!) Maybe my brothers have been replaced by aliens."
Candace,"(on her new phone) Yeah, so, like, then I had to go a whole 38 minutes without a phone, and I was like, ""You guys better fix it, or else!"" and they were like, ""Candace, you're the best big sis we've ever had!"" and I was like ""Yeah."" and they were like ""WOOAHEEEHH!"""
Candace,"Oh, look! It's the boys in their UFO! And Mom is in the next room! (beat as Candace's eye twitches again) Nope! I've had a lovely day and I'm not gonna ruin it with another failed bust attempt. No way this day is gonna blow up in my— (She opens the box and the pizza explodes in her face and blocks the saucer from view.) Oh! So that's what they meant by ""exploding pizza""."
Candace,"Uh-huh. I was wearing this one when the boys made a giant gelatin monster. I was wearing this one when the boys split me into like 50 mes. This one is from the whole Meap thing. And this one... Well, I just spilled grape juice on it. (Indistinct) But still..."
Candace,"Yeah, yeah, building castles made of sand. I know it's today, Mom, but I've got bigger fish to fry. The boys are building the biggest and stupidest thing in Phineas and Ferb history. Wait till you see this ridiculous overly literal monstrosity!"
Candace,"I have two brothers and you guys are all best friends. But now they're gone and nobody remembers them because of the space-time continuum thingy. Now, this is the part of the conversation when you tell me how you're gonna get my brothers back."
Candace-2,"Look, Candace is it? No offense, but fun isn't really on my agenda. You know, since Doofenshmirtz took over the Tri-State Area, even though I was a little girl, I've been focused on one thing, and one thing only, he's going down, down, down..."
Candace,"(Inside…; sitting in the chair, talking to Stacy on her video phone) I mean, I've been a friend of Suzy's longer than Katie, so I should've been invited to that party first. ...I don't care if they're lab partners! We're locker neighbors. And locker neighbors trumps lab partners any day. (Gasps) Sorry, Stacy. Gotta go."
Candace,"You are much more attentive than my friends on Earth, and better at building statues of me. Come on, let's walk and talk. Of course, I'll do most of the talking. To make things easier, I'll call you Good Stacy, and you, Good Jenny. And...huh?"
Past Candace,"Oh man! In twenty years you guys are so busted! I guess that's a hollow victory... But it proves you can be busted, so I'm never gonna give up! Never, never, never! Did I say, ""Never?!"" Yes I did! Never, never, never! Never! NEVER! NEVER!!!! (runs off)"
Candace,"Hey there, Jenny. As you no doubt have heard, Stacy has elected not to renew her option on being my best friend. So, as someone who has expressed interest in the past, I thought you might want to avail yourself of this exciting opportunity."
Candace,"Yeah! Wait... (scoffs) Why brother? With these two here, there will be no competition. They'll build a real skyscraper out of sand, with a working elevator, and window-washers, and a parking garage with flying cars! They'll totally steal my thunder!"
Candace,"Listen to me, guys. Forget everything they told you. Creativity isn't bad! It's the best thing about you! (Sobbing) You two can do anything! And that's why I've always been secretly proud to be your older sister! What have I done?! What have I done?!"
Candace,"I'm sorry we had to clean up everything destroyed and had to rebuild it, I'm especially sorry I made us miss our spa appointment, but most of all, I'm sorry for being a bad friend. I was just trying to impress Jeremy and I lost sight of..."
Candace,"Well, being a non-buster, I wouldn't bust them for making a sandwich. But I'd bust them for making a sandwich when it's 5:30 in the afternoon, and we'll all be having supper in a half-hour! They'll ruin their appetites! They are so busted!"
Candace,"Oh, hey, Phineas. Oh, my gosh, you missed it. By the end everyone got their heads back and everything went back to normal. Well, sort of. The entire laboratory disappeared. But I loved it. I can't look at anything the same way ever again."
Candace,"(On the phone) Stacy, the bow is totally cute. It's your signature look. You have the bow, and I have (Pause) some weird metal contraption in the living room. (Runs up to it) Stace, I'll call you back. This thing was obviously made by Phineas and Ferb, so it must do something."
Candace,"(screams happily and ducks her head back into the house) Yes! The days are repeating! Which means, I still have a chance to— (notices her skates on the floor and starts talking to it) Oh, no. I'm not falling for that one again. (walks to the side) Fool me once, shame on you. Fool me twice, shame on me, but fool me three times and (steps on a third skate) whooooa! Why do I even have (steps on the skateboard) three skates? (falls off the skateboard)"
Candace-2,"But we're gonna have to be strong. Jail is a mental game. They're going to try to break us, you'll see. Seconds become hours, hours become years, until the mere thought of freedom flutters out of our consciousness like a dying butterfly. (The cell door opens.)"
Candace,"(from inside; Talking to Stacy on her cell phone) So, I was looking up at the stars, thinking about Jeremy… (Close-up of her.) Only I was walking down the stairs at the time. (Her foot is in a cast.) And now I'm stuck in bed! Doctor's orders! If I re-injure it, I'll have to miss the Tiny Cowboy concert tomorrow! Backstage passes!"
Candace,Mom! Mom Mom Mom! You gotta come back to the square!! The boys' space satellite crashed down to Earth and these villains had a machine that would destroy the Tri-State Area and there's superheroes!! All in the square!! You gotta see it!
Candace,"(cntd.) (approaches to them) Hear ye, hear ye! Mom has left me in charge, so I hereby demand that you do nothing crazy today. No building any whoosy-whatzits, or goozy-mahookoffs! In other words, don't be the world's most annoying brothers for one afternoon, okay?"
Candace,"You've just been using us this whole trip. I mean, is this how you treat your fans? It should be your fans that inspire you to make music. I mean, if you can't see that by now, then you can just drop me off at the next Betty Bus Stop. (Walks away)"
Candace,"(In the Ducky Momo suit) Oh, that was close. (She removes the head of the costume) Why must it be so hard for a lifelong, closet Ducky Momo fan to go to a Science-Fiction and Fantasy convention, and find cool, rare Ducky Momo collectibles, without anybody discovering her dark, humiliating secret? (She redons the head)"
Candace,"A while? You mean we're stranded? That means I won't get to Jeremy's party before the sun sets! We'll be stuck here forever eating rocks and bugs, then I'll have to marry a monkey and have monkey kids and name them Xavier and Amanda! (sobs)"
Candace,"No leaving the yard, no amusement park rides, no robots, no rocket ships, (in background) no time chairs, no remote-controlled llamas, (onscreen) no first edition issuing of commemorative coins, no asking where Perry is, no astrological planetary alignments..."
Candace,"Oh good! Because this isn't a cell phone. It's an inter-galactic little brother buster-izer. Which I'll use on you if you don't clean up this mess. What's with the spaceship anyway? Haven't you guys, you know, been there, done that?"
Candace,"(puts disk in laptop and gasps) There it is! The elevator to the moon, ha! (The footage shows more big ideas.) And the time they built the rollercoaster and the beach and the roller rink! Ooooooh! (She grabs pillow, laughter is muffled; Perry comes into the window behind him and sees the footage of him taking off in his hovercraft on the same day as the elevator. He sneaks in.) Can it be? Actual proof? Everything they've done over the summer? (She looks at Perry, who instantly assumes pet mode.) Oh, Perry, it's soooooooo beautiful! (Hugs him.)"
Candace,"No, I mean (nervous giggle) That's not my stuff! That's my Mom's. I was shopping for my Mom. Yeah, heh... my mom has really unruly, uh, nose hair! Yeah, really bad, okay? Uh, yeah, I...I was just on my way to the, uh... (whip pan right to where Candace is looking, cut back to Candace pointing at the sign) ...the water sports section."
Candace,"Hoist the mainsail! (Stacy does so) Swab the poop deck! (Stacy does so) Watch that jib, sailor. (the jib knocks Stacy's hat off) Now take the helm! (puts Stacy at the wheel and rides a rope onto the bowsprit) I've got a date with destiny, and it ain't gonna end with a kiss! (spots the shark through a spyglass) You've vexed me for too long. Too long! Full speed ahead, Stacy; get me in close!"
Candace,"Oh, hey, Jeremy. It's Candace. Uh, just seeing what's going on today. Call me back if you want to. Okay, bye! (Closes cell phone) Oh, man, that never gets easier. Oh, well, I'll just call Stacy. (Opens cell phone) She's probably been waiting by the phone all morning."
Candace,"Wait that's it! I'll trick Jeremy into writing a letter to Santa, so I can sneak a peek and learn what he wants straight from the horse's mouth. And by ""mouth"" I mean ""pen"", and by ""horse"" I mean Jeremy, and... yeah we're good."
Candace,"Yeah, and you can drop the act. I know you didn't forget to bring coal. It's probably all in that box you're sitting on. But...lesson learned, and as long as I'm no longer giving up, I'm gonna go bust Phineas and Ferb. (jumps through the window) Thanks!"
Candace,"(sighs) I'm a freak! (cries) I'll never be a Flawless Girl! (Ferb takes out an umbrella to cover himself and his stepbrother from Candace's rain-like tears) There's only one place where a girl like me will fit in! The Oddball Show! It was nice knowing you boys! Tell Mom and Dad I love 'em! From now on, I'll be living amongst the carnies!"
Candace,"Perry's gone, and it's… it's just my fault. I can't take it anymore. I'm gonna have to tell the boys. (notices the silhouettes of Phineas and Ferb through a curtain) Oh, there they are. Well, I guess now's as good a time as any. Phineas, Ferb, I just have to tell you that I'm the one who…"
Past Candace,"Awesome! I finally have proof! I'll take my older self, bring her to Mom, Mom will see the boys have invented some kind of time machine, and they'll be busted! Oh I love you, me! Come on, let's go! Let's go see mom! Come on! (laughs frantically as she tries to pull Future Candace, who does not move)"
Candace,"(Laughs) I sure got you guys! You should have seen your faces! Only unsophisticated, immature brains would believe in monsters. (Laughs) Yes, it takes a mature adult, such as myself, to know that there's... no such... thing... as... (Stammering) Bigfoot! (she screams and runs inside; the other kids look but see nothing)"
Memory-Candaces,"Mom, Phineas and Ferb built a rollercoaster! Phineas and Ferb are one-hit wonders? Phineas and Ferb carved my face into Mount Rushmore. Phineas and Ferb are driving cattle. Phineas and Ferb built a giant tree house robot..."
Candace,"(Chuckling nervously) Yep. Yep, they definitely are working. I--I just bought these for my dad and was just...uh, you know, making sure that they work, and they sure do. You can see really far away or really up close. Heh heh heh. (Notices poster on counter) ""Help wanted""?"
Candace,"""Appointments."" Well, all right, Dr. Six-Strings. Good luck with your ""patients"". (hangs up and giggles) ""Dr. Six-Strings."" Now that's banter. Heh. (gasps as she sees the giant frozen yogurt machine) Aha! (Steve disappears again) I finally caught you guys! That thing's not going anywhere! You guys are so busted this time! (runs out)"
Candace,"(sighs) It's Jeremy's birthday and I wanna do something really special to show I care and you guys are good at doing, you know, what you do, and, well, all I have is this scrapbook and I don't wanna blow it so can you help me, huh? (gives Phineas the book)"
Candace,"I was wrong, Stacy, about everything. I'm not a grown-up. I can't control mysterious forces. I can't even get my mom to see what my brothers are doing! (she smiles) Stacy, that's it! I can't get my mom to see what my brothers are doing! (she runs off)"
Candace,"I know, right? With Phineas and Ferb split up for the day, it's practically a vacation! (She passes by Isabella's house with the clubhouse next to it in the background.) Yes, I know we're already on summer vacation, Stacy. I was just -- (Opens her eyes and turns around, notices the clubhouse) What? A Fireside Girls mobile tactical unit? Sorry, Stace, gotta go! (Hangs up and runs off.)"
Candace,"No! Some kind of mysterious force always takes away Phineas and Ferb's inventions before Mom shows up, this time, it took it away their invention before I showed up! The mysterious force recognizes that I'm now a grown-up!"
Candace,"Stacy, Jeremy's going to college soon, and here I am concerned with busting my brothers to my mommy and living in this NURSERY. (She picks up a ceramic unicorn) A unicorn! **A UNICORN**, Stacy! (mockingly) ""Hi, I'm six!"" You've GOTTA help me get rid of all this junk."
Candace,"(coming down the stairs) Alright, boys and girls, listen up, Mom's on a walking tour of Danville and Dad's tinkering in the basement, so I'm in charge. That means no shenanigans! Hey, Spider-Man. So I'll be over at Stacy's all...d-d-d-daaay???!!!"
Candace,"What do you mean? He's a member of our family. Of course, I'm concerned with his health stuff. Oh, look! There's a Slushy Dawg! Gotta go! Bye! (unbuckles and gets out of the car) Jeremy, Jeremy, Jeremy, Jeremy, Jeremy, car! (stops to cross the road) Jeremy, Jeremy, Jeremy, Jeremy!"
Candace,"--No giant robot groomsmen, no mechanized rice catapults, no rocket to the moon, no bringing the moon down to earth, just regular good old fashion wedding stuff like you might find at a regular everyday perfect wedding."
Candace,"This could really be the answer to me busting the boys. That weird guy is gonna tell us the final step after the break! Can it be that I'll finally achieve my summer goal? (hears revving) Wait, is that...? (sees the ATV) It is, it's Phineas and Ferb!"
Candace,"The coast is-- (Gasps) I don't believe it. That's the rare Ducky Momo commemorative plate where they accidentally printed the wrong saying. (The plate reads; ""I Hate People!"") Score! All I have to do is get over there without drawing too much attention to myself."
Candace,"Get back! Huh? There's no one there. But he's in the mirror. But, but, (gasps) Oh no. No no no no no no. This cannot be happening. (gasps) Ah ha! Oh! Oh! Stacy, Phineas and Ferb have turned me into a holographic image of a pizza boy!"
Candace,"Okay, listen, you twerps. Your ridiculous efforts to thank Santa Claus are getting in the way of my ridiculous efforts to get Jeremy to writing a letter to Santa Claus. So why don't you... Hey, what's with the clouds?"
Candace,"(approaches the gang) All right, I am not dealing with you guys tonight. Stacy and Vanessa are on their way over and we're having our own sleepover with our own activities. Besides, you already built your wacky doohickey, (points to Mom) which you missed!"
Candace,"Oh, no. (Candace sticks her head out the window) Listen, you twerps! Sometimes your stuff messes with my stuff, and tonight I got some big stuff going on. So you leave your stuff out there, and leave my stuff alone, or you'll get some of this stuff! Get it?! (Leaves)"
Candace,"(cntd.) Anatomically disproportionate... (gasps; Flashbacks disappears) They got to Ferrrrrb!!!! (She runs to...) Phineas, Phineas! I-- I know you're gonna think I've completely lost it, but I'm pretty sure that Ferb is an alien. I've got to find his head and re-attach it."
Candace,(Looks out the car window) I still can't believe I get to be on the Lake Nose lifeguard squad with Jeremy. The lifeguards at Lake Nose are considered the coolest of the cool. All the other kids look up to them and have to do whatever they say.
Candace,"Not midnight yet? That's it! I've actually got an hour left to bust my brothers! (running out of City Hall) I've gotta find out what they're doing! I'll get video. Whoa! Ooh! (slips and falls on a patch of ice) Aah! Aah!! (skids down an alleyway, bounces off a pillow and goes flying) Aah!!! (swings around a street lamp's pole and lands on her feet) Ooh! Huh, that parkour training actually paid off."
Candace,"Yes! Let's show Mom. (to Perry) Oh, Perry, Perry, Perry. I will remember this night always. Just think: on this very computer are the deliciously incriminating images from that CD I borrowed that will finally bust my brothers! (Laughs maniacally)"
Candace,"Pathetic, isn't it? Some people don't have the discipline to relax on their own. They need to take a— Oh, who are you kidding? You're taking the class. A little extra serenity can't hurt. (covers herself with the serenity lotion) Oh, this stuff is slippery!"
Candace,"I didn't do anything! He's my brother, just a baby. They cry you know. (Now Baby Phineas start crying now he cried with him then puts Ferb back his stroller) I know! Toys! I'll buy you some toys; that's what makes babies stop crying! (pushes the stroller towards a store that coincidentally sells baby things) Oh, thank you. (the stroller gets stuck in the door) I'll just be a second, okay? Don't go anywhere. Stay!"
Candace,"Alright, Jeremy. Perry and I are all ears. I mean, we're not like all ears. (chuckling) I mean, imagine if we were all ears! Just covered in ears! Like, we can hear out of our elbows! (chuckles, whispers to herself) Candace, you're weird! (out loud, to Jeremy) So what's the sitch?"
Candace,"(On her cell phone, in her room) Oh, my gosh, Stacy! Oh, my gosh! Oh, my gosh! Oh, my gosh! Jeremy asked me if I could meet him at the fair later today next to the Ferris wheel. Oh, no! I almost forgot I'm scared of heights! What am I going to do?"
Candace,"Everything Phineas and Ferb build -- disappears when they're finished. So if I can keep them from finishing the thing they're building, it will never disappear! I call it Busy Bee Busting. B. B. Busting, for short."
Candace,"(runs out) Alright! Nobody move! You two! You think you can just make giant...thingys for all the world to see? Well, no, sir! I'm gonna put the bust on you, but good. (runs off) Mom! Mom! Mom! Phineas and Ferb are making some giant --"
Candace,"Yep, I'm sticking to my resolution and turning over a new leaf. Fifteen whole minutes and I haven't thought of Phineas and Ferb. (her eye starts twitching) How they make those things. You know, those big, like, dangerous things they make..."
Candace,"Good, good, good, good, good, good, good, good, good, good. Perfect! You guys built your sky-high mega-ride thingy. I just wanted to double-check, and this time, I'm not gonna call Mom. I'm gonna (starts walking backwards away from them) go get her. Ciao!"
Candace,"No. If it can tell me when it will take the boys' stuff away, I can get Mom to show up right before so she can bust once and for all! O Great Mysterious Force, when will thou takest away what the boys hath built?"
Candace,"It's not fun, it's relaxing. Which means it's enjoyable, which means it's fun. Grown-up fun. You wouldn't understand. Besides, Le Rub de Scrub Spa is very exclusive. You can't even get in unless you know someone."
Candace,It's just... Jeremy looked like he was having a really good time here. And suddenly it seemed creepy and obsessive that I came all this way. What if he doesn't wanna see me? Or came to Paris to get away from me?
Candace,"Stace, the thing with boys is I just don't get them. You think they're saying one thing, but then you don't know if they really mean something else. They're like those Egyptian drawings that no one understands."
Candace,"Obvious technical infractions. Go away. The player who committed the infraction is no give me that. No Ginger, I'm busy. I said give me that back. If you don't give that back to me right now, Candace, gotta go."
Candace,"Mr. Cutie-Patootie, I finally found— (Notices Perry, then nudges him out from her room with her foot) Get away from him! I don't want your blandness to rub off. (Picks up Dennis, then slams the door) Aw, poor Mr. Cutie-Patootie. Don't mind him. Once I'm done making you over, you're going to be the new alpha pet!"
Candace,"It's from Jeremy! He sent me a picture. (looks at picture) Aw, look at his cute, little wiener hat. Let's send him a picture of me. Make sure you get my good side. How's the lighting? (Stacy takes the picture) Wait, you took it while I was still talking!"
Candace,"That's obviously some big, stupid dress-up game they're playing with their little loser friends. Now, if my research is correct, the way to defeat a superhero is to come at him through what's important to him. (She holds up a picture of the boys and Linda before laughing maniacally)"
Candace,My Bango-Ru. They're these adorable Japanese characters that are so in right now. Like in a kitschy way. The guitarist for The Bettys has one painted on her guitar. Stacy and I designed our own dolls online.
Candace,"Stacy, it's been four days. (Rolls her chair to a picture referencing Cinderella. The faces are replaced with Candace and Jeremy's faces) I'm not expecting Prince Charming to bring me a glass slipper or anything, but-but a phone call would be nice. (Phone beeping) Hold on, I've got another call. (Gasps) (Holds up the phone, showing a heart with Jeremy's face in it) It's him! Call you back! Bye! (Phone beeps) Hello?"
Candace,"(sighs) It's okay. Earlier this morning, I wouldn't have believed me either. In fact, I was even mocking my... (gets an idea) brothers! That's it! They'll vindicate me! They're out there right now getting proof that Nosey is real!"
Candace,"(on the phone) That's what going steady is, Stacy! Jeremy and I aren't really engaged. But we're totally engaged to be engaged to be engaged. And by the way, that's on a ""need-to-know"" basis. (Scoffs) Why would Jeremy need to know?"
Candace,"I just thought it was the perfect day to show some Christmas spirit. Like when you were young and wrote letters to Santa... (Out the window, Phineas and Ferb are seen lifting some of their things to thank Santa.) Would you keep that lame junk away from my window!? (to Jeremy) I'm sorry, what was I saying?"
Candace,"That feeling you have right now: that's how I feel every single day when you don't believe me about what Phineas and Ferb are doing! Now that you finally understand, would you come with me to the backyard?"
Candace,"Oh, it's great. Finally, somebody appreciates my ideas. Only, they keep bringing me crumbs and grasshopper legs. I could really go for a salad. (an ant goes to make a salad) And you think, they'd have a fancy queen dress, or something. (another ant goes to make a dress)"
Candace,"Just wait until Mom hears about... Then again, you guys always seem to make everything disappear before Mom gets home. But if I take the evidence to her at the Bowl-A-Rama, then she'll have to believe me! (She daydreams)"
Candace,"Phineas, puh-leez. I'm all the equipment you'll ever need. I mean, hello, let us not forget that I wrestled a ferocious alligator. (Unbeknownst to her, a giant crocodile appears behind her.) A scrappy little crocodile is nothing for a pro like me. (to the crocodile behind her) I'n' that right? (Her eyes pop in sudden realization)"
Candace,"Yeah yeah, real funny. This is the official rutabaga regalia for the 100th Running of the Chinchillas from Danville to Badgertown. By wearing this, it'll entice the chinchillas to follow me, the Princess!"
Candace-2,"(deep voice) What are you two- (coughs, normal voice) -doing here? Never mind, I'll deal with you later. (walks up to Phineas and Ferb) You two! I've been spending all these years trying to keep my brothers safe, and suddenly their faces are all over the Doofen Channel!"
Candace,"Hah! You call that a beach? This is WAY below your usual standard. This isn't even worth a call to Mom. You know, if you guys ever want to be popular, you're gonna have to stop playing in sandboxes. (Gets hit by a beach ball) Hey!"
Candace,"Not officially... He's never even called me his girlfriend. We've never even kissed! That means Jeremy is single, in Paris, and surrounded by French girls. I'm no fool, Stacy, I've seen the oil paintings"
Past Candace,"Mom and dad's antique store.. . Yes, it's still here! (the door opens automatically) Ooh, future. Mom!! It's me, Candace from the past! I came here in a time machine that Phineas and Ferb borrowed from the museum. You gotta bust them!"
Candace,"Oh, cool, my old tiara. Ooh, sparkly! (picks up a videocassette) Hey, I don't remember this. Hmm. (reads) ""For: Future Candace!"" Hey, wait a minute! I'm Future Candace! There's gotta be a machine around here that still plays these things."
Candace,"I don't care how buff he is. Me, hang out with one of your friends? Puh-leeze. Now run along before I take my sandwich back. And if you even think about trying something funny today, you're gonna get it!"
Candace,"See, Jeremy only calls me ""Candace,"" and nothing else. When a guy makes you his girlfriend, he comes up with a nickname for you. A pet name like, ""baby,"" ""honey,"" ""Peg-Leg Pete!"" His own personal stamp!"
Candace,"MOM! MOM! Phineas and Ferb are making a giant tape dispenser, but it's also a faucet, and a rowboat, and a baseball hat, and a lightbulb, and a gingerbread man with a fist for a head, and a pig face --"
Candace,"So at this point I can grab Mom at her hair appointment and bring her over to where I think the boys are heading. I'm calculating they'll go by that weird looking building downtown, at exactly 4.59 pm."
Candace,"That's so wrong in so many ways, I don't even know where to start! An egg is like a little baby. It needs a living, breathing mother. It needs... Hold on one second. (She runs into the house, then closes the back door. After another pause, she kicks it open with a foot.; now wearing her ""mom"" suit...aka a platypus suit) Okay, let's do this thing for real!"
Candace,"Of course we need to know how deep it is, so we know how scared we should be. We can use this grappling hook and rope to find out. (throws it into the pit) One...Two...Three. (The rope hits the bottom) You see? Now we know that it's three seconds deep."
Candace,"(In a dream) But, your honor, how could I have robbed that bank if I was already wearing the prison jumpsuit? It just doesn't make any-- (She gasps and wakes up to the sound of Buford humming) Somehow I want to finish that dream to find out if I'm guilty or not. (She walks to the window, to see Buford in the backyard, humming and tying his shoes) What?!"
Candace,"Okay, just breathe and relax. (Sighs) Let's try this again. (She picks up the phone.) Hi. Uh, Linda Flynn, please. But if she's too busy, uh, then maybe there's someone else who can deliver her a message. Maybe someone in their teens!"
Candace,"When Mom and Dad left me in charge, I never took into account that we might not make it back at all! And now we're stranded, and now I'll never get my kiss from Jeremy! (She sobs and falls to her knees) It's the end of romance! Aaagh! (She curls into a ball on the ground)"
Candace,"Ugh, Mrs. Johnson, as much as I hate to admit it, Suzy's not lying. Phineas and Ferb made a ray that makes me weightless. I might as well show you I couldn't embarrass myself more than I already have."
Candace,"Okay, it's still here. Oh, come on, Mom! We're really coming down to the wire on this one. (Door closes) Mom! (She runs away then runs back) Oh, great and magical being who maketh all things magically vanish before Mom sees them, knock it off!!"
Candace,"(after a pause, speaking to Stacy on her video phone) So, he was like totally checking me out when little Miss Pants walks in front of me. Yeah, yeah! So I was like ""Uh, hello?"" and so she was like ""Oh no, you di-in't!"" and I was like ""Oh yes, I di-id!"""
Candace,"Oh, sorry, Stace. I completely forgot I was on the phone with you. Okay, okay, okay. Okay, in the whole world, maybe one or two have in worse, but definitely in Danville, no one has it worse than me!"
Candace,"A late entry. Okay, Mom, I've been dragged all over town by Phineas and Ferb's Mega Bounce House, which you'll probably never see, but the worst part is, I didn't even get my Tiny Cowboy bobble head!"
Candace,"Let's definitely eat here. But no way are we waiting in this line. I practically own the place. (To other people in line) Come on! Outta my way, people! VIP coming through! (To Buford) All right, Buford, make with the rope and let us in."
Candace,"To bust or not to bust. Eh, they're not my brothers, so I'm not sure it'd even count. But maybe if Mom sees this, it'll lend a little credence to all the other things I told her about. Yes! (She suddenly is holding two pairs of binoculars.) To bust!"
Candace,"Okay, fine! Okay, if pictures won't work, I'll just take you to Mom myself! I know we have an old stroller around here somewhere. (Candace finds a stroller and straps in Phineas and Ferb and they fall asleep) That's it, go right to sleep. You'll be busted in just a little bit."
Candace,"Well, I'm gonna buy Jeremy a gift. It's the anniversary of the very first time Jeremy and I went to Slushy Burger. He spilled a cheese dog on me and mustard got all over the place. He was so sweet."
Candace,I just wanna do something really special to show Jeremy how much I care. Something way over the top! Something that defies the laws of physics and exceeds the boundaries of the imagination — (realizes what she's talking about) Oh no.
Candace,"Brother? Busted? I just realized. I, like so many other elected officials, have forgotten the very promises I made that got me into office in the first place! That's it! I'm gonna bust my brothers!"
Candace,"Ugh, I'm getting outta here. Ridiculous dungeon crawl. Dumb arrows. Stupid traps. Buncha nerdy stuff. Shards and whatever, blah, blah, blah. ""Stumbleberry Finkbat"". Can't wait to bust all you guys!"
Candace,"Oh, I get it. Big lesson. Yeah, well, I guess I learned that it wouldn't be hard to ask Jeremy out if he was growing out of the back of my head. Now you find us some fuel, and let's get outta here."
Candace,"Oh, my gosh, you guys. That was awesome. Guys? Uh, guys? (Sees they have left the couch) Wow, it's tomorrow already. I gotta find those guys and tell them how it ended. Guys, guys, guys, ugh-- (Candace runs into Linda, who's carrying a laundry basket) Sorry, Mom. Have you seen the boys?"
Candace,"What is wrong with you two? Can't you think of something normal to do like making a lemonade stand or picking your nose or something? (Ferb pulls out device) That better not be a nose picking machine! (Ferb puts it down) Yeah, that's right."
Candace,"Okay, I know it sounds crazy, Jeremy, but I saw it, I really did! I mean, not the times when I saw it and it wasn't it, but this last time, when I saw it and it was it! You believe me, don't you?"
Candace,"Okay, twelve o'clock. Let's get this over with. (Puts on her goggles.) Perry! Oh, there you are, Perry. Oh! And you're filthy!  This has got to be the highlight of your week, right? Y'know, cuz platypuses don't do much."
Candace,"There they go again with their machine mocking me... (imitating Phineas with her hand) ""Oh, hi, I'm Phineas! Ferb and I are building something really bust-worthy!"" (Her other hand as her hair on it as she talks in her own voice in this...weird hand puppet show) ""Yeah, like what? Like a submarine that'll go into my esophagus?"""
Candace,"That's it. I'm calling Mom and making her tell the boys to let us in. (On phone, to Linda) Mom, Phineas and Ferb have made an exclusive restaurant in the yard and you've got to tell them to tell Buford to let us in!"
Candace,"So, Mrs. Johnson, it's so great to talk to each other like adults. (Suzy crawls under the table, and pulls out the wrench weighing candace down) Just me and you talking all adulty and stuff, and (Candace notices her leg has floated up) WHOA! (She giggles nervously before floating up entirely, just managing to hold onto the table) Ahh! Just doin' a little yoga stretch to help this digestion, yep. Heh."
Candace,"And thank you to you, Candace, for being so good at being so laid-back, and not caring about all the whatever the boys are doing right now. Whatever it is they're doing. Flying through the air."
Candace,"Yeah, I've been spending all my time worrying about Phineas and Ferb. I used to have other things to worry about. Like... (dramatically) What? Jeremy's going to be there?! I just need to broaden my anxieties."
Candace,"(taking Dad's phone) And it opens tomorrow. (gasps) I bet Sweetwater will go see it and say she read the book. And if you do something like triangulate her movements against the movie schedule, you could bust her no prob."
Candace,"(getting Linda out of her chair) Yes,-and-you've-got-errands-to-run-'cause-they're-not-gonna-run-themselves.-They-never-do.-They-never-do.(starts pushing Linda out of the house) Better-get-a-move-on-if-you're-gonna-be-back-in-an-hour-and-twenty-seven-minutes.-Bye!"
Young Candace,(on video) Thith ith Candathe Flynn. I'm five yearth old and it wath an awethome thummer! But I didn't get to do everything I wanted. Tho I made a litht of thingth I want Future Candathe to take care of.
Candace,"And that is why I wear white shoes after Labor Day. And I.. (Sees Phineas and Ferb's invention) Oh, I knew it. Phineas and Ferb. Not very impressive, but suspicious. Stacy, I.. I got to go. Oh, and Happy Birthday! Mom! Mom! Mom!"
Candace,"Oh, really, Stacy? Well, they're not gonna bust themselves! Oh, great, a sale. Now guess who's gonna have to go in there and try stuff on? Call ya later, Stace. (hangs up and walks in) Since I have to do everything! (gasps)"
Candace,"What? On Street Fair day? Haha! No way, sister! I'll be there, and I'll be there early. Ah-haha. Yeah. Alone. Okay? Okay. (She hangs up) Oh crud. Make that molecular whatever and meet me at the coffee shop!"
Candace,"Well, I'm no help to you there. Talk to you later, Stace. Good luck. (hangs up and looks at the magazine again) I wish I knew a girl like this so that I could hang out and absorb her coolness. (She puts the magazine down to see Vanessa making the same pose as the model in the magazine.) (gasps) Vanessa! Hey, Vanessa! Vanessa! Hey! Hey!"
Candace,"(through the side of her mouth) What a bunch of babies. (gasps) Wait a minute! Weird situation plus danger equals Phineas and Ferb! Okay, calm down. I'm on it! (dials her phone) Mom? Mom, I want you to check and see if the boys are creating zombies!"
Candace,Okay. Commence Operation Concisely State What The Heck Is Going On Around Here. Notepad: check! Ducky Momo 15th Anniversary Happy Pencil: check! Keen eye and indomitable will to bust: check!
Candace,"(Reading) ""Sing, goddess, the anger of Peleus' son, Achilles..."" (She dozes off, then shakes herself back awake, and continues reading) ""Achilles! And it's devastation, which put pains upon the Achaeans..."" (She doses off again, then jolts back awake, and continues her reading) ""Upon the Achaeans, hurled in their multitude to the House of--"""
Candace,"Can, uh, can I say something? So I think I'm up to date on the whole Perry-agent thing. Strangely, that's the most normal thing that's happened this afternoon... But who exactly is this guy?"
Candace,Mom! (Runs to her) Mom! The boys are up to something huge! I just know it! But they've hidden it within a massive pile of leaves in the backyard. Come help me sort through them for a few hours to find it! (Pulls her out)
Candace,"(on phone) Ah, Stacy, I tell my mom I'm heading to the mall to get some makeup and she hands me a list of other stuff I have to get. Why do I have to do everything? Shop at the mall, bust my brothers."
Candace,"Yeah, just put it there at the end. (Guiserblint pours some more gold at the end of the rug. Candace takes off her shoes.) Okay, you can go now. (She lifts her dress up and runs gleefully through the coins in her bare feet. She stops and a record needle scratch is heard.) Wow, I've been given all this power and how I've chosen to use it is to run through gold coins barefoot....I'm a genius!! (runs back to the throne) Ha ha ha!"
Candace,"Wait a minute wait a minute, what you're trying to say is that if Stacy is really my best friend, I should just apologize to her. And if I'm really Stacy's best friend, she'll take me back! (runs off)"
Candace,"Sold! (No audio, Ding) Well, what do you know? It works! (Ding, Cows mooing) Wait, stop! Uh oh. (Screams, Blows whistle) Hey, this cow whistle doesn't work!  (Haney briefly puts up the ""Closed for Stampede"" sign) Oh, they're so going to get it. (At phone) Mom, they're driving a herd of cattle right through Downtown."
Candace,"No way, Phineas. There's no way I'm lettin' this baby out of my sight. This is the single greatest moment in my life, and there is nothing you little creeps can do to take it away from me. (Norms enters)"
Candace,"(on her phone) You're not gonna believe this, Stacy, but when I turned around, Jeremy was standing right behind me. Well, actually he was sitting, and he was a couple blocks away, but he was right there!"
Candace-2,"Or we could've all been captured, and I wasn't gonna take that chance. These are the tough choices, people. Somebody's gotta be the adult here. You two are safe, and that's what important."
Candace,That's it? That's all you're doing today? Huh. How normal. I guess my night's safe after all. Who would have guessed you two would get sucked into a video game? I'm going to go get ready.
Candace,"No big deal? I'm Jeremy's girlfriend! We have to make a good impression! Breakfast is easy! This is brunch! Brunch! That's so fancy! Mom, what does this frittata say about us as a family?"
Candace,"(enthusiastically) Aaah! Yes! Vanessa's dad's machine! It worked! Which means yesterday is today! Another chance(steps on a rollerskate) to bust the boooo- (steps on a skateboard and rolls down the stairs) -ooys! I didn't think there would be this part!– ugh! (falls off the skateboard and loses the skate, lands in a wagon, and starts rolling around the house) Har... (pauses as she rolls behind a wall) dee har har."
Candace,"(on megaphone) People, people, I'm not gonna soft pedal this. That was adequate, but I think we're ready to witness the greatest architectural feat this town has ever seen! I give you Phineas and Ferb! (The boys uncover the tarp. But the crowd simply stares. Thaddeus and Mandy laugh.)"
Candace,"I'm not speaking metaphorically! The boys' inventions disappeared every single day last summer! And, of course, Mom never sees it! It's always, ""Who wants pie? Oh, there you are, Perry."""
Candace,"(To her phone in a panicked tone) Mom, things look pretty bleak. We may not be back after all. Phineas is in a cute trance. Mitch turned himself really adorable and defeated the entire Meap Army. There's no one left to-"
Candace,"(Sighs) Well, I guess it could've been worse. (Aaand a bird poops on her) Okay, that does it. This thing is totally bad luck. Well; little amulet, this girl doesn't need any more misfortune. So bye-bye, bad luck! (tosses tiki charm into garbage can; mysterious music plays) Over it!"
Candace,"""Apparently Giraffe Girl has robbed me."" ""Ferb has been working out."" ""Excuse me; my child can't see the movie over your monstrous giraffe head!"" Oh, I'll show them. I'll show them all."
Candace,"You're so close, Candace! Don't cave now! The Mysterious Force is watching! So as long as you stay cool and casual. (to Mom) Come. Hee hee. Casually this way. MOM! (giggles) Here we go. Just walk with me."
Candace,"You know, universe? If you were going to give me practically unbustable brothers, you could at least have made them not morning people. Yeah, I see ya down there. ""Hey, where's Perry?"""
Candace,"I'm going to the mall! I'll call Stacy. No, wait. Stacy's mad at me. And I'm mad at Stacy! But I can't go by myself. I'll look like a total dork. Okay, I'll just get a new best friend!"
Candace,"(Talking on the phone) …So I said, ""You're not getting me up into the mountains on a day like this"", (She is on the couch with dozens of fans) I'm staying right here, with my beautiful air conditioning. I'm just gonna chillax right through this one."
Candace,Get my brothers to bust themselves? (in realization) Get my brothers to bust themselves. Get my brothers to bust themselves!! Get my brothers to bust themselves!!! Get my brothers to bust themselves!!!
Candace,"Okay, we've gotta split up. Ferb, hide Klimpaloon under your jacket to keep him quiet and I'll lure the guards the other way with my ""Nang nang nang""! Just get him to the awards show!"
Candace,"Imagine, a whole day of hanging with Crash and the band! And, as an added bonus, (She turns a picture of Phineas and Ferb around.) a whole day of not thinking about my goofy brothers. (Gasps) Just me, you and The Bettys! (horn honks) Ahh, they're here!!!"
Candace,"It's not their party, it's my party! And it's not a party, it's an intimate get together. (Shattering) (Gasps) What was that? Put that down, pardon me, use a napkin! What is my science teacher doing here?"
Candace,"Well, no matter, because we're driving this thing home. I'm calling Mom to make sure she's there to see this. (dials phone) You're going too slow! Give me that thing! (takes remote) So, how does this thing work? (presses button, ""I'm Lindana and I Wanna Have Fun!"" plays, presses another button, activating windshield wipers, presses another button, the ATV does a loop)"
Candace,"(as Gary Frank) (laughs) That was funny. Belching. (laughs) It's so, uh... (laughs) Male (laughs) Right, bros? But yeah, maybe we should talk about something like, I don't know, does anyone have any deep thoughts they'd like to share?"
Candace,"(pacing back and forth) There's one thing I don't understand about the lost superpowers. In all the comics I've read, energy can never be destroyed. Only morphed into a different form or contained somehow."
Candace,"You're not getting me into one of those things! I'm not showin' up for my TV debut lookin' like a complete weirdo! (to Stacy) What? I said, ""Complete"". (to the gang) And now, I must leave. My public awaits."
Candace,"Wait. What? No! You guys keep working, I'll narrate the audiobook. (To Isabella) You stay here and help the boys. And not only will I finish recording your book today, I'll do it by four o'clock."
Candace,"Okay, I know you want me to go left, but can't I technically make three rights to make a left? I mean, I know two wrongs don't make a right, but three rights do make a left, right?"
Candace,"(Gasps) Dee Dee? (dials phone) Stacy? Who's Dee Dee? A Swedish exchange student?! I gotta go. Hey, wait for me! Let me through! Let me through! Oh, out of my way! (climbs on a ski lift Vanessa is riding on; grumbling) My brothers are just driving me crazy!"
Candace,"...But then, when I bring Mom into the backyard, it's gone and Mom never sees it. So here's my question, Mr. Supercomputer: How can I get my Mom to see what my brothers have done?"
Candace,"(inhales deeply) Sisters, I know what you're thinking, but rest assured, this new Candace that you see before you will not react like the crazed little girl that crawled in here just this morning."
Candace,"No! Building big, dangerous, bustable things with their imaginations! And also power tools. They even put up flyers. How'd they even get in here? Gotta go! I'll keep ya appraised."
Candace,"So, uh, doin' some shoppin'? I mean, duh! Of course, you're shopping. You've got the items in the little basket thingy. You placed them in there with the intent to— Stop, Candace."
Candace,"Don't worry. I can do both! (grabs a pair of binoculars) I've got a perfect view of them from where I'm sitting. Oh, yeah, that's what I'm talking about. I'm all up in their grill and they don't have a clue!"
Candace,"Omigosh! Cutie Patootie! My long-lost pet rabbit! (Picks up Dennis) Where have you been?! Oh, honey bunny, was Perry bothering you? Poor little fluffy britches patootie pants, let me get you home."
Candace,(Clearly overjoyed) What are you gonna do to them? No TV for a month? Or -- they have to serve me for a year. (gasps) How about confiscating their toolbox? (gasps) I know! Take away their seats on the city council!
Candace,(gasps) Then the boys' invention can't disappear before Mom sees it because she'll be in it! It's fool-proof! Phineas and Ferb will be busted once and for all! (grabs the camera) Can I borrow this? Thanks. (zips away)
Candace,"(nervously) Well, maybe he just wandered off. Doesn't he always wander off at some point in the day? A-And then later, when he comes back, you say, ""Oh, there you are, Perry"", and he says... (mimics Perry's chatter)"
Candace,"(strains and groans) I can't take it anymore!! Mom, I really tried my best to give you a day, but it's… the boys. The boys! They're in the parade! With giant floats! So come on, you gotta bust them. (Grabs her and runs off)"
Candace,"Yeah! You know what? You're right. (Climbs all the way up.) If I could do that, then I should be able to walk across the attic, right? It's being silly. Heck, I don't even remember what I was afraid of."
Candace,"See? That's my point! Stuff's disappearing! and once it goes, nobody remembers it— (Phineas and Ferb get sucked up into another portal) e-ever existed... (inhales sharply) Moooooo- (runs inside to Linda, who is vacuuming the living room) -om! It took them! (hangs on Linda) Like the spoons! (inhales) Mom, Phineas and Ferb are gone!"
Candace,"You know what people take for granted? The sounds of the summer: the way ice crackles in a cold beverage, the bees buzzing on their busy way, the chirping of the summer birds..."
Candace,"(after dialing the phone) Oh, it's busy! I've just gotta win! Clearly I'm their biggest fan. See? (Shows her Betty merchandise) Even my Betty boombox which rests on my Betty bedside table next to my Betty bed runs on Betty batteries! (Plays the boombox)"
Candace,"Right, hard to get. I'll call you back. (Presses button on phone to talk to Jeremy.) Umm, about the car and the ride, I would love to! (Candace screams. Jeremy holds the phone away from his ear as the force of Candace's scream makes his hair blow back.) Wait, I mean, I better check my schedule. (Covers phone and hums victory music to herself). You're in luck. I can just squeeze you in."
Candace,"Bwahahaha, letters to- Oh! Brilliant idea. Let's get together and write letters to Santa, and be very specific, within a reasonable price range. For fun. I'll be over in a bit."
Candace,"Oh, well, let's see. What's different this year than last year? Oh, I know! You went out and got everyone in Danville involved in one of your off-the-cuff, harebrained schemes."
Candace,"So, what do you think I should wear to the fair tonight? I'm thinking my favorite red blouse with my white skirt and red matching socks. (Bowling pins crashing) Stacy, I'm gonna have to call you back."
Candace,"(Talking on phone while sitting in front of her computer) And then I typed LOL, but it came out LOP, and Jeremy thought I meant... (sniffs the air) What's that smell? I'll call you later, Stacy. (Hangs up and looks out window, seeing cheese delivery.) Cheese, huh? That warrants a call to Mom! (Perry flies by on his jet-pack as she begins to dial.) What was that?"
Candace,"(walking towards her bedroom door) This is it, Candace – the last day of summer vacation! Your last chance to bust the (steps on a rollerskate) boooo- (steps on a skateboard and rolls down the stairs) -ooooooo – ugh! (falls off the skateboard and lands in a wagon, starts rolling around the house) Uh! Why do we have this many (pauses as she rolls behind a wall) wheeled objects lying around the house?"
Future Candace,"Now where do I go? More importantly when? I know, I'll set it for a day I know I can bust the boys. Back to the first day of that summer. The day they built the rollercoaster. (disappears)"
Candace,"I'm, like, so looking forward to tonight. A special evening, just the two of us. So, what do you have planned? Horseback riding? I just love horseback riding. Oh, you stopped."
Candace,Yeah I know. Imagine if you had to choose between a blood-thirsty undead walking corpse and a slobbering hairy lupine man-beast for a boyfriend. (camera zooms on Candace) What could possibly be cooler? (shakes hand up knocking down the LIVE BAT from cage - Candace screams)
Candace,"No! Wait! No! Ugh! No, I've been practicing diving, not skateboarding! Ugh. Everyone stop doing things that I'm not good at! (Jeremy falls off his skateboard, launching it to the top of the pool) Oh, this is a nightmare, come on Stacy, let's go-- (Candace steps on Jeremy's skateboard, and begins skating in the pool)"
Candace,"Hm. Well, you can't do nothing forever. And when you stop doing nothing, I'll start doing something, and that something will be busting you! (She goes back inside and slams the door.) Look at them plotting my downfall. (She dials her phone.)"
Candace,"Stacy, I'm so sorry. I'm gonna cancel with Jeremy today. Meet me at the cafe in half an hour and we'll hit the Street Fair afterwards. It'll be just the two of us. I promise."
Candace,"What? Oh, no, no, no, no, no. Can't you guys just find some old nuts and bolts lying around and jerry-rig up some kind of machiney-deely-bob and get us out of this situation?"
Candace,"(still smiling and gesturing) Me too! You wouldn't believe (stops smiling, but still has her eyes wide open) the day I'm having so far! I mean really. Like I could go on. Like I could tell you all about it. I mean there's a lot that happened and there's—"
Candace,"(wearing tennis rackets on her feet as if they were snowshoes) Alright. That should do it. I'll just walk all the way up to the top. Nothing will stand in my way. (falls deep in the snow) Why is it so dark out here? (A horse and sleigh ram her head) Ow! Oh, that hurts! Wait a minute. I got it! (has Buford ride her up the mountain; snickering mischievously)."
Candace,"Mom, Jeremy's on his way over here right now. I've got like 5–10 minutes to get the whole ""Busting-Phineas-and-Ferb"" thing over so I can relax and we can enjoy our Saturday."
Candace,"Uh, actually, it's Candace, but I guess you can call me ""Carl"". There's a zebra that calls me ""Kevin"". Mysterious Force, if this is really you, I need you to show me a sign!"
Candace,"(With a fake British accent) As the fair princess in the tower, I declare Sir Charles the winner of the tournament... (Thinks using her normal voice) Wait a second. Could this be one of those things that backfires horribly on me? (Pauses) Nah."
Candace,"She's talking numbers, kid. Don't get a big head. Okay, mom, now watch what happens when he has to make a choice. (to Baljeet) Baljeet, would you like some grapes, or this chocolate bar?"
Candace,"That is so not true. Who ever heard of something as silly as turning someone to stone...? (Looks at a statue) No, no, it can't be. (Screams) I did it again. Don't look at me! (Screams) I'm a monster! (Screams) Make it stop! (Screams) (She runs off into the distance after seeing all the statues that were already there beforehand.)"
Candace,"Aha! It's crawling with clues out here! Hmm... Look at these circular indentations in the dirt. (She sniffing) And the subtle scent of rubber in the air. By Jove, Stacy! What could it be?"
Candace,"(waving while holding DVDs) Hey, Vanessa! Just came by here to return (realizing it's Candace, Perry lets Doofenshmirtz out of a headlock and hides) your DVDs. Sorry I had them so long, can't say I understand French cinema. I mean, why does that mime keep letting go of balloons?"
Candace,Time to embark on my daily 500-brush-stroke marathon to manageable hair. (She gets zapped.) One...What the—? (Takes out a protractor to measure her hair.) A perfect 40º angle? (smiles) I can't believe it! A perfect hair day! I finally got my PhD!
Candace,"(sarcastically) Mom, if you need me, I'll be outside with Phineas and Ferb. And when you get a break from your French lesson, feel free to pop outside and check out what we're doing, okay?"
Candace-2,"Clam it, wise guy! You know why I'm here and you better cooperate, because there are worse things than sittin' in a cold, dank prison cell with your little choo-choo train."
Candace,"I'm a teenage girl. Nobody has to teach me how to use a cell phone. Now if you'll excuse me, me and little phonsie-wonsie have to make up for lost time. Okay? Yeah, we do."
Candace,"I can't help myself! MOOOOOOOOOM! PHINEAS AND FERB BUILT A RODEO IN THE BACKYARD WITH MECHANICAL BULLS AND BLEACHERS AND IS REALLY DANGEROUS! COME ON, YOU GOTTA BUST THEM! (drags Linda with her)"
Candace,"Come on, Candace, you can do this! What's a couple little spiders compared to the fate of the world? (climbs back down) Oh, who am I kidding?! I need support! (She dials her phone.) Stacy, I really need your help!"
Candace,"Definitely! Definitely. Just, you know, taking it easy, and not being interested in anything the boys may or may not, mayhaps be participating in or thereabouts, casually."
Candace,"Can you believe how hot it is today, Jeremy? Even my dollies are sweating! Not that I play with dolls. I just happen to have a couple on my shelf next to my unicorn. Heh. (slaps her forehead in realization of what she just said)"
Candace,"I am so excited for some solid girl time with you guys tonight! I thought we could enjoy this charcuterie board, then play truth-or-dare, then watch a movie on my laptop!"
Candace,"Huh? What are they up to today? Do they really think they can escape Mom's wrath by hiding in this fun, massive, glorious, autumnal leaf pile? Well, not if I can help it!"
Candace,"Hmmm. The low stakes have definitely been raised. But, as always, it would be pointless to get Mom because, as always, the Mysterious Force would just take this all away."
Candace,"Okay. This is your pile of buildy stuff. This is what you liked to do before you became boring. Now take this. (hands hammer to Ferb) Well? Let's get this thing going! Do your stuff! You, here! (hands a plank and spring to Phineas)"
Candace,"Why, yes. Yes I am. Okay, I'll get this thing started. And then because they're men, they'll want to take over and show me how to do it. Then I'll call Mom and bust them!"
Candace,"(on the phone) Hehehehehehehehehehehehe... This is gonna be awesome, Stace! So when they get home, I'm gonna drag both of them into the backyard and it'll be a busting feeding frenzy!!!"
Candace,"I got nothing. Every day, I wear myself out trying to bust the boys and it always blows up in my face. (throws some milk on a cat) I'm gonna take a day off from exploding face. Today is for me time."
Candace,"So, you're telling me that I could have had fun throughout this entire adventure if I had only stepped off the yellow sidewalk and joined my doofus brothers? Is that it?"
Candace,"Okay, (Scoffs) that's the dumbest thing I- (she dives out of the way as cows rush on board the space ship) Phineas and Ferb, I'm going to count backwards from 10, and when I'm done, you'd better be down here so I can bust you! (The ramp starts retracting) 10… 9… 8… 7… 6…"
Candace,"Uh, I have a confession to make. The only reason I said I liked extreme sports was because I was embarrassed that you caught me buying all that hygiene stuff for myself."
Candace,"(She calls Phineas' phone) Phineas, quick, Mom is in danger! (She screams before hanging up) And the award goes to... Oh, wait, shoot. (She calls him again) On the corner of Fourth Street and Maple Drive! (screams before hanging up again) Beautiful! Now it's all up to The Dangiraffe."
Candace,"Come out to the backyard and see what the boys have made, and I'll be your best friend! I'll only apply to local colleges. I'll put you in the nice senior care facility!"
Candace,"(from inside, chuckles) Oh, Jeremy, I had no idea you felt that way about me. (she is talking to a paper mache Jeremy.) But I still have a lot to accomplish before I get married. (pause) Hold on. (puts candles between it) Much more romantic. (her video phone rings) It's you! (on phone, in dreamy voice) Hello, Jeremyyyy!"
Candace,"Hey, Stace! It's Candace. Where are you? Call me! Hmm. That's weird. Who else can I call? I know! Jenny! I haven't seen her since the boys built a beach in the backyard."
Candace,"Well, if I get Mom to dress up as me, then the Mysterious Force will be fooled into letting what the boys built stay! (gasps) That's it! All I need is some kind of Candace suit!"
Candace,"Come on, come on, come on! Mom! Hurry, hurry, hurry! Wait till you see it! Come on, come on, come on, come on! (The backyard is empty.) Uh, what?!?! Anybody needs me, then I'll be on the couch. (She walks back inside.)"
Candace,"Meh. Still lucky. (gasp) I'll actually be able to bust Phineas and Ferb today! Oh, wait. Mom's at that weekend-long plant-potting retreat. (Her phone rings.) Hi, Mom! The seminar's over already?"
Candace,"(gasps) Phineas and Ferb! That's absolutely beautiful. And absolutely bustable! (returns to the spa) Mom, the boys tied massive circus balloon animals to the ship and we're flying through the sky!"
Candace,"{**Editor's Note:** Until Perry and Candace switch back, this transcript refers Perry in Candace's body as Perry/Candace and Candace in Perry's body as Candace/Perry.}"
Candace,"Yeah, go ahead. Eat all you want. My dreams are smashed to pieces, and all you can think of is food! Well, just remember, Gaston said I'll always be his Cou de Crayon."
Candace,"Can't gab, Stace. I'm in the middle of taking the minutes of everything my brothers do to give itemized documentation to Mom proving that the boys were building today!"
Candace,"Ugh! Barf-aroni with cheese! Stacy, please. Phineas and Ferb are doing something totally bustable that's also mobile. We can lure them right to Mom to bust themselves."
Candace,"Right, stay focused. (Meap next pulls out a picture of the space station) They're in a giant spaceship. But how are we supposed to get up there and save them? (Meap grabs the baseball launcher, and shoots a baseball into the sky) Oh! I get it. Duh. You're trying to tell me something. (Pause) What?"
Candace,"Blah blah blah blah blah, you could disappear forever and so could every memory of your existence. So here's the part you need to pay attention to! Are you listening?"
Candace,"Alright, guys, it's do or die time. This is the chance to really show your stuff, cuz there's no way you're gonna lose to a couple of lame-os and their loser sister!!"
Candace,"Could it really be possible? Could Phineas and Ferb actually be doing nothing? You're right, Mom. I should just try and relax until Stacy picks me up for the concert."
Candace-2,Busting my brothers? I've spent every day of my life trying to protect my little brothers. I had to grow up pretty quick around here to make sure they didn't have to.
Candace,"Oh, who can say really? But, you know, sometimes, we do naughty things without ever having any idea they're naughty. Sometimes we do an entire summer's worth of them. (glares at Phineas)"
Candace,"Jeremy? (at the robot) Thank you. (at Jeremy) Jeremy! Oh, it's so good to talk to you. No, I'm so sorry about that. I was just on the top of a tree, and I didn't have any service. And then I..."
Candace-2,"This is just beautiful. I decide to do the right thing, and I end up in a cell. (she looks out the barred window) Well, at least my brothers are safe... (she lays on the cot and bounces the ball) What lesson am I supposed to be learning here?"
Candace,"Come on, come on! Yes! Mom's coming! (Linda is shown running towards the house.) I just wanna remember this moment. Relish it. Revel in it. Bask in the sunlight of pure, busting bliss! (gleefully pulls on her hair; hears the Baby-Cry-inator's wail; lets go her hair.) What is all that racket?"
Candace,"Okay, Stacy. Let's get busy. I have a city to run. (walks out the door) The task force recruits are looking pretty good. Wait a minute. New law: I'm the only one who can wear that color!"
Candace,"Yeah, well I'm all done with outer space. Never again! I'll stick with Earth, where I'm the one in charge of busting people who do stuff they're not supposed to do."
Candace,"Standing around, dorking it up, boring. There's just too much for one person to do. If only there were two of me, one to bust my brothers and one to be with Jeremy."
Candace,"No problem, Stacy. I mean, I am a little disappointed that I'll miss out on busting my brothers today, but at least I get to serve food to a room full of strangers."
Candace,"Yes...I...am. (clap clap) Bring me a glass of water (Guiserblint produces a glass) and a cracker. (A woman behind her gets a cracker.) Okay, bring me an x-ray of a kangaroo with three legs. (Guiserblint shows the X-ray, while another man holds up three mannequin legs) No, no, the kangaroo has three legs. (Another man shows the x-ray of the kangaroo with three legs) Ah! There you go."
Candace,"(sighs) Feels like I don't exist anymore, like I'm a nobody. (Sighs) I wish I could go to some cool faraway place and start over. Wait a minute. Those are Phineas and Ferb's bikes!"
Candace,"The feeling that the, uh, bust is a-brewin'. Phones down! I need you to take this seriously, Mother! Now raise your right hand. You're gonna take the Busting Oath."
Candace,"All right! Let's blow this pop stand! (pauses) What? (another pause) Oh, fine. (at Lion-Tiger-Bear Guy (Buford)) My friends and I are going to Bustopolis to each get something from the Wizard. Do you want to come? There!"
Candace,"Okay. (to Buford) I can't watch because it'll compromise the experiment. But if you go out there and the Mysterious Force thinks you're Mom, the pogo stick shouldn't be there."
Candace,"(does a spit take and gasps) I've got an idea! My brothers are probably building something in our backyard right now, and we can use the surveillance satellite to catch them doing it! (runs off) Come on!"
Candace,"(hangs up) Well, she's no help. I'm gonna have to do this myself. (climbs back up) It's just you and me, attic. You and me... (climbs back down) and about TEN HUNDRED GAZILLION SPIDERS!! OH, I CAN'T DO THIS!!!"
Candace,"Wait, no, mom! Grrrrr! The one time it actually could've worked! But no, they had to be boring! And we had to build a stupid, worthless, ridiculous... (steps on the object which is actually a rocket and she flies around) AAAAAAHHH!!"
Candace,"The ""Brawl at the Mall""? (She goes outside to the parking lot where Phineas and Ferb are making a boxing ring) What do you two think you're doing? You can't just go building a boxing ring out here in the mall parking lot! I'm telling Mom right now! (On her way, she takes another picture of Jeremy; Back at the Squat 'n Stitch, Linda's trio's gig is still in session)"
Candace,"NO! Nononono! You don't know what you're going to do today. They're going to build some sort of wedding rocket to the moon, or lawn gnome beach party of taffeta!"
Candace,"(Screams) Oh, help somebody! Oh, get it off me! These are designer jeans! (She sees Suzy near the sprinkler handle) Wait, what are you doing? (She turns the handle turning on the sprinklers and getting Candace wet and her hair soggy. She screams) No, no! Ah! My hair! Help! No-- (She falls in the mud) Huh? (Suzy laughs maniacally as she makes her toy truck spray mud all over Candace’s face and hair) Ahh! Why are you doing this to me?"
Candace,"Oh, hi, Mom, how are you? Oh, that's neat. I was wondering if you'd care to come home at your leisure, if that's convenient for you. Or not. Y'know, totes chill."
Candace-2,"Don't worry. (She gives Monogram-2 her Bo staff.) If you ever get in a pinch, you know where to find me. Now if you'll excuse me, there's something I've been putting off that I need to take care of."
Candace,"The logical explanation IS the mysterious force. The real question is, why does it care so much about my little brothers? Why doesn't it want them to get busted?"
Candace,"Oh, pffft, it's not that. I mean, they did build something, but it's long gone already. No, I just had a question, what did you say I had to do for chores today?"
Candace,"It's really perfect! (The beam hits Candace.) I'm glad Mom's gone for the day 'cause my biggest fear is that this is just gonna fly away before Jeremy gets here. (car horn honks, Candace gasps) And there he is! (runs off) Woohoo!"
Candace,"Ow! Hey, watch it, brats! (Cut to her approaching a couple of kids burying their friend in the sand.) No! You're supposed to bury everything except the head! Hey, no! We do not drink the lake water! (Cut to two kids holding cups. Wide shot to reveal an older man sipping the water through a drinking straw.) That goes for your children, too, sir!"
Candace,"(after opening the door to the garage) Listen up! Jeremy will be here any second and I wanna tell you... (notices Isabella's sandwich) Ooh, grilled cheese, my favorite. Might as well eat now, so I don't look like a pig on my date."
Candace,"Okay, maybe they're acting up today. Ugh, I should've known better. I'll have to call you back, Stacy. A little Buford's telling me the boys are up to something."
Candace,"Mom mom mom! Come with me. Phineas and Ferb created a new language and everybody's speaking it, and now we can't understand anybody! Watch this! What time is it?"
Candace,"It's just like the Trojan horse from history class. They'll accept this as a gift, then after everyone falls asleep, we'll jump out and rescue Phineas and Ferb."
Candace,"Phineas and Ferb built this portal to Mars and I went through it and was crowned queen of the Martians. Now I know it sounds crazy, but this time, I have proof."
Candace,"They're right, I could lose. But I can't give up now! I'm the queen of Skiddley Whiffers. And I'm not gonna let anything break my streak. NOW TOSS ME THAT DICE!"
Candace,"Come on, Irving. (plugs her phone into the wall, switching the video feed to show Phineas and Ferb's ball) Yes! Everyone, can I have your attention please? (everyone turns to face Candace) My brothers and their friends will be dropping from outer space in that giant New Year's ball."
Candace,"Wait! No mom, you can't! (Linda turns off the phone.) Oh, wait, wait! Uhh... (at Jeremy) Stay right there! (runs off) I've got to stop her! (Looks out the backyard gate) Oh, no, no, no, no... (Linda arrives) Mom, Mom, pleeaaasee, Mom! Go away! Don't come in!"
Candace,"(Echoing) Um, hello? Phineas? Ferb? You two are in big trouble? (Door slams, Wind blowing) (Candace runs and tries to open the door but it’s locked) Okay, you guys, stop fooling around. You guys better come out now. I'm getting really mad. (Skeleton cracking)(Candace turns around) What was that?! (She then turns back around and sees a monster and screams, she then runs off into the haunted house. the monster takes its head off to reveal Milly, Ginger, and Gretchen)"
Candace,"I'm always here. It's Mom who's never here to see the boys. Wait! Their stuff only disappears when Mom comes out to see it. It's okay with me seeing it, right?"
Candace,"Phineas and Ferb made a dangerous...thing in the backyard, in the dark. Oh this stupid fence! Why do we have this stupid fence here? Dad, tear down this fence!"
Candace,"Stacy, what if while I'm asking him, a satellite falls out of orbit and crashes into the— Wait a minute, what is going on out there? I'll call you back, Stacy."
Candace,"Easter Island? Who makes an app that sends people to Easter Island? (a bird grabs her cell phone) Hey, come back here! I need that to get home! (runs over a cliff and screams, then catches the edge of it) Oh, that was close. Talk about a cliffhanger."
Candace,"(sighs) I guess it's too much to expect some magic answer to all my problems. (breaks cookie) Let's see. ""Somebody close to you will take a trip."" Boy, I hope they take me with them."
Candace,"(to the boys, whispers) Guys, it's me, Candace. We've come to bust you out of here. Now's our chance. (shouts) RUN! (to Sergeant) Just testing. Wow, you've done a great job of turning them into, uh...that."
Candace,"You should see the models in these spreads. So indifferent. So uninterested. So cool! (puts magazine back on rack) I wonder if you and I will ever be this cool. What are you doing, Stacy?"
Candace,"I'm just gonna go for a walk. (A group of Martians points to a Mars Rover) Uh...uh...guys, not now, okay? (more Martians surrounds her) No no, really, I would just like to got for a walk alone. (Groaning) (At Phineas and Ferb) There you are! Where've you guys been?"
Candace,"(dreamy voice) Yeeeaaahhh... (needle scratch) Huh? Uh -- wait -- what did you say? Jeremy? No! Jeremy! (to the paper mache) I'll be right back. (runs out to the living room, panicking) Mom! Mom!  Moooom! Jeremy's dropping off his little sister and I --"
Candace,(gasp) This is Jeremy's house! And there's Jeremy! At last! A silver lining! I can find out where we're goin' tonight! A girl's gotta know what a girl's gotta wear.
Candace,"A real Bigfoot? Oh, give it a rest, Phineas! Everyone knows there's no such thing as a real- (sees Bigfoot behind her. The monster roars.) Oh, fine. What's this one made of? Popsicle sticks and glitter?"
Candace,"Or maybe it's his secret inner thoughts written as a sonnet. No, no, no, no, that's not it! I gotta think more like my brothers. Y'know, use my imagination."
Candace,"(growls, gets out of bed, and shouts out the window) And I know what I'm gonna do today! Bust you guys once and for all! Do your worst or your— you know, just make it (starts feeling the familiarity of the conversation) big and... bustable, so I can show... Mom."
Candace,"(singsong) Hey Mom?! I want to show you something! (normal voice, looks back) Yep, I'm one step ahead of you boys, one step. What the heck is this thing!? (presses antenna, shrinks) (Gasps) I'm shrunk! (Crashing noise as the shrinking machine falls next to her) Where's the reverse button?"
Candace,"Phineas, all summer long, you build the most amazing things and the one time I reach out to you as a sister, the one time I count on you, you give me this?"
Candace,"Save the camera, save-save the cam-- Save the camera. Save the camera, save the camera, save the camera. (Notices bike) Save the camera, save the camera, save the camera!"
Candace,"(in her bedroom; on video phone) I'm totally sunk, Stace! I've been working on Jeremy's birthday present for months, but it's not even close to being as good as I want it to be. (Cut to reveal she's working on a popup book showing their first kiss.) Ugh! Lame!"
Candace,"then I can only continue my benign reign and spread love, happiness and ultimate popularity throughout my kingdom! If you would just let me have my moment!"
Candace,"Mom'll be here any minute. (She runs back toward the backyard door.) I can do it all! I'm a multitasking master! Ugh. Actually, I think this multitasking thing is overrated. (sits on the couch) It's too many taskings."
Candace,"You guys are making such a racket that I can't focus. And I need time to fix my hair. 'Cause when Jeremy gets here, I don't wanna be wearing this stupid..."
Candace,"Jeremy? Jeremy? Oh, what a beautiful tiara... neck, uh, broach... hmm... bracelet! (gasps) Oh, it's absolutely beautiful! (flings it into the sewer) Whoops! No! No! No! No! (reaches for the object) Almost got it... (water rushes in and carries the object away)"
Candace,"Stacy, this is amazing! I'm at an actual party with cool older girls! They know everything! They're so AHHHH! They're awesome! You've gotta get over here."
Candace,"Build a haunted house, my foot! (Phone dialing) They're so busted. Yes, hello. This is an emergency. I'd like to speak with Linda Flynn. To whom am I presently speaking?"
Candace,"(Wearing fish glasses) They're not getting away with this. I know what I'm getting. I'm gonna get this disposable camera, and then I'll finally have proof, and I can bust them!"
Candace,"Jeremy, don't worry, I promise I'll explain everything later, but right now you've gotta get out of here. (pushes him away) I'll call you later...I mean, tomorrow. Phew..."
Candace,"(From her window) Ah, look at them out there. What are they up to? Ah, it looks like Phineas is saying ""Where's Perry?"" Huh. Where do you think Perry goes everyday, Stace?"
Candace,Phineas and Ferb!!! Why do you always build these things??! It's impossible to bust you for everything!!! It's not my job!!! Not my job!!! (realizes) ...Not my job?
Candace,"(desperate) It's a good thing I play the balalaika! (Balalaika disappears) It's a good thing I play the bagpipe! (Bagpipe disappears, verge of crying I should've manned the omelet station!"
Candace,"What?!! No-no-no-no-no, where's the Eiffel Tower? (runs up to them and feels around) Oh, wait. I've seen this, it's invisible! I've just got to find it! (Cuts to a bored Linda and the surprised mothers, she continues offscreen.) It has to be around here somewhere!"
Candace,Do I look like someone who wants their moleculars transported? Now get that stinky pet out of our cabinets and go scramble your molecules somewhere else!
Candace,"Oh, I have got to take a new picture of myself for my blog. I didn't realize mine is already a week old. (She takes a selfie; her new selfie is exactly the same as her old one.) That's better. (She walks off, but snaps back to the garage entrance as she notices the boys working on the car.) What are you doing to Mom's car?!"
Candace,"(giggling) Well, Phineas, what do you think? Wait. Before you say anything, look at these photos. I stalked ""Ferb"" all day. (shows Phineas some photos) See? Proof positive. Ferb...is an alien."
Candace,"I mean it usually disappears as soon as the kids are done playing on it-- (Gets an idea) Oop! Wait a minute, that's it! (At the gang) You guys gotta play on it! Go! Go have fun! Go!"
Candace,That was a fake! I only did it to get into a concert! If it wasn't for Isabella and my brothers I never could have done it. (Melissa gasps in shock) Now will you please save me?
Candace,"I know. I've done this nineteen other times. (with her eyes closed) But this time, I can say with the utmost confidence that there are Phineas and Ferb robots in our backyard!"
Candace,(as Gary Frank) You didn't. But your girlfriend did. Yeah that's some girlfriend you've got there. I'd say you're the luckiest man alive to have a girlfriend like that.
Candace,"Yeah, yeah, yeah. I don't care about any of that! I lost the gift Jeremy made for me, and you guys have to make an exact duplicate before he comes over!"
Candace,"No, I know I did all 50 and I made sure to plant the markers and everything! (She holds up the marker that she forgot to place at DEI.) Huh? Looks like I forgot one. I'll just run back before it's five o'clock! (She starts to leave, but the clock chimes 5:00, meaning time's up.)"
Candace,"Oh, Vanessa, you're you! Everyone's talking in weird accents. My brothers are scheming to take over, I think, (imitating Doof) ""the entire Tri-State Area"" (normal voice) with inators!"
Candace,"Okay? Mom, I feel great! What Dr. Shamai went through just once completely broke him! I go through that every day! (gasps) And look at me! I'm doing just fine!"
Candace,"Puh-leese. Trick-or-Treating is for kids. I'm like, way more mature than that. I'm walking with you until we get to Jeremy's, and then I am outta here."
Candace,"And, ew! Look at this. ""Baljeet's summer wig. Store at room temperature""? (notices a nearby billboard) Huh? The Morty Williams Show? Wait a second. I've got a plan. It's foolproof."
Candace,"Gangway, on your right. One side, coming through. (trips over Perry) (at Phineas) Aaaah! How many times have I told you to keep Perry out of my way when I'm balancing eggs on a spoon?"
Candace,"Well, Candace, you're at a Bango-Ru-themed birthday party for a little girl who despises you. I just hope no one objects to a giraffe marrying a lemur."
Candace,"Well it kind of had this bolty screw thing going on, and this wrapped wire like... Oh, I know what it looks like, but I don't know how to describe it!"
Candace,"Bzzzzz! Bzzzzz! Mom! It's me! Mom!!! You need to bust the boys and get them to turn me back into me before Jeremy gets back here! (wide shot as Candace realizes she's in the car with Linda, who starts the ignition) What?! (She flies in place but not before smashing into the window) Help meeeeee!"
Candace,"Uhh! Mom, come home quick! There's a giant mob, I'm a super fiend, I'm roasting them with laser vision, and - Hey, what do you mean, ""Psychotic rant""?"
Candace,Ugh! I guess we'll just have to get him on the next level. (looks at detergent) Did I put the..? (shrugs) Hmm. (puts in the last of the detergent) Better clean than dirty. (Closes the lid and turns the washing machine on.) I'm one totally focused multitasking genius!
Candace,"So if Phineas and Ferb are up to something bust-worthy, and I am, as you say... (squeezes Linda's cheeks) ""In charge"", I have free reign to call you as many times as necessary?"
Candace,"Aw, man. (takes out more cash) Okay, okay, paying customer here. (suppressed burp, to Jeremy) Hit me with another chili dog, but hold the onions. Anyway, as I was saying, how nice to be taking a break?"
Candace,"I promise I won't break this promise. See ya in a bit! (hangs up) Now, to call Jeremy. Wait, why call him, when I can tell him I can't see him today...in person? (runs off to do so)"
Candace,"(talking loudly) Okay, I get it. Lesson learned. Toddlers aren't easy! The irony is not lost in me! Little help here? (to the camera) This had better wear off before the next episode."
Candace,"Oh, no! No, no, no, no, no! You can't just tear up the town with your chariots and expect to get away with it! When Mom and Dad find out about this..."
Candace,"Ech! No. You stay here. Nobody move. If we leave, this thing'll disappear. She'll be out here in two minutes, with her bird watching group. I'll wait."
Candace,Really? You're letting complete strangers in? I'm the owners' sister. I demand to be let in right now! I'm supposed to be having the time of my life!
Candace,"Grrrr! Don't you realize I have a very important party to go to?! If you're going to all this trouble, you could have built us a bridge back to town!"
Candace,"And I am absolutely 100% positive that I have to bust my brothers! I can see it in your eyes! You know I'm right! Sisters, will we bust our brothers?"
Candace,"(sleeping next to a framed photo of her boyfrined; yawns) Good morning, Jeremy. (fake boy voice) Good morning, gorgeous. (normal voice) Oh, Jer! (Candace giggles and rubs a framed photo of herself against the Jeremy photo, making kissing sounds. She is soon alerted to power tools whirring and thumping) I'll be right back, Jeremy. (she looks out of the window) What's going on? (Ferb has just set up the tent) A circus? Can't they give me a break for one day?"
Candace,"What did I tell you? Weird. Now, let the professional handle this before it gets out of hand. Why don't you make your own gelatin and leave us alone?"
Candace,"Some sort of silly game. As a lady, I'm not terribly interested in such foolishness. I'm much more interested in curtsying and other dainty pursuits."
Candace,"Wait! Don't go! I haven't had fun yet! (Starts spinning around in the pink portal from before) Hey, what's happening? No! No! I'm waking up! I don't want to! This isn't fair! I didn't have any fun! No! No!"
Candace,"No! It'll be too late! The stores will all be closed! And by ""stores"" I mean ""the post office"", and ""by buying a gift"", I mean ""mailing the letters""."
Candace,"Don't you remember anything from orientation? Rebels are cruel, heartless sub-humans who are messing up the galaxy! And I am all about law and order."
Candace,"I'm training for this year's father daughter picnic competition. And I'd really like to win for a change. Dad, c'mon! We're not finished practicing!"
Candace,"(on the phone) Yes, Stacy. They're building something out there. But I decided the problem is I always jump the gun. So I'm gonna wait 'til just the right moment--"
Candace,"Seriously, a platypus crosses the Atlantic Ocean, finds you on the vast continent of Africa and no one feels this is worthy of a longer discussion?"
Candace,"What? And let you fall? You may be a pain, but you are my brother. (She and Phineas hug) Besides, I still have that big rocket for evidence. What happened to the rocket? (Rocket explodes)"
Candace,We gotta do something! We need fuel! Wait! I have an idea that just might work. And don't think I don't know what you're up to. I'll be right back.
Candace,"Yeah, great. Hey, wait! There's nowhere to have a rollerskating derby, remember? The old derby track got torn down and turned into a tattoo parlor!"
Candace,"(Blocking her view of the parade with her menu) Remember the Pharaoh's Curse...! (gets an idea) Wait! It doesn't count if she sees them herself! (to Linda) Hey mom, I bet you can't turn your head 180 degrees like an owl."
Candace,"Okay, what else? Ah! (She walks up to a couple drinking outside a French café. She takes the man's mug.) 'Scuse. Hot cocoa! (Snaps the mug and sips.) Not bad, although Jeremy prefers it with a little more cinnamon. (Walks away.) I gotta make a note of that for the boys."
Candace,"Ha! I beg to differ. Yes, they're both obnoxious, but my brothers' stuff has a sprinkling of awesomeness...which makes it that much more annoying!"
Candace,(From atop of the diving board; clears throat) There's been a lot of talk around here about diving and snakes and diving with snakes and snakes into pools filled with piranha and sulfuric acid—
Candace,"You guys are SOOOO busted! I'm calling Mom right now. (realizes) Oh, no. I don't have the phone! (car honks) That's Mom! When she finds out I lost it, my life is ruined!"
Candace,"I just got mine too. He's a cross between a cow and a frog. I'm calling him ""Señor Frowg"". He's gonna be the cutest thing, you're just going to..."
Candace,"Well, all summer I've been stressing about busting my brothers, but after your speech this morning I just gave up. And now I'm much more relaxed."
Candace,"Well, I'll probably try to bust you guys... again! And fail... again! And add another link on my summer-long chain of disappointment and regrets."
Candace,"Wait a minute. (smiles) The photo transporter! All I have to do is put my mom's photo in the machine, then she'll be transported right to the boys! Right?"
Candace,"I think cheerleaders are overrated anyway. I mean, being gorgeous and popular? Does that matter in the real world--? (Her room goes dark due to the snow blocking her window.) What is going on out there?!"
Candace,"(growls, gets out of bed, and shouts out the window) And I know what I'm gonna do today! Bust you guys once and for all! Do your worst or your best. Just make it big and bustable, so I can show Mom!"
Candace,"(looking at Ferb's outfit in the gift shop) Why is it every store sells this outfit? (notices the balloons) Mom, mom! Look what Phineas and Ferb are doing! Come quick! (points at the outfits and the head-shaped balloons behind them) Look, look! Right there! You see?! You see?!"
Candace,"(Falls backward and screams as the car disintegrates) This is a car, mom! It just needs to...uh...uh...uh...see? (puts a clump of the Nano-bots in her hand) Vroom vroom! Okay. I'll admit, this does make me look a little bit...you know...crazy."
Candace,"Actually, I think I could use that. And I'm gonna take all of these as backups because you know something's gonna go wrong. (opens a door) Got any more in here?"
Candace,"Must...get...tickets... (Cut to shot of the computer. Candace is typing www on the address bar, but her finger stays on the ""w"" key. Cut to reveal her face lying on the keyboard.) Zzzzzzzzzzzz... (She takes her head out of the keyboard to reveal many keys in her face. They pop out to the music of ""Shave and a haircut, two bits"". She spits two keys out of her mouth.) Oh, still not on sale! (A crash is heard) What the?! (Candace opens the window and sticks her head outside.; to the boys in the backyard with some pieces of their latest big idea in their hands.) Hey, isn't it a bit early to start building another crazy contraption?!"
Candace,Yes! Maybe I can finally bust the boys once and for all if I use Holmes' method of deduction! Come on. This will be fun! You could be Dr. Watson.
Candace,"Ahem. Citizens of Danville, it is now time for your princess....me....to start the Running of the Chinchillas! I now summon my tuber troubadour!"
Candace,"See, Mom?! See, see?! (Sees nothing on the counter) WHAT?!! But it was right here!!! I swear there was this machine...and we were tiny...but then we got bigger... (rest is under) and, and..."
Candace,"Here and here. And listen to this: (She plays a tape recorder which produces no sound.) See? That is an entirely different silence than the Ferb silence we're used to. Here, I'll play it backwards. (She reverses the tape; no sound comes out.)"
Candace,"(from inside) Yoo-hoo! Sir Charles! (cut to her) They can't even hear me up here. (She yells) Yo, Chuck! (Growls) What is going on down there? (She attempts to open the door, but only manages to pull the handle off) Oh, come on! Hey, guys! I am locked in the tower!"
Candace,"You know, I can't really leave right now, I mean, clearly, I'm gonna have some serious busting to do around here, and you understand, don't you?"
Candace,"What? (she sees her mother walking by the wreckage) Is that Mom? You know I love you guys and I'm super glad we made up, but would you look at this place? Sorry, but you are SO BUSTED!! Mom! (And there she goes again.)"
Candace,"You know, Mrs. Garcia-Shapiro, every time I try to show my mom something, it disappears and she thinks I'm crazy. What do you think I should do?"
Candace,"This is so cool! I should call Jeremy and tell him. (looks at cell phone) Oh, there's no service in here. Nice. (at three of the ants) You there! Make there be cell service for your queen!"
Candace,"(talking fast) Anyway, when I try to bust them, everything will just magically disappear. Always happens. you'll see. Well, you won't see. I'll see, trust me."
Candace,"(runs into the backyard) Ha! You guys are sooooo busted! (sees the gorge) Look at this, it's even better than I thought! There's no way you're gonna get out of this one! (runs off) Oh, Mom? Mom?!!"
Candace,"(in her room) Okay, Stacy. We've got about ten minutes until Jeremy's party, so you've gotta help me decide. (Pulls out two swimsuits, only very slightly different colors) Should I go with this swimsuit or this swimsuit?"
Candace,"(Downstairs; carrying a glass of water) Ugh, no more peach and pumpernickel sandwiches before bed. (Candace trips over Agent P, she looks back) You! (Perry, back in his pet mode, chatters. She picks him up and puts him outside) For an animal that doesn't do much, you sure know how to make a mess of things!"
Candace,"Just take your time, it's not like the earth is gonna open up and s-wallow it, (chuckles, tosses pie in the air) not today! (splat!) Oof. (gasps) Oh no! That means... (runs into the house) MOOOOM!!! MOM MOM MOM MOM!"
Candace,"(as Gary Frank) So, what you're telling me is that what you say is exactly what you mean? Like nothing more, nothing less, you say it, you mean it, that's it."
Candace,"Yeah, I mean, it's cool. I got this, though. Jeremy and I are working on his Perry film project. Also, the boys have a project you should see."
Candace,"(Walking out the front door) Hello, ladies! (Runs up to them, pushes Linda) Come on, come on, moms! (She drags Biffany offscreen, Mrs. Tjinder and Mrs. Du Bois follow.) I can't wait to see the looks on your faces when you see the spectacle that's in the backyard, come on!"
Candace,"Uh, F.R.E.E.P.O., uh, Frequent Rampages Encourages Enormous Perpendicular Octagons. Uh, Free Raccoons Enter Existential Plastic Origami. Oh..."
Young Candace,"(on video) First on the list, invent an ice cream flavor, win a first-grade spelling bee, ride a unicorn. Tho if you're watching, Future Candathe, don't—"
Candace,"Ugh, you've got to be kidding me! Jeremy will be heartbroken when he finds out I lost my gift! (Gasps) Phineas and Ferb! (runs into the backyard) Hey. What are you guys doing?"
Candace,"The café, movie theater...it just all seems so...so ordinary. I just gotta find something cool to do to get me outta my rut. Wanna come along?"
Candace,"Brother, these Harbor Days festivals are so lame. I can't wait to see this year's lame-o replica of the great white shark of Danville Harbor!"
Candace,"(Sobs to Mom via phone) So I can never be perfect! No matter what I do, I'll always be two inches too ugly! I need a sudden growth spurt in the next fifteen minutes."
Candace,"Thanks, Buford. (Gives him a treat) Now all I need to do is find my Jeremy. Oh no! He's talking to Dee Dee! I gotta put a stop to this! Oh, Jeremy! (slips on the ice) Wait! Jeremy!"
Future Candace,"It IS them! I bet they traveled here from the past. (climbs up the tree) Awww, look how cute and... BUSTABLE they look. Wait, isn't this just a digital tree? (falls down) AAH!"
Candace,"You don't have to be Sherlock Holmes to—Ooh! Stacy, that's it! Who did we stay up all night learning about? (she hakes her) Who is the total king of busting?"
Candace,"Well, that's because they build something everyday. Seems like every time I get Mom and I'm ready to bust, their stupid invention disappears."
Candace,"...and catch two leaves between two pieces of wax paper, and choose matching backpacks, and sharpen a hatchet, (opening the gate) and we'll live on nothing but—"
Candace,"Preparing to relax. (walks out of the hotel) Boy, do I need this.... Ugh, why are there so many people here? Wait! Wait! One last chair! (Leaps onto the chair...before getting sat on by the guy who WAS going to sit there) Excuse me! I was here first!"
Candace,"Telegraph? Uggh! Good thing I went to that Morse code camp three summers in a row. (A now seemingly tiny Candace jumps onto the telegraph.) ""Boys built old-timey town. No building codes. Get home."" (laughs)"
Candace,"Well, I would have super mind control and use telepathy and telekinesis to keep you super-dweebs under control with your lame-o superpowers."
Candace,"Sorry, Jeremy, I got distracted. I know. Let's up the production value. Come here, Perry, it's showtime! (pours the food into the dish) I got this multitasking thing down. (She looks out the window, but the food falls onto the floor, missing the dish. The Perry-bot dives into the food.)"
Candace,Can you believe this? Making us ride the bus pod? (Buford is looking in the bag when he realizes something.) They better give us a Rebel-fighting job this time and not just running some more errands.
Candace,"Now, as I was saying before I was so lamely interrupted, I'm going to show everybody a real dare-devil dive. (The Beam from Doofenshmirtz's -inator hits the pool, evaporating it) Oh, well that's just not fair!"
Candace,"Oh, Jeremy. You weren't gonna let me down. I just wanted you to come out with me and have a good time! And you know, dance 'til we're sick!"
Candace,You mean that really cute one with the polka dots? (goes out on her bike) I know what she wants. Cute little sundress. Cute little sundress. Cute little sundress.
Candace,"(walking around town) Perry? Perry the Platypus! Huh? (notices a tail sticking around a nearby corner.) Perry! Get over here. (runs over and pulls on the tail) You're coming home with me so I won't get in trouble with the… (A woman taps her on the shoulder and Candace sees it's not Perry or a platypus, but a beaver she was pulling.) You have a pet beaver?"
Candace,"(throwing things at the window) Mom. Mom. Mom. I may as well try that dumb remote. (uses the remote several times) Oh, yeah, I'm free as a bird. (tosses the remote away; narrows eyes then grabs the box) Okay, what else? Oh, yeah, this thing and this. Big whoop."
Candace,"(Sighs) What am I gonna do, Stace? Jeremy wants to spend time with me, but the best thing I could come up with is the mall! That's how boring I am!"
Candace,"Mom, Phineas and Ferb are building a huge glass and sand thing in the yard, it looks like a giant ant farm, but I don't know what it does!"
Candace,"(nervous chuckle as she pulls on her shirt collar) Yeah, that's a puzzler. But you know that old saying: ""Never question the source of a...temporal time...space...loop thingy.""  Heh heh. Eh."
Candace,"Oh, did you, now? Well, if I didn't have to haul water, sweep the barn, collect eggs, spin a quilt, and do whatever this is, I'd tell mom. (She walks off)"
Candace,"Of course, it had to be wild parsnips. Allergy pills, allergy pills. Aha! Quick! Before my voice goes through the reaction. (She finds there are no pills left. She now has in a deep, manly voice) Noooooooooooo!"
Candace,"Dr. Shamai, you said to call when it's happening. It's happening! The Mysterious Force just zapped the boys' invention and it disappeared!"
Candace,"And that concludes my dissertation on modern investigative techniques for establishing proof of guilt, with or without physical evidence."
Candace,"Oh, sure. From way back. It started 'cause I had to do a lot of research to get up to speed for the Ducky Momo superhero crossover event."
Candace,"You go, girl! I haven't seen the boys building anything, so it's pretty chill here. But I feel kinda unfulfilled not having to bust them."
Candace,"Okay, Mom, I've gotta get to Stacy's! Love ya! Bye! Oop! (sees the device) Mom Mom! Mom!! C'mere! Look what Phineas and Ferb made in the front yard! Quick!"
Candace,"Exactly! And with infallible fortune cookie guidance, I can accomplish that easily. (breaks cookie) Watch. ""If something seems fishy, maybe it's a fish!"""
Candace,"Let me see that. (She snatches Ferb's clipboard) What is this? Number one was write letters to Santa. What, did you start this To-Do list when you were three years old?!"
Candace,"Hey, what's this? Pineapple scented serenity lotion with SPF. ""Apply and feel instantly serene"". (to Linda) Mom! I totally need the serenity lotion!"
Future Candace,"Yes, that's the one you fix later this summer when we go to the museum. It's the one I took back from the future but now it's destroyed."
Candace,"Why you gotta be all like that? I mean, this is serious! I can't even get down to the radio station to pick up the backstage passes and…"
Candace,"Oh, my gosh! Aren't you the cutest thing ever? (Her eyes turn into hearts) Aw, you're so adorable! I could just eat you up. Not literally, but you know what I mean."
Candace,"Alright. But! No trampolines, no robots, no rollercoasters, no firework spectaculars, no native dancers, no running of the wildebeests--"
Candace,"(Giggles) Bye, Jeremy! (She hangs up) Ghee! It's perfect! I'll dress up like a cavewoman, and Jeremy and I will be all matchy, and it'll be like we're on a date! (She laughs excitedly, throwing clothes)"
Candace,"Aaanyway, as soon as we're done finding this little crocodile, it's straight to Mom with the evidence! (to her brothers) Come on! Move it move it move it!"
Candace,"You got it! Assistant/producer/girlfriend at your service! (she puts Perry back in his bed) All right, Perry, stay put. Don't do much. Y'know, like you usually don't do."
Candace,"(offscreen) And look! (Runs up) Here are Buford and Baljeet, your sons being bad! (Stretches Ferb's head) They're in disguises! Uh, really good disguises! (Grunts while stretching Phineas' head, chuckles deadpanned) It'll come off in a second."
Candace,"Ping pong, huh? III bet. I'll just stay right here until the inevitable weirdness happens. Aaany minute now. Alright, so where's Perry?"
Candace,"Eee... (Cell phone rings) just one second. [the following phone conversation is between Candace at the Beach and the shocked Linda in the car.] (dreamily, on phone) Hellooooo?"
Candace,"(talking to Stacy on the phone) I think you're right Stacy, the ocean would be a lot deeper without all those sponges. (Candace hears noises outside) What is that noise? It is driving me crazy! Aha!"
Candace,"Ah, Glosstacular lipstick! Now I can blow up a bounce house and my lips would still be shiny! (She starts to put on lipstick, but Buford zips past her, ruining it and her hair. She smooths it out.) I bet Phineas and Ferb are behind this..."
Candace,"New law: today is ""Free Clothing For The Mayor Day""! I'll take that! And I'll take that! And I'll take that! And I'll take that! And..."
Candace,"Look, apparently I missed some big musical number with Clay Aiken and Chaka Khan, okay? So can we please stop using it as a reference?!"
Candace,"(On the phone) Hi Mom, yeah we're okay. In fact I was just about to call you. I can't see what Phineas and Ferb are making but I'm sure it's bustable."
Candace,"That makes my head all buzzy. Wait, wait a minute, wait! I'm remembering! Yes, yes, I see it! Over there, through the trees! That's it!"
Candace,"Stacy, I sent Jeremy a text message twelve minutes ago and he still hasn't answered. You don't think I'm making a big deal out of this?"
Candace,"Hey Stacy. (Blows out fire) I've got a lot that I want to do today, so I figured I'd bust Phineas and Ferb early. You know, just to get it off my plate."
Candace,"Yes! That sounds do-able! Why not pick me up around noon? Okay! Goodbye. (hangs up, dials Stacy) Oh, my gosh! Guess who just called and asked me out on a date!"
Candace,"…and just for a moment, it seemed that the wily Buford would steal away the coveted surfing trophy from under the noses of our heroes…"
Candace,"Hey, I think I'm getting the hang of this. All I need to do is B.L.A.R.F.: Be Living, Always Really Focused. I focused, and it worked."
Candace,"No! put that down. Suzy that's my 1984 collectable Ducky Momo plate, where they printed the entire design upside down. It's priceless."
Candace,"Hey, Mom. So, uh, oh, there's this selfie with a selfie thing people are doing online. You take a pic, dress the same as someone else."
Candace's Brain,"Has it come to this? (looks closer) Just standing out in the yard, (Camera zooms out, showing Phineas and Ferb sitting by the tree) Staring at your brothers, waiting? (Zoom into Phineas and Ferb) They're gonna do something bustable, I know it."
Candace,"No, but get this: Every part of their body is a musical instrument, and they never even discovered music before. Martians are so lame."
Candace,I got you guys this time! There's no way you could dismantle your stupid tropical dream house before I drag Mom back here to bust you! (She walks out.)
Candace,"(Showing Linda) They built a giant machine that does their chores! It shucks the corn, and it shoots seeds out of a Gatling gu-uh...? (She sees that machine is no longer there) But, but, but..."
Candace,"I've got a feeling that today is the day. Even as we speak, my brothers are planning something dangerous, disguised as playing cards!"
Candace,"(offscreen) I'll tell you why! (walks up) Because...it doesn't matter! You can live a long, happy life without knowing the tip of a shoelace is called a...? (pauses)"
Candace,"Whatever. I have got your back, sister. I will stay out of the yard, and keep Mom out of the way too. (Folds her arms) Like, that should be difficult."
Candace,"(seriously) Yeah, I just have a few notes here. (Excitedly, as she reveals she drew a smiley face on the clipboard.) It's perfect! (gasps) I love it, guys! Iloveitiloveitiloveitiloveitiloveitiloveitiloveitiloveitiloveit..."
Candace,"Yeah, well I got a little sidetracked preparing the bust of the century. Later today, I'm gonna show you something you won't believe."
Candace,Pfft. Spiders? Are you kidding? Why would I be afraid of an itsy bitsy **SPIDER!?!?!?!** AAAH! AHHH! GET IT! GET IT! EW EW EW EW EW!!
Candace,"Dad, is this one of those cultural things again? Because I'm not sure they'd even know what the heck you're talking about in England."
Candace-2,"The robot ants must have been a diversion. (turns on her cell phone) Monogram, we just got ambushed at the picnic. This has Doofenshmirtz written all over it."
Candace,"Sure! Ooh, I'll bring roast beef! Jeremy eats roast beef on Phinedays and Saturferbs. (Yelling at Phineas and Ferb who passed by her door) Phineas and Ferb, you're lustin' for a bustin'"
Candace,"I see the building and I still got three minutes! (She reads the directory.) Got it, 38th floor! (She runs to the elevator, but it is out of order) Out of order?! Okay, stairs. Step aerobics, don't fail me now! (She runs up the stairs while the music becomes slower. Whip pan up to Doof and Perry.)"
Candace,"Oh that's perfect. Uh, you know what? My arms are getting really tired, just hold that thought, I'll be right back. (runs off, and returns with a step ladder) You were saying?"
Candace,I can't believe my own brother doesn't think I can stick it out. I'll show him. I'm star material here! MAKEUP! (Gretchen hits her with a vaudevillian oversized powderpuff) Let's do this thing!
Candace,"Good soldier? That's all you think of him? Don't you think he's dreamy, or cool, or even cute? Tell me at least you think he's cute!"
Candace,"Okay, this is quite a jump from group affirmations. How is this contraption supposed to help me resist the urge to bust my brothers?"
Candace,"No phone! Do what I say! Now, I happen to know that Adyson has an archery lesson at noon, and Mrs. Sweetwater will drive her there."
Candace,"Cute little sundress. Cute little sundress. Cute little sundress.  (with the blinging left-sing invisible, the moth van falls into a road hole and the moths fly away and fly around at the dress) Cute little sundress. Cute little sundress. Cute little sundress."
Candace,"Phineas and Ferb. Ironically, the coolness they created gave me the energy to bust them for the coolness they created! Hee hee hee! (backs away)"
Candace,"That's what I thought! Phineas and Ferb! I've so got them this time! (She snaps a photo with her phone, but looks at it to see a lot of fists in the air.) I can't send that to Mom! 'Scuse me! Comin' through! One side!"
Candace,"Okay. Kidnapped by flying squirrels and stuck in a web that came out of a monkey's butt. Hm. Well, I guess I have had weirder days."
Candace,"Huh? (tears up, sobs) Why it's... (sobs) i-it's...Iiiiit's beauuuutifullll...! (sobs) Mooooom!!! (runs down the stairs) Mom! (trips) I've gotta show you something right now! (drags her) Come on! Follow me!"
Candace,"kids in the backyard, (quickly sitting up) I'm back, baby! (slides down the banister) Woohoo! (lands on the floor and runs past the kitchen table) Tigers at the zoo! Roar-r-roar-roar-roar! Mom, gotta go: errands. (pulls Linda out of her chair) Mwa-ha-ha-ha-ha-ha! (while pulling her out of the house)"
Candace,"Suzy'll be here any second! I hafta get this place in shape! Must! Hide! Anything! Suzy! Can! Use! Against me! (She throws away kitchen knives, the microwave, the blender, and Mr. Miggins in the trash. The doorbell rings. Cut to the front door, Jeremy and his little sister appear. Candace answers it wearing a very heavy protective suit.) Oh, hey! Hi, Jeremy!"
Candace,"Uh, well how can I get this off? Buford is like, the eighth person to order pizza from me. And that's not even how you order pizza."
Candace,"(outside in the backyard) Oh, yeah. Yeah yeah. This looks good. So how long 'till you're done with this contraption? Think you'll still be out here at four?"
Candace,"Dad, can we just get this over with? Jeremy's throwing a romantic summer soiree at sunset tonight. I'm kind of on a deadline here."
Candace,"Ahem. ""Beloved Bettys, your band is the biggest, baddest, most bangin' buncha -"" Hey, this is my letter. They didn't even read it!"
Candace,Just look at us! We're all fused together! (close up of her) See?! I don't care what kind of freaky project you guys are doing! Just get us unstuck!
Candace,"Great, great. Make me happy. (She puts Phineas and Ferb's helmets on them and grabs the wrench.) Put on your helmet head systems, use your tools and do what you do best - build a bridge and save us!"
Candace,"Uh, I can't turn around...or stop, but I got it! I wonder if Jeremy's skating here today. Does this helmet make my butt look big?"
Candace,"(She is wearing a helmet) I don't know, Phineas. That door looks pretty solid. Are you gonna try to hack the locking mechanism, or crack the code sequence?"
Candace,"(Groans) Okay; just because I need to do things without you, sometimes, doesn't mean I don't like you or don't appreciate your friendship."
Candace,"Yeah, I was brave! (She gasps) I was brave! I'm not gonna let fear rule my life anymore! Now I've gotta go. I've got a mission to accomplish."
Candace,"Mom, you can say it all you want! (hugs her and does a little dance) There's nothing there! Woo hoo! I did it! I saved the world! (she stops and smiles, pause) You can go back to your movie now."
Candace,"Ooh, score! That awning is the same color as Jeremy's eyes! (snaps the photo) Aaaand... daffodils! Just like the ones he gave me on our third date! (Snaps the flower.)"
Candace,"(in her room, she’s making a crude birthday card) The boys may have won breakfast, but wait'll Mom sees this homemade birthday card. ""Love, the child who loves you most, Candace."""
Candace,"But, Mom, I'm telling you, they're building it, and it's huge! (Ferb puts up a poster. She reads it.) ""Phineas and Ferb present the Coolest Coaster Ever now open""? (runs off) Mom!"
Candace,"How can I bust you if I don't know what you made? (A car horn sounds twice,) (Gasps) Dad's unmistakable, two honk horn signal. They're home! Mom! Dad! You're home!."
Candace,"I'm going to fell my way through this. Okay, this feels like, metal. And this is some kind of wooden railing. Ooh, mushy-squishy."
Candace,"You know, you really should fix that doorbell. I must've pressed it like 10 times, and all it did was squirt sticky stuff on me."
Candace,"Phineas! This isn't Danville; it's a deserted island! The only things on this island are us, a couple of trees and a big fat ox!"
Candace-2,"Alright, you know the only time we're allowed to make noise is on Doofens Day. So keep it... (looks and turns around) Are there four of you in this room?"
Candace,"Hey Perry, I'm gonna get a snack from the vending machine. You want something? Suit yourself. I'm gonna have me some beef jerky! (Presses button; the alarm starts beeping.)"
Candace,"Well, I can certainly fake it for long enough to convince your mom. Remember that time I pretended to be Irish for a whole week?"
Candace,"It's pronounced, ""Stay away from him!"" (The Princess hangs up and Candace gets a dial tone) Hello? Hello? Okay, that tears it! (Takes off the Princess' dress revealing her regular wardrobe underneath) That's enough princess for today! I want my life back! (runs off)"
Candace,But Rigatoni's work is passionless! With minimal importance! Every piece betrays its own lack of interest in the subject matter!
Candace,"Wait, Mom, don't leave yet! Li'l Saul and the entire Breakingham Palace Crew are in here! (Knocking on invention) Come on, I know you're in there, Saul!"
Candace,"(as if in prayer) Oh, Mysterious Force, if I ever needed you to destroy the boys' inventions, it's now. If you can hear me, please answer my call!"
Candace,"(cont'd) Before I take you through my six-step plan to using this model of our neighborhood, I'd like to go over some pre-busting basics."
Candace,"...and once again, just as I was about to show my mom, some Mysterious Force took the Rollercoaster away, foiling my epic bust!"
Future Candace,"Oh honey, don't exaggerate. I wish you would just get along. Your uncles Phineas and Ferb and I were great friends as children."
Candace,"Well, they gotta come back sometime, and when they do, I'll be standing right here ready to bust them. (Three seagulls land on her head and shoulders, imitating her on the lookout. She shakes her arms to shoo them away) Would you get off of me?"
Candace-2,"If we can get to the north tunnel before they get to us, I can trip the security door. (Perry pulls his collar off his neck) Isabella, can you give us more throttle?"
Romantic Candace,"My Jeremy, my Jeremy, my Jeremy and I will be forever. My Jeremy, Jeremy, Jeremy will leave me never. Ooh, Jeremy. Yay, Jeremy!"
Candace,"Yeah, but much better is when Mom sees this. Look at that thing. I'd just like to see you try to get rid of that before Mom ---"
Candace,"Oh yeah. Sounds like... (makes phone noise) BRRRRING!! Oh, hey. I got a phone call from, um... a real person. Gotta go. (walks out of backyard, calling Stacy on her phone) Stacy, we have a Code Teal."
Candace,(in a large-sized cradle) I'll say when it just about does it. Mmm-hmm. Hmm. Hmm. (at the egg) And how's my wugga wuggums? So cute! (at herself) Hmm. Not bad for a couple of boys.
Candace,"(In a mocking tone) ""Hey Ferb, I know what we're going to do today. Let's get ourselves totally busted by crashing our stupid toy in the backyard."""
Candace,"(stops dancing) Hmmm. I don't know! But, Mom, you and Dad have to come to the backyard with me right now and see what the boys are— (Sees the two devices rocketing over the house leaving a puff of smoke in the shape of a heart. She sighs.) Nevermind."
Candace,"No, I mean, a Mom...Attractor. A big contraption that will attract Mom so that she will come home and see what you guys built."
Candace,(sniffs) (record scratch) Ew! (Perry wakes up) You're not supposed to be here. (Perry chatters) I told Phineas and Ferb to keep you outta my room. (kicks the bedroom door open as she's holding Perry) I'm gonna give them a piece of my mind.
Candace,"Yeah, sorry to have to rush— (gasps) I knew Phineas and Ferb were up to something! (Linda's car horn honks.) Mom's here. (She somersaults out of the car.) Just in time to bust the boys. Mooom?!!"
Candace,"A-ha! I got you now! Ooooh, you are so busted! I can see that you're eating... candy apples. Not something I can bust you for."
Candace,"(paints her toenails) Seriously Stacy, boys are a mystery. I mean, what do they talk about when they're not around? Do you think they talk about us?"
Candace,"Wait. You guys let me believe you were really dead?! If we ever get out of here you're going to be so... Hey, what's going on?"
Candace,"Well, neither do I, but I figure we'll use what you know and what I know and between the two of us we can figure it out right?"
Candace,"Exactly! This whole thing is a pointless and stupid celebration of the fact the shoelace tip is called, you know! What's it's!"
Candace,"You mean, for once, you actually are seeing what the boys built? My busting dream has finally come true? Today be-eth the day?"
Candace,"Wow, I guess now that we're gone, too, Mom and Dad don't even remember having children. Their lives must be so dull and empty."
Candace,Don't touch that thing! (running to the inator) That's the machine that started all of...this...So...uh...yeah...you gotta be careful with that thing.
Candace,"You heard spa day? Because I said, ""Hurrah day"". Like, ""Hurrah, I can't wait to build houses."" That's what we're doing, right?"
Candace,Back back back back back! (Shoves the car backwards. She steps around the spot) There's gotta be some kind of sensor in the driveway! (Camera switches to Linda) But where is it? (Camera switches to Candace stepping around the spot) It's gotta be here somewhere! (Ray fires)
Candace,"(As she talks the robot is jumping behind her causing her to pause a few times) But Mom, they've built a giant...rope jumping robot and it's... Phineas will you turn that thing off? I'm trying to bust you!"
Candace,"Not you too, Perry! You can't all be birds! (starts growing feathers) What's happening?!? What is even real?! (looks at her hand) No! (looks at herself) Nooooooo! Caaaaawwwww, caw caw caw!!! (squawks repeatedly)"
Candace,Enough already! Time is running out and I am not going to blow my big break! Let's look around. Maybe we can find some clues.
Candace,"Why, yes. Do you like it? I thought an Anglophile such as yourself might appreciate the soothing lilt of the Queen's English."
Candace,"There you are, Mom! Phineas and Ferb have built a giant skateboard obstacle course of doom on top of the house! You have to—!"
Candace,"Mom, I'm in the panic room… Phineas and Ferb… and—And then Phineas and Ferb… and—And robots! (voice becomes squeaky) Invisibility chamber! Elephants!"
Candace,"Whatever. Bird calls is a new low for you guys, right below the bookshelf. (leaves) Call me when you have something actually bustable."
Candace,"I feel like... (She notices the billboard.) Uh... Perry? (She looks and sees more billboards.) Perry? Perry? Oh, my gosh, the boys have created an enormous ad campaign around our pet platypus!"
Candace,"He just broke our date and hung up on me. Oh, it's probably not as bad as I think. Let's see what Quazmo has to say about it. (The headline on the front over of the magazine reads: How To Tell When It's Over. Candace starts whimpering)"
Candace,"Ugh! (slaps herself) There are too many distractions around here! Let's just get out in the field. Here, take this big bag of busting basics."
Candace,"I don't care if you brought me ice cream from the moon. When Mom sees this spaceship in the yard, you two'll be soooo busted! (Spaceship is accidentally launched by a cow)"
Candace,"Hold it right there, busters. (Truck beeping) Before I squeal on you rats, and you know I must, will you please tell me what's going on here?"
Candace,"(sitting at a table with Stacy) This is so great, being here as an adult. Heh-heh. Not like my brothers. Who are kids. Who are probably building something..."
Candace,Wait wait wait wait wait! So you and a bunch of trained observers are gonna be in our yard at exactly four in the P.M. today?
Candace,"(in the food court) Alright, squirts. Here's your cut. I'll see you back here in 2 hours. Now, if you'll excuse me, I'm going to Mr. Slushy Dog."
Candace,"No! You can't get married in the Galapagos. When I was little, you promised I would be your bridesmaid. What about my needs?"
Candace,"So when all the members of the offending team clear the defensive zone at the same time, the delayed offset call is negated."
Candace,"(walks up to them) I've got you this time. (sits in the rocket) And to make sure this doesn't disappear, I'm going to sit here on the evidence 'till Mom comes back!"
Candace,"Oh this is just great! I thought you were going to save us, I thought you were supposed to be this perfect Firefighter Girl."
Candace,"But how did you -- okay, I'm on my way. (goes upstairs, sees the kids) Put that lemonade down! You're not done yet! (In her room) What the -- Mom, you're not in my room!"
Candace,Your call is very important to us and will be answered in the order received. (to Stacy) We'll still be able to make it to our spa day.
Candace,"Um...(Clattering) Uh, oh, well, it's my birthday today, and...I...uh...(Clattering) I gotta check something. Back in a flash, 'kay? (Zips off outside; Deeply) Where'd they go?"
Candace,"From Danville Harbor I stab at thee; for busting's sake I spit my last spit at thee! (spits onto the plunger's bell) Unh! (hurls the plunger at the shark's fin, where it sticks) Head for shore, Stacy! We got him! (the ship turns for shore, hauling the shark with it)"
Single Future Candace,"Guys, I need your help. The time machine I arrived in is smashed to pieces. I'm stuck here unless you guys can build me one."
Candace,"""The CURSE of the Princess MONSTER""?! That is not what I signed up for! Besides, I can't wear this! No one will see my face!"
Candace,"You're right Mom, this is the best. I'm not even going to think about– Mm, you know. I'm not even going to say their names."
Candace,"(Growls, Sighs) Why do I have to endure this suffering while Phineas and Ferb are off who knows where doing who knows-- (Gasps) What are you doing?"
Candace,"I wanted to tell you earlier but then I saw you in front of your hotel, with those kids, and the girl with the ice cream..."
Candace,"Well, you know when you know someone, and then you see that they have another, like, life away from you and it feels weird?"
Candace,"Wait, what? No! I'm not supposed to nickname myself! You're supposed to come up with it! (starts crying) You don't even care enough to try!"
Candace,"Whoa, whoa, wait! You're not Stacy! Hey, hey, hey! What is going on? Huh? (Clown pulls out a pie) Uh, wait a minute. Now, don't try anything funny! (Pie splashes in her face)"
Candace,"(sobs) Jeremy was supposed to be here fifteen minutes ago, and, clearly, he blew me off. No one in the world has it worse than me."
Candace,"Stacy, you've gotta tell me what the last step to achieving success is. The boys' ATV is still here, I still have a chance."
Candace,"That was awesome! (looks behind her to see nothing there) Huh, I guess they're not doing anything today. (leaves) I am going to the mall and picking up a pleather jumpsuit!"
Candace,Hey! Weren't you taller? ... Perry! Quick! Get me out of here before that whatever -inator zaps me. ... Haha! That tickles! (giggles)
Candace,"Stacy! Did you make a digital sound file of yourself saying ""Uh huh"" to fool me into thinking you're listening to me again?"
Candace,"Ma May Me Mo Mu. Topeka, Kansas. Topeka, Kansas. (Cut to reveal those are the actual words printed in the book.) Man this is the worst book dedication ever. How we doing in there Irving?"
Candace,"Oh, what is it, Buford? (Buford takes out some black socks from the bag to answer Candace's question.) Huh. Uh, Buford, I'm gonna ask you a question and I want you to think very hard before you answer."
Candace,"(realizing) Totally get the crush thing! You know, I don't quite get the Phineas thing. I mean, you do realize his head is a triangle."
Candace,"I figured you guys were up to something. The tires, the pipes, I see what those were for, but what was with the pineapple?"
Candace,"Right, as if. (talking to herself) Jeremy won't be here for another couple minutes. That gives me just enough to time to bust Phineas and Ferb."
Candace,(present day; moving phone back and forth) Aah! (3x) (Sobbing) Then Dad said my parallel parking needs a little work! (Inhales) It means I'll never get my driver's license! I'm such a loser.
Candace,"Bzzzz! Bzzzzzzz!!! Bzz bzzz bzzzzzz! Bzzzzzz! (close up on fly Candace as she buzzes in her mother's ear) Mom, look! Phineas and Ferb invented somethin' that turns people into flies!"
Candace,"Oh, they are so busted! Alright, you dweebs, what's going on here? (walking into the conveyor belt) I don't have time for this! I've got a huge date and...(yelling)"
Candace,"No!! Er, I mean, no need. (pushing her mom out) Just go and, uh feel free to stay out for a while. Stay out all afternoon in fact. Heh-heh, heh."
Candace,"Ha! Now If I could just find one piece of Ducky Momo merchandise I don't already have, all this would be totally worth it."
Candace,"Phineas, I don't care if it's a Ferris wheel to Jupiter or a bionic meatloaf. I'm going to relax. Now go ahead. Run along."
Candace,"So let me get this straight, after everything they've done this summer, you decide to yell at them for a few dirty towels?"
Candace,"I'd love to, but I gotta finish shopping and get back to my brothers who are making some impossible thing in the backyard."
Candace,"I know, you're way too busy getting us ready for school, so I'll just take care of the stuff I have to do before tomorrow."
Candace-2,"Well, keep your heads down! (they duck) Consider yourselves trained. (the Normbots approach) This is gonna be close. (she picks up her staff and twirls it) All right, you rust buckets. Let's dance."
Candace,"Oh, please! Asking two boys for romantic advice? Now that's just pathetic. Don't you and Mom have any cherished memories?"
Candace-2,"Okay, I get it, you're still married. But why would you send the ants to the picnic? You had to know we'd come after you."
Candace,Wow! Finding a new best friend is even harder than I thought! Makes me kinda miss Stacy! Why did I let our friendship go?
Candace,Oh... my... gosh! I can't believe it! We're finally going to have our first... (with Stacy) Spa day! Algae infused seaweed mud wrap...
Candace,"I knew they'd practically bust themselves, if I just waited long enough. You guys are so busted, in like... nine minutes."
Candace,"No, not beef, chicken! Oh, you're the cake guy? (Beep) Oh, hold please. (Click) What? No I don't want to save money on my car insurance."
Candace,"Quick, what should we do? Hide? No, wait, pretend you're a talent scout. Ooh, here! I think I have a fake mustache on me!"
Candace,"Oh, my gosh. I don't know how you two turned yourselves into babies, but that is sooo bustable! (Holds up her phone) Smile and say, ""Hi, Mom!"""
Candace,"This is for the book club Jeremy and I joined. We all read the same book, and then we get together, and discuss over tea."
Candace,"(to her mom) You've gotta believe me! There were these color-changing, voice-copying birds hiding the boys' invention the whole time!"
Candace,"Ha ha! That was great. What a dumb coincidence. (breaks another cookie) Let's try another. ""You'll know the truth when it hits you."" OK, boring."
Candace,"The moon? Wait a minute, why are you going to the moon? Kind of a step backward considering you've already been to Mars."
Candace,I kind of miss the little guys. It's as if there was a whole other side to our relationship that I never noticed before.
Candace,"Glue gun? What are they up to? Later, Stace. I knew it! I just knew you would be up to something by now. Et tu, Grandpa?"
Candace,"There it is; The world's famous runway of Gaston Le Mode. Oh, Stacy, can you imagine the glamorous life of a supermodel?"
Candace,"Oh, really? Did you hear that, Stacy? The mysterious force took the platypult away before I, the grown up, could see it."
Candace/Perry,"All you have to do is look at me! (Doorbell rings) If that's Jeremy, tell him... I'm getting ready. I don't want him to see me like this. (doorbell rings again)"
Candace,"Ah, ignore them. They're harmless. Hey, why don't you hang out a while so you can tell everyone how popular I've become."
Candace,"Mom, Dad, the boys have a restaurant in the yard, and they're not letting me in. You've gotta put a stop to it! Come on!"
Candace,"Ugh! Irving, keep quiet! Wait! That treehouse could be a good vantage point for my step two. Irving, you're on the team!"
Candace,(Candace and Linda's Sandcastle falls over) Err! This is the third time it's fallen! I used to be good at this! Now I'm Frank Lloyd Wrong! When did it get so hard?
Candace,"Whoa-whoa-whoa wai-wai-wait! By ""in charge"", does that mean I'm in control of everything around here while you're gone?"
Candace,"So I asked Jeremy if he was going to the festival and he's like ""Yeah, are you going to the festival?"" and then I go..."
Candace,"It's totally time for a totally favorite TV show! (offering Jeremy a seat when he arrives) Hey, Jeremy. Care to have a seat? Ehehe I have something to show you."
Candace,"(monotone) I dunno, Stacy. With the A/C on the fritz, I don't have the energy to move. I don't even feel like busting my brothers."
Candace,"Well, if you talk to Dad, just tell him to meet me at the park. I couldn't find him anywhere, so I came down by myself."
Candace,"Yeah, I guess you're right. And you know what the best part is? I haven't even thought about my brothers the whole day."
Candace,"I thought I did it right this time! Only I'd stay til the end of that seminar! (realizes) Wait, Stacy's been there all day! (dials phone and laughs chaotically) Stacy!"
Candace,"Well, there's only one thing I'm saying hello-ha to! Relaxing! And taking a break from trying to bust Phineas and Ferb."
Candace,"Okay. Jeremy's staying in the hotel La Poubelle. La Poubelle, La Poubelle, La Poubelle... (She sees a woman) Oh, uh pardonnez-moi, madame."
Candace,"Okay, I've learned some skills that...Phineas, you're in the drivers seat, why are you operating with a remote control?"
Candace,"Oh, of course! Nosey the vicious zinc-eating dinosaur. Now it makes perfect sense! Thank you, crazy people I live with!"
Candace,"""Does He Think You're Pretty Enough? Ten Ways You Could Be.. Better."" Wow. Ten ways? Thank you Quazmo Magazine. (cell phone rings) Jeremy!"
Candace,"Roger! Target destination activated! Engaging thrusters! (She slides the switches up and all the rockets fire up.) Phineas, it's working! The Earth is moving back into position!"
Candace,Fun?! Are you nuts?! And how did a rollercoaster turn into broccoli?! And why broccoli?! How does that make any sense?!
Candace,"So, uh, yeah, a friend needs a paperweight for her, uh, desk, and mmm, this little trinket looks about the right size."
Candace,(She and Vanessa are running from the giant snowball while Candace shouts) Start the plane! Start the plane! Start the plane! Start the plane! Start the plane! Start the plane! Start the plane!
Candace,"Sorry, Dad, there's no time for that now. We gotta go while I'm still in the zone. (walking like Klimaploon) Nang nang nang nang nang nang nang."
Candace,"But... but... but... but... Wait, a minute. I am on vacation, he is working. I pass the bust baton to you, sir! Aloha! (sighs in contentment)"
Candace,"Uhh, you don't think he could've argued with someone, at say... 3:38 am, got his feelings hurt, then run away, do you?"
Candace,"(smiles, grabbing her mother) Mom, let's go, let's go, let's go! (Cut to outside) Mom, I've been trying to tell you all summer! They make these amazing things! Look!"
Candace,"(Screams) Oh, I had no idea this thing was so high! (Gasps, ties her seatbelt up) There. Great. Here I go. (tries to get off the ski lift but couldn't) Wait! Wait, wait, wait! No, no, no, no-o-o-o-o-o-o!"
Candace-2,"Okay, but take the Firestorm Girls. It could get hairy. And while you do that, I'll go find out who's behind all this."
Candace,"(offscreen) It's true. Ferb told me. It's called rennet, Stacy. (Cut to Candace and Stacy walking in.) They scrape it from the lining of a calf's stomach to make cheese."
Candace,"Phineas and Ferb, you are so bus... Oh my gosh! Where'd it go? You there! Small children! Where's the big contraption?"
Candace,"I demand you let me go, you-- You-- Friend of Phineas and Ferb! (Conk drops Candace) When my Mom gets here, you're gonna be in big trouble."
Candace,"Well, you and your little Bango-robot better not show up at the convention and make me look bad. (She turns around and steps on a baseball launcher, launching a ball into somebody's window) ...That's strike one."
Candace,"(as Gary Frank) So, cool like, you like her ""cool""? Like she's totally cool to be around ""cool""? Or cool like she's cold and distant?"
Candace,"Really, Stacy? Really? (on phone) Gather the press and the media and get them to my house! This time those pests are goin' down! (hangs up)"
Candace,Mom! Mom! The fog is lifting! (enters backyard) Aha! (fog lifts fully; the rodeo is gone.) Uh...rodeo? Bu—bu-bu-bu-but the... there was an... and I saw... a-and the bulls...
Candace,"Ooh, I'm gonna go tell mom and when she sees what you are doing, you are going down! (runs off) Down, down, down! (Phineas and Ferb look blankly while she walks away.) D-O-W-N, down!"
Candace,"If we're gonna do this, we're gonna do it right! Here, fill these buckets with water, I'm going to go find some sand."
Candace,"(Inside...) Come on, Stacy! We've gotta hurry so we could get a spot in li -- yayaya. (realized the line's too long) I've never sang in front of so many people!"
Candace,"(reveals her hair is messed up) Yeah, you think he'll notice? This is the worst bad hair day ever! I'm officially freaking out! (picks up her cell phone) I'll call and cancel."
Candace,"(while pushing Captain Squint up the gangplank) Uh-huh, uh-huh. Yeah. Uh-huh. sure. Uh-huh. Uh-huh. (Snores) Uh-huh. Oh, yeah. Uh-huh. Yeah, I know, he sounds like a bad guy."
Candace,What is this thing? Some sort of souped-up techno-geek camera? I wonder what it... (Candace zaps herself to liquid) Phineas and Ferb! (A bird bathes in Candace's liquid) No! Get off! Ew! (gargles)
Candace,"Phineas, Ferb, Mom put me on noise patrol while she's taking an online test. She needs it to be... (loudly) ABSOLUTELY QUIET!"
Candace,Look what Phineas and Ferb did to me. I'm fifty feet tall. I don't even fit in.... the... house. (realizing) I'm back to normal.
Candace,"Mom, look, it's just forced perspective, look! They're not really here! (The real Phineas and Ferb come over.) It's an optical illusion! He's not really --"
Candace,"Mom, you gotta come home right away. Phineas and Ferb have… th-they build a… a thing that… that… oh, what's the use?"
Candace,"Oh, a non-believer, huh? Well, you know what? I'm gonna get proof. I'm gonna get proof! You'll see. Ferb's an alien!"
Candace,"(chuckles) You betcha! Flipping over wing passes, and then shoulder dorkin' the old jazz hands. It's like some kind of disease!"
Candace,"Come on you stupid thing, work! (The flashlight turns on) There. Now where is it? (sees a glimpse of mechanical arms) What the -- ? (The flashlight goes out) Ugh, stupid thing. What are you guys building?"
Candace,"Please, even you can't change the law of gravity. It's a universal law, like ""You can't wear white after Labor Day""."
Candace,"Anyway, maybe, let's, like, go inside. Or we could just go in through the backyard for no reason. None at all, even."
Candace,"Uh, Jeremy, I was wondering, uh... if you'd like to go to the Night of the Falling Stars Girls-Choice Dance with me."
Future Candace,"Wow. Was I always this nuts? (To her past self) Candace, honey, get a hold of yourself. I have no interest in busting the boys anymore."
Candace-2,The Normbots are in the other dimension? This isn't the time to escape. This is the time to make our move! (she puts on the glasses) Let's go!
Candace,"Oh, this is so embarrassing. I'm just so glad that Jeremy's on break. If he saw me in this thing, I think I'd plotz."
Candace,Gotcha! It's a good thing I threw away a lifelong friendship to keep an eye on you two and your ridiculous...uhhh???
Candace,"If Dad doesn't get here soon, we'll have to— (The Lawrence robot appears.) Oh, nevermind, Mom, he's here! (to the robot) Let's go get checked in for the contest!"
Candace,Five times the inventions is five times the bust! Nothing could possibly take away all five of these things at once!
Candace,"Fine! I'll just wait till tomorrow. Wait a minute, at midnight it'll be tomorrow. I can just stay up and bust them."
Candace,"Oh, it's not your father? It's a mug shot? Oh no! Phineas and Ferb have been abducted by an intergalactic criminal!"
Candace,What? Na-Nooo! (Perry chatters) Ew! Gross! Phineas and Ferb! Your smelly rodent pet is germing up the cabinets! Where are those two?
Candace,"You know, after all of this, I'm gonna give myself a little more time to be young. It's not such a bad place to be."
Candace,"(collecting coconuts) We don't need to eat. We need to get out of here! (tries to get a coconut off a tree) I swear, if I don't get to Jeremy's party— (A monkey appears from behind the bushes and kisses her) Yuck! Monkey cooties! (The monkey grabs her, leading up a ladder of monkeys and flings her into a hut.)"
Candace,"Love it! The Booby-hatched trash-nut whatever it is, is my new favorite bird! This is awesome, see you guys later."
Candace,"It's just that I think you're perfect, Jeremy. So I don't understand why you want to make me to feel like I'm not."
Candace,"Uh, please hold. (to Stacy) Look, I don't want him knowing about the whole spa thing. He'll think all I care about is myself."
Candace,But I need your help! Stacy told me that Marcus told her that Jeremy told him that he got the perfect gift for me!
Candace,"(cell phone rings) Oh, hey, Stacy. I can't talk right now. My brothers and I are reforming Love Händel for a concert in our backyard."
Candace,"(entering with a comic book) Um, hi. Heh. Would you guys read my fan-fiction? It's a story where Thor and Hulk decide to learn ice skating and—"
Candace,"Cool! I'm gonna fly too! Okay, focus, and-- (Jumps off and falls, She lands with a thud on what appears to be thin air next to her bed. the whole landscape begins to crack and rumble) No! I've broken my mind! Reality's shattering before my eyes! AAAARGH!"
Busting Candace,"No, I mean, they split me in half. Well, not like I'm cut in half, but they've made another me. Hear for yourself."
Candace,"(arranges herself) And that is what a gorilla looks like when you try to take away its food. Oh! Hi, Jeremy! Are you auditioning too?"
Candace,"Wai-wai-wai-wait! It's vanishing already? It's barely nine a.m.! Ugh, whatevs. I've got a hard out at noon anyway."
Candace,"(coming out the wash) Let me outta here! Just wait 'til I get my hands on those two little... (her phone rings) Jeremy?! Oh, hi, Jeremy! Are you here yet?"
Candace,"What does it matter? We're all doomed anyway. I mean, where are we supposed to find electricity in DINOSAUR LAND?!"
Candace,"Absolutely not! You are off grand entrance duty. Just go take care of the flowers, while I order the cake. Got it?"
Candace,"You kids have fun. Really, I wish I could stay and bust you but I have a lunch date with Jeremy down at City Hall."
Candace,"Yeah, and no more worrying about Phineas and Ferb. I mean, if I did half the things they do, I'd get so... busted."
Candace,"Oh, yeah, Jeremy got all his shots and Perry got promoted. But you gotta come back to see what the boys are doing!"
Candace,"(Exchanging the various items) Commemorative creamer, clear flugelhorn. Clear Flugelhorn for a baseball stein. Baseball stein for cyclops Santa."
Candace,"Giant Skiddley Whiffers?!? That is so bustable! And yet, so tempting. And yet, so bustable! And yet, so tempting."
Candace,"Poor Stacy. My fear of spiders got Stacy bitten. (happily) But saved me! Yes! Looks like it's just you and me now, Rainbow."
Candace,"Any minute now... (Horn honks. Candace gasps) I can't believe it! Mom's home! (The Invis-inator's ray hits the ride) There's no way she's gonna miss the-- (Notices the ride disappeared. She screams) Phineas, what did you do?"
Candace,"Wait a second. If you look like that, wha-wha-wha— (cut to reveal Candace's head, which is now more than twice its actual size) I've turned into Bobblehead Candace!!! (runs out) **AAAAAAAAAAAAAHHH!!!**"
Candace,"There's a scoop here, and I can smell it! (A fly-ridden hick walks through the saloon doors, carrying a pig) Or they haven't invented deodorant soap yet, but there's still a scoop!"
Candace,(Gasps) I would be perfect for that part! I've been practicing it for my drama club all summer! I'm gonna get discovered!
Candace,"Ducky Momo Plushies. Momo Collectible Card Game. Momo the Movie! Oh, the Momo-ness of it all! The sheer Momosity!"
Candace,"(Puts down phone.) Ahh, Jeremy. (Presses button on phone to talk to Stacy.) Stacy, I am like so hard to get right now. It's like totally-- (Notices the construction outside her window.) Wait, what in the... Gotta go, Stacy."
Candace,(offscreen) Mom thinks I'm imagining the whole thing! (Cut to Candace's bedroom where she is on the phone and holding a glass of water.) And I know Phineas and Ferb are behind this. (She sets the glass down. It begins to shake just like in the movie.) Huh? (Steve's giant eye appears in the window behind her. She runs downstairs.) MOOOOOOOOOOMMMMMMM!!!
Busting Candace,"Ugh! Well, if I come back and I have a flower in my hair, you tell me. Find Candace, find Mom. Bust, bust, bust."
Candace,"I can't believe you guys dragged me all the way over here for this. (Sighs) Well, at least there's hunky guys in skirts."
Candace,"Stacy, this could be the first step on my way to stardom and as my best friend, you'll be famous by association."
Candace,"Okay, I said I'd give them space for a romantic picnic, that is not a romantic picnic. That is Bust Town U.S.A.! (She enters the park.)"
Candace,"(Sobbing) I'm telling-- (Car honks) Mom! Maybe it's my perfect day after all! Mom! Aunt Tiana, hurry up, you've got to see this thing."
Candace,"Okay, I know you're super busy and all, but you have just got to see what Phineas and Ferb made. I'm wearing it."
Candace,"Wow, Gluttony Games is totally bloated with mindless mayhem! And the two girls, they were so brave and fearless!"
Candace,"Huh? Oh no! Was that the right side or the wrong side? No, wait. The left side was the right side. (gasps) Moss! Orange! (screams; runs off)"
Candace,"No, that's not fantastic! It, uh, okay, well, I-I admit it's impressive, but it's still bustable! Mooo-oommmm!!"
Candace,"(as Gary Frank) Nope. Just an average hamburger-eating football playin', punchin', gamin' boy. (spits) Boy spit. That's why I did that."
Candace,"Mrs. Garcia-Shapiro! It's me, Candace! Helloooo!? Woahh!!! (Screams and falls off ledge, onto the grass) Guess I deserve this for trying to be one step ahe-- (Screams, as she bumps into a growling caterpillar, which is shown to really be harmless after she runs away)"
Candace,"(dreamily) Me, too. We're so gonna get married some day. Did I tell you what we're gonna name our kids? Xavier and Amanda."
Candace,"I thought Meap was a helpless little creature. Huh, I guess I learned to never judge a book by its cover again."
Candace,"You guys are so busted! (echoing) Busted...busted... Now I truly am alone. (Notices a Mars Rover) Hey, it's one of those Mars Rovers. I'm saved!"
Candace,"Okay, as the adult, I decree we are going to the park. Does anyone need to go potty first? (awkward pause. Stacy raises her hand) Fine, make it quick."
Candace,"Wait! No, Mom! (gets out of her seat and pushes Linda toward the ladder) The boys! They built a truck stop! On the roof! Seriously, a whole restaurant! Climb up and see!"
Future Candace,"Guys, we've seen how time travel can mess things up big time. So promise me you won't go into the future again."
Candace,"Of course not! Gosh, that must be so frustrating to have someone not believe you when you're telling the truth!"
Candace,But—they asked me to pick—and I did—and it worked—and now—it's gone! Where did it go? Where does it always go?!
Candace,"Right now? (into the camera) Hey, all of you out there in Internet Land! Watch closely, because I'm gonna bust Phineas and Ferb. (leaves)"
Candace,"Big, slow, and heavy? That's me! (She ties her shoelaces to the handlebars.) If there's one thing I know how to do... (whacks) it's get to Mom! (whacks) Get through to Mom! (keeps whacking)"
Candace,"You know, Stacy, I'm beginning to think that The Bettys have just been taking advantage of us this whole time!"
Candace,Hee hee! Hee! Hee! Just a few more blocks and I'm gonna bust my brothers for all the stuff that's on this DVD!
Candace,"Okay. Here we go. ""You choose the path that few others dare travel."" Done and done. Come on, Stace! Follow me! (runs ahead)"
Candace,Everything! Don't you see? All the problems in my life can be solved through concrete knowledge of the future!
Candace,"First of all, it's not a party, but if it were a party, it would not be their party, it would be **MY** PARTY!"
Candace,"(At phone) No; I said crab puffs! (Beep) Please hold. (Click) Why would I want my cake in a vase? Oh, you're the florist, not the baker."
Candace,"Uh, yeah, just checking out the situation around here. (At Phineas, covering the phone) Uh, Phineas, do you know what you're going to do today?"
Candace,"Stacy! If I do what Phineas and Ferb are doing I would get busted, and them along with me. A sacrificial bust!"
Candace,"Phineas, I'd love to bust you, but if you don't speed up this car wash, I'm going to miss my date with Jeremy!"
Candace,(On the phone with Stacy) So then Jeremy said--- (The green beam passes by her window disconnecting the call) Urgh! Stacy? Phineas and Ferb! That was important! You guys are so gonna get it!! Mom!
Candace,"Hey, get back here! What's the point of being queen if you're all alone?! (eating crumbs) Say, these bread crumbs aren't bad!"
Candace,"(While kicking at the Mars Rover) Stupid Rover! You're not going to ignore me too. Take that, you ugly, unmanned exploratory vehicle! And that!"
Candace,"(Her cell phone rings.) Hi, Mom. What? You feel a sudden and inexplicable urge to come home? (to Phineas and Ferb) (gasps) It's working! It's functioning properly."
Candace,"Of course, Mom. Jeremy's in Paris anyway. So... When you say I'm in charge, what exactly do you mean by that?"
Candace,Would you stop already with the horses? Jeremy! I know what I'm gonna do today! I'm gonna bust my brothers...
Candace,"Hey, hey, hey, hey, hey! I smell noise! Is that what the black pajamas are for? You gonna have a noise party?"
Candace,Step one is intel. Like does Mrs. Sweetwater's book look like it's been read? We're heading to her house now.
Candace,The dry cleaner switched my clothes with some Goth chick! I look like a total freak! Like I'm all outsider-y.
Candace,"As president of the Healthy Dessert Club, I declare that nothing says low-calorie, non-fat more than gelatin."
Candace,"Well, I got to get home Stacy. Jeremy's supposed to drop off my MP3 player this afternoon on his way to work."
Candace,"Ah, you like it? It's my lucky charm. It was delivered to me by tranquil, Hawaiian waves. What are you up to?"
Candace,"Mom, you know all those times I've tried to fill you in on the crazy stunts Phineas and Ferb have been up to?"
Candace,"Mom! Mom! Phineas and Ferb have built outer space in our backyard! (Cut to reveal crudely drawn cardboard cutouts of Phineas and Ferb and the ""project"". Cut back to Candace to reveal ""Linda"" is just a dummy.) Nice drill, ladies. I'm-a lovin' teamwork!"
Candace,"Wow, check this place out. Well, now I know how to find Phineas and Ferb. They'll be where the cool stuff is."
Candace,"(runs off) Oh, Mom! Don't be silly! You can't go out there until we've uh, uh... (Stammers, pushes Mom to the dishwasher) Unloaded the dishwasher, right! (Chuckles) Right?"
Candace,Stay away from me and my friends and my gelatin that I don't want ruined with your ruiny ruinness. Hm. (To Stacy and Jenny) What?
Candace,"(approaching her mother) Mom! Mom! Giant jukebox! Come on! Come on! (Candace runs outside to see the blimp take the jukebox. Linda follows.) You missed it. Giant jukebox, doppelgänger, everything, all gone."
Candace,"It's the ""Summer Rocks"" graduation concert. Jeremy's friend Coltrane is an instructor. (spots Jeremy and Coltrane talking) Look, there they are!"
Candace,"Oh, yeah, uh, I've only got a dollar, but uh, I just want the one. You can just tear the other one up, 'kay? (The photographer rips one picture.)"
Candace,"Oh, never mind. I'll find it myself. (She turns the corner and sees the hotel) Hey, Hotel Poubelle! It was just around the corner! There he is! Jer -- (She stops when she sees Jeremy talking and having fun with some French kids. She looks depressed before walking away. A mime appears where she was previously standing, letting go of a balloon)"
Candace,"Well, looks like the operation is in Phase Two and I am gonna make myself scarce. (Stands up) Cadet Flynn is out, peace! (walks away)"
Candace,"No, I really do have two brothers and you guys are really best friends. I can't believe you don't remember!"
Candace,"(grunts) Wait! The video screen! (She looks at the screen) There they are! Doing things! And there's Mom! Not noticing! Mom, Mom, turn around!"
Candace,"Stacy, honest, I really wanted to spend the day with you but... (She notices that Jeremy isn't in the booth) But...? But? And we were? Uh... never mind. (Jeremy walks in from behind the booth, thoroughly confused)"
Candace,"But seriously, don't get any thick, nerdy glasses. (Hangs up, hears more noises outside) Ooh, as soon as I get some help, you guys are so busted!"
Candace,Ugh! You and your phone! (takes the phone) I'm turning this thing off! (She does so.) Here. (Gives Mom a pair of binoculars.) You look through these and tell me what you see.
Candace,"""Unfocused""? What could possibly give her that... (hears motor whirring) Wait, did... did you hear that? Was that Ferb's band-saw?"
Candace,"Yes, I actually busted Phineas and Ferb! (gasps happily) This is the happiest moment of my life! Woo-hoo! (She acts like an acrobat.) I'm finally free! (Elsewhere in the sky, she hang glides with Stacy and Jeremy, soaring pass a meadow.)"
Candace,"Mom, Mom, you've gotta come outside! I just drove up in this craaaazy souped up car that the boys invent --"
Candace,I feel like I've been carrying these buckets all summer. I'll never get to the fair in time to meet Jeremy. (She hears Phineas and Ferb's machine from behind)
Candace,"""CYL, BFF, S."" What does that mean? Let's see. ""Candace, You Loser....Bad Friendships Fail...Stacy."" Harsh!"
Candace,You don't have to build anything. Just figure out how to fix it! I'm getting your toolbox. (gets the toolbox out of the Flying Car of the Future Today) See? Your tools!
Candace,"Gah! Phineas, please tell Mom there's, uh, something really cool in the backyard she needs to come and see."
Candace,Seriously? You're just tossing slender pieces of wood all day? I'm not upset. I'm just disappointed in you.
Candace,"Nothing? Oh right, yours is perfect, and I show up with nothing. Do want me to look like a total monster?!"
Candace,"Uh, no, I-I mean, that wasn't really me. I mean...not all of me. I mean...oh, this isn't coming out right!"
Candace,"Mom, that's why books have covers; to judge them. I mean, why did you choose these books from the library?"
Candace/Perry,"(reading from the flyer) ""Lost platypus. Looks like a girl""? Why did you use that picture? I don't want anyone to see me like that!"
Candace,Pfft! Spiders? Are you kidding? Why would I be afraid of an itsy bitsy SPIDER!??!?! (jumps up to the top shelf) Aah! Ahh! Ew ew ew ew!
Candace,"Stacy, we gotta get Mom up here so she can see what the boys are doing. Keep throwing food out the window! (she leaves)"
Candace,See? Absolute terror! These little creeps have destroyed our backyard leaving this ugly mess in its place!
Candace,"It's happening! Ladies and gentlemen, without further ado, I give you... (pulls down curtain to the Rollercoaster fanfare as cheering is heard) what you've all been waiting for!"
Candace,"(in a hoarse voice) In conclusion, may your Fireside Girl experience be a treasured one with memories for a lifetime. The end."
Candace,"Okay, but just don't get big, thick glasses because then you'd be a nerd, and I couldn't be seen with you."
Candace,"This is like I'm wearing a cloud of butter. Say, don't princesses need to know a lot of manners and stuff?"
Candace,"Phineas, no! No throwing. (Phineas crawls to her phone) We use our... (Phineas licks her phone) Ew! (Phineas throws it and it hits Candace) Ow! (Candace tries again on Ferb) Okay, hold this, Ferb. Now, I'll just... Where's my phone?"
Candace,That was great! I've been thinking of my brothers all wrong! They're not a nuisance. They're my ticket to-
Candace,"Maybe if I just go in and apologize one more time they'll forgive me. I have a stomachache, I feel so bad."
Candace,"I just wish Jeremy was more romantic. You know, like Romeo-and-Juliet romantic, but without all the dying."
Candace,"Phineas, Ferb, you did this! With some kind of, I-I-I don't know and I don't care! You two are so busted!"
Candace,"Of course! It can only be destroyed in the fire from which it was formed. Hold on, volcano! I'm a-comin'!"
Candace,"Oh, yeah, that's perfect! Well, they're coming your way! Quick, look out the window! Do you see any cows?"
Candace,"No, Stacy. It's real. These cookies know what's going to happen next! I can use them to bust my brothers!"
Candace,"It's totally fine! Okay, this may be an easy enough trick, but how did you make the whole show disappear?"
Candace,"So, uh, do we have a plan, or are we just gonna go all willy-nilly, and barge into that bad, scary place?"
Candace,"Okay, mom, if you go out into the yard today, and there's nothing there, I'll... I'll clean the bathroom."
Candace,"The lights are all wrong. Go inside the janitor's closet. (Sergeant goes in the janitor's closet) And...action! (Slams door on him; to the boys) Come on, guys, we can escape now!"
Candace,"You're doing a chore? No way are you getting all the parent points. I've got chores to do, too. Carry on."
Candace,"Me, a vampire? (Scoffs) Don't be silly, Stacy. It would be cool to have super strength though. And be able to fly."
Candace,"Mom? Mom, are you there? Something weird is going on! Not the usual weird! A different, not-normal weird!"
Candace,(offscreen) Phineas Phineas Phineas...and Ferb! (she and Stacy run into the frame) You have to help us! We're being chased by monster-sized chinchillas!
Candace-2,"I knew this was a bad idea. Alright, everyone in the cars! (they all hop in, and she pushes) Go, go, go, go, go! Isabella, start the motor!"
Candace,"Oh...uh...so, Mom, do you have everything for dinner tonight? Maybe you ought to go to the grocery store."
Candace,"Can you believe that?! She didn't have to- Dad? (puts her hand on the robot) Ouch! Dad, you're burning up! I'll go get you some water. (Runs off.)"
Candace,"No! Teamwork! I mean, we've got to wait for the signal! Any second now. Come on, girls, give me the code!"
Candace-2,"Ugh! We don't have time to wait for him. We gotta get over to Charlene's. Phineas, Perry, you're with me."
Candace,"(to Linda) Well, yeah. They are gonna be auctioning off one of the original Tiny Cowboy bobble heads. (Flicks the Cowboy hat bobble-head) The lefty one."
Candace,Figures. I'm the queen of little green nerds. Can you tell them that I just want a little time to myself?
Candace,"Well, I don't like these optics! I'm still telling Mom! (lifts up her phone to find there's no signal) How do I not have any bars? This is our backyard!"
Candace,"(picks up the egg) It's okay, little guy. Candace is here to protect you! (To the boys) What are you doing to this precious gift of life?"
Candace,"(flying in circles) Stupid... New age... Parenting... Articles... AAAAHH! Get me down from here, I can't control this thing!"
Candace,"Is that a steam-powered chore-doing device?! You are so going to get it! Get back here, you steam punks!"
Candace,"(Mimicking Linda) ""Why don't you go back home, Candace?"" ""I'm busy with my bridge game, Candace?"" She has no idea! (echo) (Gasps, then looks behind her to see the garage empty. Crickets chirp in the background, She smiles.) Gotcha."
Candace,"You guys better figure out a way to get us home. 'Cause if we don't get home, I can't bust you for this!"
Candace,"Uno momento, por favor. (to Stacy) Look, we'll go ""help people"" for, like, 15 minutes and then we'll go to the spa."
Candace,"Wait a second. Does this mean if we accidentally touch, we'll rip apart the very fabric of the universe?"
Busting Candace,"Forget it! I've only got one thing on my mind, and that's busting you! I'm going to the mall to get Mom."
Candace,Why aren't they doing anything? I've got a golden opportunity here and I don't wanna blow it! Hehhehh... (waves at Linda)
Candace,"I am not having fun, and neither will you if I ever get back to the yellow sidewaaaaaaaaaaaaaaaaaaaaalk!"
Candace,"Oh, good, she's coming home. That's fine. I'm good and fine. (burbles) Reading, reading. (Babbles, which changes into...) Hehehehehehehehehehehe..."
Candace,"Well, I'm sure I can spare one. I know how men are about their meat. ""Argh! Me manly man! Me like meat!"""
Candace,(She gasps) That's it! If I can get on TV then Jeremy will see my star quality and we'll be on the same level again!
Candace,"(smiles) Mom, that's great, but you gotta see something in the yard. Come on, you gotta see it! Come on, come on!"
Candace,"Nah. I see him all the time. This, this is actually the freaky part. (She holds up her arm and fist.) And it's all just been one...big..."
Candace,"You know what, Stacy? I'm tired of the mysterious force pushing me around. I'm gonna show it who's boss! (she heads off)"
Candace,"Wow, it's massive! A humongous boat is the perfect setting for a humongous bust! Hee hee hee! Bust boat!"
Candace,"Yes, this will recreate how Mom will be in a Candace suit. To fool the Mysterious Force. Keep up, Stacy!"
Bad Future Candace,Who the heck is Doofenshmirtz?! (goes to a library) That's odd. I've got to find out what happened in the last twenty years. (activates a hologram projector)
Candace,"Oho, come with me, Mom! I've got a submission, all right! A sub-mission! You will not believe your eyes!"
Candace,"And so continues the inevitability of my mundane existence. (The bees deflate the giant wading pool, squirting water out of it, and soaking Candace) Once again, I'm humiliated by the universe."
Candace,"Scene opens with the gang in the Sunbeater 3000, most of the group look a bit messed up from the crash."
Candace,(turns around) AAAAHHH! (the birds dive-bomb her as she runs away) Birds?! What is happening?!?! (she dodges the birds) That's it! I made it! I... AAAAHHH! (she trips and launches the DVD into the air) Oh no! (seeing a parade of elephants coming down the street) A circus? What the...
Candace,"There's a cute boy next door, and I don't want you guys scaring him off by acting like complete freaks."
Candace,"By using Holmesian Deduction, we'll be one step ahead of the boys. We can get Mom and finally show her–"
Candace,"Oh, what did he call it?... The-the transfer stage arena?... The...mind swap place?... The...the, um..."
Candace,"Okay, test run. Buford, you put on the Mom suit. Stacy, see if the boys have the contraption out there."
Candace,I forgot how strangely impressive you are at very specific animal sounds. Animal sounds. Animal sounds.
Candace,"Well, one of the Rebels just saved my life. He could've escaped, but, instead, he came back to help me."
Candace,"What do you mean ""Who cares?"" lame-o? That's what this is all about! The name of the shoelace is the..."
Candace,"What? I did? (She gets up to see that she pulled the plug.) Huh, what do you know? I did! (She opens the door and smiles as she sees the snow melting.) Aw, summer. Welcome back! (The inator lands in the backyard and takes the control panel with it.) Yeah. Well, that's to be expected."
Candace,"Y'know, lemme just call my mom. I told her I'd get those squirrels out of the— (Vanessa leaves) Oh, oh, we're going now. (Candace follows her.)"
Candace,"Too antiseptic. Think warm and loving, not cold and clinical! Hugs and kisses, not hard and mechanical!"
Candace,"Did, you get fifty, in one day? Okay then. Now Melissa... (begins drifting onto the high wire) The thing to remember about a high wire is..."
Candace,"Just go do something and get out of my way! (At phone) Huh? Oh no, not you. It's my... (At Phineas and Ferb) Go plan the grand entrance!"
Candace,"(still talking to Stacy via video phone) So anyway, I was like, ""You talkin' to me?"" and she was like all in my face, and-- Termites! (Screams, Termites buzzing) Holy cow! (Termites eating barn, Screams; Cows mooing; Screams)"
Candace,"Phineas, open the door! (knocks on door) Open the door, open the door. There's angry villagers out here. Open the door!"
Candace,"(as Gary Frank) So, uh, what else do we talk about? Mm, let me think, uh... oh, I know. Anyone here have a girlfriend?"
Candace,"Ugh! Stop being related to me! And take all your mirrors, and zebras, and junk and get out of my room!"
Candace,"Wow! You're right about everything! (runs off) I can't lose! (to Linda) Mom! Mom! Mom! Mom! Mom! Mom! Mom! Mom! Mo...(Candace trails off as she opens the driver's side door,... revealing Linda's bad hair-do.) Uh...."
Candace,"Mom, if you care one iota about me, your family, and your city, you'll come outside with me right now!"
Past Candace,"What?! But you're me! You have to want to bust them, 'cause I'm never gonna stop wanting to bust them!"
Candace,"Wait, no! Don't pick her up! She's evil! Evil! Can't you see? She's out to get me! She did this to me!"
Candace,"Mom, this is so cool! I've dressed like half of these people here for Halloween! So what do we do now?"
Candace,Ugh. Would you wait? I'm dealing with something that actually matters here. Ugh! The internet crashed!
Candace,"Uh, I -- I -- (sobbing; A car horn is heard.) It's Mom! The real Mom! And I still have proof! (The Linda robot disappears.) Crud. (gasps) But the launch pad is still there! (runs off)"
Candace,"Oh, it's actually a bruise. (chuckles) I slammed it in a drawer. Yeah, I think it's probably gonna fall off soon."
Candace,"So this is kinda cool. Just regular folks havin' a nice time. And Meap. Meap, what are you doing here?"
Candace,"Ew, no. But if I'm gonna bust you for this, then I can't let you out of my sight until Mom gets home."
Candace,"I'm trying to make a good impression on Jeremy's parents (Suzy peeks around the garage door, and eavesdrops on the conversation) and I can't even keep my feet on the ground!"
Candace,What better way to look after them than by going along and keeping them out of trouble along the way?
Candace,"A car? That is so grown up. I mean, hold please? (Presses button on phone to talk to Stacy.) Stacy, Jeremy is asking me out for a ride, in a car!"
Candace,"Phineas. What's taking those boys so long? They were supposed to find fuel ages ago. Later, Isabella."
Candace,You have to come to the backyard! (Pushes Linda into the backyard) Phineas and Ferb built a whole aquarium with whales and everything!
Candace,"Well, I can lift heavy objects and I can levitate and... and I can't see my reflection in the mirror."
Candace,(Gasps) You broke the exhibit?! I'm telling Mom! (Electricity fizzing) What are you doing? (Gasps) You broke the exhibit?! I'm telling Mom!
Candace,"And you know every day this summer I've been trying to bust my brothers, and it's just not happening."
Candace,"Because of a little thing called PARALLEL PARKING! See yesterday, Dad was teaching me how to drive..."
Candace,"I can't, I'm in charge of these guys. I-I've gotta be responsible. I'll see you in a week, boyfriend!"
Candace,"You mean I get a persistence patch? And that makes 50, right? (short beat) There's no Persistence Patch, is there?"
Candace,"No, no! Mindy can't sit with Jeremy! Gotta stop this, gotta tell Mom! Can't go out looking like this! (The camera pans to a paper bag on the floor. Outside...)"
Candace,"I'm all hooked up and ready to multitask. First on the list, wash dishes. (She dusts the table while walking. Sidenote: Don't try this at home.) Now where did we leave off?"
Candace,"Ugh! Tatooine. Okay, my busting instincts are telling me that the droids went (points ahead) that way. Now, come on!"
Candace,"All I know is, Phineas and Ferb are behind all this, and if I follow this sidewalk, I will bust them."
Candace,"He, he, insignificant little detail, insignificant little... Phineas and Ferb! Stacy you're a genius."
Candace,"No way, I don't want anything that necklace brings me. Goodbye, good riddance, Candace is out, peace!"
Candace,"Oh, no, no, no. Mom left me in charge, and I say you and your little friends are not going anywhere--"
Candace,"What if, uh... What if a wild moose, a whole herd of them, burst into the house and attack everyone?"
Candace,"Hello? Oh, hi, Stacy! Mom just went to the store, she left me charge, well, you know, conditionally."
Candace,"We just helped the Bettys write - Wait a second. Dennis, if you're here, then who's driving the bus?"
Candace,"Down, down, down, I know. But what about BFF's, or slumber parties, or busting your little brothers?"
Candace,"(Mumbles happily, then wakes up and gasps) Whoa, trippy! I'm having one of those lucid dreams where I'm aware I'm dreaming so I can control it."
Candace,You don't fool us! You're just here 'cause you know the treasure of Zachariah Yore's on this planet.
Candace,"Bye, Jeremy. It was nice hanging out with you, too. All day. (giggles) Did you hear that? We hung out all day."
Candace,"Secondly, I don't like the outdoors, okay? I don't like bugs. Phineas, are you even listening to me?"
Candace,"(high fives Stacy) You and me, baby! Of course, we'd have to learn to shoot a bow and arrow, and build a rope bridge..."
Candace,"No! (Slams door) No, I'm not! (Rushes out back) My perfect cake done! (She unveils the cake to have the strangest assortment of tiers, ranging from fish bones to a chicken cage at the bottom) No! My perfect cake! Mr. Delivery guy, come back! (Candace runs past a window only to come back to see her disheveled appearance) The horror."
Candace,"Yeah, hold your horses. (to Phineas, picking up a pitcher of orange juice) I mean, it's bad enough in our own backyard, but at least that's stationary. (pours orange juice)"
Candace,"Mom! Mom! Mom! (growls in frustration) I'm gonna need some backup. (Calls Stacy) Hey, Stace. Wanna come over and help me bust my brothers?"
Candace,"(walking outside) Aha! The boys did it again! Big, dangerous, bustable: prime for megabust! (lifting cell phone and dialing a number) I'm calling Mom right now!"
Candace,"Boy, that was a close one. Lucky for them I was there or we'd still be trying to escape that—T. REX!"
Candace,"Aren't you being a little overly dramatic? I mean, really, what's the worst thing that could happen?"
Candace,"Phineas and Ferb are the matter. This day was ruined, and I didn't even get to hang out with Jeremy."
Candace,They're around here somewhere. (she sees the bubble) Ooh! Ooh! (laughs crazily) There they are! Headed for the old drawbridge! You're mine! (The jet-pack slams into the back of the car and starts rocketing it forward)
Candace,"Okay, everyone take off your shoes. I don't want you tracking mud in here, metaphorically speaking."
Candace,"Hi, Mom. Stacy and I are gonna have lunch here at the mall so we'll be hanging out a little longer. (Stacy shows a ferret headband to Candace as she gives Stacy a thumbs up)"
Candace,"(from her window) Phineas, do not go anywhere. (walks into Linda's room) The ninja outfits, they're still there! Hurry! Wait till you see this. (drags Linda on her chair with her outside)"
Candace,"(shift downward to her, wandering around; imitating her father) ""Oh, Candace, go find us some food."" Yeah, like a quart of ice cream is just gonna fall out of the— (The strawberry ice cream from the escape cone lands on her head.)"
Candace,"Yeah, and she's super cool, foreign accent, snake wrestler, high-diving, natural hottie, Nicolette."
Candace,"What's wrong with you, Perry? Don't you wanna get clean, you dirty little... (Perry kicks her; she lets go of him) Whoops! Where'd he go?"
Candace,"Apropos of nothing, I wonder what Mom is doing. I could just call her, y'know, slowly and casually."
Candace,"Mom, I told you, we had our helmets on. (To Jeremy) So your cousin Nicolette was trapped on a video game level?"
Candace,"(throwing the camera in the garbage) Yeah, yeah. Candace is crazy, but the monster is safe. (Nosey appears out of the water and smiles at Candace.) Oh, great. Look who finally showed up! (Nosey kisses her.)  Fine."
Candace,Jeremy!! Jeremy Jeremy Jeremy Jeremy Jeremy!!! You gotta see what the boys built in the backyard!!! (drags him)
Candace-2,"We were supposed to go out, but things kept getting in the way. I didn't have any time. I was busy."
Candace,(bursts into the garage) Phineas! There you are! This is all your fault! That machine of yours has made me lighter than air!
Candace,"Okay, we'll just finish this wall and then we'll still be able to make it to the... (lets go of a ply-board she was holding and then waves) Oh, hi, Jeremy."
Candace,What!? Get out of the way! Wait! Wait! Wait! Wait! Wait! Did I hear you just bust Phineas and Ferb?
Candace,"Being cas-u-al, so cas-u-al. No vested interests whatsoever. Time to catch up on my correspondence."
Candace,(Riding her bike) You can't ban me from Bango-Ru conventions for life. I ban myself! (Looks at Meap) What kind of toy are you anyway?
Young Candace,"(on video) Okay, that one creepth me out a little bit, but that should be no problem for you, Future Candathe!"
Future Candace,"Mom! You never saw them and you still never see them! It's not fair, it's not fair, it's not fair!"
Candace,"Okay, five-year-old me. Here we go. (She timidly sticks her hand into the box, only hesitating for about a second.) Gotta reach it! (The spider sticks out one of its legs.) A little...bit...further! (She grabs the fuse.) That's it! I got it!"
Candace,"Mom, think! If Jeremy found the perfect gift for me, then I have to find the perfect gift for him!"
Candace,"Same old, same ol' yadda yadda ya bledolbledolbledolbledolbledolbledol. That's been my day so far. (starts lowering herself onto an Inator)"
Candace,"(Monotone; **Instrumental: ""****Shimmy Jimmy""**) Let me introduce you boys to (takes out toy) Shimmy Jimmy, (demonstrates its climbing function.) the must-have toy of the century. (hands to Ferb) It's totally awesome."
Candace,"Stacy, you gotta get over here! I think the Mysterious Force is contacting me through the bathtub!"
Candace,"Those kids are so busted! All I have to do is bring this to Mom. (tries to lift it) Wow, it's heavier than I thought."
Candace,"I hope there's not gonna be a lot of singing in this thing. (sighs) How much further is this ""Bustopolis""?"
Candace,"So, i-i-if you're a fugitive from the Alliance, can't they track your remote signal here to Earth?"
Candace,"No it's not! It's my head! And you're getting crumbs all over-- cru... all over... cru, cru, cru--"
Candace,"Huh? Oh, that is the most adorable thing I've ever seen in my life! You guys made a Bango-Ru doll?"
Candace,"Jeremy, I no longer have the desire to bust my brothers. We can take our time. (A lizard hops by. Candace notices it.) Whoa, look at that."
Candace,(Pushing Linda towards the fence) Come on! Come on! Come on! This time I've got an eyewitness. (gestures toward the house with eyes closed) Go on. Go on. Tell my mom everything!
Candace,"Oh, by the way, Jeremy's gonna be here soon. Please try not to embarrass me in front of him again."
Candace,"(She is taking a video of herself with her phone) Hi mom, check me out, I'm flying away in an alien spaceship with Phineas and Ferb! I am so busted!"
Candace,"I don't know Stacy, I got a bad feeling about this. What am I going to do if it isn't even edible?"
Candace,"Mom, Dad, and everyone in Danville will be waiting in Badger Town to see me cross the finish line!"
Candace,"Yeah, and not only did we save the world, but I did everything I promised five-year-old me I'd do!"
Candace,"I know. Here's the thing. If we have Darth Vader's socks, what exactly did we give the commander?"
Candace,"Really? Did I ever tell you how much I love you? They're this way! Hurry, hurry! They're in here!"
Candace,"Ferb, you're not an alien!...uh, you're about to launch? You guys are so busted, I'm getting Mom! (And off she goes.)"
Candace,"So if there's another me, and another them, then there must also be a Jeremy Johnson here, right?"
Candace,"(singsong) I don't know if that's what it iiiis, but if you simply look in the backyard, you'll see iiiiit!!"
Candace,"Okay, bird! You'd better give me my phone or I'm gonna rock you to sleep...with a REAL rock! (rim shot on the cell phone again) Ugh!"
Candace/Perry,"Oh, you think? You guys better change me back now or I'll... Wait... Jeremy's gonna be here soon!"
Candace,"(to Stacy on the cell phone) Ok, Stace. I'm all set up. Nothing could get in between me and some good old fashioned vitamin D!"
Candace,"I have to meet Jeremy in the park today, but I can't go unless I get this busting out of my head!"
Candace,(dusts herself off and shouts in her brother's face) Can't you just be normal for one day?!? All you had to do was make a little lean-to for survival.
Candace,"Alright, today's book is Smorky the Giant Rabbit's Family Picnic. (rocks back) Heh! I'm a little fidgety. Yes?"
Candace,"Were to see her brothers engaged in some potentially reckless activity,... (gets elbowed) Ow! THAT was childish."
Candace,"Jeremy's mom is hosting a benefit for endangered animals this afternoon, and I wanted a new look!"
Candace,It used to be. Wait a second. You guys are good with wires and gadgets and stuff. Can you fix it?
Candace,"Is that all? Pfft. Well enjoy your lame, colorless marathon. I'm heading back. (She starts to leave, then looks back at the screen) Wait, who's that?!"
Candace,"Okay, so you think that Phineas and Ferb are still under that stupid tree in the backyard, right?"
Candace,"(Lands in the pool) Oh, my gosh. I could've been killed. I'm so glad I had my lucky charm. You totally saved my life."
Candace,"(she, who has been laboriously fanning herself, immediately stops) No, no, not at all! I mean, isn't that what you said you liked about me? That I don't ""overheat""?"
Candace,"Okay, so you think that Phineas and Ferb are still under that stupid tree in the backyard, right?"
Candace,"(on her cell phone) Mom, you've gotta see what Phineas and Ferb made. I don't know what it is, but it looks horrible."
Candace,"Well, it's red, see? And there's some red detailing on that collector thing, so it's gotta be it."
Candace,"…and then I was just about to share a smoothie with Jeremy when a coconut dropped on my head, and"
Candace,"Phineas and Ferb, you've gotta open this safe and tell me what's inside!!! It's drivin' me crazy!"
Candace,"Here ya go, Dad. Drink lots of water. (gets out her phone and dials) And where's Mom?! (The head of the robot opens up and Perry grabs the water bottle from the robot's hand and squirts lots of it inside.) She should've been here a long time ago!"
Candace,"I got the fennel pedal all the way to the rutabaga metal! And yes, I know it's a weird sentence."
Candace,You eat some pie and then lay down in that old sensory deprivation tank we keep in the basement.
Candace,Aha! (gasps) I can't believe it. Everything is still here. There it is! They built an animal translator!
Candace,(dragging her mom outside) C'mon! C'mon! You'll never believe it! Phineas and Ferb made the world's biggest banana cream...
Candace,How do you only manage to see this one? Why only mine? (walks towards the gate) Wait! Come back! This is so unfair! Wait!
Candace,"Well, if they wanna play superhero, then we're gonna play super-villain. Call me The Dangiraffe."
Candace,"Well sir, this is your lucky day! (Clears throat)  ""To think, to dream, whether 'tis nobler to love, I know not."""
Candace,"Okay, listen Stacy, there was this blast, and I was sitting next to Jeremy, and somehow we got--"
Busting Candace,"You know, ""blah-blah-blah. Jeremy is so amazing. Hearts, rainbows, and unicorns, blah!"" That me."
Candace,"Wait, wait, my kingdom… my Jeremy… it was all so beautiful…! (panics, at Phineas and Ferb) What have you done to my paradise?! (pants)"
Candace,"Oh, nice to meet you, D. D. (giggles; the car horn honks from out front.) Mom and Dad? Back already? This is going to be the bestest day ever! (runs off)"
Candace,"Yeah, yeah, yeah. It's another one of their cool rides. Just get behind us and help us watch it."
Candace-2,"All right, Doofenshmirtz, what do you know about robotic picnic ants and a fist-full of cyborgs?"
Candace,Dream! (pause) So none of that really happened. I never actually busted Phineas and Ferb. I am so happy.
Candace,"Well, I'm going to prove it to you and bust my brothers at the same time! Where are my brothers?"
Candace,"Well, let me tell you something kid. It wasn't easy. But the Forest Fire Girls really needed me."
Candace,"Ooh, I almost forgot. Perry was in the dream too. He was like a super-secret agent or something."
Candace,"Well, if it's still here in the morning, I'm gonna bust you guys. (yawns) Your'e goin' down, down, down. (goes back to bed)"
Candace,"Oh nothing, just taking the what-kind-of-teenager-are-you-quiz to unlock my true teen identity!"
Candace,"Yeah, for me! (throws victory bell upwards) Woo! (kicks it, picks up die) I totally creamed you guys in that game. And now, I'm gonna bust you for it. (Candace runs into the kitchen, die in hands and eyes closed.)"
Candace,I'm easing my way into the driver's seat. I start with what's familiar then slide into the new.
Candace,"Okay, you guys are so busted, and I have the evidence right here on my body. (runs off) Woo hoo! Mom! Mom!"
Candace,Why do they even have parties for two-year-olds? It's not like they're gonna remember anything.
Candace,(Dreaming) Paris... French girls and... Jeremy... Iguana playing an oboe... (She sits up and calls someone) Stacy? I am freaking out here!
Candace,"No, no, it's just that I saw you and it was like...it was like my teacher wearing a cowboy hat!"
Candace,"I'm coming. Just a few more feet. (she opens the door for the Johnson family) Jeremy, and the whole family, welcome to our humble dwelling."
Candace,"Hum. Well, they have the wrong sundress. It's okay, but it is not as great as this. (sees the moths on the dress) **AAAAAH!** (runs inside)"
Candace/Perry,"(takes a pink mirror from a nearby box; screaming) I'm an ugly, smelly platypus!!! I'm a platypus! I'm a platypus! I'm a platypus! I'm a platypus!"
Candace,"Mom, Mom, Mom, Mom! You gotta see something in the kitchen! (grabs her arm and drags her, only to spill her coffee) Come on, come on, come on, come on!"
Candace,"You'll see! Everyone will see! (Cackles maniacally. She dumps the paint on the spot where the ride was, causing the paint to splat on the grass. Candace drops the paint can) I don't understand! I don't understand! (Tries to feel the ride) I just don't understand!"
Candace,"No, Mom! You've gotta see what Phineas and Ferb are doing! They're a building a roller coaster!"
Candace,"Wait, no! I-I mean I've got to put you on hold. (picks up other call) Stacy! Wow, I can't believe you're still there."
Candace,"No time for dry, witty remarks! Must move! Move, move, move, move move! Move, move, move, move!"
Candace,"(coming out of the car and grabbing her mother again) Mom Mom Mom! Dinosaur! Follow me! Haha, ha, ha, the boys are so busted this—Hey, where'd it go?"
Candace,Detectives? Perfect! I know what you're going to do today! Track down my little Mary McGuffin.
Candace,"My gosh! The kids! (to Jeremy) I'm gonna get you a lemonade refill. I'll catch up with you in a bit, okay?"
Candace,"Wait, what am I doing? (Reveal she is on a forklift.) Stacy, get me off of this thing! I need to see what the boys have done!"
Candace,"Bye, Mom! Yes! You heard her. We can't bug Dad which makes me in charge… by default. (pauses) Carry on."
Candace,"I'm double-booked! If you count Stacy, I'm triple-booked! Oh, darn my endlessly giving nature! (Phineas speeds past the door.)"
Candace/Jeremy,"(In unison) This is Candace/Candace, it's Jeremy. Jeremy? Candace? (Both laugh) Okay, you go. Okay, you talk, you talk. (Both laugh)"
Candace,"Good question. (Puts her in the rocking chair) You get to be today's first reader. I'll be right back. Go on, you'll do great. (speeds off)"
Candace,"Nice work, Stace! That last mega-wallow in the Razzleberry Swamp puts us back in second place. (lets go of the vacuum, which attempts to suck the rug right up)"
Candace,"Oh, please, Stacy, I've got everything under control. Let's tackle the Mountain King's dishes!"
Candace,"But, Mom, Stacy and I are this close to kicking leaderboard butt in Ducky Momo's Golden Quest!"
Candace,"You see, Mom?!... (then, upset) Absolutely nothing. Oh, I am thinking some very unladylike things right now."
Candace,"...Okay. Where did you get the... (notices Linda and Lawrence) Mom, Dad! Thank goodness. The strangest thing just happened."
Candace,"(sobs) But it was all right here! Oh, why did I think anyone would believe me?! I was a fool! (sobs again) A fool!"
Candace,Let me get this straight. You are going to allow me to pick what you are going to build today.
Candace,What am I going to do? I can't beat Jeremy's grandmother. And I can't let my grandmother lose.
Candace,We're gonna have to join the mole people! I'll become their ruler! And you guys my underlings!
Candace,"Noooo!!! (splashes through fountain and coughs) Stacy, I found 37 cents! Raise the bid! Hello? (her cellphone fizzes out) Oh, stupid non-waterproof cell phones!"
Candace,"Fine! Ok, if that's the way you feel, I'll just get somebody else to help me bust my brothers."
Candace,"Oh, Mom, you're home, you're home! But, uh, I-I think you should go back to the grocery store."
Candace,"Jeremy? (hangs up) Is this a butt dial? He's out getting food without me! Oh, forget it! (sulks) Worst life ever!"
Candace,"Awesome, thanks! (hangs up) Whew, now all I do is wait. While I sit on top of the crate for safe-keeping."
Candace,"(cntd.) (Laughs) That is so humiliating! I have to send this to Jeremy, and Jenny, The Track Team, Chicago Joe-"
Candace,"(from the phone) Heather Magazine says I'm... (Cut to her) an emo teen!! An emo teen, Stacy! I don't even know what that is."
Candace,Those kids next door are building a fort and I will be annoyed if theirs is better than yours!
Candace,"Jeremy. (A couple seconds later, she slaps herself) Who, me? Oh, yeah! Yeah, I'm a big fan of those, those uh, uh... that red one is cute!"
Candace,"What? You can't give up! No coal means no steam, and no steam means we can't make up the hill!"
Candace,"Well, Jeremy is taking me roller-skating tonight. And I thought I could use a little practi... (Screams)"
Candace,"Well, that's easy for you, Phineas! Look at all the things you've done. Summer belongs to you."
Candace,"Not in this life! Sayonara, amigo! (stomps across the runway in anger) I am so telling Mom, and you guys are so busted! (falls into the crowd) I'm okay!"
Candace,"Code red, busters! The condor is on the wing! I want feet on the ground! It's real this time!"
Candace,Phineas and Ferb built a really dangerous magic show in the backyard! You've gotta bust them!
Candace,What?! Nooooo!!! But it doesn't matter. (tosses camcorder in sink; picks up Linda) I know where the last obstacle is. Hee-hee-hee-hee...
Candace,"(With her eyes closed) Look, look, look! Okay, tell me you don't see a giant, enormous Ferris wheel in the backyard!"
Past Candace,"A-ha! If you won't show my mom what's going on, I'll show your mom! I'm all the proof I need!"
Candace,"Lovely. Well, I suppose things can't get any worse. (Rain splashing) Oh, look. The world's first bad hair day."
Candace,"Tow line? Do you mean... thiIIIIIS? (She gets pulled by the jetski but they get seperated) Hey, wait! Why is this happening to me? No more bad luck!"
Candace,(Gasps) Phineas and Ferb! With technology that's slightly more advanced than what we have today. Mom! (She runs off.)
Candace,"No, no, no! When Mom's at her cooking class, I'm in charge. Now, what are you up to out here?"
Candace,"Well, we're finished washing the outside of the bus. It nearly killed us, but we're finished!"
Candace,"I knew it was— (Is hit by a newspaper) Blech! ""Superhero comes to Danville."" Well, they're about to get super-busted!"
Candace,"Oh no, really it's-it's okay. It's nice to have a little space from him. Oh look, our drinks."
Candace,"No, no, no! No busting today, Candace. (changes channel) It's just gonna blow up in your face. Taking a me day."
Candace,"Let's see, in 1933, St. Louis created a monument to Western expansion in America. This thing."
Future Candace,"You know, sometimes getting what you want isn't what you need. You'll find out as you mature."
Candace,"You may have infected everyone else with shoelace tip madness, but not me! They don't matter!"
Candace,"I don't know, Stacy. I don't think it worked. I still want Phineas and Ferb to go down, down-"
Candace,"Like rollercoasters, building to the moon, stampeding cows...stuff like that just disappears."
Candace,"Never mind that! Phineas and Ferb are rolling through town on a giant ball of water! Come on! (She grabs hold of her mother and runs, while the fruit hat falls off her head, just like her mother predicted.)"
Candace,"Yes. Yes! I am really stuck in my life! Omigosh, Mysterious Force, you really understand me!"
Candace,"Jeremy, come on! (gasps; sees the salon up ahead) The salon! Tell my mom she has to look out the front window in ten seconds!"
Candace,"You might think it's your doll, but it's not. I'm going to have to ask you to please let go!"
Candace,"Don't say it, Auntie T, I failed you! I turned your special day into the worst wedding ever!"
Candace,"Ahh, a nice relaxing day at the beach. Nothing but the waves, the sun and peace and quiet..."
Candace,"I'm doomed. (ends up on shore with a manta ray stuck to her head) I'm cursed. (at the boys) Phineas, Ferb, I need your help. I can't get rid of this tiki charm."
Candace,There! His message light is still blinking. That means he hasn't retrieved his pictures yet!
Candace,"She's right. I've been taking my life for granted, and I'm sorry for wanting to destroy you."
Candace,"See Jeremy, that's my surprise. They're taping here in Danville and I've already entered us!"
Candace,This is an actual living creature that uses carrots for food instead of science experiments.
Candace,"Step five is initiate the bust! If Mrs. Sweetwater heads to the movie theater, we're golden!"
Candace,"Yow! Brain freeze! (groans, sighs) So anyway, as I was saying, how nice is this to be taking a little break—"
Candace,"Phineas and Ferb floating in midair? Ooh, they are so busted this time. I've gotta find Mom."
Busting Candace,"Mom, Mom, Mom, Mom! She's here! I have Candace here with me! Come out and look for yourself!"
Candace,"W-wait, come back! Our letters! We have to write them quickly! (Sticks her tongue out to put on the stamps) I already licked the thampth!"
Candace,"Or else? Like, what do you-- What do you mean ""or else""? (gets on her bike) And again, what's with the accents?"
Candace,"Cutie Patootie, I got your chowsie-wowsie! (gasps) Oh! Stacy, he's gone! Where do you think he went?"
Candace,"Phineas--? (sees him being interviewed) On TV? (Stands up) TV! That's it! They are so busted! Can you wait here for a second? (zips off, but comes back) Thanks. (zips off)"
Candace,"Nothing to be scared of? There's the never-ending, icy-cold, soul-sucking darkness of space!"
Candace,Ow! Mom... Ow! I'm... Ow! Jeremy... Ow! On the way... Ow! Are building... Ow! Croquet... Ow!
Candace,"Hello? I'm Candace the me and- (Gets knocked over by the group) Whoa! Guys, you're making me look bad in front of the Wizard."
Candace,"You don't understand! It was nothing, and then it was flying and.. They made it out of dust!"
Candace,"Oh, no, you don't! We're staying on this sidewalk 'til we meet the wizard and you're busted."
Candace-2,"Huh? Oh yeah, Johnson Jeremy, leads a three-man strike team on the north side. Good soldier."
Candace,"Wait! Stop! How did you--? (Growls in frustration, then walks toward Isabella the Good Witch) Alright, Eyeball girl! Where do I go to bust someone around here?"
Candace,"Hey, Jeremy, can I borrow your phone? Thanks. Erase photos bust boys erase photos bust boys!"
Candace,"What is that thing? It's like a nightmare, or... (Notices the projector Phineas and Ferb are using to create the monster) a lucid dream. Of course! Phineas and Ferb!"
Candace,Fun? Are you kidding? I didn't have any fun! I followed the yellow sidewalk like I was told.
Candace,"Yes, in ""The Ballad of Klimpaloon"", I will be playing Klimpaloon. Check out my Klimpy style!"
Candace,Phineas! The only way you're building a haunted house in this backyard is over my dead body.
Candace,"Wait. So does a non-ferocious, friendly lake monster exist? Do you have proof of that? Hmm?"
Candace,"Mom!!! (She runs up to her and shows the picture on her phone.) Finally, indisputable photographic evidence of dangerous and irresponsible behavior!"
Candace,"Pssh. Most girls. I guess I'm just cool like that. Yup, love me my video games. (A poodle pops up) Who's this?"
Candace,"Well, doesn't look like there's anything bustable going on yet. (takes a seat) I guess I could kill a few."
Candace,"Run for your lives! (The crowd screams as they see the beasts, who suddenly shrink back down to their small size.; Cut to the finish line as Linda and Lawrence are waiting.) They're coming! The chinchillas! It's too late for me! (dropping in front of her parents) Save yourselves! (Cut to her on the ground as the chinchillas run on top of her. She laughs as they tickle her.)"
Candace,"Oh. (Chuckling) That's what I thought it said. It's funny, I kind of thought you guys were avoiding me."
Candace,"(Laughs nervously) (Phone rings) Hello? Oh, hey, Stacy. (To Linda) Mom! Stacy just told me the boys built a huge gorge in the backyard!"
Candace,"Well, it's right over there by all those spider webs. Be a pal and grab it for me, will ya?"
Candace,"Mom! Oooh! They're leaving! Mom, get out the turret molds. We've got a sandcastle to build!"
Candace,No! How could this be?! It was supposed to work this time! Don't you have anything to say?!
Candace,"(Sighs) Okay, guys, you gotta change me back! The Flawless Girl auditions are in a couple of hours!"
Candace,"Yes, Danville, U.S.A. D-A-N-V- ...Yeah, D, like in Dantible Farumbi. (The monkey reaches for the phone) I'll only be a minute."
Candace,I can totally relate! (Doofenshmirtz starts walking away) Like from the beginning of today it was pretty bad. Like I'm all off.
Candace,"I like your enthusiasm, but you gotta keep your head in the game. Sometimes, things can go—"
Candace,"That's fascinating. But, I'm on my way to Bustopolis to ask the wizard to bust my brothers."
Candace,"Mom's home. Perfect! (runs to her) Mom, Mom, Mom, Mom! Wait till you see what Phineas and Ferb have done!"
Candace,Dad! Dad! I caught the balloon and the judges gave us some points for the longest distance!
Candace,(on the phone) Phineas help! Jeremy's mom thinks I'm an orangutan and is trying to return me to the wild!
Candace,"(offscreen) This is it, Stace! The Golden Treasure of Utter Momosity! Oh, no, you don't! Leap of doom!"
Candace,"Hey, Grandma, that was really fun! I thought it'd be lame and I'd hate it, but, I had fun."
Candace,"Come on, mom! Let's set up! I can't wait to see your face when they get going. Just watch."
Candace,"(on phone) Yeah, Stacy, the boys are putting on a game show! And I'm the star! This'll totally do it!"
Candace's Brain,(while Candace blocks the door) Mom can't see this! We don't want to get Jeremy in trouble! You've got to keep Mom inside!
Candace,"Stacy, what am I going to do? Jeremy's coming over to take my picture for his photo class."
Candace,(Clears throat) I'm looking for a book on scientific investigation and disappearing objects. Got anything?
Candace,So you're telling me you're not even the slightest bit curious as to where the thing goes?
Candace,"Excuse me. (At Phineas and Ferb) Can't you see I'm busy? (At phone) Yes, I'm still here. Hold please! (At Phineas and Ferb) Would you guys scram?"
Candace,"Jeremy, it's beautiful! I really really love it. Thank you. Wait, hold on. Where's Buford?"
Candace,"Uh, Phineas, the holographic thingy shows that the Earth is moving in the wrong direction!"
Candace,"Fun?! What about my cell service? Get back to work, you lazy ants! Your queen commands it!"
Candace,"No! (grabs her mother, on her headset) Is the pea in the pod?! Is the pea in the pod??! What's up with the pea?!?! (They finally get into the backyard.) Not again!"
Candace,"Any piece of metal? Well, then why do they call it ground? Why don't they just call it me- (She turns around and sees Doofenshimrtz's spaceship reaching to grab her)"
Candace,"(on the ""phone"") I know, Stace, I can't believe I lost another one! I'm gonna go out of my mind without it!"
Candace,"—it comes down, that's great. We can bust Phineas and Ferb and be done in time for dinner."
Candace,"Anglophile? I thought your family is from Wisconsin. I mean, just when you think you know-"
Candace,"Ha! All photos erased! Now, onto the boys! (runs up to the gang) Hey, just so you know, Mom's on her waaaaaaaay— (Candace steps on the platform and the contraption activates.)"
Candace,"Oh, my precious, little good luck charm. I'm so glad I found you. (trips over a tackle box) Whoa! (face plants into the sand) Well. (Gets carried off by a guy caught by a parasailing fella due to his fishing rod catching him) AAAAAAAHHH!!"
Candace,"(exits the mall, wearing glasses.) Ugh! I told Mom I don't need glasses! (takes off glasses) What the-- (A PFT bus drives away.) Uh, No! No! Wait! Uggggg... (Candace stops. She turns around, notices a PFT poster on a building and smiles) MMMMMOOOOM?!? (She runs back inside.)"
Candace,"That's it, boys. Good work. (to Stacy) It seems they've built some sort of lame town in our backyard."
Candace,"Sorry I couldn't make it to your Brazilian jiu-jitsu competition, Stace. It was chore day."
Candace,"(Gasps) Jeremy! Oh, my gosh! I spent so much time busting my brothers, I forgot about the concert!"
Candace,"Oh, there's Kilimanjaro! Phineas, Floria and Abdul's rocket is ready! That's all of them!"
Candace,"(Looking out of her window) Let's see how the rookie's doing on his assignment. (Quirky Worky Song in the background) Hmm, not bad. I kinda like his style."
Candace,"Sh'ya! Now preliminarily test his heap, and back to work. And what is this thing, anyway?"
Candace-2,"Look, this isn't our fight, it's their fight. And you two shouldn't have gotten involved!"
Candace,"(A piece of their sandcastle falls off) This is horrible! Jeremy's gonna take one look at this, and think I'm a big losery loser!"
Candace,"Oh, that's okay. I'm out-sourcing today. Everything will still be here when you get back."
Candace,What do you want for the 1965 Northern Llama Rancher's Association commemorative creamer?
Candace,"No! No, no, this is a great thing! Oh, it's the nicest thing anyone has ever done for me!"
Candace,"Oh, better. Thanks, Grandma. Can you believe I actually thought Perry was a secret agent?"
Candace,"Hehehe, he doesn't suspect a thing. (pauses; suddenly nervous, sighs) I just hope this works... (sits on her bed) 'Cause I don't have a clue."
Candace,"Uh, you know, music. You guys don't know what music is? Well, it's like...it's like this."
Candace,"I got two words for you, Mom. Gel-a-tin. I am sick of it! Sick of it! Totally sick of it! (Snorts)"
Candace,"(At herself) I can't do anything right, even with two of me! I can't bust my brothers. I can't even..."
Candace,Ferb Latin? I should have known Phineas and Ferb were behind this! (to the boys on TV) You are so usted-berb!
Candace,"Oh, like you've never tampered with the delicately balanced, yet awesome power of nature."
Candace,(leaning out her window to see the ship) Phineas and Ferb are leaving on a cruise ship- but I don't even know where they're going!
Candace,"(writes in a notebook) Honestly, you can't close your eyes for one second around you boys. (to someone) Hash browns or fruit?"
Candace,"Okay, I've already been the Queen of Mars. I don't need to be the Monarch of Mole People."
Candace,"Mom, listen. The boys have caught a Chupacabra. You have to get home quick and bust them."
Candace,"Sweet, with Buford as my busting stooge, now I can concentrate on more important things. (Candace turns on the TV)"
Candace,"Okay, I'll go collect the coins in the Cocoa Campground. Now to get the laundry started!"
Candace,"(as Gary Frank) Oh, right. Yeah. Your girlfriend ordered pizzas. (clears throat) Uh, so, yeah, what do you think of her?"
Candace,"Oh, my gosh, Stacy, have you heard? ""About what""? About Jeremy, he's on a TV commercial."
Candace,"No problem. You stay right where you are, and I'll bring my mom over! (Starts to leave but comes back) Heeheeheeheehee..."
Candace-2,"(stoic) What? No. I was about to frolic down the hillside. I'm all about this whole ""fun"" thing."
Candace,"You did what I said and got a step three clue! Mom, are you getting the busting tingle?!"
Candace,"Oh, right! Like you need me to tell you that. The question is, what do you want from me?"
Candace,"Fill orders, fill orders. (takes and gives a bag) Hi, enjoy your meal. (to the next car) Come again. Enjoy your meal. Bon appétit."
Candace,Thank you. You do realize I'm still gonna have to bust you for making me go to Timbuktu?
Candace,"(screams) (Presses the brake pedal) Unh, unh. There's something wrong with the Betty Brakes, and I can't stop the autopilot!"
Candace,"You know, you know. Disguises, lip balm, sledgehammer. (pushes her mom out the door) Let's go, go, go, go, go, go, go!"
Candace,"(Holding up a t-shirt) Oh, how cute. Ferb's torso is so tiny. (Upstairs; at Ferb) Oh, there you are. You know, that movie was so..."
Candace,"No, I refuse! Quickly, Rainbow, we must away! Fly, now, fly! On, proud beauty! Fly, fly!"
Candace,"Yeah, yeah, let's get this party started! Lob it over! (She catches the die, ""6"" appears on it.) Six! So long, losers. (her sneaker moves) One, two..."
Candace,"Molasses. Well, I think I'll call you something...slower than molasses, that's for sure."
Candace,"(sarcastically) Oh, yeah. The excitement is killing me. Seems like a good time to wonder where Perry is."
Candace,"Whoops! I guess your party's gonna have two vampire queens! What are the chances, right?"
Candace,"Well, I guess that's kind of a punishment. But come on, Mom, that's all you're gonna do?"
Candace,"Look, if you're going to destroy my chance at stardom, I think I deserve an explanation."
Candace,"Yes! Now stick your fingers in your ears. (Sergeant sticks his fingers in his ears) Perfect! Now go, ""La la la la la la la la la!"""
Candace,"(Wakes up) No! No! Huh? No, it was all a dream. A crazy, wild, fantastic dream, and I blew it! Huh? (gasps)"
Candace,"(Puts feather-earrings down) Uh! Yeah, so last Tuesday, Ah hah. I-I would never wear something so Tuesdayish of last."
Candace,"(laughs) I'm so neutral, so, whatever. But these bumps in the asphalt so wonderfully avant-garde."
Candace,"We seem to be breaking up. I-I'm going into a tunnel... Sunspots, I-- ¡No habla español!"
Candace,"Mom! Phineas and Ferb are doing nothing! Nothing, in a relentless effort to ruin my day!"
Candace,"Great. Let's find us some cutonium. The sooner we get started, the sooner we get busted."
Candace,(Still at it) Pink gorilla suit. Battle of Danville commemorative dentures. A cane with a cobra on it.
Candace,"So what do you think? Soak, steam, sauna then shower? Or shower, steam, soak then sauna?"
Candace,"Oh for Pete's sake! (She walks over to the window) Buford, I'm trying to read this! (She sees that large Troy Castle) What the heck is going on out here?"
Candace,"Seriously? Birdwatching is so lame. (scoffs) I had such a good feeling about busting today, too."
Candace,"Agh! Well I guess that could've been a lot worse, but thanks to my lucky charm I guess-"
Candace,"Well, we're gonna go see if the wizard will grant our wishes. Uh,...do you have a wish?"
Candace,Just a sec mom! (She goes outside) Aha! Wait a minute. Are you guys just out here arranging kiddie wagons?
Candace-2,"Don't play smart with me, villain. You're behind the attack at the park. Now, spill it!"
Candace,Wait. Somebody's judging me. (she looks outside the window. The chopper flies away) Phineas and Ferb! You are **SOO** BUSTED!...For something!
Candace,"I got it! Ha ha ha! Ah ha ha! (shouting to the entire street) Today, I will bust my brothers, and this time, I mean it!"
Candace,It's just the legs and the hair and all those eyes! And why do they have so many eyes?!
Candace,"Lady, you've got to help me! You've got to come down here and tell my mom all about it!"
Candace,"Yes! Third on the leaderboard, baby! That digital Ducky Momo trophy...will...be...mine!"
Candace,"(Cuts to Candace and Lulu sitting on the doorstep, with Candace holding a plate of pie."
Candace,"It's hot dogs. How hard can it be? (gives Stacy some fries) Here, fry something. I'm gonna go etgay the onephay. (runs off)"
Candace,"Oh, yeah, totes. Just hangin' out, rockin' the wet lo— Oh, who'm I kidding? Look at me."
Candace,"Oh, and pimple cream, loofa pads, body tape, hair dye, cucumber slices, fungal cream..."
Candace,"Okay, Sweetwater let us know she likes to read outside, and... Bingo! There's the book."
Candace,"I finished recording, Irving's uploading it to the Fireside Girl mainframe as we speak."
Candace,"I'm not gonna help you. But as soon as I figure out what you're up to, I'm calling Mom!"
Candace,"Sounds like a plan! (At Stacy) A plan of busting! (They high-5, at Phineas) All right boys, make it big and make it obvious."
Candace,"Billy Ray. I-I love it when he turns left... and then he turns... left again, and then-"
Candace,"(to a Secret Service guy) I want you to take the limo, pick up my mom and dad and bring them back, stat! (The Secret Service guy salutes and leaves.) Oh yeah!"
Candace,What?! (drops her megaphone) Have you lost your minds?! You've completely humiliated me in front of everyone!
Candace,"That's it, you little psycho. I'm calling Mom. (she slams the door; then opens it.) And I am NOT using the banana this time! (she slams the door again.)"
Candace,"Welcome, everyone, to the Big Bust! Today you shall bear witness as I bust my brothers!"
Candace,"Look, if we catch those two droids, we'll be promoted off of sock detail. Let's drift!"
Candace,"Your little friend, Isabella, she's a Fireside Girl, right?! What's her patch number?!"
Candace,"Tracking the treasure case's trajectory, it ended up in Missouri sometime around 1933."
Candace,"Wow, really sounds exciting. I'd better get started. Book club is in three hours. Bye."
Candace,"Besides Stacy, they wouldn't put a twenty on it if it weren't meant to be used, right?"
Candace,"Oh yeah, I've been feeling great ever since I decided to heed your advice and give up."
Candace,"Morning, Baljeet. Got to get an early start today. You kids chat, I'll get the thingy."
Candace,"Okay, fun's fun! Now everybody, back in your seats! Now if we just keep watching it..."
Candace,(smiles and nods) Finally! Someone who relates! Listen to how annoying Phineas and Ferb are. One time...
Candace,DON'T TALK CRAZY! You gotta teach me how to be all Anglowishy and ladylike and proper!
Candace,Exactly. (Laughs) Because who doesn't love whatever happens at one of those... Those... Things?
Candace,"So all my friends need some time to themselves, huh? (Dons her bike helmet) Well, not without me they're not."
Candace,"Well, my summer's been a series of failures. (Sadly) I have a hard time believing in anything."
Candace-2,"(deep voice) Who made the topiary out of wild parsnips? I'm allergic, and it's messing up my voice!"
Candace,"Yes, ""I will not attempt to bust my brothers more than once a day."" I remember. But--"
Candace,Mom? Why are you just standing there? Sand castles don't build themselves. Chop chop!
Candace,"Yeah, yeah, you're hilarious. Listen, I need you two to get me out of this situation."
Candace,"(Comes out of submarine) What? I've got to save the camera! Save the camera, save the camera, save the camera!"
Candace,Wait! Mom! (growls) I hates when she does... (imitates static) ...but it doesn't matter. I'm not going anywhere.
Candace-2,"Wow, I haven't thought of anything but busting Doofenshmirtz for years. I don't know."
Candace,"Those two are sooooo busted!... (She enters the room; but the boys are already here.) ...For lolly-gagging in bed? (The parachute is seen outside, caught in the window and deflating.) That's not like you two."
Candace,"(as they climb up the machine) Oh, would you look at this? If I wasn't so depressed, my brothers would be so busted!"
Candace,"Well, I guess we're riding our bikes to the car show. (They walk to the garage) We can wow them with our irony."
Candace,Ha! I'd like to see you keep their contraptions from disappearing at the last second.
Candace,"(gasps, happily) Oh thank you thank you thank you thank you! (exits then enters again, angrily) I mean, you are so busted! (exits again, then enters again, happily) But thank you!"
Candace-2,"Look! It's the Ferb-borg! Get behind me, Phineas! I'll hold him off as long as I can!"
Candace,Did Jeremy just say hedl call me in a little while? (gets out her phone and dials) How long is that supposed to be?!
Candace,"Oh, it'll come back down in just a little bit. Just in time for me to get my bust on."
Candace,"Now, you two are so... (Gasps) Where'd they go? (goes off-screen and Ferb comes on) Come back here! No, put the power drill down!"
Candace,"Perry, I'm sorry I got you into this mess. Forget about me. Save yourself if you can."
Candace,"Uh, I think we should bust my brothers. Yes, um... when I was the queen of Mars, I..."
Candace,"'Cause I'm gonna be on you all day like... like a book on a shelf! No, that's stupid."
Candace,"How did I just miss you? Mom? (to Phineas and Ferb) Work, work, work! (to Linda, knocking on door) Mom, come out of the bathroom, quick!"
Candace,"What? No! Mom, they had giant dangerous... with a... (snaps hockey stick over thigh) It's not fair! (throws down gloves, gets into fighting stance) It's so not fair!"
Candace,"Well, disbelieve no more, 'cause I've got it right here! And it's not going anywhere."
Candace,Finally some real Rebel-busting! (takes off helmet) This is why I joined the Empire in the first place.
Candace,Can't you just make up some kind of reducing cream? Or an amazing shrink ray device?
Candace,"Oookay, I'll just watch you guys, and take notes for my book club. Buford, continue."
Candace,"You want to come to the backyard with me, Mom... You want to come to the backyard..."
Candace,So this is a French film subtitled in Spanish. Why is that lady wearing a goat head?
Candace,"First of all, it's not camp. It's just Grandma and Grandpa's cabin, and it's boring."
Candace,"Phineas and Ferb! You are soooo busted! Well, I don't need this goofy thing anymore. (tosses her huge poofy hat out the window)"
Candace,"There's a new sheriff in town! (looks up to see her seemingly huge brother) Wait, what? Phineas and Ferb, what did you do to me?!"
Candace,"Okay. So, let me think of a question... Hmm... How many states in the United States?"
Candace,"I'm telling Mom right now. (Running into the house.) Mom! Mom! Mom! (Crashing noises from inside.) Mom, you have to come out to the backyard."
Candace,"(Continuing to trade the various items) Battleship hat. Coffee grinder pogo stick. Take these letters home, evil angel suit."
Candace,"(Laughs) Nosey? Yeah, I'm so sure. There is no such thing as a Lake Nose Monster. Right, Dad?"
Candace,"(While carrying a surfboard) Okay, be cool and confident. Cool and confident. Hey, Jeremy! (Jazzy music plays) So, what do you think?"
Candace,"Wait, wait! Don't you think they're a little young to be big-budget movie directors?"
Candace,(angrily) You guys are so... (excitedly) AWESOME!! Wow! I never thought it'd turn out so beautiful! Right?
Candace,"(approaches the gang) Ugh, are you guys seriously just throwing sticks at things? That is so not bustable. (leaves)"
Candace,"Mom, just turn your head, and look up! (The car drives away) But...but...but... (Jeremy approaches Candace) but it's right...there...!"
Candace,"No, I'm at home! Wait, the harbor! That's where they're going! I'll bust them there."
Candace,"These two have really done it this time, Mom, (with eyes closed) look at what they did to the backyard!"
Candace,"A stampede through Downtown? I mean, who does this? Those two are gonna get it! (Screams) Oof!"
Candace,"Yes, that's it, they're plotting. And you know what that leads to. Implementing-guh!"
Candace,And frozen orange juice?! Really?! (dumps orange mix into a pitcher of water and pants) I can't breathe. Where do we keep the paper bags?
Candace,My present? How could you? I lost it. But I found the memory. It's right over there.
Candace-2,At ease. He's still a prisoner. I'm just using him to get into Charlene's penthouse.
Candace,"Phineas and Ferb. (gasps) They did this to me, they can undo it. (her body finally grows to the size of her head) **AAAAAAAAAAAAAAAHHHHH!!!**"
Candace,"Yeah, that makes a lot of sense! Maybe—Hey, wait a second, are you making fun of me?"
Candace,"Look at them down there. Planning something. Oh, I'm gonna bust them today for sure."
Candace,"No! If you can't see it, I should leave while I still have a shred of dignity left (Candace puts on her helmet with the poodle now biting it and rides aways sad)."
Candace,"I'm curious what the back of your chair looks like, can you turn around and show me?"
Candace,"So, when Mom looked in the mirror on that thing I built, she saw what you had done?"
Candace,"Phineas! Ferb! If you can hear me, grab the life preserver and we'll pull you back!"
Candace,"There's Ferb's box way over there. Oh, who am I kidding? I can't go way over there!"
Candace-2,"Giant mechanical ants! My brothers are in trouble! On your feet, kid, it's go time!"
Candace,"I guess I know you as well as you know me, my bowl full of jelly. Here's your gift."
Candace,(looking through a telescope) Looks like the fight's begun! Now make the powers blast out...down there and stuff.
Candace,"(rushingly picks up her cell phone) Jeremy! Yes? Yes! We'll see you in a bit. Thanks. No, you get off the phone- (phone disconnects) Hello?"
Candace,Will you stop squirming? You're a platypus. It's not like you have somewhere to be!
Candace,"Whatever they build is gonna disappear. Mysterious Force, why must you be so cruel?"
Candace,Great! See you at four! (off the phone) Yes! Today is the day that I bust Phineas and Ferb! Woohoo!
Candace,"Unicorn-pony rides, non-dairy frozen treat ice cream ice skating, bouncy sidewalks."
Candace,"Take me home, take me home, take me home, take me home, take me home, take me home!"
Candace,"Who's having fun now?! It's like boredom's a bad rash, and I'm a shot of cortisone!"
Candace,"(There's a short silence while she thinks before she gets a determined look on her face) Like I was saying, you and your little friends are not going anywhere...without me!"
Candace,"Mom, these aren't babies that look like Phineas and Ferb. This is Phineas and Ferb."
Candace,Candace. And are you kidding? I've been trying to get a good scoop all summer long!
Candace,I'm just taking in the ride and not worrying about what Phineas and Ferb are up to.
Candace,"(covering her mouth with her hand) Will you excuse me for a moment? (runs off to a table with an elderly couple sitting at it) Umm, I just need to see this spoon for a- (uncovers her mouth and sees the mustache growing on her face and screams. She then hides under the table and calls her brother.) Phineas."
Candace,"(She growls) I have got to get out of here. (She tries to grab a spear from a knights grip) Let go! Come on, let go! Fine! Have it your way. (She picks up the armor, and smashes through the door, yelling.) Ow. (Soon after the armor becomes undone, and Candace lands in it, making her look like the Black Knight. She grunts, trying to get it off)"
Candace,"(gasps) I'm me! Glorious me! You did it! You guys are soooooooooooooo... (notices Linda, inhales) ooooooo... busted!"
Candace,You guys are gonna be so busted when I show Mom what you did to those kiddie rides! (leaves)
Candace,"I can't be a part of this race. I mean, what if we win? Would Jeremy still like me?"
Candace,"Yeah, yeah, but is it like, laser-activated, nuclear powered, supersonic ping pong?"
Candace,"(looks at the DVD, then at Phineas; she starts bawling) WAAHH-HHHAHH! I can't do it! Not on his birthday! I mean, what kind of person am I? (smashes the DVD with the wrench)"
Candace,I don't get it! Everybody was blowing raspberries and speaking this crazy language!
Candace,"Right, come on, come on. You gotta see what the other bots are doing! C'mon! Hurry!"
Candace,"But, Mom, it's true. The boys built an elevator to the moon in the backyard today."
Candace,"Pfff. People and their silly trends. (to Linda) Hey, Mom, can I get a pink streak in my hair?"
Candace,"Ohh, I must have fallen asleep... Wow, am I relaxed...I wonder how long I was out?"
Candace,"Oh, I forgot all about that! That's so unlike me! I never forget a promise! (Her cell phone rings. She picks up.) Hello?"
Candace,"Well, it's not perfect but... we had fun doing it, so, I give you, our sandcastle."
Candace,"(The boys begin testing the car behind her.) Mmm-mmm. Yeah, I do, Mrs. Garcia-Shapiro. I need to talk to her if you don't mind."
Candace,"Teddy bear stuffing! (covers her mouth, close up on Ferb, close up on the audience) Be a star, Candace! Be a star! Be a star! Come on! Be a star!"
Candace,"THF? What's that? Some sort of sound system? (Stacy presses a red button, reading ""THF"". The tree house slowly transforms into a robot) Uh, Phineas? What does THF stand for?"
Candace,"I stand corrected. (leans out of her bedroom window) Mom, Phineas and Ferb built a giant fun house inside our house!"
Candace,"(Screams) I'm a fly?! How is this possible? Phineas and Ferb, you are so buzzzzzzzzted! Mom!"
Candace,"Like—- Ice! It's summer, it's hot, people want something with ice, okay? Make ice."
Candace,"You guys are so busted! (Linda's car horn sounds.) (Gasps) What's that I hear? Oh, that's right. It's the inevitable."
Candace,"Alright, ladies. I've got a crew, I've got a plan, I wanna bust. Questions? (Stacy raises her hand) Stacy?"
Candace,Spy cameras? Wouldn't it be easier to just show my mom what Phineas and Ferb make?
Candace,"No-n-no-no, I can multitask. I can bust the boys while we document Perry. No prob."
Candace,Ahhhhh! Sorry. The Flying Car of the Future...Today is pulling a bit to the right.
Candace,"Well, if you're not paying attention, we're having... chocolate donuts for dinner."
Candace,"It's really more in the cheeks. Like this: ""Nang nang nang nang nang nang nang..."""
Candace,(to her phone) Look Mom. We're digging up the entire northwest United States! You okay with that?
Candace,"Commander, Commander, there's a Rebel in a dress recording something into a droid!"
Candace,(chuckles) I knew that! I'm just showing you how silly it is to be afraid of a little spider.
Candace,"Yeah, okay. Just make sure it's still here when I come back with my mom. (On the phone) Mom! Mom!"
Candace,"Okay, Mom! (to Stacy) And you know, I'm even thinking about giving up on busting my brothers."
Candace,"(unknowingly glues Stacy to the wall with gray wallpaper) Oh, Stacy, don't you just love how Jeremy buckles his tool belt on the third loop?"
Candace,"Yeah, so I'm standing there, and Jeremy comes over and says (pauses to correct her words) certain things. And..."
Candace,"Oh, I know what you're gonna say. Of course you can take over the whole operation."
Candace,"(runs down to the backyard) Oh, no! Phonsie! Oh, what have they done to you? (picks up the phone's debris) Hello? Hello? Can anyone hear me?"
Candace,"(Notices Perry) Oh, there you are, Perry. (Perry tiredly lies on the stone walk; she then pets him) At least you're still around. Do you like wearing pink?"
Candace,"Yeah, but it wouldn't fly over 2,000 miles of water! Buford, why are you helping?"
Candace,"Ka-ching! Okay, I'll go in and get them, you stay here. This could get dangerous."
Candace,"(Her eye twitches; takes her phone out and begins dialing.) I gotta call Mom! They're gonna be so... Oh, no, they don't! I'm taking a me day!"
Candace,Do you know how frustrating it is to have a single unrealized focus in your life?
Linda and Candace,(Linda getting up with her purse) Which means back to school errands for me and making the most of the day for you.
Candace,"Maybe I should sign up. (Laughs) Just out of curiosity, when is the Mid-Summer's Festival?"
Candace,"(sighs) When I was at Vanessa's, I may have accidentally intentionally pushed the button."
Candace,"(She covers up Jeremy's lips to stop him from snoring) So, I hear there's a ton of vintage clothing stalls at the street fair this year."
Candace,"(screams) Hey, don't you know it's rude to sneak up on someone who is trying to spy on you?"
Candace,"(Puts on glasses shaped like the sun) How about these? Do you think Jeremy would like them? (Gasps) Ooh, these are even better!"
Candace,"Only the latest looks from the world's greatest fashion designer, Gaston Le Mode."
Candace,"Mom, Dad! Hurry up!! And it's a mix of Winter and Summer! (Linda and Lawrence come out; with her eyes closed) They call it: S'Winter."
Candace,"Sorry! I'm back, I'm back. Resolution... kicking in. Oh look, here come the boys!"
Candace,"URRRRRGH! (ties hair into a bow) But, but, but, but, but, but, but, but...but...but...but...but...but..."
Candace,"Well, it's nice of you to take an interest, but they're not even in the backyard."
Candace,"Ooh, I'm gonna tell Mom, and when she sees what you're doing, you are going down!"
Candace,"Ha! ""Gals."" Yeah, that's me, ""the gal."" Gosh, when did you start calling me that?"
Candace,"The squeaky wheel may get the grease, but that frozen wheel is so getting busted!"
Candace,Wait! Maybe I should have carried the one instead of dividing by Jeremy's face...
Candace,Wait! Hold that thought! I'll be right back. (She runs over to Linda in her usual fashion.) Mom! Mom! Backyard! Now! Biosphere!
Candace,"Well, yeah...but...this isn't really...oh, wait. You're totally messing with me."
Candace,"When Mom hears about this-- (Sees two people) Hey, wait a minute. Where did you get those outfits?"
Candace,"(sarcastically) Uh, yeah, well, my pleather jumpsuit is at the cleaners and I feel underdressed."
Candace,"No, no, no. You could only see it from their observatory. Come on, come on. See?"
Candace,"(offscreen) They got away! (The Stormtroopers run in.) We've got to follow them! C'mon, we'll take the other escape pod!"
Candace,"I get it. You want to come to Bustopolis and ask the wizard for coolness, right?"
Candace,—my brothers are here and they're safe! (She runs up to them and hugs them.) I'm so glad that you guys are all right!
Candace,"Oh... well, I guess, but-but what do you guys do around here for, you know, fun?"
Candace,"(Hoarsely) Yes! Yes! This time we've got them, but you need to get the boys in the picture. (Giggles then coughs)"
Candace,Wait a second. They don't belong in a place like that. I know what I have to do.
Candace,"Oh, yeah. And you've got...""it,"" mister. So, uh, let's see. Uh, close your eyes."
Candace,"Oh! Why didn't you say so? (Walks into the backyard) Wow, this is so beautiful—Wait a minute, are these--?"
Candace,"(slipping into busting mode) Not a thing. Which is weird. What are they up to? (Talks fast) Love you, Mom, gotta run, bye!"
Candace,I was just checking to see your approximate arrival time at the Flynn household.
Candace,"(taking off mask) Look everybody, it's me. Candace Flynn. I'm who you love! And I love Ducky Momo!"
Candace,(takes the safe) Sure. I'll give it to them as soon as they finish their Ferbian Knot. Don't ask.
Candace-2,"It's okay, Major. You've got your animal agents back. I think you can handle it."
Candace,Or-Or you could have made a gigantic slingshot and shot us back to the mainland!
Candace-2,"(showing a map) From there, we go up the ventilation shaft. The detainment center is on Level 4."
Candace,(leaning against the door) Hey! I thought we weren't going to bring up the clothesline incident ever again!
Candace,"You obviously don't know me. Nobody does. And if somebody did, I'd just deny it."
Candace,"I am so gonna get it right today! (runs past the kitchen table) I can feel it in my— (notices Lawrence and Linda eating cereal by dumping it into their mouth or eating it with their hands and comes back to the table) Um, ever hear of a spoon?"
Candace,"Waiting for things to get dangerous, so I can call my mom to come bust the boys."
Candace,"Me, too! (car horn honks) Mom's home! Yes! (grabbing Phineas) C'mon! Let's go tell Mom! Let's go let's go let's go!"
Candace,"Got it! (to Baljeet) Here, Dr. Genius Boy! Take this and check out the space-time continuum."
Candace,"Mom, you have to see this! Phineas and Ferb built a giant maze in the backyard!"
Candace,"So how does it feel to have your platy-posterior handed to you on a plate, son?"
Candace,Ugh! It's like living with a bunch of monkeys! Just look it up on the computer!
Candace,No! Behind the bus! (honks horn) They were building some kind of contraption! I'll show you! (swerves left)
Candace,"What? Didn't I specifically tell you not to do specifically, exactly just that?"
Candace,"No! No, no, no! Go! Shoo! Keep moving, nothing to see here. (To Jeremy) Now, where were we?"
Candace,"Stacy, what happened to your voice? (transports to Easter Island) Oh, how did I get here? PHINEAS AND FEEERB!"
Candace,This is the end of a perfect day. My very own sandwich! I can't wait to try it!
Candace,Are you joking? How could you make me the evil villain? Now everybody hates me!
Candace,What if a... (gasps) What if a satellite falls out of orbit and crashes into the house? (smiles)
Candace,"Oh, no, you're not! Can it bake a pie? Can it train a seal? Can it give change?"
Candace,"I don't believe it! (to Phineas and Ferb) Hey, you with the Death Star plans, you guys are so busted!"
Candace,"No, I know. But they'll know what to do about it. (banging on the door) Come on! Come on! Let's move!"
Candace,"Stop, stop, stop, stop, stop! (The ball stops on a railroad) (Sighs) Oh, good, it stopped! (Eyes widen) WAIT... (Notices a train coming via monitor) Go, go, go, go, go! (The train hits the ball, it rolls down the railroad and through a station)"
Candace,"Don't look at me! I have to get away from you, Jeremy! For your own protection."
Candace,"Cigar box banjo. An old time diving suit. A fur lined telephone, be right back."
Candace,"No, there are all these hairdo How-To videos online. They make it look so easy."
Candace,Cool! Thank you my Little Town of Bethlehem. I'll just hold onto that for you.
Candace,"Look, it was an accident! But I can still help! I know that the villains will—"
Candace,"Great! You're all together! Look, I need you guys to help me find my brothers!"
Candace,"The rodeo? I love rodeos! Wait, do I love rodeos or is that because I'm a fly?"
Candace,"All right, you busy bees, you're back on the clock! (whispering) B. B. Busting. (normal, on phone) Hello, Mom?"
Candace,"Great! Start workin' your magic and, no pressure, but it's gotta be PERFECT!!!"
Candace,"But but... Ah, forget it. Sometimes, it's just not even worth that last ""but""."
Candace,"(Gets up) That explains why you're dressed in costumes from ""Giant Losers: The Musical""!"
Candace,"Oh, I'll wear a ninja outfit, all right! Then, I'll bust the whole lot of you. (walks off, Phineas is on her back)"
Candace,(Still hanging on by the table) Hahaha! Did I ever tell you I'm thinking of taking gymnastics next year? Haha!
Candace,"Mrs. Sweetwater should've left her house by 11:45, so the coast will be clear."
Candace,"¡Oy, caramba! I've got to tell Mom! Now where did she say she was going again?"
Candace,It's obviously some lame attempt by my brothers to cheer me up. I'm not going.
Candace,Wait till Jeremy sees how hot I am in my smokin' cave girl outfit. (Her phone ringing and she picks it up) Ooga-booga!
Candace,"Oh yeah. Yeah, where can we get a grappling... I know it's right over--! Oops."
Candace,"(Laughs) Part of the fossil exhibit, that's a good one! (Laughs) Oops, gotta go. (Runs off) That was close."
Candace,Poor Mom and her ring. But it looks like it's a day off from busting at least.
Candace,"Oh, what is this, hair? Gross! I bet you regret coming along with me now, huh?"
Candace,"Yeah, cool! Y'know, 'cause I'm so down with the ten-hanging and whatnot. (giggles) Yeah."
Candace,"Fine. They're like something else no one understands. Like, how you know that?"
Candace,"(breaks another cookie) ""Let the wisest among you light the way."" There! A light bulb! And an old guy!"
Candace,You're Blanca Dishon! I'm Candace. I'm here to become your next Flawless Girl.
Candace,"Really? Well, maybe I should go feel the love. (Puts head out of curtains, Tomatoes splatting) Love feels a lot like tomatoes."
Candace,I can do this. I can do this. I can do this. I can't do this. I can't do this.
Candace,That doesn't even make any sense! (beat) And that's not how forced perspective works!
Candace,"No, that why they make smart word box for tell monkey hard brain hurty things."
Candace,"For now, I am, and will always be, an older sister who is positive and mature."
Candace,"So, there you have it! Are you gonna bust them, or what? (stands up) Wait. (takes out a camera) Okay, go ahead."
Candace,"Here, look, look, look, look, look, see? I told you I'm not crazy! I told you!"
Candace,That could very well happen. What if he says no? What if he laughs in my face?
Bad Future Candace,"What? Where's the time machine? Excuse me, where's everything from the museum?"
Candace,So much for the direct approach. It's time we tried it Phineas and Ferb style.
Candace,I know what INAP means. Just get to the dangerous part I'm readying the phone.
Candace,"Mom, this is the first time both of our families have formally gone together!"
Candace,"Hmm... the last thing I remember is saying, ""How will we find Jeremy's gift?"""
Candace,"I'm gonna wait right here until the bustees return. Oh, and they will return."
Candace,"Ha... No spoons? No tigers? No Capris? Uh-oh, something's really going wrong!"
Candace,"You know, folding the map doesn't actually make these places closer together."
Candace,"Oh, I don't need that. I've got Flawless Girl cosmetics to make me feel good."
Candace,"Phineas, Ferb, we need to find Klimpaloon and bring him back within 24 hours!"
Candace-2,"Like sitting in a cold, dank prison cell without your little choo-choo train."
Candace,"(Buford gets on the ride as it begins to move, but she pulls him off) Not so fast! I knew it! You're giving up, and just going on the ride for fun."
Candace,"Any time now, they're going to do something big and bustable. I just know it."
Candace,"No, not okay! We have to have a real wedding. We can have it in the backyard!"
Candace,Ha! I forgot how strangely impressive you are at very specific animal sounds.
Candace,"One way or another, I'm gonna see what all you eyeballs are making back here."
Candace,(Candace runs in front of the lens right when Ferb takes the photo.) How many times have I told you to keep Perry out of my room?! (notices the teleports) What are those?
Candace,"Oh, look Mom. We are having so much dangerous fun with these massive pillows."
Candace,"Okay, I did not see that coming. Phineas and Ferb, this has to be their work."
Candace-2,"Gretchen, monitor the Doofen Channel. Make sure we're not raising any alarms."
Candace,(happily getting up out of the wagon and approaching Linda) Hey! This is amazing! (approaching and holding onto a chair) Today is exactly the same as yesterday! It's repeating! (leans her elbows on the chair back)
Future Candace,"(becoming the BAD FUTURE Candace) Oh thank goodness, it's great to be back... Home? (sees the strange future) Welcome to Danville? (looks around) Uh-oh."
Candace,"Jeremy? Forget this! (throws the rusted tin man away, a crash is heard) Oh, hi! I-I couldn't help, but notice that you're, um..."
Candace,"No time for the stand-up routine, Mom. You've gotta come out to the backyard."
Candace,"Argh! (At Jeremy) Jeremy, hold our place in line. I'm going out front to wait for my Mom."
Candace,"Wait! Where is that incredibly, huge, and dangerous thing that you all built?"
Candace,"Okay, there must be something bustable going on around here. (Notices the super computer; she drops her granola bar.) What...is..that?"
Candace,It's perfect! It's all futuristic-y and cool...and it dropped out of the sky!
Candace,Saving Klimpaloon is more important! Now go! (they split up) Nang nang nang nang nang nang... (etc.)
Candace,"(returns to the couch with a bowl of popcorn.) Five feet for popcorn, fine! (sits on the couch) Five feet to change a channel? I don't think so!"
Candace,"Woo-hoo! Yes, we made it! I knew we could, I knew we could, I knew we could!"
Candace,Okie-doke! (She pulls out her phone) Phineas will you hurry? We're heading to the street fair already.
Candace,"The problem is if I don't know where we're going, I don't know what to wear."
Candace,"Ditditdit! I don't need to hear the ""We Prepare for Every Eventuality"" song."
Candace,"I don't get it. What, do polite people not have bookshelves in your country?"
Candace,"(wearing British clothes) Uh, can we get out of here, like, now? Before anyone I know happens to see--"
Candace,"When Jeremy looks into its bright glow, he'll think of me- (Candace and Stacy notice the switch) Hey, what's this?"
Candace,It didn't say anything in the instructions about being lifted up in the air!
Candace,"Right behind you. Hmm. Your reign of terror has come to an end, Señor Frowg. (Tosses him into a trash can and then rides off. Meap sees Señor Frowg and shoots a rainbow death ray from his mouth, defacing Señor Frowg)"
Candace,This is so romantic. It's like we're going through our very own tunnel of l—
Candace,The thing they used to build these things is still in the backyard. Come on!
Candace,"The whole day doing exactly what I say! Okay, to get you into the mindset..."
Candace,Are you kidding? When I tell Mom what you guys are up to... Did you say fun?
Candace,"I don't get it! These things have been right about everything. I mean, look!"
Candace,Phineas and Ferb! I demand to know what it is that you've got planned today!
Candace,"Oh, you know, we're just over here helping and being all buildery and stuff."
Candace,"Yeah, but eventually, I'm gonna have my license. I think we should be ready."
Candace,"Oh, that's so cute. Of course, I'll take care of those things, Past Candace!"
Candace,Mom! Dad! Hee-ee-ee-ee... Look at what Phineas and Ferb did to the backyard!
Candace,"That won't work. Every time I try to get rid of it, my luck gets even worse."
Candace,"(cuts to Candace prettying up a guard) New law: everything should be pretty. (Guard sighs, pan out to reveal she...PAINED THE ENTIRE TOWN HALL?! Um okay, Cuts to Candace getting a makeover) New law: free makeovers for the mayor."
Candace,"I'm sorry Mom, but you've got to see this. Feast your eyes on... (looks and noticed the machine disappeared. Her mood changes) ...puddles."
Candace,(Scoffs) I'd be so lost without Flawless Girl giving me some pointers on how to look.
Candace,"Yeah, and we won the contest...and now we get to hang out with you all day!!"
Candace,"Yep, Stace, I promised five-year-old me that I'd do everything on that list."
Candace,Wah-hahahaha! Letters to Santa?!? Ahahahaha! That's for little kids! Hahaha!
Candace,But I need to call my boyfriend back. He has something important to tell me.
Candace,"Okay, I swear someone just said, ""Phine—"" AAAAH! Stacy, where have you been?"
Candace,(excitedly) Tell me. What did the boys do in the backyard? How much trouble are they in?
Candace,"I told you not to interrupt me. (At phone) Not you, don't hang up. (At Phineas and Ferb) This better be good!"
Candace,"I didn't even recognize you! Hey, wait a minute, why is this guy hugging us?"
Candace,You mean when you glued that hamster to my hair just to impress Billy Clark?
Candace,"Sandwich menu? ""The Candace Special""? (touched) Oh, you had a sandwich named after me?"
Candace,"(slams open her window) If you don't stop that racket, I am so gonna bust you... empty... backyard? (The wailing stops.)"
Candace,"Heeheeheeheehee... (the woman comes out) Yes! See? Mom, Lady. Lady, Mom. Now tell her everything!"
Candace,I think I put my Mary McGuffin doll in there by mistake. Have you seen her?
Candace,"All right, you guys better tell me what you were up to on that cruise ship."
Candace,Yeah. We did our training at the downtown branch to surprise you. (beat) Surprise.
Candace,"(dials phone) Mom, Phineas and Ferb and some... oven repairman apparently are building a—"
Candace,Phineas.. I don't see how an origami unicorn is getting us off this island!
Candace,"Believe me, I've B.L.A.R.F.-ed and N.A.R.G.-ed plenty. I've gotten nowhere."
Candace,"Oh, hi Grandma. How can you stand living out here in the middle of nowhere?"
Candace,"Oh, great, it still works. (at the phone's debris) Yeah, Phineas, I was just telling you that...uh! (realizes)"
Candace,"Ugh, this is taking forever! We'll never get home in time to bust the boys!"
Candace,"(Hoarsely) At least the golf course can't vanish if they're still in it. Come on, Mom."
Candace,"Really? I can just show her to—Wait a minute, did you just call it a ""her""?"
Candace,Phineas and Ferb are increasing public awareness of the shoelace tip thing!
Candace,"(Hoarsely) No, no, I can't. Did you, by any chance, tell them I was going to call mom?"
Candace,"Wow, I guess that was a lot of trouble to go through for a drain unclogger."
Candace,"(barges in from backyard) Mom, Mom, Mom! This time it's for keeps. Turn around, and look in the yard."
Candace,"Wow, you were right. This is quite a machine. Where did you get it, anyway?"
Candace,"(Wearing a lumberjack hat) Yeah, but the strap is cutting off my... (the hat rips off) I'm gonna need something stronger."
Candace,"This is unbelievable! (pours coffee) When Mom, sees this one, she's gonna completely flip!"
Candace,"Ooh, I love this song! Dance with me, Jeremy! (Conk screams and grabs and destroys radio; Fake laugh) Yeah, he really hates techno."
Candace-2,"What?! You brought my little brothers?! Are you out of your mind, soldier?!"
Candace,"(joyfully) I hope it's a girl! (at the egg) Come to Mommy, snooka wookums! (Bird squawking whale song) Huh? It was just a bird?"
Candace,"Trust me Stacy, as annoying as Phineas and Ferb are, they're usually right."
Candace,"Oh, that sounds like fun! But give me two minutes. (notices Perry sitting next to her) Oh, there you are Perry."
Candace,"Wow, good timing! Guess I leaked the St. Louis info at just the right time."
Candace,"(in her room) An electrical bike helmet? Lame! (she then lie down in bed then dials in her phone) Hey Stacy, you still wanna go to the pool?"
Candace-2,"Oh criminy, I must be crazy. Alright, we can get there through the tunnels."
Candace,"Stop! Stop! Stop! I challenge you, just as long as you don't sing about it."
Candace,The day I finally win. The day I get what I've been after all summer long!
Candace,"Okay, now I'm mad. (activates the ball and walks through the wall) You've outdone yourself, boys. Wait 'til Mom sees this."
Candace,Oops! Ahahah... Sorry... I-I was just wondering how your vacation's going.
Candace,"(putting her hands on her mom's shoulders) We never do anything together, okay? (Takes her mom's hand and drags her) Let's play a nice long game of chess."
Candace,"(Hoarsely) Poor Stacy. What was I thinking? Okay, Candace. Looks like it's up to you. (She gets off her bed. As she takes tiny steps her slippers squeak)"
Candace,"I'm sorry I missed lunch, Jeremy, but this weird guy made me go on a tour."
Candace,"Mom, trust me, it's mooses...or meese. Do you want me to get a dictionary?"
Candace,"Oh, Jeremy. You were gonna trade that in to get that cool, new silver one."
Candace,Mom! Dad! Heeheeheehee. Look at what Phineas and Ferb did to the backyard!
Candace,"Oh, uh, nothing. I just wanted to see what this stuff looked like outside."
Candace,"Hurry, Mom! You're nobody unless you're somebody in Glosstacular lipstick!"
Candace,"Just get over here as soon as you can. This time, it's gonna be different."
Candace,Mom! Phineas and Ferb made a Mom Attractor and it's in the backyard! (opens the door to the backyard) See?!
Candace,"Just lemme punch in my address... (The backyard and Foamtown appears onscreen.) Omigosh, I knew it! Look at that thing!!"
Candace,"(still in the bush, still making her ""bird call"") Koo-koo-koo-koo-kooooo! Ki-KA! Ki-KA! (Stacy walks up to her) Ooka-ooka-ooka-ooka! Eega-eega-eega!"
Candace,"Why isn't this thing going in? What is it? ""Righty-loosey, tighty-whitey?"""
Candace,"MOOOOOOOM!!! Mom, Mom! Scooch, Perry, I'm on a bust! Mom! Mom, Mom, Mom..."
Candace,"(Dragging Linda out by the arm) No really, I swear the old lady is there in the window right now! I swear!"
Candace,"Ohhh, stop being so close-minded. (girls walking through house/apartment) For instance, what's my biggest problem?"
Candace,"Uh, that looks like a footprint from the beast that tried to eat me alive."
Alternate Timeline Future Candace,"Phineas, we're from the future—two alternative futures. One that's good..."
Candace,"Uh, guys, what are all these red flashing things heading toward my rocket?"
Candace,And isn't it cute when he gets that little wrinkle on the end of his nose?
Candace,First of all: Ew. Why would you eat that? And second: I'm not a pizza boy.
Candace,"Wait, that's not what happens! Your stuff disappears! Not Mom! Your stuff!"
Candace,"(points at Phineas) Now, don't say another word until we get back. (she points at Ferb) And that goes for you, too."
Candace,"Maybe. (She glances at the clock) No-Keep it rolling, keep it rolling. (She continues) Beginning Section 25, part 17."
Candace,The delivery guy brought it while you two were camping out in the mailbox.
Candace,"(rings the victory bell) Woo! Thirteen wins in a row! Yeah, baby! (takes victory bell off its string and shakes it) Ding, ding, ding! A victory bell!"
Candace,"(to the robot) Well, you look a lot better. Let's head on over to the water balloon toss."
Candace,"Come on! It'll be fun! And you'll be cool! And by extension, I'll be cool! (She smiles.)"
Candace,"PHINEAS AND FERB! Alright, you two, what do you have to say for yourself?"
Candace,Um... here's the thing. It's uh... I—I just don't know if you'll like it.
Candace,"Uh, heh, hey, Jeremy, um...yeah...I'm just trying to reach the top shelf."
Candace,"(Talking fast) Here it is, Mom, I'll show you! If you'll just give me a quarter, please? (She sits in the ride.)"
Candace,"Hurry, hurry! Come on, come on! They used a snow cone machine to build --"
Candace,"Yeah, yeah, yeah. Now the important thing: To get Mom out here. (Hoarsely and quietly she yells) Mom! Mom!"
Candace,"Did you hear that? Even in England, my brothers have some scheme planned."
Candace,"You heard her, right? No noise. I want you silent, and invisible. Got it? (leaves)"
Candace,(on phone) MOM!!! You have to be home in nine minutes or less! It is very important!
Candace,And now for the themed gelatin sculpture part of our get-together. Stacy.
Candace,"Get my brothers to bust themselllllllves!!!!!! (walks up to them) Hey, boys! What'cha doin'?"
Candace,"Phineas, Ferb, you are so busted! What is this thing? Get me out of here!"
Candace,This is it. All I need to do is get Buford away from that computer and...
Bad Future Candace,"Change of plan! Come on, I'll explain later. We can't let Candace see us. (Pulls Future Candace into a parking lot)"
Candace,Maybe it's a secret spy plan. Or a glass eye! Or Abraham Lincoln's beard!
Candace,Hello? Hello! What do you have to do to find a cell signal in this place?
Candace,"One measly rocket on one mountain isn't going to move the Earth, Phineas."
Candace,"Wait! I don't have to ""but, but, but"", I have the Perrytronic 3000! (runs off) Mom?!"
Candace,"But, Mom, they had a machine that would turn things into smoothie, and..."
Candace,"(In backyard) Mom! Mom! The cheese mountain remains, but the people have fled en masse!"
Candace,No! There were actually ants the size of people! (puts crown on head) See?! I was their queen!
Candace,(runs up) No no! No no!! It's gone! My worst fear has come true! I totally blew it!
Candace,"What? (looks up) Ugh. You know, with the day I've been having, I didn't even notice."
Candace,"(from inside) But, Mom, you've gotta believe me! (cuts to her.) Wait a minute. I bet it's still on TV! (runs off)"
Candace,"Yeah, well... (The Bust 'Em truck arrives in the background) Okay, okay. You guys keep doing whatever it is you guys do."
Candace,"...and four. And breathe. Whew, just doing some stretching. Oh hi Jeremy!"
Candace,"Yeaaah. (Inhales) Okay, see you there. (closes cell phone) Oh, Perry! Come here, you little meat brick."
Candace,(sighs) I don't suppose it's Dress Like a Cowboy and Get Your Dinner Free Night.
Candace,"Wait. Hang on, Jeremy. (at Perry) Okay, eww! Off the couch, go on. Get out of here."
Candace,"Yep! Goodbye, childhood folly. Hello, carefree, undemanding, adult life!"
Candace-2,"Everyone, to the front, now! We're gonna have to cut loose these cars..."
Future Candace,"Amanda, I'm taking a short trip today. While I'm away, you're in charge."
Candace,I was only trying to help but all I did was mess things up. (sigh) I'm useless.
Candace,This time the boys are so busted! Have you seen what they've been up to?
Candace,"Oh my gosh! Stacy, I'm, like, in a stampede! It's like-- (Falls into a mud puddle, cows mooing) Uh, just a sec."
Bad Future Candace,"How long have I been away? That's strange. Joe's, Joe's, Joe's, Joe's..."
Candace,"Hey, Jeremy, isn't this a great party? (Conk grabs her by the waist, and picks her up) Jeremy, you're so primitive. Woo! (Her cellphone rings)"
Candace,Mom? Mom! Drive up to the window! You gotta see what the boys are doing!
Candace,Why would I go back to being a nobody when I could be the queen of here?
Candace,(as Gary Frank) You mean sweet like thoughtful or sweet like so sugary or gonna be sick?
Candace,"Yeah, Mom. One minute really is going to make that much of a difference."
Future Candace,Fantastic. Just keep doing what you're doing and be nice to your sister.
Candace,De-de ge-de de-de-de-de daaahhhh... (sulkily) I guess I can return Vanessa's DVDs.
Candace,"Mom, Mom, I finally caught them! (With her eyes closed) Ta -- (opens her eyes, sees there's nothing there) Dah...? AAAAAAAAAAAAAAAHHHHH!!!!!"
Candace,"Hold it there, fella! Nobody's doin' any busting around here without me!"
Candace,This restaurant didn't exist yesterday! I demand to be let in right now!
Candace,You mean to tell me you built a time machine that has to be plugged in?!
Candace,"Just out of curiosity, what's going to happen to this train after today?"
Candace,The submarine? The shrinking ray? They're really gonna build that stuff.
Candace,"Oh, ye of excessive sarcasm, (She opens the crate) I present to you...the elusive, Chupacabra!"
Candace,In time for what? Talking weird and hunching over like a praying mantis?
Candace,"Nah, been there, done that. (Guiserblint leaves) Wow. Absolute power bores absolutely. (Her phone rings, she picks up) Hello?"
Candace,"What if I told you, that Phineas and Ferb captured an actual Chupacabra?"
Candace,"Don't play with me, young man. Where is the giant platypult they built?"
Candace,"(nervous) Uh, yeah! I'll be up in just a second. I just got something I gotta do. (Closes door)"
Candace,"Great, I knew I came to the right place. Here's the deal: I'm the star."
Candace,"Alright, alright, jeez! Don't take it out on me; I'm the good guy here! (She leaves)"
Candace,"No, wait! They'll just end up doing something weird and ruin the party!"
Candace,But I'm not a kid. I'm a young adult. Can I do something with you guys?
Candace,"Oh, okay. (Agent P jet packs his way down behind her, takes off his fedora and goes back into mindless pet mode.) But if anyone calls offering me a concert deal I'm takin' it!"
Candace,"Then everyone turns them on, and the Earth goes back to the way it was?"
Candace,"Mom Mom Mom, you gotta see what Phineas and Ferb built in the backyard!"
Candace,Obviously my relationship with Jeremy depends on it! So you'll help me?
Candace,"We've got to get to Jeremy's phone, come on, we're going to Slushy Dog."
Candace,"Oh, yeah. She looks pretty psyched. Hey, did I see Perry on the invite?"
Candace,That does look kinda fun. Maybe I should... totally bust them for this.
Candace,"Oh, no! It's one of those stupid birds! (runs back into the house) It's two of those stupid birds!"
Candace-2,It is what it is. I'll do whatever it takes to protect the ones I love.
Candace,Pfft! Forget it! I thought Fireside Girls were supposed to help people.
Candace,"No problemo, Mom! You're lookin' at the queen of mul...ti...tas...king!"
Candace,"Isabella, (points to a big red button) I think this is the button that will release the superpowers!"
Candace,"Ooh. Okay, let's get out of here. (to Buford and Baljeet) You guys, too. I could use your help."
Candace,"No, no, no, stay, stay! I'm really enjoying this quality time with you. (kisses her)"
Candace,"Baljeet, this seminar is for high school kids. What are you doing here?"
Candace,"Uhh eh Une moment. Can you tell me... Oh, ""Pouvaise-vous me dire"" uh..."
Candace,"Well, at least the beach is empty now. (to Jeremy) It makes our lives a lot easier."
Candace,Pssh! Child's play. I could bust him with my hands tied behind my back.
Candace,"I may not be able to hear you, but I can see you! If you stay in range!"
Candace,(screeches) The hideous light of the day star! (gasps) I am a vampire. I must hide myself! (runs inside house)
Candace,"Oh, Mom, what are you, a robot? You gotta do the same thing every day?"
Candace,"Ugh! Vanessa, just give him some blush and get him out of here. Stacy!"
Candace,Stay away from Jeremy! Is this a giant jukebox? Have you told Mom yet?
Candace,"Hey, we could set a trap and catch Mitch redhanded trying to steal it."
Candace,Jeremy?! Hi! (She stutters) So what brings you to the magnificent shores of Danville?
Candace,"Heeheeheeheeheeheeheehee! This is gonna be epic! (She opens the gate and runs through.) Okay, Mom! (She gets zapped by the inator.) Here I am!"
Candace,"Ah! Oh, my eyes hurt! (to a picture of Jeremy) Oh, Jeremy, you're the only one who understands-"
Candace,"Wait, this conversation suddenly interests me. What are you making me?"
Candace,"Wait, he's right! I should just ask it! I'll bet I can reason with it!"
Candace,(Laughs) It worked! Your miracle growth elixir has turned you into giant nerds. (Walks away)
Candace,"Look, I don't have time to explain. Just get me back to the way I was."
Candace,Pfft are you kidding? Did you know a referee makes most penalty calls-
Candace,"Oh, really? A little donut-shaped pool toy is gonna save the universe?"
Candace,"(running up with Stacy) Yo ho, Captain Kidd, we need your ship. My brothers are in that shark!"
Candace,Phineas?! Ferb?! (Sees Perry) Oh there you are Perry. (enters backyard) Where is it?! What happened?!
Candace-2,"(smiling) Actually, it looks like your cyborg army may have changed their minds."
Candace,"Oh, Jeremy! I always dreamt... (Now it hits her.) Wait a minute. That's it! I'm dreaming!"
Candace,"(using her video phone in the living room) Jeremy is so cute, especially when he's in his Mr. Slushy Dog Uniform."
Candace,"Let's see, who should I call first to hang out with? (Holds up cell phone) How about Jeremy!"
Candace,"No. (climbs back up) Today, I face my fear! Back off, spiders! Candace is in the attic!"
Candace,"(opens door) What is all this? (snow falls on her, and growls) Fake snow, fake house, and who are all these people?"
Candace,"Okay, what are you doing (Walks up to Isabella and Gretchen) and what does it have to do with my brothers?"
Bad Future Candace,(Gasps) They're gone! Let's get back to the time machine and get out of here.
Candace,"Hey ugly! Drop the twerps you freak. (The Boss does so, and walks toward Candace) Nobody picks on my brothers but- (The bosses knocks Candace over, causing her to lose the hair dryer, and diminishing her health)"
Candace,(pointing at her brothers) Wait a second. How did you guys get so big? (gasps) And why is my hand green?
Candace,"(reaches it) Hey, get back here! I'm gonna bust you two if it's the last thing I-- (The cliff crumbles from her body weight, and she falls. She is barely hanging on to a tiny little crevice in the rock and hyperventilating)"
Candace,"Why did I get the big slow heavy one?! Guys, vacuum at three o'clock!"
Candace,"Aha! Wait. Giant hands? That's not nothing, I guess. I'm getting Mom!"
Candace,Is that another Chaka Khan reference? 'cause I thought I was clear...
Candace,(still fighting between her two halves) Busting. Boyfriend. Busting. Boyfriend. Busting? Boyfriend! (Giggles) Coming!!!
Candace,"Wait, really? Did you get Phineas and Ferb and the rutabaga vehicles?"
Candace,"(comes into the garage with an gleeful look on her face) Come on, Mom, hurry up! (at Phineas and Ferb) You're busted! (The ray from the Shrinkinator hits the teleporter.; With her eyes closed) See?! see?! It's right there!!"
Candace,"Oh, no. No, no, no, no, no! There's no way I'm getting on that plane!"
Candace,"""Where's your costume""?! I haven't worn my hair like this in 2 years!"
Future Candace,"Phineas, I'm a fully grown woman and I didn't understand any of that."
Candace,"Gross... but foretold, Stacy. Preordained! What's next? What's next?!"
Candace,Working? I'm impossible to get! And now Jeremy's playing hard to get.
Candace,What if space-harpies descend from the sky and have it for breakfast?
Candace,"Reckless endangerment, disrupting traffic... Ooh, they are so busted."
Candace,...giant head shaped like Phineas and superheroes! But...but...but...
Candace,What's going on? Wait! Come back! (At Meap) Who was that? (Meap pulls out the photo of an alien) That was your father?
Candace,"No! No, I have to stop them! They're destroying the city with... fun!"
Candace,"Hurry, Mom! There are huge balloon animals and they're making us fly!"
Candace,"Really? See, if they watch more domestic horror films, they'd know..."
Candace,"But I gotta go get my mom, and this is the shortcut to the gift shop!"
Candace,The Grievance. So scary no one over the age of 45 will even watch it!
Candace,Where are they? All I need is a metal shark and a mom to bust her by!
Candace,"(offscreen) Can't we go any faster! Come on, steer this thing! Go go go go go go!"
Candace,"Jeremy! Heh-heh, heh, heh, you made it! Oh, I must look like a wreck."
Candace,"Oh, yea, you'll see me. And you'll also see what the boys are making!"
Candace,Heh. My cell phone appears to be ringing. (Snapshot) Whoops! My camera went off! (Giggling)
Candace,"Phineas, I don't remember any monsters in The Princess Sensibilities."
Candace,"Team? Oh, no, I am not getting involved in one of your crazy schemes."
BAD Future Candace,I can't believe this is Danville. Hello? What happened to the museum?
Candace,"Uh, by any chance, do you still have that weird life-size mold of me?"
Candace,"Oh, no! Jeremy's here! How am I going to get ready in three seconds?!"
Candace,"(putting down her phone) Um, is the Mariana Trench supposed to have two gross, bloodshot eyes?"
Candace,Isn't today great? Today is such a great day! Everything is so great!
Candace,Well what did you think I was going to do? Let Isabella let you fall?
Candace,"I don't know how, but I bet Phineas and Ferb are behind all of this!"
Candace,"(deep voice) Yes. Clearly I'm Morty Williams, and I'm back to do another segment."
Candace,"I don't know, but I can guess. (Shouts out the window.) Phineas, what is going on out there?!"
Candace,"We made it! Okay, guys, this is your department. Fix the car, quick!"
Candace,"Oh, yeah, well, Phineas and Ferb would've usually fixed that by now."
Candace,Ugh! Am I the only adult here? Why can't my grandpa act his own age?
Candace,Is Mom right? Could this all be a temperature-induced hallucination?
Candace,Hey! When are you two gonna move that stupid box out of the doorway?
Candace,I'm doing my own thing. (Phineas and Ferb blinks) Well? Aren't you going to ask me what it is?
Candace,"Aw, too bad. I guess we'll just be forced to kick back and have fun."
Candace,"Oh, no, I thought it was weird, but not weirder than being a liquid."
Candace-2,"Major Monogram, do you want me to come over there and help you guys?"
Candace,"Y'know, Stacy? This is fun. I could get used to this princess thing. (The blue ray zaps all of the chinchillas making them into giant beasts. Stacy screams first followed by Candace. They escape past a news van. The chinchilla beasts follow them, tilting the van over. Mike and the cameraman open the doors and arise from the van.)"
Candace,"Stacy, what are we going to do? Jeremy will be here in five minutes!"
Candace,"Ah, that is it! We're through being your tour monkeys. Right, Stace?"
Candace,I wish there was a viral video of me singing going around the world.
Candace,"So Mom, while you're away, I'm in charge, right? For two whole days?"
Candace,"(walks into the kitchen with one of the Baljeets) Okay, Mom, I'm going to replicate the anomaly right in front of you."
Candace,"No, it's different this time, she promised to come down and meet us!"
Candace,"Ironic, yeah. Ha ha. So, your dad was really raised by wild ocelots?"
Candace,"(takes out what was in the safe) A pencil?! This is what I've been obsessed with all day, a pencil?!!"
Candace (cont'd),...the Bridge across the Dumbledown River before that stupid gopher!
Candace,"(standing with Jeremy on a balcony, watching the fireworks) You know, I don't know if I'm gonna be able to keep this resolution."
Candace,"Yes. I speak English. Parlais anglais. Uh, ou est la Hotel Poubelle?"
Candace,"(offscreen) Hey there, Jeremy! (cut to the sliding door to reveal Candace in a cowgirl outfit, speaking in a western accent) A lil' birdie told me we were goin' to the rodeo!"
Candace,I have to find Phineas and Ferb! They'll know how to change me back.
Candace,"Alright, Candace. You're finally doing it. Relaxing. It's all good."
Candace,"That easy? Wait, how do you—You know what? No time. Gotta stop 'em."
Candace,"And now, too late, I realize I should've been a better best friend!"
Candace,The Mysterious Force that takes away your inventions took Mom away!
Candace,It's Wendy Stinglehopper's present. She asked for a really big hat.
Candace,"Oh, I should've known those two were behind this. (pulls out her cell phone) Time to call Mom."
Candace,We can skip this one. I already got him what he really wanted. Yes!
Candace,"Well, my dad's been working on it for a while and...oh, here he is!"
Candace,"Wait a minute, I know this. There should be an oil can around here."
Bad Future Candace,"No, that's just it. I'm from the future where we DID bust the boys."
Candace,"It was a machine that made me weightless, it, it... Suzy tell them."
Candace,"Mom! I don't frea—Oh my gosh! The square root of ""soon"" is ""never""!"
Candace,"(talking to Stacy on phone; Sighs) Man, Stacy, everything here is so old, wet and small, and... and..."
Candace,"Hey! Where'd everyone go? (She turns around several times, but the kids keep sneaking automatically out of her sight.) That's so weird. Huh. Oh, I'll find them. (goes inside)"
Past Candace,"There! Look, look, look, see? I told you I'm not crazy! I told you!"
Candace,Wait. Bobbi Fabulous is Mom's hairdresser. Where are you right now?
Candace,"Well, I'll be watching you closely, so don't think you can get one—"
Candace-2,"Wait, you two are pretending to be divorced? Why would you do that?"
Candace,"(gestures toward the empty post, head turned away) There, look, look, look, see? I told you I'm not crazy, I told you!"
Candace,"But Mom, they're abusing their liberty! Don't you find that ironic?"
Candace,"(realizes) Jeremy! (She bolts over to him.) Now, please continue your thought. Tell me why you like me."
Candace,"Good, let's bust them and hit the road. I'm missing Jeremy's party!"
Candace,"Puh-leez, Phineas. There's nothing about zombies that I don't know."
Candace,"(Suspiciously) I see. Suzy trained her. I can't believe this. (Dog grabs Candace's shoe) Hey, that's my shoe!"
Candace,(Gasps) Oh no! Mom's gonna get a ticket! (Inserts coin in parking meter) That would have been embarrassing.
Candace,Woah-woah-woah-woah-woah! Where on earth do you think you're going?
Candace,"Oh, that's right. It's a museum. I wouldn't want to WAKE anyone up!"
Candace,(Hoarsely) She was seduced by the coolness. Follow that miniature golf course!
Candace,No one's life will be made better knowing the whatever-you-call-it! (Walks off)
Candace,"""Phineas and Ferb present the Coolest Coaster Ever, now open""? Mom!"
Candace,"He likes it! Don't worry, Mr. Cutie-Patootie. They're just jealous!"
Candace,"Okay, that was weird... Uh so, you'll have to take a raincheck, OK?"
Candace,"(scoffs) This is insane! We're getting outta here, and I'm busting you guys!"
Candace,"It's not moving, Phineas! It's like something's resisting our jets!"
Candace,"Yeah, right. You better not pull any of your weird stunts, got it?"
Candace,"(in the back seat of the car) C'mon, c'mon, I don't want to be late for my first grown-up party!"
Candace,"(untying her hair) Ohhhhh, no matter what I try, I just can't do it! It's impossible!"
Candace,"Well, uh, uh, yeah! Heh! It's our two-month, nine-day anniversary!"
Candace,"Invisible friends? Uh, pfft! I'm so getting to the bottom of this."
Candace,A giant birdhouse?! How could I have missed it?! MOOOOOOOOOOOM!!!!
Candace,"Oh, hey, Jeremy. You're not too embarrassed to talk to Ducky Momo?"
Candace,"Hey, Phineas. Is it the perfect day to build one of these or what?"
Candace,"Oh, I do not hench, thank you very much! (She leaves in a huff.) Dangiraffe is out, peace!"
Candace,"You'll see, I'll just open the gate, and you'll -- (opens the gate) Eek! It's gone!"
Candace,"Wait. So the whole Johnson family, and our whole family, together?"
Candace,Cool accent? Cool accent? He's never complimented me on my accent!
Candace,"No, no! Don't go in there! He's going to eat you, I'm telling you!"
Candace,"(From her window) Space probe? Fiber optics? Ooh, I can smell a bust comin' tonight."
Candace,"Are you by any chance re-enacting the Trojan War, like in my book?"
Candace,"Heh heh. Heh. Never better. (Starts walking like a robot as Phineas and Ferb control her limbs) Never better! (straining) Phineas, I'm going to... (About to vomit)"
Candace,"I'm l-l-l-l-looking into the turn....(gasps as she sees Phineas, Ferb, and the rest of the kids with the bubble machine in the park) (just as a bus with two monsters on the side pulls up, blocking the view) Mom, look! Phineas and Ferb!"
Candace,"Ugh, around the corner, around the corner, ""oh quan de la rou-ee?"""
Candace,No! She's trying to get rid of me! Can't you see? I can't take it!
Past Candace,"Grrrrr... (sighs) Okay, but officially, on record, they are busted. Right?"
Candace,The stuff Phineas and Ferb made! It's all here! The ultimate bust!
Candace,"Let me see that. (Looks through the binoculars, sees Phineas and Ferb on the monument and gasps) Mom! Mom, you've got to see this now. Here, look!"
Candace,Mom Mom Mom Mom!!! Do you know what Phineas and Ferb are doing?!!!
Candace,"Uh, yeah, I-I think we should really get some more footage of you."
Candace,Yes! I still have time to bust the boys before my skate date! (runs into the house) Mom!
Candace,It's not goofy! Fashion designers create art. That people live in.
Candace,"Oh, just barging around. You know me, big barger. So, what's that?"
Candace,"It's in the kitchen, that's where we keep all those cooking tools."
Candace,"Oh, yes. Baljeet, Isabella, and Buford have been busy little bees."
Candace,"Thank you, Captain Webber. Don't worry, from now on, I'll be okay."
Candace,And suddenly Mom and Dad were controlled by a giant puppet master!
Candace,How am I gonna find that one perfect gift in this humongous store?
Candace,"Oh, it'll be back. And then it's busting time for sure, right Mom?"
Candace,I'm totally going to have to get some Bango-shoes to go with this!
Candace,Not nothing. I have the key fob to that ship so you can't escape.
Candace,(skates back inside) Moooom Mom! The boys built a giant loaf of bread in the backyard!
Candace,"Yes, Ferb, I know what I'm gonna take today—I mean borrow—I mean—"
Candace's Brain #1,"Really? The mall again? Wow, you are so predictable! So ordinary!"
Candace-2,"Boys, wait! Thanks for rescuing me. I'm really proud of you both. (they hug)"
Candace,"I just sang backup for Mom. Nah, just doesn't have the same ring."
Candace,"Hmm, carry on. (Candace gets into the car with Linda) All clear, luckily the boys aren't up to anything."
Candace,"Phineas, my last peaceful hours of vacation, and you build this?!"
Candace,"Thanks. Aw, look how cute he is when he's sleeping. (sits next to Jeremy) Psst, Jeremy?"
Candace,"Mom, there is nothing natural about the-- (Turns her head and notices the painting disappeared) Huh? But...but...but..."
Candace,"(upon entering the auto parts shop) Okay, Watson. Excuse me sir, were these two boys in here earlier?"
Candace,"(scoffs) Toddlers are easy. They eat, they poop, they sleep. End of story."
Candace,"Hey, Stace, feel like coming over for some pre-bust strategizing?"
Candace,It's not fair! That tech won't be invented for hundreds of years!
Candace,(to her mother) There was like a whole bunch of stuff the boys were clearing out!
Candace,"Weird? (takes phone away from her ear) Yes! (back on phone) I'll be right home! (She comes out of the pyramid, which topples over.) Um...that was partially my fault!"
Candace,(Looks at her computer) Wow. 20 people emailed me the same video. I gotta check this out! (Gasps)
Candace,"(hears mechanical bull) What?! Yes! No, yes, I mean, i-if a responsible focused person..."
Candace,(talking like herself) I have really been underestimating Stacy's conversational skills.
Candace,"So, you have the honor of eating other people's meatloaf all day?"
Candace,I think the boys are shooting green lasers in the backyard. Look.
Candace,"Serious trooper. (takes mask off seriously, then puts it back on) Happy trooper! (takes helmet off and smiles, puts it back on) Enigmatic trooper. (takes helmet off and looks enigmatic, puts it back on) Sad trooper..."
Candace,"(Holds up a bottle of ketchup) Hey, no fair! I ran out of ketchup. (Squeezes the bottle, then grins sheepishly.) Oops. Now I'm out of ketchup."
Candace,You know it's funny that you mention that...oh! (Realizing she is getting distracted) I'm watching you!
Candace,I knew it! I knew my obnoxious brothers would ruin my relaxation!
Candace,"Oh, sweet! We made it to the golden key of the Crumblebum Dwarfs!"
Candace,It's my fear of spiders. I've been trying to overcome it all day.
Candace,Taste that with your eyes. Did you notice how sour a color it is?
Candace-2,"Then we've got work to do. Isabella, start redirecting the power."
Candace,"Listen, Stacy!! Me day! No bust, no blow up in face!! **FACE!!!**"
Candace,"(Impatiently) Yeah. Blah, blah, blah lovefest. Some of us have somewhere to be!"
Candace,"Dad, look up there! (Cut to inside the robot where Perry is viewing Candace's busting attempt.) Phineas and Ferb are flying in a giant blimp!"
Candace,And I have sodas. What else do we wanna bring over to your house?
Candace,"""Success starts at home."" Finally! It's go time! To the backyard!"
Candace,"(sees more ants) (chuckles) I-I guess I can stay for a little. Haha! No need to crowd, okay?!"
Candace,"Well, hurry, Mom! You gotta see what Phineas and Ferb have creat—"
Candace,"No, I'm sorry. I deserved it. Everything I did made things worse."
Candace,"Phineas, you guys put your face on a comet? Ooh, I'm telling Mom."
Candace,Oh no! Oh no! Jeremy can't see me like this. Oh no! Oh no! Oh no! (winds the door's toilet paper around her head)
Candace,That was in the backyard! That's way different in the open road!
Candace,"I'm living in Crazy Town, and Phineas and Ferb are town council."
Candace,"Medieval tournament? That has to be, without a doubt, the most--"
Candace,"No, no, no! Not when the height of the front lawn is so sublime."
Candace,You don't think it's weird the space station looks like Phineas?
Candace,Step three: investigate! Just scope the perimeter to find clues!
Candace,"Wait, how can I understand you without your mustache translator?"
Candace,Tell me about it. Be glad you don't have a freakishly long neck! (She buzzes out of frame)
Candace,"WHAT?!?! But what about the coolness, the fame and the fortune?!"
Candace,"(enraged) Oh, you think? You think?! (lifts her foot on the dashboard) There! How's that?! Is that better!?! (The jetpack's flames flicker and Linda screams. The car turns and she hits the brake, and the car parallel parks near a playground)"
Candace/Perry,"Come on, guys! Are you almost done? Jeremy's gonna be here soon."
Candace,"I'm better than that guy. Oh, I should've taken blender lessons."
Candace-2,"I'll take that under consideration. And what about you, Candace?"
Candace,"Uh, well, you know what they say. The camera adds...masculinity."
Candace-2,Don't lie to me! There's Doof-tech scattered all over that park.
Candace,"Oh, it's just so nice to see you. I just can't stop hugging you."
Candace,"Now remember, we can't take our eyes off this for even a second."
Candace,"No, Isabella! I've failed twice already so third time's a charm!"
Candace,"(blows) Follow me, come on, come on. This way, ladies. Pick up the pace!"
Candace-2,"Excellent. (deep voice) And will somebody get rid of that topiary? (Katie-2 and Ginger-2 lower down and pull it away, she coughs, normal voice) Thank you."
Candace,"Ah, yes. Reading. That's what they did before they invented fun."
Candace,Aha! I got you! Just wait till Mom sees... whatever all this is. (She gets out her phone.)
Candace,We're doing a follow-up show on Phineas Flynn and Ferb Fletcher.
Candace,"Ow! Ow! O-Oh my gosh. (Giggles nervously) Well, that's eh enough gymnastics for now. (She manages to sit back down, and wrap her leg around the char, grounding herself)"
Candace,"Jeremy? Is that you? Wow, great costume! I hardly recognize you."
Candace,"Dispose of us?!? Y-Y-Y-You don't really want to do that, do you?"
Candace,"Mom, glad you're here to see the unique tint of our house paint."
Candace,"Ugh, maybe you're right. (She puts her phone away from her ear to reveal it is flaming.) Okay, gotta go. My phone's overheating."
Candace,"Yes, that's what—Wait, was that a triple negative? So... So, no."
Candace,"Hey, this doesn't look like a chore to me! It looks like a bust!"
Candace,"I gotta go, Jeremy. I'll call you later. (Runs outside, calling someone else) Mom! Did you hear that?"
Candace,"Oh, okay. See you later. (To Stacy) What if 1600 isn't a place, but a time?"
Candace-2,"Okay, but be careful down there. Call me if there's any trouble. (She backs away from her window slowly, then quickly peers back out.)"
Candace,"Oh, Mom, I just couldn't go up there. It's all gross and webby."
Candace,Did you get it? Did you get the proof that Nosey really exists?
Candace,"Do it, Jeremy, do it! We could be stars! Dancing stars! We can-"
Candace,"Stacy, hello? But what does that mean? What does it stand for?!"
Candace: MOOOOOOOOOOOM!!,"Look! Look, look! In the backyard! Look! They've done it again!"
Candace,"Mom, have you seen my other white skirt? (Looks at the list) What are those charts?"
Candace,I'm nobody unless I'm somebody! I'm nobody unless I'm somebody! (She enters the store)
Candace,"Alright, but don't forget about doctor-patient confidentiality."
Candace,Nigel and Adrian?! You're Tiny Cowboy! What are you doing here?
Candace,You doofuses! Mom's gonna see you and wonder what you're up to!
Candace,"(Gasps) If I get you that baby rattle, will you give me the Ducky Momo?"
Candace,"What is that? (picks up tiki charm and puts it on) Ooh, a good luck charm! (mysterious music plays and the tiki charm glows) With its own theme music."
Candace,"No, no! The glow-in-the-dark ones we keep in the emergency kit!"
Candace,(running up to Irving and grabbing the UPAFDS) Hehehehehehe... Give me that nerd box! I'm tired of being nice!
Candace,"Yeah, you do that, Sputnik. Chinchillas, let the running begin!"
Candace,This does not feel like the reverse of being a bucket of water.
Candace,Clover. C-L-O-V-E-R. Those stupid kids never knew what hit 'em!
Candace,"Yeah, lumpy tables. It's the new ""hip"" thing. It's so European."
Candace,"Mom, Mom, we're gonna be on TV. I can finally prove everything."
Candace,"Well, that's all I needed to hear! Candace Flynn is out. Peace! (Walks through the portal)"
Candace,"Um, could it be your favorite toy car from when you were a kid?"
Candace,"They're using a winch, Mom. They're making something huge, and- (Candace trips and loses her phone, to a mechanical buzzing)"
Candace,Mom! This is it! The start of summer! (pulls her mother's arm) This is gonna be the one!
Candace,"Okay, you two, I'm in charge and I'm gonna lay down some rules!"
Candace,"(She is still in the backyard controlling one of the pillow fighting machines, unaware that the pod walker is getting tangled up in its string) Mom?! Come on out and see all the fun we're having! (The pod walker trips and yanks her and the machine to the front yard) AHHHHHH!!!!"
Candace,"Oh, what's the point? I'm never gonna be able to parallel park."
Candace,"We are so going to win this thing, Jeremy. We are going TO WIN!"
Candace,(sighs) I guess I'll never know the real deal as long as I'm not a boy.
Candace,(spits out her cereal then daintily wipes her mouth with a napkin) I would very much enjoy going for a walk. Wherever shall we go?
Candace,"I don't know. It's different every day. Come on, I'll show you."
Candace,A spring? That's not very scientific. But it is still bustable.
Candace,"You know, they're eliminating people. Let's kick it up a notch!"
Candace,"Uh... I'm sure. Just find some fuel, and let's get out of here!"
Candace,"Driftwood? (Chuckles nervously) Sorry, everyone. It's safe. You can come back, okay?"
Candace,"Mixer Mingler? Say, aren't you that dummy from the night club?"
Candace,"(puts her finger to Stacy's mouth) Mysterious Force? Hmmm, nothing. Wait, I also heard over here."
Candace,"(opens book again) Blah blah Dorothy, blah blah Kansas. There's a cyclone coming?"
Candace,"Bubble gum? Oh, really old, stale bubble gum! Blaugh! (she inadvertently gets some butter and toilet paper on her and she walks out looking like a mummy) Phineas!"
Candace,Including Phineas and Ferb? I'm the complete overlord of them?
Candace,"There it is. ""I see it."" Right on cue. (realizes) Wait, what? Come again?"
Candace,(excitedly) Yes! They're always making crazy things like this! See?! See?!
Candace's Brain #2,"Predictable? Ordinary? I mean, come on! I play 20 instruments!"
Candace and Linda,They're working on the big finale for the block party tonight!
Candace,Mom! Mom! Do me a favor and just back down the driveway a bit!
Candace,What's the big deal? I see weird stuff like this all the time.
Candace,"Um...uh, hi. Yeah, I'm here for my brothers, Phineas and Ferb."
Candace,"I don't know, Stacy. This is harder than I thought. (another loud squeak) Oh, sorry!"
Candace,"Hey Perry, what happened to your cute little secret agent hat?"
Candace,"You've heard of Boot Camp? Well, ladies, welcome to Bust Camp!"
Candace,"Yeah, yeah, use the trackball. Don't hit the button. I got it!"
Candace,"Mom, you gotta see what the boys are doing in Isabella's yard!"
Candace,"No! I mean, sure, chocolate glaze! Then get to the water park!"
Candace,Whadaya mean physical chall— (A mechanical arm pies Candace in the face. Another pair of mechanical arms puts a bag on her head) This doesn't even make any sense!
Candace,But I want to have fun. I can do it. Really! I'm a fun person!
Candace,"But, Mom, I'm telling you, they're building it, and it's huge!"
Candace,"Yeah, the tea was my idea. This week we're reading, The Iliad."
Candace,You two are the best brothers a great actress could ever have!
Candace,"I'm aware of the concept, Phineas. I was just being sarcastic."
Candace,You gotta see what the boys are doing! I'm hot on their trail!
Candace/Perry,(walks off screen) Mom! Remember what we talked about? My fifth-grade graduation? (comes back to the couch)
Candace,"...so Stacy and I just need a little girl time, and that's a--"
Candace,You guys better get me out of here! I still have to get ready!
Candace,"Oh, be for real, Mom. I'd rather watch the stupid nature show."
Candace,"Ugh! They were right there in the...(sees the bubble floating behind a building) Hold onto something, Mom. (floors the accelerator)"
Candace,"She's right, I probably have plenty of time to go to the mall!"
Candace,Aha! I knew it. It's all some stupid game. I'm The Dangiraffe.
Candace,That doesn't even make sense! Ow! Then how did they kick me?!?
Candace,"""Life without a phone for Candace Flynn""? But...but that's me!"
Candace,"Now if you two will excuse me, I've got some brothers to bust."
Candace,Great. But how does that help us get out of prehistoric times?
Busting Candace,"You need to focus on what's important, you touchy-feely ninny!"
Candace,"(yawns) Okay, this looks pretty low stakes. Insert yawn here. Proceed. (leaves)"
Candace,See? It even sounds crazy when you say it. I'll be in my room.
Candace,"Oh, man. That thing is gonna be huge! I'm gonna go get my mom!"
Candace,Where's the giant exit sign? (Sighs) I'd rather be at home with Perry.
Candace,(gasps) **THE LAKE NOSE MONSTER!!!!!** RUN FOR YOUR LIVES!!!! HURRY!!!
Candace,Ugh! If only there was a way to get rid of all those zombies.
Candace,"Uh, Stace? You're kind of bumming me out with the song there."
Candace,"So, as mayor, I officially give you the rest of the week off."
Candace,"Excuse me for a second. (walks out and presses bluetooth button) System check. Stacy, can you read me?"
Candace,You see it! You see it! (The invention takes off) Phineas and Ferb are busted for sure.
Candace,"Hey, Mom! I've found a couple of babies that you need to see!"
Candace,"Uh, Stace, you're kind of bumming me out with the song there."
Candace,This is great. This time I'm gonna bust you outta this world!
Candace,"Today I've learned a lesson, what a best friend shouldn't do,"
Candace,That's got to be one of the coolest things you've ever built.
Candace,"(Sarcastically) Oh, yeah, you, me, and little Suzy playing a video game, huh?"
Candace,And you know how you make it disappear at the end of the day?
Candace,I can't believe he fired me. And this time I actually saw it!
Candace,"(drops watch) Hmmm, perhaps it's time to try a more psychological approach."
Candace,Jeremy just asked me to go play croquet with him in the park!
Candace,That must be it. (The boys appear again.) That's gotta be it. I'm not even gonna look.
Candace,"She's in the kitchen, Mrs. Johnson. It's right through there."
Candace,"Okay, you two, I've had enough of this-- Ow! Hey!(Pillars topple over and the Engine of her chariot revs, speeding off with her) Aah! Daddy!"
Candace,It's running out... And my foot is slipping... (falls) Aaaahh... Huh? (realizes she landed on a giant slide)
Candace,"It's okay, Mom, we'll be there soon, the helicopter's coming!"
Candace,Like no other? What's like no other? What are you guys up to?
Candace,"It was, but now it's a loaf of bread! (skates back out) Come on, come on! See?! (stops to see that the bread is gone)"
Candace,"But I should be in the wings, Mom. The show's about to start."
Candace,Excuse me? Stabby Barf Pain sounds like the worst thing ever!
Candace,Have you seen Mr. Cutie-Patootie?! I can't find him anywhere!
Candace,(opens her eyes) But there was a -- monstrous building here just a second ago!
Candace,(Gasps) That's our yard! Mom! Mom! Come here! I need you to see this! (drags Linda to the TV and motions toward it with eyes closed)
Candace,"I can't believed that worked! (At Linda) Okay Mom, come back! Come back! (Linda drives back. The Invis-inator's ray hits the ride, causing it to disappear)"
Candace,"Okay, Mom, let's go outside. Better lighting for the picture."
Candace,What? Sweetwater's back? What about Adyson's archery lesson?!
Candace,Maybe you're right. I'll have two scoops of...Jeremy? (Jeremy turns around) Jeremy!
Candace,It's so simple! I don't know how I didn't think of it before!
Candace,"I guess you're right, getting on TV might be kinda difficult."
Alternate Timeline  Future Candace,"Ookay, but coming from anybody but myself, I wouldn't listen."
Candace,"I don't know, Mom. It must've been behind something. Heh heh."
Candace,"Mom, they're driving a herd of cattle right through downtown."
Candace,"""One man's trash is another man's treasure."" To the Dumpster!"
Candace,"Hmmm. (picks up a suit) Yep, this could totally work as a Candace suit for Mom."
Candace,There you are! I order you to get out there and build a fort!
Candace,"Do I ever? This is a piece of cake. Bowl-R-Ama, here I come!"
Candace,"(mockingly sweet) Who, me? Oh, I'm just an innocent stowaway. Hee-hee-hee-hee!"
Candace,"You are gonna be shocked by what I'm about to show you, Mom. (They arrive at the viewing area, but Candace is the one who's surprised, not Linda. What they see is cardboard, Mount Rushmore)"
Candace,Like a light switch on a wall! That's on! Like I am! On you!
Candace,I'm not gonna be a guinea pig for one of your harebrained...
Candace,"Ha-ha, ha! Hey! I hear there's a new tiger habitat, dahling."
Candace,That was amazing! I can't believe I got all of this on film.
Candace,"Oh, just come on, this will explain everything! A-bu-bu-wuh?"
Candace-2,"""I scream?"" W-What is that? Some kind of weird yelling game? (following Isabella-2)"
Candace,That's hardly the same thing. Why are you dressed like that?
Candace,Wait a minute! If you think you can bribe me or something...
Candace,Any chance it could spontaneously go back to the way it was?
Candace,Hehehe... AHHHHH!!! Why are these miniature ponies so big?!?
Candace,"Yes, yes they were! And, and...it was actually really sweet."
Candace,"(the platypus appears) Oh, hey, Perry. Where have you been? You missed all the fun. (Perry chatters; Fade to black)"
Candace,They're on the move; I'll bust them now! I'll bust them now!
Candace,"Mom, I don't need to relax, I need to bust Phineas and Ferb."
Candace,"I called Buford, and he said to meet him at his garage door."
Candace,Wait a minute. Why is that dweeb going into my subconscious?
Candace,"Oh, yeah. Whatever you say. I'm not taking any more chances."
Candace,"Phineas and Ferb, I want you to pick up the phone right now—"
Candace,"Well, I guess you could say I am having a good bad hair day."
Candace,You said you had something important to tell me. What is it?
Candace,"(Pulling a woman's arm) Go, ma'am, leave your child! There's no time! (Whistle blows) Save yourself!"
Candace,(tropical music playing) Wow! Is this banana hat for some cool tropical dance number?
Candace,shifts to Perry and Doofenshmirtz fighting in the car wash.)
Candace,Okay. Very disturbing. And why did you make multiples of me?
Candace,Teamwork. Teamwork! (dials phone) Stacy? I know what we're gonna do today.
Candace,"Well, remember when Jeremy made that romantic dinner for me?"
Candace,Just stop painting that vintage carousel horse and come see!
Candace,"Are you speaking Spani—?! (The rollercoaster starts going down the track.) Here are your cupcakes! AAAAAAAAH! (some bugs crash into her face, she spits some out)"
Candace,"Hmm, I guess he is. Hey, wait a minute... You like Coltrane!"
Candace,"Please. A toy helicopter? Oh, and look! Mindy Mimic! Boring."
Candace,"(to Stacy) Oh, don't talk to the tiny ones. (pulls Stacy away and pushes her and Vanessa upstairs.) Upstairs for some real fun!"
Candace,"(gasping) Huh, huh... (sees the ball rise) Oh no, I missed it! And how am I gonna show Mom?"
Candace,"Fine. Here, here, wait, what about this hideous ball of goo?"
Candace,Yep! (She dials Linda) Mom? You've got to come across the street immediately.
Candace,Alright. But I'm still busting you! I'm still busting them.
Candace,"Oh, yeah. Well, I just have this silly question to ask her."
Candace/Perry,"(Holding Perry/Candace, arms shaking) Yes, yes, yes, yes, yes. Hurry! Oh! He's a lot heavier now."
Candace,That could've squished us! That's it! I am gonna bust them!
Candace,"Uh, I guess it's this giant wheel of ice. Wait, am I on TV?"
Candace,"No. Jeremy said he would see me off, but he's not here yet."
Candace,So you're seriously gonna be here for the rest of the day?!
Candace,"Ew. Okay, gross. Can you just tell me what you're building?"
Candace,(excitedly) Wow! That sounds incredibly awesomely— (indifferently) Yeah. Cool. Whatevs.
Candace,"(scoffs) Well, it is sorta my wheelhouse, so you know, sure, I'm in."
Candace,"Hey, hold it right there. Who else is back here? Roll call."
Candace,"No, no, no no! How am I ever going to explain this to Mom?!"
Candace,(panting) Wait! Where are your stick hand thingies? I gotta show Mom!
Candace,"Hey Stacy, how'd you like to be the assistant to the mayor?"
Candace,"(pushing him up the gangplank) Yeah, yeah, that's fascinating. Tell me after we shove off!"
Candace,That's just great! Everybody gets what they want except me.
Candace,(offscreen) AAAAAAAAAAAAAAAAAAAAAAAAAAAAAAAAAAAAAAAAAAAAAAAAAAAAAAHH!!!
Candace,"Ha ha ha! Outside! Well, there's no reason to go out there!"
Candace,"(runs up to her) Ma! Ma, Ma! The boys! Machine to do their chores! Not fair!"
Candace,"You guys are going down, down, DOOOOOOWWWWWWWWWNNNNNN!!!!!!"
Candace,"KEEP IT UP! DON'T STOP, BUSY BEES! YOU'RE BUSY, BUSY, BEES!"
Candace,"Finally, daylight. Phineas and Ferb! (Linda and Lawrence's car pulls up in front of the house.) That's Mom's car! Mom! (Runs outside)"
Candace,Let's go to the laundromat and fill the dryers with cheese!
Candace,"Oh, what the heck is that thing? (walks out) Oh, I'm gonna go tell Mom."
Candace,C'mon! Twinsies! I have this Candace suit I can put you in.
Candace/Perry,You wouldn't think it was so cool if you smelled like this.
Candace,(kicks the door open) You! Step away from the computer! I want to see that video.
Candace,"What the–? (Gelatin Monster roars) Wait till Mom sees this! (Gelatin Monster eats her, then roars; Muffled from inside the gelatin monster) You guys are so busted!"
Candace,Ooh! It's 4:15. Mom should be here. Mom! (bangs car glass) Look!Look up here!
Candace,"Yeah, was it worth the time it took to build a scale model?"
Candace,"Mom, wait till you see what Phineas and Ferb have done now!"
Candace,"Whoa, what happened to all the fish? (slips on the ice) Aaaaaaaahhh!!! (She falls and gets caught by Jeremy.) Oh, my!"
Candace,"Oh, you're Mrs. Weaver's niece. You have annoying brothers?"
Candace,Something tells me I should have just hung out at Stacy's.
Candace,That is just a glass of limeade. And I am not a counselor.
Candace,"But but but but... (sighs) Oh, never mind. It really is beautiful."
Candace,"(On the phone) Don't worry about a thing Mom, everything's under control."
Candace's Brain,"Ah yes, now that's bustable behavior. You should tell Mom."
Candace,We're attached! Stacy's gonna kill me! (gets up and falls on the ground) Phineas and Ferb...
Candace,Finally! It's tomorrow! (Candace busts into Linda and Lawrence's room) Mom! Mom! What are you guys doing?
Candace,"No, no, no! You gotta see what Phineas and Ferb are doing!"
Candace,Uh-huh. I'm totally neutral about what you're doing there. (gasps)
Candace,"Um, uh, my brothers don't break plates or scratch records."
Candace,"I know I know I know I know okay, here I go! (Walks in nervously.) Ugh! I can't!"
Candace,"Well, I learned my lesson. Stay away from the orange moss."
Candace,But—But what about all this evidence I've been collecting?
Candace,"(Screaming) Mom, Dad, don't go in there! There's a live tyrannosaur --"
Candace,Wouldn't it be fun to dress up and take a selfie together?
Candace,"""No flirting with employees."" Is it that big of a problem?"
Candace,"""Paying customers only."" Fine. (breaks out her cash) One Slushy fries, handsome."
Candace,(exclaims) Is that an earthquake?! Is everyone okay?! Where's Perry?!
Candace,You realize this is just a bunch of cars parked in a line.
Candace,"It's an eye-in-the-sky bust! Come on, let's go get my mom! (they walk off)"
Candace,Phineas and Ferb...submarine...dolphins...giant octopus...
Candace,"I said things I shouldn't have, did things I shouldn't do,"
Candace-2,There it is. We should be okay if we can hold off these...
Candace,"That's right, and when Mom gets back you're gonna be so --"
Candace,"That's what I said. Come on kids, I'll get us out of here."
Candace,"Oh, that's the worst. I'm so sorry. Sriracha cheese stick?"
Candace,"Ha, ha, ha! Mom! Mom! Potato gremlins! (closes eyes and points) And...others! Look!"
Candace,"Never mind. I'll fix it. (She backs up, and transfers the inflation to her hands) Well, I guess this is preferable."
Candace,"Sorry about the pie, Jeremy. I–I don't know what happened."
Candace,"Oh, just a little summer mini-series called... ""Evidence""!"
Candace,Mr. Cutie-Patootie?! Where are you?! MR. CUTIE PATOOTIE!!!
Candace,"Mom, mom, mom, mom! You never told me you were a pop star!"
Candace,"Ah! Jeremy, get my phone out of my pocket and call my mom!"
Candace,"Oh, that was sort of the only part, but yeah, I was dying!"
Candace,I have fun. I'm like the queen of fun! I have fun all day!
Candace,"Oh.... Not really. It's just.... Mom, (A beam from the Pop-up-Inator hits Candace's camcorder.) take a look at this."
Candace,"(Back outside, Car zooms past Phineas and Ferb four times."
Candace,We need to get to the top of that volcano and throw it in.
Candace,"I can't! (the drawbridge opens and they rocket into the sky. Linda screams and covers her eyes. The bubble floats in front of them) There! There! I told you! I--Mom, open your eyes!"
Candace,They like me! They really like me! (Gets hit by another tomato) Feeling the love again.
Candace,This time I am staying right here where no one can see me.
Candace,"Phineas and Ferb are up to something, I'd better tell Mom."
Candace,"(sighs, puts on headphones) No better way to listen to the Lumberzacks than on repeat."
Candace,No time to explain! I need you to head down to 4th Street!
Candace,"Come on, come on, come on! (She and Linda arrive at the stage; she presents a shadow that appears to be Phineas and Ferb's heads.) See?! There they are onstage!!"
Candace,Yes! I recognize that look of tired disapproval anywhere!
Candace,"(on phone) Stacy, the boys are doing that thing that they always do."
Candace,"Oh, he's doing some sports thingy. Eh, it's not my thing."
Candace,"Look at this, Stacy, he won't even answer his cell phone."
Candace,Yu-nothing! A real best friend would never do that to me!
Candace,"(on her cell phone) Yeah, sure, Jenny, but what have whales ever done for me?"
Candace,"I'm calling Mom. (goes inside, slamming the door; promptly reopens it) And I am not using the banana this time!"
Candace,I'm gonna bust my brothers to my mom! And I'm gonna fail!
Candace,"(deeply) Oh, you are so busted. (She exits the garage and starts opening and closing doors throughout the house.) (offscreen; opens door) Mom?! (closes door, opens another) Mom?! (closes door, opens another) Mom?! (closes door, reenters garage with her awkward smile) Um, where's Mom?"
Candace,"(Candace then runs outside in her normal outfit) Mom, they used a laser to carve their faces in the comet."
Bad Future Candace,"No, it was awful. The future gets all messed up. Oh look!"
Candace,"Hard a-starboard, Stacy! (Stacy turns the wheel port, turning the ship and shark around) Okay, that's port, but whatever!"
Candace,You guys are so busted! Wait 'til Mom sees this! (runs off) Moooom?!
Candace,I think I saw this one on the red carpet the other night.
Candace,"Oh, Stacy, isn't Jeremy's hair the perfect shade of gold?"
Candace,And for whatever it was you were thinking about just now.
Candace,"Lulu**:** Ha-ha-ha. You're so cute. Isn't she cute, Fifi?"
Candace,"(singsong) Oh, Phineas? Ferb? (Notices the route map) Tour de Ferb? (Takes it from the fence) Oh, baby! Ee-ee-ee-ee..."
Candace,Giant pillow fight? Perfect! Move over and give me a try. (She gets into the pilot's chair of one of the giant pillows)
Candace,"We are not losing 'em! (takes out a fishing pole) This chase is about to get ""reel""!"
Candace,"Okay, seriously, whoa. I mean, like Phineas's inventions?"
Candace-2,"(to 2nd Dimension Phineas and 2nd Dimension Ferb) You two, keep your heads down and remember your training!"
Candace,I dunno. It's probably ancient. I'm respecting my elders.
Candace,"Actually Phineas, I-I changed my mind. I wanna stay here."
Candace,"I don't know what that was, but let's do it again! (her phone rings) Stacy?"
Candace,Wait. Please don't tell me we're going to Mt. Rushmore...
Candace,"""Phineas and Ferb, The Kings of Couture!""? That was fast."
Candace,What in the world is going on here?! PHINEAS AND FERB!!!!
Candace,Look closely. How many Baljeets do you see standing here?
Candace,"Whatever. I don't care, No one gets me... Except my hair."
Candace,"(turns around and screams) Why are you talking like my little brother, lizard boy?!"
Candace,"What? No, not yet! I had something I wanted to tell you!"
Candace,"Oh, I'd love to, but, uh, but I am so afraid of heights."
Candace,"Oh, you have got to see what Phineas and Ferb are doing!"
Candace,There's no time for that now! Come on! Come on! Come on!
Candace,"(Gasps) THE LAKE NOSE MONSTER!!!! EVERYBODY, (Rings the bell) OUT OF THE WATER!!! (Screams)"
Candace,"Hey, can you show me that twisty yoga move you do again?"
Candace,See? You're gonna see. It really works! Heeheeheeheehee.
Candace,"Ee-ee-ee-ee...ee-ee-ee-ee...Mom, you won't believe this."
Candace,Cool! Thanks! And could you bring some breakfast? (Stacy hangs up) Hello?
Candace,"You gotta help me sneak back in! Please, please, please!"
Candace,I can't hear you! I'm too busy hitting buttons randomly!
Candace,Oh! We don't have time! And when does it ever rain here?
Candace,I saw Ferb's head ripped off by a hideous alien monster.
Candace,"Huh? Wait! Mom! (she runs back to the backyard.) Phineas and Ferb, why is it not working?"
Candace,"Aha! A real live Chupacabra, eh? Wait til Mom sees this!"
Candace,"Ugh. Maybe I'll feed mine to Perry. Hey, where is Perry?"
Candace,Oookaay? Maybe a little TV will take my mind off things. (turns on the TV)
Candace-2,"Yeah, no way! You guys are staying here where it's safe."
Candace-2,"Oh no, too risky. You got to get back to your dimension."
Candace,This is it! Today's the day! It's my day! It is my day!! (The gang land at the bottom.)
Candace,"Boring, dull, stupid, lame, heavy-handed and derivative."
Candace,So tell me exactly how you plan to catch this crocodile.
Candace,"(runs up to them) Just wait! When I'm eighty-eight, you will be so busted! (runs off)"
Candace,Please tell me you have some sort of shrinking antidote.
Candace,Little fella? What of me looks like a little fella....~! (she tumbles out the window)
Candace,You think I vill speak French?! I vill not speak French!
Candace,So I want to reciprocate and make him a romantic dinner.
Candace,"It's me, I'm Carl. It's my ""Force Name"". Keep up, Stace!"
Candace,I don't know. I thought maybe we could head to the mall.
Candace,Or you could have built us a coconut-powered hovercraft!
Candace,For me? Aren't you going to do something horrible to me?
Candace,"Okay, what's going on? (A Martian places a crown on her head) Ooh. You're making me your ruler?"
Candace,"Sorry, Stacy, that's my cue! (hangs up and runs up to the window) I'm back in business, baby!"
Candace,"New Paisley Sideburn Brothers album, don't make me bust."
Candace,"(Talking on the phone) And that, Stacy, is why I can't ask Jeremy to the dance."
Candace,"Oh, wow! (Her viewpoint of a various landscape) Perry, I don't think we're in Danville anymore."
Candace,(dumbfounded) Bu-bu-bu-bu-but... bu-bu-bu-bu-but... bu-bu-bu-bu-but... (repeat ad infinitum.)
Candace,"But wait, no! Let's do some last minute window shopping."
Candace,I don't know. There was something weird about those two.
Candace,"Does that mean tomorrow, we can bust the boys? Together?"
Candace,"(backs away) Oh, no, not you, too! Jeremy! Jeremy, I need your help!"
Candace,"Actually, I think my dream was inside of Perry's dream."
Candace,"Way to make a mockery of my lifetime goal, Mom. Towels."
Candace,"No, I'm trudging. I never knew people actually trudged."
Alternate Timeline Future Candace,Why did you stop me? I was just about to bust the boys!
Candace,"(in her sleep) Yeah. You said it, Perry... (wakes up, pets Perry) There there you are, Perry."
Candace,"No, really. They've grown on me. I can't take them off."
Candace,"I think you already know my answer. Step it up, freaks!"
Candace,I don't know. He must've gotten off before we launched.
Candace,"(in the ladies bathroom, washing her face with cold water) Hbrbrbrbrbr... Hold it together, girl. You can do this."
Candace,Your childhood? You mean your nowhood. You are a child!
Candace,"Yeah, yeah, just like my friends with me. Whoop-de-doo!"
Candace,"No, you can't! I want justice! I want... (the ray from the Peach-Cobbler-inator hits her) Peach cobbler."
Candace,My new camcorder! Sport edition. For bustin' on the go.
Candace's Brain #1,"Yeah, that all start with the letter ""B"", as in boring."
Candace,"Dad, those trophies are lame. ""Last place?"" ""Nice try""?"
Candace,"Now I am here, but the best way to the food court is..."
Candace,"No, they were, um... Wait, what does that mean exactly?"
Candace,"Hey, he's right, my skin feels so soft. Come on, Stace!"
Candace,"Mom, pick up. Mom, pick up. Mom, pick up. Mom, pick up."
Candace,Well... (a blaster goes off) Buford! Watch where you're shooting that thing!
Candace,"Well, yeah. I've wanted to bust my brothers all summer."
Candace,"Guess I forgot that you cannot spell ""us"" without ""you"""
Candace,"(Laughs and pours the growth elixir on herself to grow two inches) Yes, it worked. I feel great. In fact, I feel flawless!"
Candace,"Oh, it's your bridge day! Better get in the car and go! (pushing her mom out)"
Candace,"Yes, but you gotta see what Phineas and Ferb are doing."
Candace,"Oh, same as all the great blues singers: wild parsnips."
Candace,"Sorry, I'm kinda going through something at the moment."
Candace,"Mom, I need you to go into my closet and tell me what--"
Candace,"Uh, ""Disappearing Objects: A Scientific Investigation"". (doesn't see the rays blast objects in the lair, making them disappear)"
Candace,The only thing I wanna see is you later. (rim shot on the cell phone) What was that?
Candace,"Ferb, I know what we're gonna do today! Hehehehehehehe!"
Romantic Candace,Ooh! My Jeremy is here! I'll be right with you my love! (disappears from the window to rush to downstairs)
Candace,"Yeah, yeah. Get a load of my entry. It's Jeremy's head."
Candace,Wow. There's something you don't see every— (sees Phineas' über-ticked-off expression) What? What?
Candace,I'm just getting an early start on busting my brothers.
Candace,No one's riding on anything! We're just gonna watch it.
Candace,"Mom, Mom! Mom, get ready to have your eyes opened wide!"
Candace,Remember my fifth-grade graduation with the inflatable–
Candace,"Yeah, mists of time, whatever. What do you want for it?"
Candace,"Yeah, Stacy, I'm gonna have to call you back. (Pushes another number on speed dial) Hey, Mom."
Candace,"Wait, wait, wait! It's true. I want to speak to Jeremy."
Candace,"What's taking them so long? Phineas? Ferb? Oh, no. (Climbs up) Huh?"
Candace,"But... don't you have anything more, you know, unusual?"
Future Candace,"Gotta go, Stacy. Good luck with that llama legislation."
Candace,"Mom! You're here! Come on, come on! You gotta see this!"
Candace,"(deep-voiced) Yes, but you gotta see what Phineas and Ferb are doing."
Candace,"Well, you know how Jeremy's in France for another week?"
Candace,"No, I mean what are you doing in our backyard so early?"
Candace,Aha! I stole 20 bucks from this woman! Help! The Beak!
Candace,"I'm in charge, right? You did tell them I'm in charge."
Candace,(panting) This is enough cardi...cardio...to last me a lifetime.
Candace-2,"Okay people, change of plans. This is as far as we go."
Candace,"(singsong) Hello, Mom? I bet you can't guess why I'm calliiiiing!"
Candace,"(dragging Linda into the backyard) As you'll see, the ants are the size of humans! (realizes it isn't there) Ta-da?"
Candace,"Mom, look! Potato, uh, gremlins! And Phineas and Ferb!"
Candace,Ooh-ooh! You saved me. Why did you sacrifice yourself?
Candace,"Okay Phineas and Ferb, what are we going to do- (She gets squashed in between two giant pillows, dropping the garbage bag) today?"
Candace,"Phineas, I'm not gonna get on a silly little tricycle."
Candace,"(nervously) Uh, how would I...heh heh...what do you mean? Heh heh."
Candace,"Well, maybe it's something cute, like your baby teeth."
Candace,Shut up! And...? (Perry growls and twitches in his sleep) No way! Is there no way to stop them?
Candace,"(from below) Hello, brothers! (cut to her with a pie) I made you a pie...for your Bust Day!"
Candace,"But, no singing, and don't stand too close. Too close!"
Candace,"(trying to resist, gripping the table) Gotta bust. G-g-g-gotta-g-g-gotta bu-bu-bu-bust! (breaks off two chunks of the table) Bust!"
Candace,"Oh, give me that phone, bird! (the bird pecks her) Ow! Oh, give me a break!"
Candace,Ugh! This isn't extraordinary! It's just embarrassing!
Candace,"Hey, you're the ones with the stolen Death Star plans!"
Candace,Just hurry before I make an even bigger fool of myself
Candace,Look at me! (Lies on laptop keyboard) A tragic victim of Internet hair stylists!
Candace,Perfect! Everything is— (gets squirted) Guess we're back on the clock.
Candace,"Woah, woah, heavy! By busting the boys, I bust myself?"
Candace,"It disappeared! Stacy, do you realize what this means?"
Candace,That if you want me... (looks toward Stacy and smiles) I'll be at the mall with Stacy. (walks in that direction)
Candace,(in the car with Linda) It's about thirty feet tall with electrodes and stuff!
Candace,"Aw, Cutie Patootie, I'm so glad you're safe and sound!"
Candace,Then that's it! I win! Through the power of nerd help!
Candace,"Phineas, Ferb, what is this giant insect robot thingy?"
Candace,"That's great, Dad, but I'm not talking about a degree."
Candace,"(In the driveway, Linda gets into the car; comes over) I'm in charge, right? You did tell them I'm in charge?"
Candace,Leave all questions to the end of the rant? Thank you.
Candace,"Right. Jeremy. Sandwiches. True love, your house. Bye!"
Candace,"I know!! I said it loud!!!! (car honks, Candace gasps) Mom! Gotta get rid of her!"
Candace,"Phineas, just what do you think you're doing out here?"
Candace,"Mom, you're looking right at it! Wait, you can see it?"
Candace,"I do, Jeremy, I mean, uh... I'd love to give it a try!"
Candace,"Well, it's better than nothing. (Both she and Stacy begin reading) Hmm? Mmm-hmm... Hmm..."
Candace,That's it! You're not a toy! You're a real live alien.
Candace,"But we can't drive here. It's just the backyard. (Phineas and Ferb pulls rope, revealing the Monster Truck Rally) Meap!"
Candace,What?! They're doing a twofer?!? Ugh! I'm getting Mom!
Candace,"Um, you know how you guys, like, build stuff everyday?"
Candace,"Mysterious Force, reveal thyself! Nope, it's not here."
Candace,"Well, obviously, it's a— Why don't you ask/bust them?!"
Candace,(finally snaps) That's it! I'm putting an end to this and getting Mom!
Candace,And my hair! I think it may also have a chicken in it!
Candace,"I brought Mom out, I bumped the fan. This is my fault."
Candace/Perry,"This is horrible! Mom is inside, ruining my love life!"
Candace,"But how? How did you get there, where you are so fast?"
Candace,(Hoarsely) Hush! Focus! We need evidence! Two words: video phone.
Candace,So what? That's it? Who won? I am so busting you guys!
Candace,(gasps) There's the self-destruct button! But how'm I gonna...
Candace,I don't see anything over here that wasn't over there.
Candace,"Could be the adrenaline speaking, but that was so fun!"
Candace,"Oh, I don't want to just get him just any old lantern."
Candace,"Well, you can have Phineas and Ferb, Grandma. I'm not–"
Candace,She must be catching the matinee at the Danville Five.
Candace,"Whoa, Mom. Do you think you found everything you need?"
Candace,"(gasps) That's it! Stacy, I'm old enough to bust them myself!"
Candace,"Gee, you make growing up sound like it's a bad thing."
Candace,"(wearing a brick costume) One at a time, one at a time! You'll get your bricks."
Candace,"Behold, Phineas, and Ferb have taken over the parade!"
Candace,"Mom, Phineas and Ferb are making a Christmas special!"
Candace,"Oh, I can't take it anymore! I'm just gonna call him!"
Candace,"No no no, I do, I do! I've gotta get to that concert!"
Candace,"Enrage the all powerful Corn Colossus; good thinking! (In an attempt to escape, they run out of the room, just as the colossus smashes through the wall)"
Bad Future Candace,"(removes the stuff above the machine) Back to the past, back to the past, back to the past! (disappears)"
Candace,"Stacy, Jeremy has, like, totally lost interest in me!"
Candace,"From now on, we obsess over men. (Candace and Stacy laugh) And no more busting!"
Candace,(grabs Linda's arm with eyes closed) Wait til you see what Phineas and Ferb are up to now!
Candace,"(Grabs him.) Come on, Jeremy, (runs to the backyard) there's still a chance to bust them."
Candace,Mom! They're back! All the Baljeets are after Buford!
Candace,You mean we're stuck here in the empty void of space?
Bad Future Candace,"Well this machine is shot, how are we gonna get back?"
Candace,"Bwahahaha, letters to Santa!? (Laughs) That's for little kids. (Laughs)"
Candace,Please. I think you should just ask her to the dance.
Candace,Bom bom bom bom bom bom bom bom... It's so beautiful! (climbs out the window carrying the CD)
Candace,"Mom, Mom, Mom! Hey, look what Phineas and Ferb built!"
Candace,Maybe some good has come out of my busting obsession.
Past Candace,"[Flashback #2] (Holding up a t-shirt) Oh, how cute. Ferb's torso is so tiny."
Candace,"Yeah, it's been a long summer, kid. What do you need?"
Candace,But you have no idea what my brothers are capable of.
Candace,"Oh, there you are, guys! Where have you been all day?"
Candace,This is really cool! (She checks her watch) Book club starts in ten minutes! (She leaves)
Candace,"Well, I'm gonna get it notarized. I'm not kuh-rayzee!"
Candace,"Oh, great. Maybe I'll get lucky and get hit by a bus."
Candace,Why would you build an elevator that doesn't go down?
Candace,He's totally out of my league! What am I going to do?
Candace,"Well, it's totally true. Do you know what this means?"
Candace,"Yes! I mean no! I mean... Sign it!. (Jeremy sign her cast with their initials inside a heart) Thanks. Oh, hehe."
Candace,(cntd.) (approaches her brothers with the box at the backyard.) So here's all the Jeremobilia I could find. (gives the box to Phineas) Now what?
Candace,"Mom, I finally got the evidence that'll prove that..."
Candace,I don't even wanna know how you figured that one out.
Candace,Those pictures are so corny. Why do we keep doing it?
Candace,"Mom! (Goes to the living room) Mom, you've gotta see this! It's about your car!"
Candace,Seriously? Someone moved the Earth and it wasn't you?
Candace,Tell her the truth. You're making me look ridiculous.
Romantic Candace,My Jeremy's here! My Jeremy's here! My Jeremy's here!
Candace,Those aren't my ants! Do whatever you want with them. (goes inside the house)
Candace,You bet I am. This is what real mothering looks like!
Candace,"Hey! Watch where you're steering those sneakers, bub!"
Candace,So you got a phone at that research station of yours?
Candace,"Um, I'm not sure that rope will hold your combined..."
Candace,"No you'll see, she'll explain everything. Everything!"
Candace,"No, no, no. You stay here, I'll go buy the ice cream."
Candace,[cackles] Look at all the bustable things they built!
Candace,"Wait, so in this dimension, Perry is a secret agent?"
Candace,Cool! Let's get this party started! Crank the tunes.
Candace,"Well, you can come to my house and clean up my room."
Candace,"(on radio) The fuse is in! Okay, I'm gonna fire up the engines!"
Candace,Start the PLANE! Start the plane! Start the PLAAANE!
Candace,But...but...it's juice! (to Phineas) What do you know about this?
Candace-2,"Maybe none of us should have. Now, we're outta here."
Candace,"Hold on a sec, Stace. Can we kill the music, please?"
Candace-2,No. We're gonna to get you two home where it's safe.
Candace,"(smiling) Mm-hmm! (pauses) And so begins the last day of summer! (wagon is stopped by Perry's dish and she pauses, then points at Perry) Again!"
Candace,"(Mimics) ""See? How fun is that?"" If only they'd believe me..."
Candace,"Oh, forget it. I guess I'm too old for dolls anyway."
Candace,(pause) By...mindlessly repeating a flawed busting strategy?
Candace,"(opens her eyes, standing) Huh?! (looks through the telescope) What do you mean, ""Nothing""?! (sees nothing) But...but but..."
Candace,"Well, we followed some droids that ejected from the—"
Candace,"You were always there for me, on you I could depend,"
Candace,(Frustrated groan) I just don't want anyone to see me in these clothes.
Candace,What's the grossest thing that ever happened to you?
Candace,So I'll see you after you teach your guitar lessons.
Candace,Mom! Mom! Mom! You have to come out to the backyard!
Candace,"Oh, look Stacy he's cornered. Now he's really stuck."
Candace,"I know, I know, it's not great, but we did our best."
Candace,"Hey, everybody! Look what— You got to be kidding me."
Candace,"Ha-ha! We've finally caught up to 'em! Mom, keep up!"
Candace,"Lodge, huh? C'mon, you're takin' me down there. Now! (She grabs Phineas and leaves at breakneck speed.)"
Candace,"(sighs) Another day, another ridiculous humiliating failure."
Candace,"Alright, Candace. You're finally doing it. Relaxing."
Candace,"Excuse me, I-I would also like to apply for the job."
Candace,"Watch out for the falling fiery marshmallows, Stace!"
Candace,"Um, I was just thinking, we're the good guys, right?"
Candace,"Wait, it's Mom! It only happens when she comes home!"
Candace,"This isn't funny, guys! You can't go! It's not safe!"
Candace,"(over the Disney logo) Mom, Phineas and Ferb are digitally tuning my voice!"
Busting Candace,That slippery vixen! Don't move. I'll be right back. (runs off)
Busting Candace,"No, no, no, no. Not ""me"" me. The ""me"" that isn't me."
Candace,"(not paying attention to how much detergent she's putting in) I'll put a stop to you, you gold key-swipin' gopher!"
Candace,"Hey, Phineas. Phineas? (Horses whinnying) Phineas!!! Stacy, I gotta go. (Banjo strums, Pig squeals)"
Candace,"Not...even close! (leaves) That's it, I'm getting the boys..."
Candace,"That's me. Now that we're here, can I offer you a... (opens back door)"
Candace,I ate it! It was the size of the house and I ate it!
Candace,I still don't know how they cleaned that up so fast.
Candace-2,"Okay, fellas. There she is. Let's get her attention. (She swipes some plates off the shelf behind her with her Bo staff and the plates shatter into pieces.)"
Candace,"Wait a minute, is that Jeremy? What's he doing here? (Gets slapped by an orca tail.)"
Candace,What?! Are you pretending to be aliens or something?
Candace,Who knows? Maybe I've grown out of my awkward phase.
Candace,"Mom, come to the backyard! The boys are at it again!"
Candace,"In this hammock. I like it. Aw, it's beautiful, man."
Candace,"Oh, those bozos aren't pulling anything on my watch! (Candace follows them, only to get caught between the doors)"
Candace,Yeah. It's all this reading. It makes my throat dry.
Candace,(gasps) Two minutes! We just have time! Hee hee hee hee hee!
Candace,"Mom, Mom, Mom, MOOOMMMM!! Mom, Mom, Mom, MOOOMMMM!!"
Candace,(Inside the bucket) Hurry up and change me before that bird comes back.
Candace,"Well done. If you'll excuse me, I gotta see Jeremy."
Candace,Mom! You gotta see what Phineas and Ferb are doing!
Candace,"(behind the set) Mom, Phineas and Ferb are making Christmas in July. (looks over the side of the set)"
Candace,(watching the kids) Okay. Listen very carefully. Look. Out. The window.
Candace,I told you. You're my henchman. Hench or something.
Candace,Phineas and Ferb! Phineas and Ferb! Phineas and...! (She runs into the sliding door)
Candace,"Woah! Cool! I wonder if I have a doppelgänger, too."
Candace,"Well, Phineas and Ferb... The spa's gone, isn't it?"
Candace,"Ducky Momo, First edition figurine I will have you."
Candace,"(Cut to the front door. she answered the door and Jeremy is in his Mr. Slushy Dawg uniform carrying a safe.) Hi, Jeremy. What a nice surprise! (sees the safe) Ooh, what's that?"
Candace,"I was—I -- Oh, forget it, I'm gonna go call Jeremy. (walks off, cell phone in hand)"
Candace,Maybe it needs more power. I'm increasing the burn!
Candace,Can't you just press a button and get me there now?
Candace,(panting) Ah-ha-ha! Move it! (She puts the photo into the machine.)' This is it! The ultimate bust!
Candace,There's something Phineas and Ferb going on here...
Candace,"Mom, look, it's the bird mansion! It's right there!"
Candace/Perry,Aaaah! Now everyone will see that horrible picture!
Candace,We're gonna bust Phineas and Ferb once and for all! (laughs)
Candace,"Rrrrr... Come on, Stacy. We've got a shark to bust!"
Candace-2,"(from her bedroom window) Hey, what's all this about the other shoe dropping?"
Candace,"Hmm, maybe they should call it Jump, Duck, and Blow (Candace then begins to run through the world, shooting everything in her path)"
Candace,"No, this is nothin'! Wait till you see in the back!"
Candace,"So, Phineas, where's the rescue party you sent for?"
Candace,"""To be cursed... by love..."" Phineas, make it stop!"
Candace,Exactly how long have you worked here at City Hall?
Candace,"Wait a minute, anything? (on the phone) Stacy, I'll call you back."
Candace,"Mix, mingle, mix, mingle, mix, mingle, mix, mingle."
Candace,"You guys are so... wait, why are there four of you?"
Candace,"No, no, no, no, just wait till you see. Here, here."
Candace,"It's a normal bodily function, Jeremy. Get over it. (walks away)"
Candace,"So, Irving, (taking the UPAFDS) maybe I should keep this safe while we—"
Candace,A bridge! You can build a bridge across the ravine!
Candace,This is my moment! Woo-hoo! This is about meeeeeee!
Candace,Oh no! Jeremy's mother! She can't see me like this!
Candace,"Oh, yeah, Jeremy, no one makes a corn dog like you."
Candace,You mean crushed ice covered with blue carbs? Lame.
Candace,"C'mon, c'mon, c'mon!...And back in the house we go."
Candace,"Okay, playtime's over. We've got a party to get to."
Candace,"Stay down, stay down. It's the element of surprise."
Candace,"(With her eyes closed) Please, please, please, please, please be there...!"
Candace,"Well, you know uh, they must be done by now anyway."
Candace,I can't believe we're about to board The Betty Bus!
Candace,"Oh, you mean negative to metal! (She attaches the jump lead to the robot, thereby giving the rocket a jumpstart) I did it! I did it!"
Candace,"Mom, no! (runs out, but is too late) Mom! Oh, no, I'm too...too...two houses?!?"
Candace,The platform's retracting! What are we going to do?
Candace,Aughhh!!! Wait! Full-length mirror! Mom's upstairs!
Candace,"Has everyone gone crazy?! (to the boys) There you are, you worms!"
Candace,"No, I can't let you finish! They might be finished!"
Candace,I'll take that! Time to shine a light on this bust!
Candace,Oh. My gosh. Stacy. Your cooking hat looks so cute!
Candace,(suddenly realizing) No! No it's not easy! It's never easy! I need help.
Candace,The rocket engines under Big Ben begin to start up)
Candace,I found it! These shoes should complete the outfit! (She carries Dennis with the shoes in the other hand.)
Candace,"(In a phony British accent) Why, Jeremy! How delightful it is to see you again!"
Candace,But that's just Phineas and Ferb and their friends.
Candace,"Look, he's dancing. (She dance as gelatin Jeremy head wiggles) Uh-huh, uh-huh. (His head stops and she smacks it) Uh-huh, uh-huh."
Candace,"Did you play a lot of hockey in England there, Dad?"
Candace,"Mom, I think the boys are building a monster truck."
Candace,"(in a sarcastic tone) Hello, mother. Have a nice time at the baby shower?"
Candace,"(on speakerbox) Uh, welcome to Slushy Dawg, can I take your order?"
Candace,Fun? Not if you think so! Huh? Squirrel! Squirrel! (The squirrel cuts the grappling hook rope)
Candace,"Dad, Dad, wait! (She arrives at the front yard) Dad, is that the box from my room?"
Candace,Uh... Where's Meap? I told him to wait right here.
Candace,"(cont'd) ...sometimes I get what I call a ""busting tingle""."
Candace,"Why, Jeremy Johnson, did you just call me ""Honey""?"
Candace,Wait a minute! You can't talk to Jeremy like that!
Candace,Bouncy sidewalk. I'm keeping my eyes on the prize!
Candace,Seriously? Who brings opera glasses to an auction?
Candace,To my backyard! The heart of the mysterious force!
Candace,"Oh, my ten seconds are up! (lifts the top part of the machine from her head) Well, how does it look?"
Candace,Um... okay... How long have you been wearing that?
Candace,He called me! I can't believe he really called me!
Candace,"(as Gary Frank) Nice like she's nice or, what do you mean by that?"
Candace,"Hey, did you guys just see that? I saved Danville!"
Candace,"Not now, Mom! I have to get this car into the sky! (drives at full speed again)"
Candace,"Well, here goes. (opens pot, gasps) Lamb cobbler! And it's beautiful!"
Candace,Huh? I don't get it! I thought I'd figured it out.
Candace,Meat? What possible functionality could that have?
Candace,(holding her hair in shock) Junk sculpture?! Bu-bu-bu-bu-bu-bu-bu-bu-bu-bu-bu-
Candace,No thanks. I just glad I (Falls down the escalator) got-rid of-that-bad-luck.
Candace,"Wow, that chamomile tea really does knock her out."
Candace,There's a bunch of villagers and they're after me.
Candace,"(walks away from the window) Talk about déjà v— (runs back to the window to talk to Phineas) You there, boy! What day is it?"
Candace/Perry,"(locked out of the house in the backyard. She knocks on the door, and starts sweating out of nervousness) Am I sweating milk?! Being a platypus is so gross!"
Candace,"(at a sand sculpture of Jeremy) Oh, Jeremy. I must be the luckiest girl in Hawaii."
Candace,"Oh, no. No, we are staying on the yellow sidewalk."
Candace,"Oooo. I can't wait to find out. Come on, let's go."
Candace,(Hoarsely) Find out what they're up to and report back to me.
Candace,"This is better than an ice cream canyon, isn't it?"
Candace,"Yeah, bears like honey. Bakalva's made with honey. (tastes some of her baklava bear)"
Candace,"There were so many of 'em. The horror, the horror."
Candace,"Fine! If I can't be queen, then it's busting time!"
Candace,"No! I know what I'm talking about, Stacy. Come on! (Pulls her)"
Candace-2,"(bursting through the door) We got you now, Charlene! Your evil days are over!"
Candace,Stop with the narration and start finding my doll!
Candace,Someone has to be around to bust Phineas and Ferb!
Candace,Ugh. (A monkey pretends to use a banana as a phone) Does that banana have international coverage?
Candace,"Think again, Bucko! Mom said ""No touchee-touchee!"""
Candace,"No, lucky would be if we weren't still here today."
Candace,"Say, Mom, maybe we should get you ready for Bobbi."
Candace,"Mom, Phineas and Ferb built a shrinking submarine!"
Candace,"Oh, oh, it's not just stories, but full disclosah!"
Candace,"(zipping out the door with her mother) Look, Mom! See it?! Look at the gigantic dinosaur!"
Candace,(sees Linda and Lawrence about to kiss in the courtyard) Mom! It's New Year's! This is no time for kissing!
Candace,"Ooh, I love this show. It makes me feel so normal."
Candace,"Okay, next up: Jeremy Johnson? I don't believe it!"
Candace,"I will now take a bite of the ceremonial rutabaga. (She sinks her teeth into the rutabaga, but then promptly spits it into her other hand.)"
Candace,"(enters, bringing in both Baljeets, but one of them is blocked by the fridge door.) Mom! Look at this! (with her eyes closed) Look what Phineas and Ferb did!"
Candace,"(sighs) I'm not even gonna call Mom. Nope, not gonna call! (Unfortunately, the sound of an elephant forces her hand, and she calls Linda)"
Candace,"(while talking on phone with Stacy) Okay, Stace, I'm done! Just tallying up the score."
Candace,"So, giant glowing cars forever? That's your story?"
Candace,"Uh-oh. (runs off) Don't worry, Dad! I'll get it! I'll get it!"
Candace,That was no earthquake! That was Phineas and Ferb!
Candace,What could that sweet old lady have possibly done?
Candace,"Keep up with me, Dad! We're getting out of rhythm!"
Candace,"But nonetheless, I will still be busting you boys."
Candace,"Dad! Where could he be? Dad, come on, we gotta go!"
Candace,(Hopping up and down) It's Phineas and Ferb! They've ruined everything!
Candace,"Mom! Mom! Quick, Mom, look! Before it disappears!"
Candace,"Come on, come on, come on! Come on, hurry! Hurry! (she motions for her to look)"
Candace,"Mom, Mom, Mom, Phineas and Ferb have turned evil!"
Candace,"Oh, oh. And I was just about to call Mom on that."
Candace,What? Well find some fuel somewhere and let's go.
Candace,(Yelling) I can't hear you! My cheeks are covering my ears!
Candace,Oh. So I put it into drive... AAH! AAH! AAH! AAH!
Candace,But you gotta come home now before it disappears!
Candace,Thanks. Carry on with your non-bustable activity. (She leaves.)
Candace,"Whoa-ee! (catches it) We're doing great, Dad! (She throws it back to the robot whose arm stretches out long, literally, and catches it.) Wow, nice reach!"
Candace,"Tell you what, I'm joining up! (slams her hand on the podium) Set me up, sister!"
Candace,Chief! Who do you think just showed up in Panama?
Candace,Do you think you could do that for me and Jeremy?
Candace-2,"Wow, the identity scrutinizer is really thorough."
Candace/Perry,"Mom, you won't believe what Phineas and Ferb did!"
Candace,They'd better not be... (gasps) Feeling...busting...urge!
Candace,I'm running for my life! What does it look like?!
Candace,"I would say so far, adulthood gets about a three."
Candace,"Well, you're never gonna get to St. Louis before—"
Candace,Mom! Mom! Quick! Mom! Look! Before it disappears!
Candace,You guys are just gonna have to trust me on this!
Candace,"Well at least we'll all get wet. (the shark splashes down, only soaking Candace; she shouts to the sky) Really? Really?? (an octopus lands on Captain Squint's face)"
Candace,(Sighs) I really shouldn't fantasize on an empty stomach.
Candace-2,(gasps offscreen) You villain! You turned my brother into a cyborg!
Candace,"(getting out of the chair) What are we waiting for? (grabs her mom's arm) C'mon, c'mon! Chop chop!"
Candace,"I do stuff! Uh-oh, call waiting. Bye! (presses a button) Hi, Jeremy."
Candace,Don't know if I've seen that one. Is it animated?
Candace,To express my individuality! Everyone's doing it!
Candace,"There it is! Um Excuse me? Uh, Mr. Producer, sir?"
Candace,(storming out angrily) Don't you have a catchphrase to say or something?
Candace,"Oh, right. Food. Yeah, he likes that. I'm coming!"
Candace,I don't know. I can't believe it actually worked.
Candace,"Gotta get home, gotta get home... (gasps) There they are!"
Candace,Whoa. I got this situation totally under control.
Candace,"So, you guys done changing things up around here?"
Candace,"Oh, why doesn't she answer? I'm going down there!"
Candace,Yes! Got her boxed up like... something in a box!
Candace,The giant Lake Nose Monster search boat you made!
Candace,"Well, my brothers had this idea of flying over..."
Candace,Why? What kind of screws are your brothers using?
Candace,What's going on? What are you doing? Put me down!
Candace,"You're gonna say, ""Phineas and Ferb"", aren't you?"
Candace,"Wait, what? No! It was a real submarine, I swear!"
Candace,"Oh, I sure hope there aren't any spiders in here."
Candace,(The screen shows a picture of Danny's Music Shop.) I've seen that sign. It-It's down on Main Street.
Candace,But that thing ran off with my disk! My evidence!
Candace,What does it look like?! I'm busting my brothers!
Candace,"Fine, but if my friends see us, I don't know you."
Candace,"(Crumples blueprint) Ugh! (She rips out another blueprint.) Huh, huh? Time traveling submarine? Come on!"
Candace,Whoa! You are r-e-e-e-e-e-e-e-a-l-l-l-l-l-y good!
Candace,"Mom, did you see them? Did you? Did you? Did you?"
Candace,I wanna get back up there to bust you. Set aside.
Candace,"(quickly and happily sitting up) No way! (sticks her head out the window and yells to Phineas) You there, boy! What day is it?... again."
Candace,"Hehhehheh, hehheh, ee-ee-ee-ee, hahahaheeheehee."
Candace,"Uh, hello? I'd like speak to the Wizard, please."
Candace,"It's right here, Mom! Come on, come on, come on!"
Candace,You guys are super busted as soon as I tell Mom.
Candace,I just discovered why cows and frogs don't date.
Candace,"Mom, you've gotta see this! It's about your car!"
Candace,(gasps; stands up) That came from the front yard! (runs off) Phineas and Ferb!
Candace,"Like I said, Phineas and Ferb built it and it's— (Invention takes off again)"
Candace,"Mom, this may not be a fantastic breakfast, but—"
Candace,I just discovered why cows and frogs don't date.
Candace,"Oh, don't worry about me. I can handle anything."
Candace,Hey!! You completely misinterpreted what I said!
Candace,Phineas and Ferb better find a fix for this—Oh!!
Candace,"So, as I was about to explain... Seatbelts, Mom!"
Candace,"Okay, fine. Let's assume there is a Santa Claus."
Candace,Wow! Nobody puts condiments on dogs like you do.
Candace,"(Stammering) Mom, come quick! Come look-look-look-look-look!!"
Candace,Look and see for yourself! You won't believe it!
Candace,I'm the girl who brought you down twice already.
Candace,"See, wait, you can feel what they made. Come on!"
Candace,Zzzzzz...zzzzzz! (she lands on a water spout. Close up as she catches her breath) Could this day get any weirder?
Candace,"Wow. Crazy how it sucked up that groundhog, huh?"
Candace,(no nonsense) Welcome to the Har D Har toy store. Ha ha ha ha.
Candace,You actually see it? Phineas and Ferb made that!
Candace,(from inside) BWAH HA HA HA HA! LETTERS TO SANTA!?! AH HA HA!!
Candace,Oh. I need attention... from the doctor of love!
Candace,"(Jumps in) Can you at least tell a story in color, Grandpa? (The flashback changes into color. The castle's in different colors, the sky is pink with a rainbow behind the castle)"
Past Candace,"It was right here, and it was **HUGE!** (sees the rollercoaster fly away) **MOM!**"
Candace,"Come on, Mom, you want to see something crazy?!!"
Candace,"What do you have to say now, Doubty McNonbelief?"
Candace,"Excuse me, have you guys seen two little... (fish seller throws a fish to Candace) Oof! (Candace throws the fish to Stacy)"
Candace,"What?! (hears mechanical bull) Eh-heh, no. That would be childish of me."
Candace,(Blushes) How can I inspire them to build something? Argh! (Turns on TV)
Candace,And the joy...is in the journey... Okay! I'm in!
Candace,"(opens the present and gasps) The earrings I wanted. Jeremy, how did you know?"
Bad Future Candace,"Oh, wait, wait, wait. Remember? Three, two, one."
Candace,"(Enters with Linda) Right here Mom, right on top of our -- (There's nothing there) taaaaa..."
Candace,"(to her phone) Hi Mom. Look, I'm in mortal danger! Say hi Ferb. (Ferb waves, and pulls Candace back into Meap's ship. A tractor beam emanating from Mitch's ship stops them from moving any further)"
Candace,"No, wait! (brings Stacy back) Okay? There is a madness to my method."
Candace,"Really? That was easy! (She plants her first marker as it glows.) C'mon, let me do another!"
Candace,This is Candace. Candace Flynn. And who is this?
Candace,"Excuse me, I just need to get to the food court."
Candace,"(takes branch out) Heh-heh, you should have seen me covered in pie."
Candace,But you were Lindana and you wanted to have fun!
Candace,And then I bust you for the nerdiest thing ever.
Candace,"Well, it is such a pleasure to meet you on the--"
Candace,And with my hands actually tied behind my back!
Candace,"Grandma, would you show me where the shower is?"
Candace,"Oh, come on, admit it. You two are superheroes."
Candace,Why are you surprised? Didn't you guys do this?
Candace,Fine! I just want you to tell me what you want.
Candace,Why would you ever want to go to Easter Island?
Candace,"Uh, (holding her nose to disguise her voice) please hold for some important information."
Candace,"Ohh!! (Drops to her knees and drops her phone. She calls Jeremy) Uh, Jeremy, why don't you come over here?"
Candace,"Welcome to my world, Mike. Welcome to my world."
Candace,Iiiiii... I need a timeout. I'll be right back!
Candace,Yeah. Who's the good girl? Who's the good girl?
Candace,(inhales heavily and exhales lower and lower until part of her hair covers her left eye) What's the point? No one understands me anyway.
Candace,"Thanks, guys! Okay, who wants to go for a ride?"
Bad Future Candace,So this is all my fault! I've got to stop this.
Candace,This is horrible! I can't let anybody see this!
Candace,The mall? (Gasps) I can visit Jeremy at Mr. Slushy Dog!
Candace's Brain #1,Just pretend she's not there. That's what I do.
Candace,"Yes, the days kept getting shorter and shorter."
Candace,"(looking out the window) Uh-huh, great. A documentary about zoo college."
Candace,"Yeah, that's great, Mom. Check this out! (opens fertilizer bag with eyes closed) Ta-da! (Pause)"
Candace,SOCKS?!? This is a total waste of my potential! (frustrated grunt)
Candace,"And don't try to give me—Did you say ""Nothing""?"
Candace,"(offscreen) Ooh, Stacy, the new issue of Blasé Teen is out."
Candace,(opens the door without even looking at Stacy) So you boys just try and pull one over on me...
Candace,(Gasps) Jeremy's dreamy pre-set ringtone! Hello? Hello?
Candace,"Awesome! (starts walking towards Doofenshmirtz, who is now standing and is brushing himself off) Oh, hi, Vanessa's dad! How's it goin'?"
Candace,Oh thank goodness. I look totally normal. Whew.
Candace,"Phineas, there's no way we're gonna clear that!"
Candace,Get off me! Get off me! Get off me! Get off me!
Candace,"(exclaims) You hear it! Stacy, d'you know what this means?"
Candace,"Jeremy? I guess the game is over? (picks up the volleyball, which gets zapped and turns into a cake.) Cake. Okay..."
Candace,It's super...heroes...in...duh...our...kitchen!
Candace,Do you happen to be standing near a television?
Candace,This is it! This is the one! Ha ha ha ha! Ahhh!
Candace,Jeremy just invited us to his friend's concert!
Candace,"Perry, our pet platypus. Come on, Doc. Keep up."
Candace,Hmmm. Men and their impossible endless riddles!
Candace,"(Rock music) Phineas, this incline is getting kind of steep!"
Candace,No way! The whole upstairs is crawling with ph—
Candace,(back in her normal face) D'oh! Could you just help me out and call Mom?!
Candace,"Stacy, there's a pizza delivery boy in my room!"
Candace,"Mmm, that smells good. I'll get the plates out."
Candace,How can you not know who Phineas and Ferb are?!
Candace,"Well, I really wanted you to have a happy bir--"
Candace,"No jetpacks? No volleyball? No ""Where's Perry""?"
Candace,(Hoarsely) You must not be seduced by the coolness! Focus!
Candace,Wouldn't it just be perfect for figure skating?
Candace,But-but-but-but-but-but...but...but...buuuut...
Candace,"Stacy, they're going to Paris! Where Jeremy is!"
Candace,"Oh, good. That would have been a dead giveaway."
Candace,Calm down? Calm down?! I don't wanna calm down!
Candace,"Oh, this is so bustable! (to Linda's now-empty seat) Mom, D... Where's Mom?"
Candace,"Hey, look at this. I'm getting the hang of it. (Game beeping)"
Candace,"Wait, she can see it from the front yard! (Runs to the car) Mom!"
Candace,AAAAHH!! It's blinking. Maybe it's still okay!
Candace,"Phineas, come on! What is wrong with you guys?"
Candace,Now you can understand my pain. Want some pie?
Candace,Phineas! Where's the box that was in my room?!
Candace,I get to start the Running of the Chinchillas!
Candace,"(Laughs) Part of the fossil exhibit, that's a good one! (Laughs)"
Candace,"Hmm... (sniffs, licks, sniffs again) That way! I can smell Phineas and Ferb!"
Candace,What?! I can't hear you over all this ringing!
Candace,"I mean, why are you looking in my window, duh!"
Candace,"Okay, let's start with the simple tricks. Sit."
Candace-2,"(to Doof-2) Now, you, do what you have to do to get us in."
Candace,Of course not! They're gonna be soooooo bus --
Candace,Really? You're all satisfied with that answer?
Candace,"Aah! Ohh! Isabella, I have feet too, you know."
Candace,"Hey, swanky! It's all like, science-y in here."
Candace,"Follow me outside, and be prepared to look up!"
Candace,"(Laughs) Part of the fossil exhibit, that's a good one! (Laughs)"
Candace,"You gotta see. Carpet! Living room. (pulls Linda away from the counter; the knife she was holding spins a few times and sticks in the counter) Now! Look.(drags Linda into the living room, where Lawrence and the kids have safely landed. The carpet has been dyed purple from the stain ball)"
Candace,Hmm. Coffin Shadows? I've never heard of them.
Candace,Mom Mom! Phineas wants to show you something!!
Candace,"Alright, lock it up! We've got Rebels to bust!"
Candace,"Wait! Mom, look at what the boys are building!"
Candace,"(Sounding a bit smug) See, Mom? I told you...but you never listened."
Candace,What a ripoff! These things are—AAAAAAAAAAH!!! (She speeds away.)
Candace,"It was in here before, I swear! (looks in plant) Are you there?"
Future Candace,They weren't at my house so they must be here.
Candace,"That's okay, Mom. It's, um, i-it's all better."
Candace,"Ah, Glenda? Glenda! The train is slowing down."
Candace,"Mysterious Force, you work in mysterious ways."
Candace,(sighs) What can be better than this? A beautiful day.
Candace,I'm gonna need a test run so I can make notes.
Candace,"Oops, sorry. I'll just put these in your room."
Candace,"We'll see who gets mud in his face, Smart Guy! (She starts to step on a platform, but it moves and she falls downs screaming and lands with a splat.)"
Candace,That puts us in the lead! Woohoo! (A pie flies into her face.) Pie? Really?
Candace,"Oh, look! He has no reflection in that mirror."
Candace,"Mom, look! Just turn your head ninety degrees!"
Candace,"(singsong) Phineas? Come out, come out, wherever you are!"
Candace,"No problem-o! Candace is on field duty, peace!"
Candace,I can't wait to show this to Mom! Ha ha ha ha.
Candace,Will you please tell me what's going on here?
Candace,"If you don't believe me, go see for yourself. (Linda enters the backyard)"
Candace,Well I would have thought it'd be understood.
Candace,"Yeah, yeah, yeah. Do that. Say where's Perry?"
Candace,Are you sure you wouldn't rather be the legs?
Candace,"Wow, a special evening. (Phone beeps) It's my call waiting."
Candace,"There, finished. Did I put it together right?"
Candace,"Well, yeah. I guess that would be a giveaway."
Candace,(Hisses) I knew that. How many fingers behind my back?
Candace,"(laughing gleefully; looks in the backyard and doesn't see her brothers.) Yes! (at Linda) See, Mom? I told you they weren't there! (She gestures toward the tree with her eyes closed while leaves rustle off-screen.)"
Candace,Marty the Rabbit Boy and his musical blender?
Candace,It's perfect! Could I just borrow that for a—
Candace,"Yes! (To Linda) See, Mom? I told you they weren't there!"
Candace,"(gets up) Five feet, huh? (sits back down) Nah, it's still not worth it."
Candace,I'm trying to think of things that Mom likes.
Candace,"I am so not with them! Turn me around, Stacy!"
Candace,"(at Phineas and Ferb, under her breath) He keeps his treasured memories in a toolbox."
Candace,"That's a little cliché Ferb, don't you think?"
Candace,(unenthusiastically) Uh-huh. (pauses) And so begins the last day of summer. (wagon is stopped by Perry's dish)
Candace,"(Candace gets to the front door, tries to open it) Open up! Come on, open it up! It won't budge!"
Candace,I thought cartoons were all made by computer.
Candace,"Don't worry about us, bye. (She hangs up) Parents are weird."
Candace,"Stupid errands. (The car shakes.) Huh? (A la that famous dinosaur movie, Candace looks in the side-view mirror and sees Steve with the others.) What? AAAAAAAAAAAAHHH!!!"
Candace,"Sisters, repeat after me. Bust! Bust! Bust..."
Candace,(With her eyes closed) Get ready to see something really terrifying!
Candace,"(Smiling) Never better. Come on, Mom, let's step it up! (takes off)"
Candace,What is happening here? All I did was go like (does jazz hands again.)
Candace,Have I taken crazy pills?! There's no engine!
Candace,"Ooh, now help me find something cute to wear."
Candace,Stacy has family down there. We should visit.
Candace,(Screams) (at a native) Please help me! How do I get rid of this?****
Candace,You've got to come outside and bust the boys!
Candace,"Phineas and Ferb, I am busting your biscuits!"
Candace,"Ugh! Blasé is a total bust. Bust, bust, bust! (babbles)"
Candace,"What? No! What are you talking about, ""done""?"
Candace,Phineas! Just what do you think you're doing?
Candace,So you really think you can bust my brothers?
Candace,"Dad, can we speed up this pony ride a little?"
Candace,"But, but-but-but...But I'm ""Future Candathe""!"
Vanessa/Candace,"You know, the stopping is still bothering me."
Candace-2,"Alright, hang tough, this is gonna get hairy. (She leaps away. Perry wields his collar and chain as a weapon, Phineas picks up a wrench and Ferb takes off his shoes and ties the laces together to make nun-chucks.)"
Candace,(Doof opens the door to reveal an exhausted deliverer.) Fireside Girl. Here's your order of cupcakes.
Candace,(Mocking Baljeet) Oh but here we just call them eviscerating... (Candace screams and falls into the river)
Candace,"(Sarcastically) Oh, like you geniuses can make a better toy."
Candace,"That's right, I never even suited up, folks!"
Candace-2,"Ugh, I'm sorry I got you into this, Phineas."
Candace,"But, Mom! Phineas and Ferb built a... (gets zapped by the ray) Urrgh!"
Candace,"Move over, Ferb! I've almost got my license!"
Candace-2,I see nothing. I have plausible deniability. (She walks off)
Candace,"The condor is in the nest! Let's go, condor!"
Candace,"The boys! They're up in there in the -- (the bubble pops, releasing the kids onto the rides) Ugh."
Candace,"Oh, you pesky bugs! I am trying to tan here!"
Candace,T-T-Totally. (She giggles nervously as she looks down at the bottom.) Who in the world designed this?
Candace,Phineas and Ferb are in the backyard making—
Candace,Hehe. I know! Let's go get that blue ribbon!
Candace,"What?! NOOOOOO! Why, Mysterious Force, why?!"
Candace,"Okay, what's going on? I was drying my hair."
Romantic Candace,Jeremy's coming! Gotta get ready for Jeremy!
Candace,Whadaya mean? Didn't Phineas explain how to—
Candace,"Yeah, yeah, thanks. What are you guys doing?"
Candace,So what are you guys doing down here anyway?
Candace,"But but...This isn't how..Wait, where did..."
Candace,"Oh, Mom's here. But lemme get you a blanket."
Candace,Fifty patches in one day?! (cut to inside to reveal Candace now in her uniform.) Where do I start?
Candace,What?! Jeremy?! (Close up on Candace) You're breaking up with me?!
Candace,Mom! Do you know where Phineas and Ferb are?
Candace,"AAAAAAHHH! Phineas, how did you get up here?"
Candace,"Okay. Come on, Suzy. Let's go... Suzy? Suzy?"
Candace,"Phineas and Ferb?! (Getting mad) Oh, that is too bustable!"
Candace,"(holds up notebook) Ferb, bacon in the southwest? (Ferb gives a thumbs up) There's bacon."
Candace,"That's okay, I do not need to hear the song."
Candace,"Wow, this isn't nearly as lame as I thought."
Candace,"When it gets big and weird, I'll go get Mom."
Candace,"Yeah, I guess I did. Now, on to the busting."
Candace,Gotta get to the controls! Almost th— AAHHH! (She falls over backwards.)
Candace,"Aaaaaah! (grunts, as Luke and Leia swing from a rope in the background) Help! Help! Help me! I'm slipping!! (grunts)"
Candace,"That's it, laugh. Laugh while you still can."
Candace,"(Running) Sorry, Jeremy! I've got to bust my brothers!"
Candace,"Stacy, I think I'm close to figuring it out."
Candace,Wait 'till you see what those two are up to!
Candace,"Make use of your surroundings. Keep up, Mom!"
Candace,"Don't encourage him. (to Phineas) Phineas, this is crazy!"
Candace,"Gi-Give me that! (Snatches the microphone) Phineas, you are so busted!"
Past Candace,(goes at the backyard; the boys aren't there.) Yes! See Mom? I told you they weren't there!
Candace,"What? Okay, we got to jump-start these guys."
Candace,"(Strikes the same face as the chariot) Oh, that's ridiculous. I do not have wheels!"
Candace,(wailing) **TURN AROOOOOOUUUUUUUUUUNNNNNNND!!!!!!!!!**
Candace,Hmmm. I never realized how long my neck was.
Candace,It's right out here Mom...It was right here!
Candace,"No, can't you see? They were time-traveling!"
Candace,"(quickly opens her eyes) What!? (realizes) Oh, yeah, right. Right. Right. Perry."
Candace,I had to. I couldn't just leave you hanging.
Candace,Now I really wish I'd bought the three-pack!
Candace,"In here, see? The time machine is gone! Mom?"
Candace,Wait until you see this giant ball of water!
Candace,I thought you were just looking for a rhyme.
Candace,"Uhh, fine, you've bored me into submission. (leaves)"
Candace,Summer is boring! I am so-oh-oh-oh bored...
Candace,"I'm sorry, (does jazz hands) I no speak-erb your lang-werb..."
Candace,"Mom's gonna flip when she hears about this! (She starts dialing the phone, but the grabber takes her up the tower and she goes down the slide, screaming)"
Candace,He did? What do you think he meant by that?
Candace,(turns on TV) Ee-ee-ee-ee... (the TV echoes her giggle and line) I have to make a phone call. (runs off-screen)
Candace,"Ooh, Phineas and Ferb are behind this! (Speed dial) Mom!"
Romantic Candace,Romance! lalalalala! It's a Jeremy bedroom.
Candace,(Candace runs in the tent) Jeremy! Jeremy! Jeremy! (gasps) He saved me a seat.
Candace,"Phineas and Ferb, what's going on out here?"
Candace,Phineas! Ablblblblblblblblblblblblblblbl...
Candace,"(laughs maliciously, gathers her hairdryer and towel) Must bust, must bust, must bust, must bust! (goes back for her shirt, laughs some more)"
Candace,"How do you pronounce the ""J"" in ""Jalapeño""?"
Candace,"(As Jeremy) No-- Uh, just a minute, please. (Clears throat) Hi, Jeremy!"
Candace,"(runs into backyard) You missed it! There were, like, 20 of 'em!"
Candace,Come on! The bus pod is right through here!
Candace,"Yes! (enters the backyard to see the boys) Mom says I'm in charge, conditionally."
Candace-2,"If there's no trouble, why are you calling?"
Candace,There is no way on Earth I'd ever help you.
Candace-2,Monogram? Is there trouble? Do you need me?
Candace,"Heh, they won't get away with it this time! (She goes to the Garcia-Shapiro household and rings the doorbell. Briefly, she turns her head to face the house, raising her eyebrows sneakly. Vivian comes out.)"
Candace,"(Ferb starts to drop the dust) ""Whether 'tis nobler to be loved..."" Achoo! (Thud)"
Candace,"Oh, yeah! It's busting time! (runs off, singsongy) Oh, Commander!"
Candace,"Um, Stace? I'm gonna have to call you back."
Candace,Ah! You don't believe it. I'm so over this.
Candace,Wait. Hello? Mysterious Force? Is that you?
Candace,(She slides down onto the platform) And I've got it all right here on my phone.
Candace,Phineas? And Ferb? What are you doing here?
Candace,"(offscreen) There they are, Mom. (onscreen) Show me what they did."
Candace,Look! There's Grandma and Grandpa Fletcher.
Candace,"(At phone) Yeah, I think I'm free. I'll be right over."
Candace,Am I the only person who doesn't know this?
Candace,"Okay, can you feel it Mom? Can you feel it?"
Candace,"I'm sorry, Captain Webber, I thought I saw—"
Candace,Heh. Yeah. I-I've got nothing better to do.
Candace,"Oh, dear boy, no, no. A lady never tattles. (Giggles uncertainly)"
Candace,Turns out Jeremy liked me how I was before.
Candace,"Yeah, I am not gonna let fear rule my life. (Dials number)"
Candace,No! Uh... I can see they fit you perfectly.
Candace,Before I rush off to bust Phineas and Ferb?
Candace,"Okay, how she missed that one is beyond me."
Candace,That thing you used to separate me from me?
Candace,"Yep, and I know what I'm gonna do tomorrow. (she and Phineas walk away)"
Candace,"Okay. Find a flashlight, find a flashlight."
Candace,"Don't get all technical on me, just fix it."
Candace,Sh-sh-sh-sh! No time! I need to watch this.
Candace,"Because I—I bet you forgot, uh, that stuff!"
Candace,"Wow, so this is your big project for today?"
Candace,Quick! Get in! Queen Candace is out! Peace!
Candace,(Still talking like the Candace hand) Nothing. Did you bring the hypnotism stuff?
Candace,"Yes, it's still here! (to Linda) See, Mom? There! Mom?"
Candace,Isn't there something about a wooden horse?
Candace,You're right. I'm Candace Flynn! Lifeguard!
Candace,"Well, maybe everyone did something naughty."
Candace,"(offscreen) Right back here, Mom! (With her eyes closed) Look, there they are."
Candace,I... I... I think there's someone up there.
Candace,(the rollercoaster jumps over a tour bus.) The Paisley Sideburn Brothers! Let's hurry! (She slingshots some logs.)
Candace,You're making me choose? You wouldn't dare.
Candace,I know. I'll be riding my bike till I'm 35.
Candace,"Well, I saw him. I just didn't talk to him."
Candace,"In charge, huh? Time to make some new laws."
Candace,There she is! My little Mary McGuffin Doll!
Candace,"Ah, a cool breeze. Did someone fix the A/C?"
Candace,"AHH! Buford, Baljeet, what do you two want?"
Candace,No! No! I-I can't handle any more bad luck.
Candace,"Well, I didn't have international coverage."
Candace,Tiny Cowboy is our favorite band ever! AHH!
Candace,"Happy Christmas Eve, my little drummer boy."
Candace,(wearing fake glasses) But... they're just a pair of fake glasses.
Candace,(opening door) Come on... hey! What happened to Danville?
Candace,"Okay, Mom, so you gonna come home with me?"
Candace,"Oh, yeah, yeah, yeah. I'll be right there."
Candace,"Oh, hi, Stacy! Yes, sandwiches. I'm on it!"
Candace,"Doofenshmirtz? What's that, like, Chinese?"
Candace,Probably the same place the last one went.
Candace,You're kidding. There's a market for that?
Candace,I'm at the extreme water park with Jeremy.
Candace,"Okay, okay, this isn't so -- (gets flung around) BAAAAAAAAAAD!"
Candace,Phineas and Ferb? How did you guys get in?
Candace,"(freeing herself) Uh, I... It attacked, trapped! Finish her!"
Candace,No! Cucumbers can wait! (drags her mother off the chair) Must! Show! Proof!
Candace,What is it doing here and how is it alive?
Candace,"""To Mom""? Heh. It may be big, but bo-ring. (Broadway music as the card opens to be one spectacle)"
Candace,(Returning covered in chocolate) Here you go. All they had was fudgie bars.
Candace,"(her video phone rings) Oh, excuse me. My phone is ringing. Hello?"
Candace,"(in her room; Hears the film playing) Now what? (Walks into the living room) Alright, what are you two up to?"
Candace,Speaking of semi-aquatic... Where's Perry?
Candace,(dragging her mom off the couch) It is! Wait till you see the sky! Come on!
Candace,Would you turn around and look at the TVs?
Candace,That's so sweet. How did you afford these?
Candace,"Ferb! No, you get back here with my phone."
Candace,(Off-screen) Phineas! (Walks on screen) And Ferb! You are soooooo busted!
Candace,"I'm looking at it! ...Wait, where are you?"
Candace,"I told you, my therapist is giving a talk!"
Candace,Phineas? Ferb? But... but... but... but...
Candace,I thought Jeremy invited me to this party.
Candace,"Wait, stay right here! I'll be right back!"
Candace,The Good Witch... in the floating eyeball.
Candace,(On the phone) You'll never guess what I'm doing tonight.
Candace,"Mom, look! MOM, LOOK!!! (With her eyes closed; she jumps on her mother, plowing her to the ground; this causes the bat to fall out of her grip and flying in the area of the transporter.) **MOM!!! LOOK!!!**"
Candace,It's Jeremy. (Squeals) But you'll never guess where.
Candace,"Of course! Stacy, you're a fashion phenom."
Candace,What? Where's The Beak? Mom's been robbed.
Candace,"Okay, I'm all set to sneak across the ice."
Candace,Isabella! Get a tarp over that thing ASAP!
Candace,"You ate my evidence, you overgrown lizard!"
Candace,"Mom, whatever you do, do not come outside."
Candace,"I know silly-billy. So, What'cha dooooin'?"
Candace,And where did you get those ugly sweaters?
Candace,"(dials phone) Hello, Bust 'Em? Do I have a show for you."
Candace,Why is everything black and white in here?
Candace,"So, your show must be pretty popular, huh?"
Candace,I must repress my most basic urge to bust.
Candace,I can't believe that actually worked. Huh?
Candace,"Ah. (gets up) Oh, man! I gotta start all over again!"
Candace,"(Rushing to the backyard) Look at this cake, it has a chicken in it! (Chicken noise)"
Candace,"Okay, Phineas. Thirty-eight minutes is up."
Candace,"Phineas, you are in big trouble, mister--!"
Candace,You fell for the oldest trick in the book.
Candace,I've never been happier in my entire life!
Candace,"This isn't part of the competition, is it?"
Candace,"(as Gary Frank) Nothing, I guess. 'Cause we're like dudes."
Candace,"Great, Dad! Looks like we're still losers!"
Candace,"You stay right here, I'm gonna go get Mom."
Candace,I can't believe I sang backup for Lindana!
Candace,Phineas and Ferb! What are you guys up to?
Candace,"Yo, heroes, got a little somethin' for ya! (rolls down the tank)"
Candace,"Great! (she pulls her out) Come on, come on, come on, come on!"
Candace,Mom! Mommm! Mooommmm! Mom! Mom! MOOOMMMM!!
Candace,"Oh, this is just out of control. (she dials on her video phone) Mom! Mom!"
Candace,"No, no! No, it's a full-sized, and it's --"
Future Candace,You're sure you can fix this time machine?
Candace,"No, Mom, you don't understand! She's evil!"
Candace,"Yeah, you're right. Thanks, Talking Zebra!"
Candace,"Oh, really? For your stupid x-ray glasses?"
Future Candace,"Candace, just relax. Everything works out."
Candace,"Uh, never mind. Come on, come on, come on! (pushes Linda towards the backyard)"
Candace,Look! Everything in my wardrobe is jinxed!
Candace,Sure. Maybe I'll count useless limbs. (points to her injured foot) One.
Candace,"(walking in the background carrying her costume) Nice costume, dad! See ya after the party!"
Candace,"What?! No! It's not -- but they were up -- (leans on the car wheel, setting off the horn)"
Candace,Fun? What about me? I was gonna be a star.
Candace,"(Linda is in a store.) Mom! Mom! Mom! Mom, you've gotta see this!"
Candace,I can do that? I can use the B-word first?
Candace,Not... getting... away... that... easily!
Candace,Hey! (Marches over) Just what do you think you're doing?
Candace,"Vanessa, behind you! (gets touched and transforms) Oh, crud. Lots of..."
Candace,Meatloaf Queen? (doubtfully) Wow. That's pretty fancy.
Candace,"With my brothers, might as well call now."
Candace,"(deeply) Ee-ee-ee-ee... (runs inside) It's back! Mom, it's back!"
Candace,"Okay, one story. And that one story is..."
Candace,It's not simplicious! It's hard-plicious!
Candace,My brothers are the worst thing there is!
Candace,June 15th. It's your wedding anniversary!
Candace,"Mom, you've got to bust Phineas and Ferb!"
Candace,"Uh, don't mind if I do! Is it vegetarian? (pause)"
Candace,Right then. Let's get this thing started.
Candace,Wait a minute! What's going on out there?
Candace,"No, no. We finished the whole collection."
Candace,"Oh! Well, how about that? It's all right."
Candace,Wait a minute. What's going on out there?
Candace,Really? That's it? Nobody's with me here?
Candace,C'mon! Let's get off this battle station.
Candace,"Argh, I hate this stupid contest. I quit!"
Candace,(As they enter the elevator) I can't believe they did this all for me.
Candace,Just wait until Mom finds out about this.
Candace,But the boys made a giant luge wheel and—
Candace,"Come on, who do you think you're foolin'?"
Candace-2,Husband? I thought you two were divorced.
Candace,Would you care to stack books on my head?
Candace,Baljeet?! He's got you involved in this?!
Candace,Spoken like a true lose-ah! (tosses die to Ferb) Next suck-ah!
Candace,"(strains then faces Linda) Mom, there's something I got to tell you."
Candace,(as Gary Frank) And what do you mean cool? Like cool how?
Candace,"Ok. Chop, chop, fellas! Time's a-wastin'."
Candace,Thanks. It took a lot to get it this way.
Candace,"(screams) Get away from him, you long-necked freak!"
Candace,"Aah, my hair! Jeremy's gonna see my hair!"
Candace,"Well, I'm just gonna have... I ignore it?"
Future Candace,My work here is done. (at the time machine) Back to the future. (disappears)
Candace,"I would, but they've kind of grown on me."
Candace,(voiceover) Are the boys doing anything bustable yet?
Candace,It's the outfit! (takes mask off) It won't let you see me.
Candace,"Jeremy, will you go to the dance with me?"
Candace,MOOoOoOoOOOOOOMMMmMMMMmMMMMMMMMM!!!!!!!!!
Candace,"Well, no one can say I didn't try, twice. (walks to the house)"
Candace,"But, Phineas, you said that would be bad!"
Candace,"(Sighs) Okay, I'm having trouble processing this."
Candace,"Oh, just wait until Mom hears about this!"
Candace,And why is Isabella suddenly fashionable?
Candace,Ooh! A text message. And it's from Stacy!
Candace,"Okay, Buford, where are Phineas and Ferb?"
Candace,Well that wasn't very productive. Was it?
Candace,Aaaaaaah! What? Get this off! Where am I?
Candace,"(Shakes hands) Thanks for the lifeguard job, Mr. Webber."
Candace,Wait! Why did I leave Jeremy in the park? (Runs off.)
Candace,Finally! Now we're gonna see some action!
Candace,But I thought it was just going to be us.
Candace,"Great! Wow, you must really like carrots! (Runs out of the living room)"
Candace,"Wow, that's gotta be handy for something."
Candace,"And they can't all disappear... Can they? (evil laugh, clears throat)"
Candace,"Going on a big date, but guess with whom?"
Candace,A hair bow? Only Stacy can pull this off.
Candace,"Omigosh, were you turned into a fly, too?"
Candace,(Sighs) Do I have to go to Grandma and Grandpa's?
Candace,Ah! Jeremy! I was just coming to see you.
Candace,"Say, are there any wild parsnips in here?"
Candace,Hold that thought. Mom will be back soon.
Candace,(Gasps) Stacy? You too?! You look just like Ferb!
Candace-2,"(sighs and gets her red shirt from a coat hanger) Well, I guess it's time to dress festive."
Candace,"Enjoy your last moments of freedom, boys!"
Candace,(Groans) My brothers. (sighs) They always ruin everything.
Candace,"Hurry, Mom! You won't believe it! (Spots of lava form on the statue)...Huh?"
Candace,What?! You didn't like how I was before?
Candace,Stop crinkling paper! I know that trick!
Candace,"That was last week, Mrs. Garcia-Shapiro."
Candace,Buford and Baljeet! How did they get it?
Candace,You really want to go to the mall again?
Candace,To be thought of as nice by his friends.
Candace-2,These giant ants didn't send themselves!
Candace,"Oh, my gosh, oh, my gosh, oh, my gosh!!!"
Future Candace,(Sighs) Looks like everything is back to normal.
Candace,All done and ready to be put away! (Now outside; with her eyes closed) Look!
Candace,"(runs out) Wait right here, Mom! I've got evidence!"
Candace,Yes! This bust is gonna be as easy as...
Candace,Stairwell it is! What's with the rubber?
Candace,Forget it! I'm taking the yellow stairs! (Runs up said stairs)
Candace,"(angrily) You guys are so busted, I'm telling Mom! (she leaves)"
Candace,"All right, what's with the weird noises?"
Candace,"No, because I think of you as my B-word."
Candace,"Ugh, all right, but you owe me big time!"
Candace,"Yup, still there. (goes back to bed) I'm not sayin' a word."
Candace,"Mother? Is that you? I mean, really you?"
Candace,You guys better not be talking about me!
Candace,"Stacy, I know what we're gonna do today!"
Candace,"Oh, my gosh, I don't know you, but okay!"
Candace,"Nothing, Mom. Absolutely nothing is new."
Candace,I threw the baby out with the bathwater!
Candace,What a racket! Those guys are so busted.
Candace,(Groans) Why am I arguing this? Hand me the suit.
Candace,"Mom, we're back on the ground! Ahhhhhhh! (eye twitches)"
Candace,"(to the instructor) Buckle up, dude, it's about to get real!"
Candace,(Screams) WHOA! WHOA! WHOA! See? It's that simple.
Candace,"Okay, Mom. I'll wait for you in the car."
Candace,"Oh, no! More villagers! Gotta get home (x4)."
Candace,"Um, I'm gonna go with no, but thank you."
Candace,"Then, I guess you're not my best friend."
Candace,"Uh, that's okay, Mom, I think I'll walk."
Candace,"But, but, but, but, but... Butterflies?!"
Candace,"I mean, how hard is it to deliver socks?"
Candace,"(writing) ""9:37 a.m. - metal beams, load bearing."""
Candace,Mom! Mom! Mom! Hey Perry. (Bends down to pet him) Mom! Mom! Mom!
Linda and Candace,...os era owt uoY !ti si tahT :**adniL**
Candace,I'm feeling very conflicted about this!!
Candace,"Because we're sayin' it is, sayin' it is"
Candace,"(Sarcastically) Hey, you just earned your ""A-Der"" patch."
Candace,"Hey, I need a ride to Wa Ta Lot Ta Hoie?"
Candace,Ha! Quick! Bust 'em... Wait. You didn't?
Candace,You look like you need some conditioner!
Candace,"It was right here, and it was huge! (She sees the roller coaster being carried away by the helicopter.) Mom!"
Candace,"But, but, but, but, but, but, but, but-- (continues under)"
Candace,"Sorry, Mom. Disregard everything I said."
Candace,"(on phone) Mom, alien jungle! Giant slug! Mom! Mom!"
Candace,"Messages? (Gets slapped by another orca tail and looks at her phone, while riding the dolphin.) Eleven messages? (Rides the dolphin, which goes through a hoop held up by Ferb.) He called me!"
Candace,I think we're in second place. Let's go!
Candace,Is she saying what I think she's saying?
Candace,"Phineas and Ferb, will you keep... (trips over a rug and the cell phone falls out of the window) NOOO!"
Candace,Well roses always seemed stuck up to me.
Candace,"And admittedly, that's a little strange."
Candace,"Nicely done. And how about yours, Jenny?"
Candace,No way! I can't get them to do anything!
Candace,Please! Adopt me now! AAAUUUGGGHHH! Mom!
Candace,Raincheck! This is my last time to bust!
Candace,I don't know what they're talkin' about!
Candace,The Wizard of Oz. Isn't this for babies?
Alternate Timeline Future Candace,W-Wha? A-Are you me? But I have to bu...
Candace,"Stacy, how did you get in one of these?!"
Candace,But he said he had something to tell me…
Candace,"It was right here, and it was huge! (sees the rollercoaster fly away) Mom!"
Candace,I'm B.L.A.R.F.-ing! I'm B.L.A.R.F.-ing!
Candace,"Like a beard on a face! Ew! No, no, no."
Candace,"(in Cockney accent) 'Ello, Grandpa Reg. (normal voice) Happy Father's Day."
Candace,Right on schedule and fully documented.
Candace,"Dude, this is nothing, it'll get worse."
Candace,(Screams) Cactus! Oh! Snakes! Ugh! Scorpions! Oh! (Water splashing)
Candace,"(she crashes into the cans and knocks them over) Oops. My bad, heh heh. Where'd they go? (sticks her head out the window to see them floating away)"
Candace,"Well, I know what interests I'd pursue. (she points to 2nd Dimension Jeremy as he comes out of the portal)"
Candace,"And you got an inflatable Grandma, too."
Candace,"I put busting my brothers ahead of you,"
Candace,"Speaking of periwinkle, where is Perry?"
Candace,You don't suppose he could've run away?
Candace,(scoffs) What's the big deal with hockey anyway?
Candace,Candace Flynn can find her own way out.
Candace,Huh? Huh? Huh? Huh? Huh? Huh? Huh? Huh?
Candace,Then you're useless to me. Candace out!
Candace,"(hugs her brother) Oh, I can't believe it! You got so big!"
Candace,"You heard me. Hit the road, meat brick."
Candace,"Hey, this little fella is kind of cute."
Candace,Oh! What? (reading street sign) Ain... Ain-merb.. eet-strerb?
Candace,Mom says I'm in charge...conditionally.
Candace,"Oh, Jeremy! This was so worth the wait."
Candace,"Wow, so you're conditionally in charge?"
Candace,What do you mean? I didn't go anywhere.
Candace,"Ooh, goody, I'm great at word problems."
Candace,I can't believe Mom isn't hearing this.
Candace,Aaaah! There are squirrels in my pants!
Candace,Phineas? Ferb? Phineas! Ferb! (The two brothers dissolve.) NOOOO!!!! (crying) (Phineas and Ferb re-digitize behind Candace.)
Future Candace,"The poster's missing, right? Follow me. (drags Linda out)"
Candace,"Ha-ha, I made it! Hee, hee, hee, hee..."
Candace,Mom? What happened to your Capri pants?
Candace,I'm not all Britishy and sophisticated!
Candace,And I have to do everything for myself.
Candace,"Phineas, hurry, while she's distracted!"
Candace,"Oooh, all I wanna do is show it to Mom!"
Candace,"Phineas, you know I'm in charge, right?"
Candace,"Yeah, yeah, that's what I thought. (Notices a Martian) Huh?"
Candace,"You know, he really does look familiar."
Candace,"Smile! (she snaps the photo, which comes out instantly, she looks at the photo) Aha! (shows it to Linda) AHA!! (looks at the photo) Aha! (shows it to Linda) AHA!! (looks at the photo) Aha! (shows it to Linda) AHA!!"
Candace,Mom! Why can't you just turn around!!??
Candace,"Oh, come on! Everybody wants something."
Candace,A backyard spa? You guys are so bust...
Candace,Good! (at Linda) MOM! MOM! MOM! Heeheeheeheehee...
Candace,"Thanks, Mom. At least you came through."
Candace-2,"A lot of convoluted reasons there, too."
Candace,Where is the tear?! Where is the tear?!
Candace,"(taking the remote) Uh-uh! Remember, it's the other button."
Candace,(on radio) The attic?! Where all the spiders are?!
Candace,(yawns) Too bad you can't build one. Heeheehee. (snores)
Candace,(crawling towards Linda) Mooooom! Mooooom! Mooooom! Moooo-oooom!
Candace-2,"It's all over, Charlene. (The reformed animal agents surround her.) Now surrender."
Candace,Okay! (to Stacy) He's so excited he can't breathe!
Candace-2,"Okay, that's enough. Hey, where's Ferb?"
Candace,"Yeah, yeah, yeah. That's great, Irving."
Candace,See a movie with me. (Screams) Where is everyone?
Candace,"(on the cell phone) I'll meet you up front! (hangs up, then calls again) Hehehehehehehe."
Candace,(in the vein of Bernard Herrmann's screeching violins)  Mom? Mom? Mom? Mom? Mom? Mom? Mom? Mom?
Candace,You stop leading. (They pass through an old man's garden; the old man sees them and assumes it was the Super Grow Plant Food) Give him the twister!
Candace,"Ha! Take that, you little... (Several more spiders crawl down from inside the umbrella.)  AAAAHHH!!!"
Romantic Candace,(sighs contentedly) I could just stare at you all day long.
Candace,"Oh, hey, Dad! You know Mom pretty well."
Candace,Are they all out having fun without me?
Candace,(off screen) Ahhh!! (jumps onscreen) There are squirrels in my pants!
Candace,"(She stares at Stacy for a moment) Huh, I don't know why I was asking you."
Candace,I don't want that. I've been all three.
Candace,"Yeah, yeah. (To poodle) (Gasps, noticing dog holding shoe above toilet) Don't even think about it! (Gasps, realizes she's been tracking toilet paper around the house. Begins throwing toilet paper into toilet)"
Candace,Mom! Come here! You've gotta see this! (She drags her out...)
Candace,"Wait, I wasn't even here for that one."
Candace,"Well, that was almost impossibly fast."
Candace,(The inator zaps Candace) I'm starving! What's that sweet smell?
Candace,"Yes! Buford? (Buford gives it to her.) With my compliments, sir."
Candace,"Huh, no-no! Have you seen my brothers?"
Past Candace,Woohoo!! I finally got them!! (silence) Hellooo?
Candace,"Believe me, I'm trying to tune it out."
Candace (cont'd),...Stace! Cover me! We need to find...
Candace,"(as Gary Frank) Okay, so you know, um... I'm gonna go."
Candace,"Mom, Phineas and Ferb are at it again!"
Candace,"""To dream... To be free of the curse."""
Candace,Whoa! What's happening? (Gargling) Phineas! Ferb!
Candace,We don't have time for this. Grab 'em!
Candace,"Well, then, maybe I should just leave!"
Candace,"Start the plane! Start the PLANE! (She trips over a small hill, causing the snowball to miss her) Huh?"
Candace,"Well, that worked. ""Red turbo button."""
Candace,"Whoa! Come on, Dad! Dig in your heels!"
Candace,Forget it. I'm staying with the plane.
Candace,Will this affect our arrival in Paris?
Candace,The Flawless Girl booth...where is it?
Candace,"Snoresville Central, Candace Speaking."
Candace,Why would you save me? You're a Rebel.
Candace,"Wait, what? Why do you know that word?"
Candace,"(comes back) Wait. Did you say ""Skiddley Whiffers""?"
Candace,So I am officially off doohickey duty. (The doorbell rings. She gets the door and greets Vanessa and Stacy. She and Stacy scream at each other.)
Candace,I thought we were getting out of here.
Candace,"(putting on Captain Squint's hat and wielding his harpoon) Stacy, I'm tired of this conversation!"
Candace,"(in her room, talking with her cell phone) Hey, Jeremy. You wanna go to the mall?"
Candace,"Yeah? You do it with your mom, uh-huh."
Candace,What the heck is wrong with these two?
Candace,Great you guys get on it. (Her phone rings) H-Hey Stacy.
Future Candace,"Mom, you gotta come with me right now."
Candace,Mom! Mom! Mom! Cheese! Cheese! Cheese!
Candace,"Mom!...Mom, you're not in the kitchen?"
Candace,What?! But that's our only way out of—
Candace,Gotcha! Your reign of terror ends now!
Candace,You're sure this will stop a stampede?
Candace,"(raises Linda's right hand for her) ""I do solemnly swear..."" Come on, Mom!"
Candace,(Annoyingly) I don't believe I've had the pleasure.
Candace,"Phineas, I thought you were stampeded!"
Candace,"Oh, just like the rabbit in the story."
Candace,"(crawls; moans, back to her usual voice) Oh, well, at least I'm back to normal."
Candace,"C'mon, you stupid thing! Get in there!"
Candace,Gotcha! You guys are so-o-o-o-o bust--
Candace,"(overlapping, leaves) And don't be late! THIS IS YOUR FAULT!"
Candace,"It's Buford, but it says he's naughty."
Candace,What's going on? What happened to Mom?
Candace,Freaking out. What are you guys doing?
Candace,"Wait, what? Oh, sure, when he says it!"
Candace,"(screams) Hey, you're Khaka Peu Peu. (Snorts) No offense."
Candace,"Something, uh, big came up, and, uh..."
Candace,"Phineas and Ferb, what are you doing?!"
Candace,"Mom! Mom! Mom, the boys! Garage! look!"
Candace,"Well, this has been a weird afternoon."
Candace,"No feathers this time, right? (grabs her) Come on!"
Candace,"Spelunking? You mean, like, in a cave?"
Candace,These look like simple level controls.
Candace,Neither do I. He says it's a surprise.
Candace,"Uh, I gotta take this. (whispers) How's it going?"
Candace,"Um, uh, what was that you were saying?"
Candace,This isn't new! I've seen this before!
Candace,"Yeah, but she's obviously a real girl."
Candace,"Wow, he's kind of hunky for a 50s guy."
Candace,"Mom, you've gotta come home right now."
Candace,You mean you came over to check on me?
Candace,Have you noticed my extended pinkies?
Candace,This isn't making me feel any better.
Candace,I tried to show you a giant ant farm.
Candace,"Aw, look, it's me! Aw, I was so cute!"
Candace,"Mom, this place is so fancy-schmancy."
Candace,Why am I wearing a turtle on my head? (Screams)
Candace,"Yep. That's you. (pushes her) Come on, Mom, quick!"
Candace,(sighs) It's always the same thing every day.
Candace,I'll take another physical challenge.
Candace-2,"Tell me about your ex-wife, Charlene."
Candace,I'm in! Auditions start in two hours. (giggles)
Candace,"(looks at her phone, it shows a photo of Phineas with her thumb covering most of his face.) Aaaaah! Oh... you are coming with me! (drags her out)"
Candace,That's not the one I'm talking about.
Candace,"Mom! Quick, I caught them red-handed!"
Candace,It's back! I told you! It's returned.
Candace-2,Surrender or there'll be big trouble.
Candace,(on radio) Where would I find a thing like that?
Candace,"Woohoo. I'm not really on fire, am I?"
Candace,(eye twitches) **WHY IS EVERYTHING SO DIFFICULT?!?** (sobs)
Candace,Who puts a picture frame on a window?
Candace,"Come on, come on. You gotta see this."
Candace,"Mom, Mom! Hurry!! Come on, come on!!!"
Candace,"This way, Mom! (motions toward the screen) Just see for yourself!"
Candace,I love it! You thought of everything.
Candace,"Okay, Ferb, where to next? (Ferb turns the page to reveal it's blank.) That's it?"
Candace,Wait! Too fast! Slow slow slow STOP!! (She spins around the roofs of the cars before the belt stops and she lands on the windshield of Jeremy's car.)
Candace,"Okay, whatever. Kinda busy right now."
Candace,"What the? Phineas and Ferb, Mom! Mom!"
Candace,"I was kind of busy. (Her video phone rings. She zips inside and picks up.) Stacy, what's up?"
Candace,Wait! Where are the giant scarecrows?
Candace,"Mom, Mom, Mom?! Submarine, submarine!"
Candace,I need...nerd help. Will you help me?
Candace,"(unhinged) No, Mom! I'm not crazy! (laughs insanely) So what time?"
Busting Candace,"Candace, she was with you in the car!"
Candace,Does this suit make my butt look big?
Candace,"Wait, Jeremy didn't break up with me?"
Candace,How's it going with you and Coltrane?
Candace,Why am I wearing a turtle on my head?
Candace,(scoffs) Naturally? (the wail starts again.) Where is that coming from?
Candace,"Well, at least it was short. Come on!"
Candace,"(Scoffs) '80s music is so 2002. (Linda arrives.) Mom, mom, mom!"
Candace,I'm no gatecrasher; I'm their sister!
Candace,"(in her sleep) Yeah, Perry does this all the time..."
Candace,"Aw, nuts! Ugh, just give me a minute. (Walks away and dials phone)"
Candace,"Now I know I heard ""Phineas and Ferb!"
Candace,"Beat it, dweebs! I'm having a crisis!"
Candace,What have you got to stop a stampede?
Candace-2,Just park your caboose in that chair.
Candace,Do you know what they have in France?
Candace,Then how can you tell they're aliens?
Candace,Filming? What? What are they filming?
Candace,(Running through the festival) Excuse me. Pardon me. Coming through!
Candace,"(leaves) Oooh, you two are gonna be so busted!"
Candace,(Calling back to her mom) Never mind! Have fun running errands!
Candace,"Bye, Mom! Bye, Dad! Have a nice time!"
Candace,That's right! Cross on through there! (She beckons for the band to follow her as she leaves the dance)
Candace,"After, like they're going to get him!"
Candace,"Mom, mom, mom! (runs off) You've gotta see this!"
Candace,...What? That's all you have to say?!
Candace,"And, I learned how to parallel park!"
Candace,"But, but, but, but, but, but, but... (continues under)"
Candace,"Ooh, and get a load of that I shall."
Candace,It feels like you're in big trouble!
Candace,"(trying to enter the rink) 'Scuse me, I gotta get through here."
Candace,I don't understand. What's going on?
Candace,And didn't we just blow up a planet?
Candace,"Ohh, everything is just wonderful..."
Candace,"Well, I guess that wasn't too weird."
Candace,"""Cannot be completed!"" What is that?"
Candace,"Oh, will you two give it up already?"
Candace,"Hey, that's coming out of my salary!"
Candace,I gotta find a better place to hide. (Candace moves the table away from the elderly couple)
Candace,"Ugh, all right. PHINEAS AND FERRRB?!"
Candace,Come on! No time to lose! Literally!
Candace,No worries! I got my lucky charm on.
Candace,You! How much for that baby rattle?!
Candace,Inators? Why? What does this (points at the machine she almost sat on) one do?
Candace,"Okay, now I have to ""but, but, but""."
Candace,Stop it! Why you... Help me! Jeremy!
Candace,Ee-ee-ee-ee... (at the kids) Don't. Stop. Working.
Candace,"So, what do you think? High tea and-"
Candace,There is no way I'm going out there.
Candace,Get that sick creature away from me!
Candace,I can't believe I'm doing... (The machine starts spinning) AHHHHH!
Candace,"Well, ladies, thanks for everything."
Candace,"Plus, they're leaving by helicopter."
Candace,"Relaxation.... Come to me, serenity."
Candace,(Hoarsely) It's okay. I'm sorry I got you sick.
Candace,(dialing phone) I am so gonna relish this bust! (answers it) Ma!!
Candace,Gift? Well you didn't have to make--
Candace,But they're right around the corner!
Candace,"Isabella, I'm a little busy right..."
Candace,"Hey, Wait, What are you doing?! (A SSSN soldier grabs her) Hey!"
Candace,"Okay, really amusing. Bring it back."
Candace,"Mom, have you seen Phineas and Ferb?"
Candace,Back to my stories. (hangs up) Takin' a me day.
Candace,Mom! (with her eyes closed) Take a look outside the window!
Candace,(Still stunned) Why would I have bought that poster?
Candace,(in a stern voice) Mother? May I please speak with you?
Candace,I-It's like the bridesmaid of crime.
Candace,You have got to work on your sullen!
Candace,Drill... underground... mole people!
Candace,"(from inside) Well Mom, what do you think of this?"
Young Candace,What would you even name a platypus?
Candace,Mom remarried? What happened to Dad?
Candace,"There you are, my monotreme mon ami."
Candace,"Oh-oh-oh-oh-oh, when I catch them..."
Candace,At last. Candace Flynn is in charge.
Candace,"So, Lulu, did we get enough footage?"
Candace,"Yeah, he's the best. That Billy Roy."
Candace,You know I can't see anything right?
Candace,Not if my brothers are building one!
Candace,(in the video game) ...minute. Hey! Where'd you guys go?
Candace,"Well, yeah, but they won't come off."
Candace,(pushes Linda into the backyard with eyes closed) It's over here! It's over here! See?
Candace,"Yeah, but this time, it's a musical!"
Candace,There's nothing I'd rather be doing.
Candace,"Oh well, Phineas and Ferb, you know?"
Candace,Squirrels! Squirrels! Whoaaaa! AHHH!
Candace,"That's okay, cause this is it-it-it!"
Candace,B.L.A.R.F.! B.L.A.R.F.! B.L.A.R.F.!
Candace,"Whoa, this place is a total pigsty."
Future Candace,And I was so close to busting them.
Candace,"I won't stop, never, never, never!!"
Candace,"Mysterious Force, what do you want?"
Young Candace,"That thing?! You're kidding, right?"
Candace,"Great, but we need to keep looking."
Candace,"Oh, that's Busting 101, I got this."
Candace,"Well, that would've been the point!"
Candace,"See, Mom?! Look, look! I told you--"
Candace,"""Why don't you come in for snacks?"""
Candace/Perry,Ugh! (walks off screen again) Just turn off the home movies!
Candace,"Hurry, Stace! They're getting away!"
Candace,"Well, no, I was operating a remote."
Candace,"Not you big fat ox, him big fat ox."
Candace,"(To Stacy) Uhh, are we supposed to take notes?"
Candace,"Wait, you can control your brother?"
Candace,"(gasps and dials the phone) Mom, Mom! Alien jungle! Giant slug!"
Candace,What do you mean I'm in the... YOW! (Birds and angry fruit begin chasing Candace)
Candace,"Thanks, guys! I could just hug you! (proceeds to hug her brothers, but ends up catching a hair and honey-covered Doofenshmirtz instead)"
Candace,Ughh! I can still use the landline.
Candace,Just laying here. Utterly dejected.
Candace,"Maybe, maybe... We need more clues!"
Candace,"Um, excuse me, but I have seen him!"
Candace,No! Just leave me alone! (runs off) Excuse me!
Candace,"Oh, he remembers my name. How nice."
Candace,Mom! Mom! Look at this! Look at me!
Candace-2,"Alright, knock it off, glamour boy."
Candace,Wait a minute. Why does he lose fi—
Candace,(Screams as she falls off a cliff) Why does this keep happening to me? (lands in the water and one of the fishermen pulls her up now frozen in a block of ice with her teeth chattering)
Candace,It's still there. It's still there.
Candace,Yes! So we know she hasn't read it!
Candace,"(deadpan) But, but, but, but, but...whatever."
Candace,"Yeah, you look amazing! Wait, what?"
Candace,"Phineas and Ferb, I've got you now! (Baljeet presses Play)"
Candace,"Ugh, eighteen hours, with no phone."
Candace,Come on! Come on! Come on! Come on!
Candace,"(At Baljeet and Buford) Okay, one of you get off the stage."
Candace-2,You think I'm smart and courageous?
Candace,"Ready, Mom? (gasps) This is the big moment!"
Candace,Just do it! And don't interrupt me. (Walks away)
Candace,"(long pause) They'll probably do that, you know."
Candace,"Okay, now how did that only hit me?"
Candace,"Oh, forget it! I'm going in myself. (knocks over a series of posts, which strike a gumball machine and cause the gumball container to come loose and roll after her. Candace enters the stairwell and steps in a mop bucket with wheels that's full of water and goes down the stairs)"
Candace,"A steering wheel? How is this safe? (The airbag explodes in her face; She lands on the diving board, launching her onto the roof, down a tree branch and back onto the diving board. Does she scream? It's Candace, what do you think?)"
Candace,Mom! Mom! Look at this! Look at me!
Candace,Why blueberry? Why not lingonberry?
Candace,Are we inside the mysterious force?
Candace,"(mocking) ""I'm not as young as I used to be."""
Candace,"Let's go, Mom. You got to see this."
Candace,"Phineas, can't you stop and listen?"
Candace,"Mom, they're doing stuff out there!"
Candace,Thanks! I've had a lot of practice.
Candace,"No time for sarcasm, Mom! (grabs her) Come on!!"
Candace,"Yeah, maybe he—""Down at the docks?"""
Candace,How did I get in this fish show?!?!
Candace,"Of course. Grandma Hilda, from the—"
Candace,Water? Wait! Waterworks! That's it!
Candace,"Mom, you gotta come home right now."
Candace,"Uh-oh, Stacy. That's Jeremy. (Presses button on phone to talk to Jeremy) Hello?"
Candace,I smashed my finger in the...thing!
Candace,I think I swallowed the mouthguard.
Candace,No way! Not until I get the signal.
Candace,"Thank you! Heh. And thank you, Dad."
Candace,I can't get any reception up here.
Candace,"No, I'd rather stay here and sulk."
Candace,"Mom, Dad, we gotta get outta here!"
Candace,"(looking into the truck's backseat area, which is not shown) So, your father's an exterminator?"
Candace,Would you take something in trade?
Candace,I officially prefer our dimension.
Candace,And why are you talking like that?
Candace,No no no no no! Anything but that!
Candace,"I'm calling Mom, you know. (dials phone but stops when she sees Jeremy) Jeremy?"
Candace,Wait 'til Mom gets a load of this! (laughs and goes back inside)
Candace,"Listen, pal, you stay out of this!"
Candace/Phineas,"All right, Ferb! You got the disk!"
Candace,Don't you need some cows for that?
Candace,Let me see. (shows an ugly Candace) (gasps) I'd better erase that. (pushes button)
Candace,Cool. Thanks guys. Bust you later.
Candace,(looks at her music sheet before throwing it aside) Wait a minute! What are you doing?
Candace,We can't get into the escape pod?!
Candace,"Oh, so bored. Bored. Bored. Bored."
Candace,(yelling over phone) Tell Mom she has to bust the boys!
Candace,Mom! Mom! Mom! Mom! Mom! Mom! Mom!
Past Candace,But-but-but-but-but-but-but-but... (continues)
Candace,"Uh-oh. (She screams) Phineas, help, I'm falling!"
Candace,"I'll be right back! (At the garage she grabs a can of paint, then runs back) Ee-ee-ee-ee..."
Candace,"Stacy, did you hear that? Wake up!"
Candace,(sighs) That lantern was the perfect gift.
Candace,Delayed! What do you mean delayed?
Candace,(Screams) An alien monster! Get to the ship!
Candace,Giant whoopee cushion? Seriously?!
Candace,"You two, stop right there! (Buford fires his blaster again) Buford!"
Candace,...uuuuuuut -- What just happened?
Candace,"You guys are still working, right?"
Past Candace,Bust them. Young Phineas and Ferb!
Candace,"Hey! He's- Oh no! (She searches her pockets, but is forced to throw her phone towards the bay door. It hits a red button, falls to the floor, and breaks. The door slides downward, trapping Mitch as two Meap guards surround him) Oh no you don't!"
Candace,"See, Mom? See, Mom? Here, look! I—"
Candace,Phone! Phone! Do you have a phone?
Candace-2,"Actually, he asked for this stuff."
Candace,"(Walks onto the dock wearing lifeguard uniform) All right, what are you two up to?"
Candace,"(gasps, catches die, it says ""21"") Seven trey, baby! Feel the breeze! (bounces past Baljeet on his unicorn, chained to a cannon ball)"
Candace,Mom. Phineas and Ferb. Bust. Look.
Candace,(She stands on top of the engine before shouting) I am Candace Flynn! Cou de Crayon!
Candace,"Wait a minute, what are you doing?"
Candace,I'm not even going for the bronze!
Candace,Mom! Traps! Obscure enigmas! Look!
Candace,Jeremy is going to get here any...
Candace,"Oof! Ow! Okay, okay! I'm relaxing!"
Candace,"(still looking out the window) Great, sounds like a plan. I'm in."
Candace,"(from a bush, trying to imitate a bird) Bu-GA! Bu-GA! Ooka-ooka-ooka-ooka!"
Candace,"(giving the trophy to her brothers) This really goes to you, you know."
Candace,"(Gasps) Photo! Yes! Photographic evidence! (She goes up to take another photo of Jeremy, but when she sees that it's 99% full, she gets upset and leaves, to Jeremy's dismay)"
Candace,"What? (Phineas gives a thumbs up) Oh, yeah. Ice cream for two."
Candace,Those two are in such big trouble!
Candace,"Well, you did say ""give up"" a lot."
Candace,"I know, I don't believe it either!"
Candace,"Alright, it's big and weird. Ma!!!"
Candace,I tripped over Ferb's old toolbox.
Candace,No time to lose! Move! Move! Move!
Candace,"Aah! Ow! Oh, there you are, Perry."
Candace,What? Jeremy's going to be there?!
Candace,"So, Mom, am I doing great or what?"
Candace,"Ooh, lucky break. (climbs in through the window) Okay, let's see. (presses Play)"
Candace,What? What's everybody looking at?
Candace,Whoa. Did you just feel something?
Candace,Cars! (Phineas's car transforms into a jet) Planes! (Baljeet's car transforms into a UFO) Space ships! Crud!!!
Candace,"Ugh, I've got like...no bars here."
Candace,"Mom, I need to show you something."
Candace-2,"Lucky for us, we got one of those."
Candace,I have no idea what just happened.
Candace,MOOOOMMMMM! Mooommmm! MOOOMMMMM!!! (instrumental)
Candace,"Okay, but they still don't matter!"
Candace,"Brr, that ice tea gave me a chill."
Candace,(wearing a Lindana costume) From my mom's closet. You like it?
Candace,"Mom, Mom, Mom! Mom, Mom, Mom, Mom!"
Future Candace,"There! No, wait... (time machine disappears) Too late. Mom!!"
Candace,"Just call me ""Can't-Dance Flynn."""
Candace,Uh— (walks over to Stacy) This is weird. My mom's here.
Candace,She's heading straight toward it!
Candace,Mom! Mom! Mom! But but but but...
Candace,They're building a rollercoaster!
Candace,Oh... I'm uh... going to Stacy's.
Candace,"No, no, no, no, no. I'll do this."
Candace,Wait for the signal. Wait for it.
Candace,Bu-bu-bu-bu-bu-bu-bu-bu-bu-bu-bu-
Candace,Thanks for that characterization.
Candace,"Actually, I don't do high places."
Candace,"Uh, what are you guys doing here?"
Candace,"Okay... (looks around) but it's the mall, right?"
Candace,I dunno. But it's not baby teeth.
Candace,How did you... I'm still... Whah!
Candace,"Pretty good, but I'm still angry."
Candace,"Hehe, you have hunky ankles. Heh."
Candace,"Whoa, Mom. What's with the getup?"
Candace,No! AAAAAAAAAAAAAAAAAAAAAHHHHH!!!
Candace,"I'm running out of hiding places. (She spies a dressing room, and hides Jeremy behind the curtain)"
Candace,"Actually, the song part was nice."
Candace,"Yep, bricks would've been better."
Candace,"(gets out of the car) Okay, okay! (to herself) Jeez, am I like this?"
Candace,No! Don't encourage him! Vanessa!
Candace,(Looks at the map) You're going to Paris...? France?
Candace,"No, wait. I mean Code Periwinkle."
Candace,"(yawns, groggy) What are you doing? It's so late."
Candace,Huge. Impossible. Bust-able. MOM! (she runs off to find Linda)
Candace,"Oh, wait, I am out of toothpaste."
Candace,You're like the me of the galaxy.
Candace,Slow and steady. Slow and steady. (She pushes the levers up slow and steady into the red and the rockets get more powerful.)
Candace,(chuckles) Wait till Mom sees you guys. (Baby Ferb starts crying) Shh!
Candace,'Kay! (back on laptop) Ooh! Ooh! Squirrel bandits!
Candace,You just told me not to tell you.
Alternate Timeline Future Candace,"Wow, that future sounds horrible!"
Candace,"Yes, you can. That's the problem."
Candace,"Well, this is one of those times!"
Candace,A brief recap might be helpful...
Candace,You don't even know how to drive.
Candace,I so don't want to talk about it.
Candace,"(Hoarsely) Stacy, what are you doing? Focus!"
Candace,A flight helmet and cowboy boots?
Candace,"TK-90210 reporting for duty, sir!"
Candace,"Help, help! I'm taking her purse!"
Candace,For a change? I have lots of fun!
Candace,(groans in frustration) That's it! I'll stop this myself.
Candace,N-No-no-no. I'm good. I hate fun.
Candace,So what does your father do here?
Candace,Hold on. (approaches them) What are you guys up to?
Alternate Timeline Future Candace,Really? How was it? Was it great?
Candace,"But- but...(Groans, then takes a deep breath.) Right. I can do this."
Candace,"Okay, Candace, once from the top."
Candace,"Mom, I'm having a teenage crisis!"
Candace,Of course I can. That's my thing.
Candace,No! No! No! They'll embarrass me!
Candace,But what if there's an emergency?
Candace,What? Jeremy's going to be there?
Romantic Candace,"Oh, they're right! Mom, let's go!"
Candace,Ha! Are you kidding? Just try me.
Candace,And Rebels are bad. We know that.
Candace,"Well, yeah...that's what I was..."
Candace,"Soooo, how are my subjects doing?"
Candace,(still running down the street) Heeheeheeheehee... Ooh! A dollar! (leans down to pick up the dollar just as the Non-inator's beam passes over her head)
Candace,But what if there's an emergency?
Candace,"Me? Oh, no! I'm not ready! I-I..."
Candace,(smugly) I dunno. Why not build them all?
Candace,"(Squeezes a bottle of relish twice) Oh, look, I'm out of **relish**!"
Candace,"(entering the party with Stacy) Wow, first year with the adults!"
Candace,"Don't worry, it's just our ride."
Candace's Brain,Nice going. You busted yourself.
Candace,(Cut to Ferb doing something familiar.) You're giving a monkey a shower?
Candace,"Yay! Super-stardom, here I come!"
Candace,Here! (Pulls out an aerosol can) Use this! Saline solution.
Candace,Just this once! This is the one!
Candace,I knew it! I knew it! I knew it!
Candace,Okay! You boys have fun. See ya!
Candace,It's my backyard! I outrank you!
Candace,"(looking out the window) Hey, what's with all these kids?"
Candace,"Mom!! Mom, Mom!!! MOOOOMMMMM!!!!"
Candace,There are squirrels in my pants!
Past Candace,"(mimics Future Candace) ""You'll find out as you mature""."
Candace,That tears it! Those two are so—
Candace,Isabella gave me her guest pass.
Candace,I'm going to get an alarm clock.
Candace,"I learned from the best, Spidey!"
Candace,Maybe it's a rare baseball card.
Candace,"Mom! Mom, wake up! Wake up, Mom!"
Candace,(rolling past the table in the wagon and speaking unenthusiastically) There's tigers at the zoo. Roar.
Candace-2,"Sorry, guys. You're on your own."
Candace,(whispering) Stop telling me what to do. (At Mom) Mom!
Candace,"Sorry, I only meant to melt you."
Candace,"All right, Perry. Let's do this!"
Candace,"Wait, Buford never took my bike."
Candace,"(wakes up to reality) Perry? (the platypus is on Candace's bed; In the kitchen, Candace gives Perry to Ferb where he and Phineas are having breakfast) This is yours, I believe."
Candace,but they'll never see it coming.
Candace,Can the wizard bust my brothers?
Candace,"Oh, no. I have to find a mirror."
Candace,Jeremy? How did you get in here?
Candace,(looks at the photo) Aha! (shows it to Linda) AHA!! (looks at the photo) Aha! (shows it to Linda) AHA!! (looks at the photo) Aha! (shows it to Linda) AHA!!
Candace,"Hey, Mrs. Johnson. Is Jeremy in?"
Young Candace,"(onscreen) Keep the camera thteady, Thtacy."
Candace,"Oh, that's where this thing was!"
Candace,"So busted! Ha -- (stops dancing) Huh? Your ship? (""Linda's"" face opens up to reveal Meap's friend, revealing ""Linda"" is actually a robot.)"
Bad Future Candace,"Uhh, I gotta go see my children. (leaves)"
Candace,Now this is what I call busting!
Candace,"Ferb, you've gotta listen to me!"
Candace,"Yeah, yeah, yeah, it'll be fine."
Candace,"""Fun""? These people are trapped!"
Candace,Okay. Start the car. (She bumps her head on the overhead mirror.) Ow! Whoops. (giggles)
Candace,"(Multiple Candace puddles) Phineas, you've got to fix this!"
Candace,There are squirrels in my pants!
Candace,Wa-wa-wa-wa-wait! What can I do?
Candace,"Phineas and Ferb, get back here!"
Candace,I guess I can wear this tonight.
Candace,Bzzzz! Bzzzzzz! Bzzz bzz bzzzzz!
Candace,"(wheeling the dummy out) Pay no attention to them, ""Mom""."
Candace,"Oh, oh, oh, oh, oh! Mom?! Mom!?! (She runs back inside.)"
Candace,Let's never speak of this again.
Candace,You guys would help me bust you?
Candace,We're all done cleaning the bus.
Candace,Wait until Mom and Dad find out!
Candace,"Oh, no! I hit the wrong button!!"
Candace,"(stands up) That does it, it's busting time!"
Candace,Don't magic me. This is serious.
Candace,Give me that! (She flips the cannon around and aims.) You're goin' down! (She fires but the cannon explodes.)
Candace,I have got to reexamine my life.
Candace,"Oh they'll dry, Mom. (Grasps her shoulder) Things dry."
Candace,"D'oh, that's it! I'm outta here!"
Candace,"(pause; gasps) Ee-ee-ee-ee... (She attaches Mindy Mimic to helicopter.) Mom, turn around."
Candace,"Okay, Operation Snitch on Mitch."
Candace,B-B-But I-I-I could've sworn I –
Candace,"Ducky Momo loves you, too, Suzy. (She hugs Suzy)"
Candace-2,What? Ferb? You're not a cyborg?
Candace,It's like a strange alien world.
Candace,That's not exactly what I meant.
Candace,Okay. Where can I buy one? (The Fireside Girls giggle; Cut to her at a sewing machine making a uniform.) Ouch! (she puts her finger in her mouth)
Candace,"Can you take our picture please? (hugs Irving, who smiles)"
Candace,"How you feeling, Captain Webber?"
Candace,Phineas?! Phineas?! **Phineas!**
Candace,Next week?! But that's too late!
Candace,But but but... I didn't do this!
Candace,"What do you mean, ""second time""?"
Candace,"Excuse me, do you have the time?"
Candace,There is no way I am doing that!
Candace,It's a... mother-daughter thing.
Candace,(boxes up her present) This was the best birthday ever! (walks away)
Candace,"Mom! MOOOMM! Mom, mom! Mom! Mom!"
Candace,"So like, in a court of law, any—"
Candace,"(dials phone) Talk to me, Stacy! How we doing?"
Romantic Candace,My Jeremy is going to love this!
Candace,"Oh, this seems like a good idea."
Candace,"Oh. Uh, really? Heh. How... fun."
Candace,Rubber ducks? Are you serious?!?
Candace,"You think it's weird, don't you?"
Candace,"Wai-wa-wa-wait, what time is it?"
Candace,I don't think I can run anymore!
Candace,He's so dreamy. See what I mean?
Candace,(unsurprised) Okay. What do you want me to do?
Candace,Then why are you fixing my bike?
Candace,"Oh, and Stacy, pyramids? Really?"
Candace,Oooh! I like the sound of that!
Candace,This ought to get mom out here.
Candace,Phineas! What is going on here?
Busting Candace,MUST...BUST...PHINEAS AND FERB.
Candace,"Fine, then. Let's go home, now!"
Candace,"Hold it right there, pal! Aaah! (Darth Ferb attacks her more.)"
Candace,"Oh, but it will be! (shakes fist) It will be!"
Candace,"(Grunting, Pants) Phineas! What's going on here?!"
Candace,I know where there's a bus pod.
Candace,But they're booing and hissing.
Candace,A-bu-bu-bu-bu-bu-bu-bu...but...
Candace,"No one comes in, no one goes..."
Candace,Why does she have one of those?
Candace,How do I start this thing?! Oh.
Candace,"Oh, yeah, baby, it's happenin'."
Candace,"I ran out of rhymes, all right?"
Candace,You are such a child sometimes. (She leaves the boys' room.)
Candace,'Nobody busts but me'... Smart!
Candace,"It got up, and it danced, away. (counter stops at $0.75)"
Candace-2,They're under the ceramic frog.
Candace,"It got up, and it, danced away."
Candace,Really? You think I'm... brave?
Candace,NOT EVERYTHING IS A METAPHOR!!!
Candace,"Jeremy? Oh, no, no, no, no, no."
Candace,Is it possible? Am I a vampire?
Candace,"Come on, Stacy! Come on, Stacy!"
Candace,My busting senses are tingling.
Candace,This isn't worth $3.50 an hour.
Candace,I need you in the kitchen. Mom?
Candace,"Wait, (grabbing the ""camera"") are you guys taping this?"
Candace,"Uh, space battle over that way?"
Candace,What?!? How’d this get back on! (screams)
Candace,Uh... hehehehehehehehehehehe...
Candace,I'm Candace Flynn... (Giggles) the First.
Candace,"I know, I know, I know, I know!"
Candace,"Great, get this hair off of me."
Candace,"Huh? Wait, what-what'd you say?"
Candace,"(Speaking to Vanessa, who was also grabbing for the doll) I'm sorry, but this is my doll."
Candace,See? I told you they would dry.
Candace,No. What's a Meatloaf Festival?
Candace,Does that answer your question?
Candace,Ticket? How'd you get a ticket?
Candace,"Mom, look in the backyard, now!"
Candace,"Well, at least he can move now."
Candace,Who's that Jeremy's talking to?
Candace,I'm really complicated in here. (everyone gets eaten by the id and wakes up)
Candace,Oooh! I like the sound of that!
Candace/Perry,Oh hee- hee- hee- hee I mean... (tries to imitate Perry's chatter)
Candace,"All set, Jeremy! Start kissin'!"
Candace,I don't know… who are you guys?
Candace,But it still says he's naughty!
Candace,Mom! Backyard! Boys! Invention!
Candace,So...you guys didn't make that?
Candace,I have mixed feelings about it.
Candace,How did you ever pull this off?
Candace,How will we find Jeremy's gift?
Candace,What do you think you're doing?
Young Candace,(walks through the aquarium section and all the fish swim away as she approaches) Why won't anything look at me?!
Candace,I just can't believe it's gone!
Candace,Snail! I'll call you Snail. Ha!
Candace,"Hey, uh, I don't hear anything!"
Candace,"Okay, now onward to Badgertown!"
Candace,No way! Let me see! Let me see!
Candace,"A surprise, for me? Oh, Jeremy."
Candace,"Because I'm a vampire, Phineas."
Candace,"Yeah, cool beans. Cool legumes. (accidentally hits a hammer on one of Stacy's fingers)"
Candace,But-but-but-but-but-but-but-but
Candace,"(running inside) Hee, hee, hee, hee, hee, hee..."
Candace,"I'm right here, on the ceiling."
Candace,"I ran out of rhymes, all right?"
Candace,Yes! It worked! (chasing her mother) Mom! Mom! Look!
Candace,How could she not notice that?!
Candace,"""To think, to-to stink, to-to-"""
Candace,"(Seeing the rock climbing wall has gone) What? What? No! But, but but..."
Candace,"Oh, thank you. That was really– (She opens can and gets sprayed by the soda)"
Candace,Your brother's a Sith warrior?!
Candace,"Yeah, heard you the first time."
Candace,"Oh, yeah! Go, Paolo! Go, Paolo!"
Candace,(runs around the corner) This whole town has gone crazy!
Candace,"Hurry, Mom! C'mon c'mon! What?!"
Candace,"Stacy, what am I going to sing?"
Candace,My busting sense is tingling...
Candace,Am I that bad to hang out with?
Candace,"Exactly, and I was their queen!"
Candace,"Thank you, Mrs. Garcia-Shapiro!"
Candace,(keeps pushing her mother) I know! I just have to fold it!
Candace,Hot wax...and a sealer I think.
Candace,There can be only one Candace!
Candace,(Talking on phone) Mom! Cheese! Scary! Home! Now!
Candace,(Now in the backyard) Okay. What are you guys up to?
Candace,Did you hear what Jeremy said?
Candace,(to Phineas) I'll take one of those shirts. (Sobs)
Candace,"Well, tell her that it's just– (Suzy hits a croquet ball into the pie, shoving it in Candace's face)"
Candace,"Come on, it's already started!"
Candace,(While climbing up the side of the mountain) Stupid Mountain of Stupidness!
Candace,Did you hear what Jeremy said?
Candace,"No, no, I'm not! Check it out! (She puts the quarter in; the ride operates normally to her surprise; long pause.)"
Candace,"Hey, Jeremy! It's me, Candace!"
Candace,"Yeah, it's midnight, tomorrow."
Candace,"I'm right here, under the rug!"
Candace,So I put it in reverse... (drives back and forth slamming into the two trash cans) Aah! (8x)
Candace,(grunts) Maybe… if I get you… outside…! (bumps into a ledge)
Romantic Candace,"(Chuckles) Hi, Mom. Have you seen Jeremy?"
Candace,"(not laughing along) This, is making me feel worse."
Candace,"Uh, what do you mean, ""ready""?"
Candace,(chuckles) Wow! You guys know everything.
Candace,"Fine, whatever. [starts video]"
Candace,"Uh, Stacy, I'll call you back."
Candace,"I don't get it, what happened?"
Candace,(grunts) No! Not until Mom has seen it.
Candace,"It got up, and it danced away."
Candace,"It got up, and it danced away."
Candace,"(weakly, referring to Phineas and Ferb) It's the boys, they're busted. (She falls over.)"
Candace (cont'd.),"Stacy, look, it's my brothers!"
Candace,"Over here, you gotta see this!"
Candace,Mom! Ferb's here! At the park!
Busting Candace,"Mom, Phineas and Ferb made me!"
Candace,"...you'll go Betty, Betty far?"
Candace,"(in the living room) Mom, the remote's not working!"
Candace,But what was it? What was it?!
Candace,"All right, I'm taking a verse."
Candace-2,"Well, we're about to find out! (she uses her staff to hit the turnstile, they swerve)"
Candace,(Grumpily) I'm wet and I'm freezing cold.
Candace,(to Baljeet) That makes me wanna B.L.A.R.F.
Candace,"Now, that was an eventful day!"
Candace-2,"Well then, you're on your own."
Candace,(screams) No no no no no! AAAAAAAHHHH!!!
Candace,I'm not getting on that plane!
Candace,That's what I'm talking about!
Past Candace,"(sees the rollercoaster) Oh, oh, oh, oh, oh! Mom? Mom?! (runs off)"
Candace,Are you even paying attention?
Candace,WHAT?! Wait...by myself?! But—
Candace,How did you get a hit single?!
Candace,That's it! I'm gonna tell Mom!
Candace,What's going on with your dad?
Candace,"They can't hear you, you know."
Candace,"Okay, I need more information."
Candace,"(at a spa, getting a makeover) Wow! I could get used to this!"
Candace,"(starts smiling again and comes in while Vanessa closes the door behind her) Oh wow, yeah, that'd be great!"
Candace,Bu-bu-bu-bu-bu-bu-bu-bu-but... (sighs)
Candace,"Well, good morrow to you, sir."
Candace,No more busting my brothers...
Candace,"Wrestling, Mom. Favorite game."
Candace,"(smiling and opening the door for her mother) Bye, Mom! Have fun at the zoo!"
Candace,"But you did forget, didn't ya?"
Candace-2,"Cute doesn't win the war, kid."
Candace,Don't bring that junk in here.
Candace,"You see this pogo stick, yeah?"
Candace,"I can't hear you! Oh, hold on!"
Candace,But I didn't even get you a...
Candace,What is Jeremy doing with her?
Candace,"(grunts) Fine, I'll have to go on foot."
Candace,"Yes, but I'm not busting them."
Candace,"Did I hear ""Phineas and Ferb""?"
Candace,"Oh, no I don't. Give me yours."
Candace,(Shocked) Jeremy... You said the G-word!
Candace,"Aw. (brief pause) Nah, I'm still sick of it."
Candace,"All right, I'm taking a verse."
Past Candace,Aren't you going to bust them?
Candace,Woohoo! I'm back in the game.
Candace,(as she checks her handbag for change) I don't have another quarter! (continues screaming)
Candace,"All right, give me some zinc."
Candace,We're the last ones standing!
Candace,"Load the cannon! (Stacy loads all the plungers into the cannon) Stand clear! (Candace lights the cannon, which fires; however, a rope loops around Candace's ankle and pulls her off the ship)"
Candace,"(scrubs Linda’s head to cover it up) Hurry up, hurry up, hurry up!"
Candace,Is all that really necessary?
Candace,"Yeah! Stacy, you're a genius!"
Candace,I'm in charge? Woo-hoo! Yeah!
Candace,(sighs) Step six: inevitable failure.
Candace,"Oh yeah, that explains a lot."
Candace,Time to bust them sodbusters!
Candace,"(rides out on bike) I've got 'em, now! Heeheehee."
Candace (cont'd),My life is like a bad sitcom.
Candace,Bust 'em! Bust 'em! Bust 'em!
Candace,"(offscreen) Okay, Stace. Let's try again."
Candace,"Yeah, yeah, that was helpful."
Candace,I wana bust my brothers!!!!!!
Candace,"(Takes a picture of Phineas driving) Ee-ee-ee-ee... now, I gotcha!"
Candace,"Look, Mom! Look at the shark!"
Candace,"There it is! Oh, please stop!"
Candace,What? (trying to get out of bed) Let me see! Let me see!
Candace,I can be grounded and mature.
Busting Candace,"Bust, bust, bust, bust, bust."
Candace,What? You want a piece of me?
Candace,"(Gasps) Oh, no. These were brand new."
Candace,MAKE THIS FISH PUT ME DOWN!!!
Candace,(gasps) That doesn't even make sense.
Candace,What goes on top of pancakes?
Candace,"Yeah yeah yeah. Come on, Mom! (exits)"
Candace,"Yep, that is a useless skill."
Candace,What do you two think you're—
Candace,Well I can't reach it either.
Candace,"What am I going to do, Stacy?"
Candace,(pushes Mom's cart) Fine. Then let's go home now!
Candace,Ow ow ow ow ow ow ow ow ow...
Candace,Bye Mom. I got to call Stacy!
Candace,"(goes outside and sees the coaster) Oh, oh, oh, oh, oh! Mom! Mom! (rushes off)"
Candace,"No! Uh, uh, let's play chess."
Candace,I can do without the sarcasm.
Candace,"(Opens door) Aw, you guys really are sick."
Candace,Do nothing? Got that covered.
Candace,I'm going to hurl! AAAAAAAAH!
Candace,"Yeah, it was a piece of cake."
Candace,"Hold on, I'm coming with you!"
Candace,They are so bu... bu... bu... (Writes on a notepad then hands it to Stacy)
Candace,"Here's the pogo stick, right?"
Candace,(skidding back in) Phineas and Ferb's creations?
Candace,She's growing! What do we do?
Candace,Phineas and Ferb! (she falls down in a dark area) Where am I?
Candace,"I'm coming! Hold on, Phineas!"
Candace,Phineas! (enters backyard) What have you done?!
Candace,"Dad, they're racing chariots."
Candace,"Alligator, you're goin' down! (She starts wrestling with the gator as her brothers watch.)"
Candace,"Oh, how did this go so wrong?"
Candace,"Mom, Mom, Mom! Mom! Mom! Mom!"
Candace,"(As Phineas surfs in the background) Ohh, such wonderful things..."
Candace,Is all this really necessary?
Candace,Big and bustable... Gotta go!
Candace,Not getting any younger here.
Past Candace,"Yeah, be nice to your sister."
Candace,"A shooting star, just for us."
Candace,"(offscreen) No prob, Mom, Take your time."
Candace,My ears must be over-relaxed.
Candace,"Well, what do you want to do?"
Candace,"Phineas, what are you doing?! (She screams)"
Candace,"Hi, Yumemy. Uh, uh, I mean..."
Candace,That's it; you're getting it.
Candace,I'm feeling the busting urge.
Candace,"(spying on the backyard through binoculars) No, platypuses don't do much."
Candace,Can't this tug go any faster?
Candace,(offscreen) Mom! Mom! Mom! Mom! Mom! Mom!
Candace,"(notices 2nd Dimension Candace) Hey, is that me? I look good!"
Candace,(Laughing) Whoo! Yeah! (whispering harshly) What is going on?
Candace,"Okay, who turned off the sun?"
Candace,"Sorry Mom, it's an emergency!"
Candace,(gasps) I've got to buy us some time.
Candace,"So, it's, like, a confession?"
Candace,It's a safe. I can't open it.
Candace,"And Buford had a mold, of me!"
Candace,(going after him) Let's go! Let's go! Let's go!
Candace,Hehehehehehehehehehehehehe... (cackles)
Candace-2,What are you guys doing here?
Candace,"Nothing! Nothing, Mom! (grabs onto her mother's leg) No no!"
Candace,...Out! Bust my brothers out!
Candace,(chuckles nervously) Are you wacko? Don't call me!
Candace,I do not want to grab a luge!
Candace,"How did it go again, Phineas?"
Candace,"Get away from him, you Mitch!"
Candace,"(Coughs, clears throat) I have a tickle in my throat. (Clearing throat)"
Candace,That sounds divine! Shall we?
Candace,What are you guys doing here?
Candace,"Yeah! (whoops) Go, Mom! Go, Dad! Yeah!"
Candace,"Oh no, Jeremy is almost here!"
Candace,They have a Slushy Dawg here!
Candace,And here are the Capri pants.
Candace,(Grunting) Ugh! Ow! Ungh! Hey! Wait! Uh!
Candace,Why would I have an aneurism?
Candace,"(handing Vanessa the DVDs) Well, anyway, how's it goin'?"
Candace,"Ooh, you guys are going down!"
Candace,That's it! You're getting it.
Candace,"Ferb? Ferb, where you going?"
Candace,AHH!! Fun part?! Seriously?!
Candace,"Oh, trade lives! Yeah, good."
Candace,(offscreen) Mr. Patootie! (cut to Candace and Stacy) Where are you?
Candace,"Hey, get back here, you two!"
Candace,"Oh! Oh, no! It's everywhere!"
Candace,But...but but but but but...
Candace,(Watching from her window) Now we're gettin' somewhere.
Candace,"Phineas, it's made of paper!"
Candace,(walking past them) I'm borrowing your platypus.
Candace,You sent a rover to Ireland?
Candace,Ugh! Let's just go this way.
Past Candace,(hiding) Candace? Time machine? (approaches Future Candace) A-ha!
Bad Future and Future Candace,So that's how that happened.
Candace,See? It's a **submarine!!!**
Candace,"Wait, lemme get this for ya. (plugs it in)"
Romantic Candace,But my sugar-boo is still...
Candace,Must...take...picture! (She snaps a pic.) Send!
Candace,"Wait, wait, almost finished."
Candace,I never agreed to that name.
Candace,"I'm staying right here, man."
Candace,What are you supposed to be?
Candace,Jeremy! You came back early!
Candace,What ground? We're in space!
Candace,That doesn't make any sense.
Candace,"Um, yeah. Here's your phone."
Candace,"I knew it! Time to call Mom. (Dials her phone, then tries to yell into it, but a seagull squawks at the same time, scaring her)"
Candace,"Mom, you're embarrassing me!"
Busting Candace,"Busted, busted, busted, mom!"
Candace,"What?! No, no! Don't let go!"
Candace,We're falling back to Earth!
Candace,"Oh, my mom! That is so cool!"
Candace,"(Cut to the car with the sloop attached to it. As soon as it stops, she bullets her way out.) Hold on, Jeremy! I'm coming!"
Candace,"(to Stacy) Wow, super vampire strength."
Candace,"Phineas, Ferb, what is this?"
Candace,Jeremy! You came back early!
Candace,Reverse power coupling unit?
Candace,"Dreams can come true, Stacy!"
Candace,"Hey, Glenda, how's it going?"
Candace,Did that guy just bribe you?
Candace,"(Scoffs) Well, then where does it go?"
Candace,"(quietly) Stacy, come in here! Listen!"
Future Candace,AAAAAHHH!!! I'm telling MOM!
Candace,Right? So how do I watch it?
Candace,"(offscreen) Perry? Perry, where are you?"
Candace,The...the first thing weird.
Candace,"But, but, but, the boys -- !"
Candace,"And-- What do you mean ""No""?"
Candace,"They're here! Ee-ee-ee-ee... (runs to a nearby telephone booth in the saloon, and then dials a number)"
Candace,"Stacy, I see Jeremy's phone."
Candace,"That's it. It's over, right?"
Candace,"Oh, hang on. (leaves the room and the vacuum still on) Is that better?"
Candace,"Oh, I'm gonna go take a nap."
Candace,This? Uh... This is just a--
Candace,"(Runs up to Vivian's house and repeatedly knocks on the door hard) **Mom, Mom, Mom, Mom, Mom!**"
Candace,(gasps) He said he needed a lantern!
Candace,"Hey, is that...music? (She gets out a ladder, extends it and climbs up and sees an escalator) What?!"
Candace,What if it turns into water?
Candace,Is that the best you've got?
Candace,What if it turns into smoke?
Candace,"Phineas, you're not helping!"
Candace,...something... really easy.
Candace,I shall go fetch Mother! (throws down her milk buckets and runs off) Ma!
Candace,"Ohh, it's starting! (put finger to Jeremy's lips) Shhhh..."
Candace,(mysterious voice) It's impossibly important...
Candace,"Mom, you've got to see this."
Candace,How is it we have bars here?
Candace,Noooooooooooooooooooooo!!!!!
Candace,"(mocking) Oh, and the butter too, huh?"
Candace,Tiny Cowboy live in concert!
Candace,"Where's my shoe? No, no, no! (Grunting)"
Candace,"Well, why didn't you say so?"
Candace,You weren't so bad yourself.
Candace,Maybe we gotta think bigger.
Candace,We're Slushy Dawg employees.
Candace,(shocked) I...I... (Impression fades from shocked to fascinated) I look beautiful!!!
Candace,"Curse you, Mysterious Force!"
Candace,Are they doing anything yet?
Candace,What the? Phineas and Ferb!!
Candace,Next? What can you do next?!
Candace,Wh-What was I talking about?
Romantic Candace,"Something to remember me by? (points to her cheek, smiling)"
Candace,And why are we in mine cars?
Candace,"Oh, I need proof. The flyer!"
Candace,Mom! There you are. Come on!
Candace,(lands at the bottom of the stairway) Eww. My shoe is all squishy!
Linda and Candace,—sub :**ecadnaC dna adniL**
Candace,"Right, from Drusselsteinia!"
Candace,"Mom, look! Look! Checkmate! (chuckles nervously)"
Candace,"That's pretty good, but no."
Candace,Right after I pay for this.
Candace,"""Oh, there you are, Perry."""
Candace,"Actually, that was kinda... (Now the waterslide gets INTENSE!)"
Candace,"Ugh, you heard her, bubble."
Candace,"Heh, now, I'm on the shelf."
Candace,What are you talking about?
Candace,Is it ever! Look at my mom!
Candace,"Oh, my gosh! Get back here!"
Candace,"""Oh, there you are, Perry."""
Candace,This is a brand-new summer!
Candace,"Uh, Phineas, what happened?"
Candace-2,"But, Major, I'm trained to—"
Candace,And we have plenty of time.
Candace,And you like that about me?
Candace,Same old same old. Come on!
Candace,Right after I pay for this.
Candace,"Mom, you've gotta see this! (Runs off)"
Candace,What about your commercial?
Candace,"And I've got the proof (She pops open the back lid of the her camera expectantly, but water gushes out and, much to her annoyance, she finds wet film and a fish) Ugh."
Candace,"(looks through binoculars) Ohhhh, this is so bustable."
Romantic Candace,"Oh, hi Mom. Here's Candace."
Candace,"Mom, look outside! Wake up!"
Candace,What are you talking about?
Candace,(snoring) Must bust Phineas and Ferb.
Candace,Would you get out of here?!
Candace,That's it. I'm calling Dad.
Candace,Fine. Backyard. One minute.
Candace,I'm Candace. Candace Flynn?
Candace,That's it! I'm calling Mom. (dials the phone)
Candace,Mom...they...I mean...um...
Candace,"(at the gate) Right over here Mom. Ta-da! (Long pause, Candace frowns.)"
Busting Candace,"Mom, Mom! Have you seen me?"
Candace,"Be right there! (gasps, to Stacy) I gotta go!"
Candace,"Well, that's a stupid rule."
Candace,"Okay, Stacy, truth or dare?"
Candace,"Stacy? Yeah, I can't do it."
Candace,Will you get out of here?!?
Candace,Yeah. Was that a bad thing?
Candace,"Photo, photo, photo, photo."
Candace,A pretty girl? (angrily) Who was she?
Candace-2,My job. Protecting you two.
Candace,"No, no, no, no, no, no, no!"
Candace,(Dreamily) Oh! I absolutely love it...
Candace,"(laughs) Okay, Mom, c'mon, let's go!"
Candace,"Because today, I have this! (holds up the DVD)"
Candace,I...don't...see...anything!
Candace,"Not much of a nerd, are ya?"
Candace,"(jumps to the front) Woo-hoo! Take that, losers!"
Candace,"(as Gary Frank) Not you, I'm asking Jeremy."
Candace,(hugs Vanessa) I'm so glad you could come!
Candace,"Houston, we have a problem."
Candace,How can you say that to me?
Candace,"Buford, what are you doing?"
Candace,"(Movie slate slams) Uh, what do mean the villa-"
Candace,"Jeremy? Wait, are you real?"
Bad Future Candace,...and one that's terrible.
Candace,"Yeah, let's get back to it."
Candace,Are you crazy?!? Say yes!!!
Candace,The Iliad is truly an epic.
Candace,Stacy? I need you to focus!
Candace,'Cause I hear it's perfect.
Past Candace,(sees no rollercoaster) No! It's not **possible!!**
Candace,(Holding the baseball launcher) Strike three. They're out.
Candace,There! I'm right by the...
Candace,AAAAAHH!! Hang on to what?
Candace,"Come on, come on, come on!"
Candace,(In a stunned tone) How do you even know that?
Candace,Which means I'm in charge.
Past Candace,(Gasps) Mom! You're so ooollll....
Candace,"(opens her eyes, takes Linda by the arm) No time for sarcasm, move! (drags her)"
Candace,"Uhh, hi. Are you new here?"
Candace,"(In a sarcastic tone) Yeah, this is much better! (They climb up a ladder at the end of a passageway)"
Candace,(On phone) MOM! MOM! ANIMALS HATE ME!
Candace,"Did he say, ""Giant worms""?"
Candace,(coming back) It is now! (walks around Linda and speaks in a sing-song voice) I made it u-up!
Candace,"Ferb's hand? (Ferb grabs her hand, and leaves Candace's ship, dragging Candace along, back to Phineas's ship. She screams the entire way) Thanks, guys."
Candace,"Test, yes. Close book, no!"
Candace,What happened to that guy?
Candace,This is the best day ever!
Candace,"You guys are so bus – Aah! (trips on a controller, disappears through one teleport, and appears from the other)"
Candace,(Gasps; camera shows a newly remodeled tree house) No way! I better call Mom.
Candace,"Duh, it's a new red shirt!"
Candace,Mom! Mom! Mom! Mom! Hurry!
Candace,Not on my watch! Let's go!
Candace,(takes out her present) A Mt. Rushmore bobblehead.
Candace,And I am Candace of Flynn.
Candace,"Right! I'm on it, Phineas! (she runs off)"
Candace,"Oh, you're coming with me! (swipes the boys and goes back down)"
Candace,Hmm. Time to be in charge.
Candace,"(literally pushes Linda across the street) Come on, come on, come on!"
Candace,"(offscreen) Are you ready, Aunt Tiana?"
Candace,"Uh Jenny, hey, it's Candy."
Candace-2,"Well, what's stopping you?"
Bad Future Candace,Why is everyone named Joe?
Candace,Find the picture and send.
Candace,"Yeah, sure Mom, I promise."
Candace,Dumb pies ruin everything.
Candace,What? Oh yeah. Ice hockey.
Candace,"Come on, come on, come on!"
Candace,"See?!! (The ionizer flies out of sight.) But, but, but, but…"
Candace,"You're seeing this, right?"
Candace,"Finally, you realize that!"
Candace,"But, but, but, but, but..."
Candace,What is it?! Where is it?!
Candace,"All right, so where is it?"
Candace,(keeps making laws) New law! New law! New law!
Candace,Boring. I'm calling Stacy.
Candace,You mean you see my point?
Candace,(from the phone) Well? Well? Do you see it?
Candace,I wanna bust my brothers!!
Candace,AAAAAAAAAAAAAAHHHHHHH!!!!!
Candace,We don't have that recipe.
Candace,"Oh, my gosh! They're here!"
Candace,"(whining, drops to her knees) But, but, but, but, but..."
Candace,What the heck is all this?
Candace,"Phineas, what's happening?"
Candace,"Don't bug me, you insects."
Candace,What? Doesn't she like me?
Candace,"Finally, I got those boys! (Water splashing, Film springs out of camera)"
Candace,"Come on, moms! (Enters backyard) A-ha! (Pause, Linda and the other moms come by in the background.) Huh?!"
Candace,"Sooooo, what do you think?"
Candace,"Stacy, I did it to myself."
Candace,...pie. But-but-but-but...
Candace,There's no way I'm gonna--
Candace,Not my life. Her own life.
Candace,"Come on, come on, come on!"
Candace,"I know! (The phone rings) Ooh, it's ringing!"
Candace,"Mom, when can I get a car?"
Romantic Candace,Really? I would love that!
Candace,It's the middle of summer.
Candace,(Growls) I'm keeping an eye on you.
Candace,"Oh, I know what she wants."
Candace,They're using protractors!
Candace/Perry,Great. Change me back now!
Candace,You guys ARE SO BUSTED!!!!
Candace,But but but—a whole park!!
Candace,"(writing) ""9:40 - catchphrase said."""
Candace,"Hmmm... (In a montage, it cuts to her wearing a blue gown.) What do you think?"
Candace,"(Grabs the TV and kisses it) I've gotta tell Stacy! (Runs, bringing the TV with her and falls) Oh!"
Candace,"Finally, some real action!"
Candace,"Well, if it's that easy..."
Candace,"Hey, Mom and Dad are back."
Candace,I was just trying to help.
Candace,"I'm coming! (Music playing) Oof! (puts her monster head back on, but it bangs the top of the doorway again) Oof! (puts it on again, but it's just the same) Oof!"
Candace,Forget it. I'm not moving.
Candace,"(Pointing to the watermelon) What's that, a cantaloupe?"
Candace,"Oh, you would not believe."
Candace-2,"Wait, what frontal attack?"
Candace,"Uh, windmills! Dead ahead!"
Candace,I'm calling Mom right now. (Pulls out her cell phone)
Candace,"Hurry, let's go! Let's go!"
Candace,Suzy? Suzy? Where are you?
Candace,But if that was… then who–
Candace,"Nah, it's okay. Go ahead."
Candace,"(pauses) Ooh, I'm just gonna tell. (She walks offstage)"
Candace,"Jeremy, it's me, Candace!"
Candace,Are you out of your mind?
Candace,That's because he's gone.
Candace,Step away from the Rebel!
Candace,"Okay, just watch my bike! (She chuckles evilly as she runs past her mom, grabbing her purse)"
Candace,"(Opens book) I'm reading, I'm reading!"
Candace,(striking the same pose) It does not look like me!
Candace,I hate this time of year.
Candace,"Well, I am Candace Flynn."
Candace,I don't think it matters.
Candace,"Oh, now that's just mean!"
Candace,No can bust. No have fun.
Candace,Jeremy! I—uh—you're here!
Candace,Phineas and Ferb. (Puts her head in her hand like she has a migraine.) Uggggh.
Candace,Come on. Let's get going. (she and Stacy walk away)
Candace,Oh? So now it's my fault?
Candace,"Well, do it cuz I say so!"
Candace,Motor oil and competence!
Candace,"But, but, but, buuuuuu..."
Candace,Isn't that... N.A.R.Y.G.?
Candace,"Oh, don't get me started."
Candace,The blue moss. (Places hand in blue moss) What? Ohh.
Candace,"Phineas, look, I'm sorry."
Candace,I wanna bust my brothers!
Candace,"Oh, there you are, Perry. (picks Perry up)"
Candace,But why would he save me?
Candace,Did my brothers make you?
Candace,So where is Mitch anyway?
Candace,"Hey, guys, where's Perry?"
Candace,"Stacy, take notes for me!"
Candace,"Stacy, you gotta help me!"
Candace,Do you know what this is?
Candace,"This? Oh, this is only..."
Candace,Where are they going now?
Candace,What? What are you doing?
Candace,"No. Besides, it's mooses."
Candace,"Oh, there you are, Perry."
Candace,"Guys, cut it out! Let go!"
Candace,Mom! Mom! Giant building!
Busting Candace,"No, wait! Hello? Grrrrrr."
Candace,Why are you singing that?
Candace,Hold that thought. (Picks up phone) Hello?
Candace,Nang nang nang nang nang!
Candace,This is a total disaster!
Candace,"What do you mean, ""maze""?"
Candace,"Fine, you can come along."
Candace,What does that even mean?
Candace,AAAAAH! Stop judging me!!
Candace,(cntd.) Strange vocal patterns...
Candace,"Hey, where is Dad anyway?"
Candace,"Mom, look! You see that?!"
Candace,(to Vanessa) You remember my brothers?
Candace,(Gasps) I can't believe I did it!
Candace,(squeals) Yes! Meet me at Buford's! (hangs up and runs dropping her clipboard)
Candace,"Oh, Jeremy! Hi! Let's go!"
Candace,Ee-ee-ee-ee...yeah? Yeah?
Candace,"Oh, there you are, Perry."
Candace,"Oh, don't get me started."
Candace,"But, what am I gonna do?!"
Candace,"Okay, now, look up there! (points toward the billboard, head turned away)"
Candace,"Hi, Grandpa. Hi, Grandma."
Candace,But he's... (to Phineas) Do I have to?
Candace,"(Arriving home, and seeing the observatory) What's going on? Phineas?"
Candace,(Hoarsely) Gosh. What a good friend. (Coughs)
Candace,(eating cereal at the table with a bored look on her face) What's so great about it?
Candace,And a romantic boat ride.
Candace,"(stomps up to Buford) Buford, explain yourself!"
Candace,(as Gary Frank) Pizza for Jeremy Johnson.
Candace,Ugh...! I hate computers! (exits)
Candace,"Oh, there you are, Perry!"
Candace,What do you mean maze...?
Candace,Who smells like fly guts?
Candace,So it's not gonna eat us?
Candace,Mom! Mom! Giant building!
Candace,"Oh, there you are, Perry."
Candace,"(Points the Baseball Launcher at Mitch) Get away from him, Mitch!"
Candace,"So, where is he an agent?"
Candace,No one's kissing anybody!
Candace,Sold! (Quickly sits on the couch) Get me up to speed.
Candace-2,"Oh no, you two stay here."
Candace,Your Cou De Crayon? Cool!
Candace,See? That wasn't so hard.
Candace,(Speaking in a deep voice and in slow motion) You guys ruin everything! (BOOM! We see a model of the Earth exploding!)
Candace,A rodeo?! (dials phone) Gotta tell Mom!
Candace,Why'd you get thrown out?
Candace,"Yeah, I'll take some pie."
Candace,You gotta be kidding me.
Candace,What are you doing here?
Candace,(growling voice) Phineas?! Ferrrrb?! Ohh.
Candace,"Chill, guys. I got this."
Candace,(From her window.) What the heck is going-- (Gets cut off mid sentence and screams as she is sprayed by water from the turbo-charged uber-nozzle.)
Candace,I know. I am so shallow.
Candace,I can't take it anymore!
Candace,"Hey, she looks familiar."
Candace,"Huh? What do you mean--? (looks at the picture of herself burnt, starts to cringe and screams loud. The camera goes back to the D.E.I. blimp above the Speedway)"
Candace,What are you guys doing?
Candace,Huh. You could be right.
Candace,Mom!? Mom! Are you okay?
Candace,"Okay, yes, I'm doing it!"
Candace,"All right, what is this?"
Candace,"But, but-but-but, but..."
Candace,Mom! Mom! Mom! Mom! Mom!
Candace,Did you get the cameras?
Robot Candace,"Jeremy, human boyfriend."
Candace,"Hehehehe,..hehehehehe..."
Candace,Why aren't you in space?
Candace,(through clenched teeth) I'm indifferent to that.
Candace,I sold my good necklace.
Candace,(Belches) Heh heh. Heh. Excuse me.
Candace,"Yeah, we ca— Wait, what?"
Candace,"Phineas, thank goodness!"
Candace,I have so much to learn.
Candace,Mom! Mom! Mom! Mom! Mom! (bumps into a wall)
Candace,How long is this flight?
Candace,Maybe it's not too late! (runs off)
Candace,"Jeremy's here? (Panting, drops phone) Gotta go! (Zips off)"
Candace,Yeah! (She stands up) I'm Candace Flynn!
Candace,"So, where are we headed?"
Candace,"No, no, the other thing."
Candace,"Seriously, where are we?"
Candace,"Danville Pool, Here I..."
Candace,"Oh, I forgot it already."
Candace,Great! Now what? (Perry grapples a Phineas and Ferb blimp) No way!
Candace,(facepalms) Just go make some pie...
Candace,"Mom, Mom, Mom! MOOMMMM!! (instrumental)"
Candace,"Mom, Mom, Mom, Mom, Mom!"
Candace,I... I don't believe it.
Candace-2,No. Keep your head down.
Candace,"Happy Father's Day, Dad."
Candace,"Sure, mom. Bye, grandpa."
Candace (cont'd),The same insane routine.
Candace,What are you guys up to?
Candace,"Happy Father's Day, Dad!"
Candace,Probably not from there. (Closes the door again. Another knock is heard. She opens it.)
Candace,"Uh, yeah, yeah, it's me. (Giggling)"
Candace,But-but-but-but... Fine.
Candace,"Oh, okay, what the heck? (Smashes a Mars Rover)"
Candace,What are you guys up to?
Candace,"Wait a sec. Hmmm, maybe."
Candace,(With her eyes closed) Eee-eee-eee-eee... Look!
Candace,"Oh, you missed it again!"
Candace,Do you think he'll be --
Candace,"Oh, dude. I know, right?"
Candace,"¡Perfecto! Adieu, maman. (hangs up)"
Candace,What are you guys doing?
Candace,I don't know... Neither!
Candace,This is on TV right now?
Candace,I'll think of something.
Candace,"Oh, thanks Mrs. Johnson."
Candace,J-J-Jeremy?! (Stammers) Jeremy who?
Candace,That's your grandmother?
Candace,But I'm five-foot-eight!
Candace,What are you doing here?
Candace,What are they up to now?
Candace,(walks up to them) That's not what I meant! (takes her hat off)
Candace,What's a Do-Over-Inator?
Candace,We gotta get outta here!
Candace,"Ooh! Spill the tea, Mom!"
Candace,"Yeah, that sounds great."
Candace,Phineas... what is that?
Candace,"Oh, for crying out loud! (uses scissors to cut a cord; the cast falls.)"
Candace,"Ugh, that leaves Buford. (leaves)"
Candace,That's Stabby Barf Pain?
Candace,"Exactly. I-- Wait, what?"
Candace,Yeah! A hat! (Rushes off to grab a hat) How's this?
Candace,"Tada! (realizing their backyard is empty) Huh? But-but, but?"
Candace,What's a starter remote?
Candace,"(Candace's head is in a lion, she pulls it out) Oh... Ohh, uhh... Gross."
Candace,Who does that look like?
Candace,"Stupid, stealthy ninjas! (slams door)"
Candace,"Okay, I'm putting it on."
Candace,Mom? Where are you now?
Candace,"(Panting) ""To think... To dream-"""
Candace-2,"Buford, keep resisting."
Candace,"But... but, but, but..."
Candace,We're enjoying the spa.
Candace,(to the gang) Whatta you waiting for?
Candace,Can't stop! Can't stop!
Candace,Mom! Mom! Come outside!
Candace,(stops reading a magazine) Ugghh!! Just bee quiet!
Candace Robot,No Jeremy robot for me.
Candace,(roped to the shark; screams and bangs on the shark) I know you be in there!
Candace,"You had me at ""steaks""!"
Candace,"Hey! No shuteye, girly."
Candace,"You're a joke, Phineas!"
Candace,"Oh, they are so busted!"
Candace,An anti-gravity device?
Candace,"Yeah, and I know Stacy."
Candace,How can I get up there? (gasps)
Candace-2,Are you guys all right?
Candace,Now ya know how I feel. (walks away)
Future Candace,"Give it a rest, Amanda."
Candace,WORK! WORK! WORK! WORK!
Candace,We're going to the spa.
Candace,But....but......but....
Candace,"Mom, you gotta look at– (Candace motions towards Big Ben)"
Candace,Seeeeeee??!! (Linda does not answer. Candace turns and sees the building is gone.) Aaaahhhh!!
Candace,(Gasps) I know! Matching shoes!
Candace,Mom! Hurry! Here! Look!
Candace,Well... the truth is...
Candace,"Phineas, what is this?!"
Candace,"Happy New Year, Jeremy."
Candace,So I didn't lose your-- (id comes in and roars)
Candace,"Alright, let's do this."
Candace,"Well, what do you mean?"
Candace,Mmm I guess I'm in too.
Candace,You guys are so busted!
Candace,(gets out a perfume bottle) Ooh. Je Bust Number 12. (she sprays some on herself)
Candace,You can't come in here!
Candace,"Whoa, whoa, whoa, whoa! (falls backwards into the pool)"
Candace,"(Opens her eyes and sees that he's too far away) No, no, no, no, no, no!"
Candace,"Oh, yeah. (chewing noisily) This is good."
Candace,"Isabella, do something!"
Candace,"Eyes on the prize, Mom!"
Candace,(excitedly) Jeremy?! That was you?!
Candace,Why can't Irving do it?
Candace,"So, I guess we're even."
Candace,(closes door) I'm gonna bust you yet!
Candace,What the heck was that?
Candace (earlier),"(in her Jeremy voice) Good morning, gorgeous."
Candace,"So, what'll you do now?"
Candace,"In your face, arachnid!"
Candace,What?! (Runs to the backyard) It's still here?
Candace,"(offscreen) Places, people, places!"
Candace,"So, are you having fun?"
Candace-2,"Uh, good work, soldier."
Candace,Wait! I'm not finished!
Candace,"Oh, Dad, it's hopeless."
Candace,"Hit the lights, Irving!"
Candace,Okay...I belieeeeeeve!!
Candace,And no invisible paint.
Candace,(throws the pants away) The important thing is—
Candace,Mom's ring! I found it!
Past Candace,"Look, look, look! See?!"
Candace,"And, look! There's Mom!"
Candace,"Hey, Iggy. How are ya'?"
Candace,AAAAAAAAAAAAAAAHHHHH!!!
Candace,"Look, Stacy, it's them!"
Candace,Wait! Let's play darts!
Candace,Thanks for the cookies!
Candace,(drops the apple in her hand in shock) ...Call you back Stacy.
Candace,I'll hide in the brush! (Screams)
Candace,"Let me think... um, no."
Candace,Okay. Where do I start? (pulls out a notepad and a pencil)
Candace,Let's reel her back in!
Candace,And how is this better?
Candace,Wait! Phineas and Ferb!
Candace,(interrupting) Alright! That's enough!
Candace,"OMG, OMG, OMG, OMG, OM—"
Candace,Mom? You're the Wizard?
Candace,Will you cut that out?
Candace,"Oh, no, it's Wind-Con!"
Busting Candace,Have you seen Candace?
Candace,"(Giggles, squeals) Sure. That'd be great."
Candace,"At the moment, Jeremy."
Candace,"But...but, but, but..."
Candace,"Woohoo! (dials phone) Mom, Mom, Mom!"
Candace,"It means ""loser"", Dad. (Makes an L shape with her fingers on her forehead)"
Candace-2,I like doing pull-ups.
Candace,They're gaining on us!
Candace,What the heck is that?
Candace,(picks up the phasing ball) Walk through walls eh?
Candace,"Okay, I'm at the door."
Candace,What? Let me see that.
Candace,"(sarcastically) Yeah, that sounds fun."
Candace,"Out of my way, turkey!"
Candace,Squirrels in my pants!
Candace,You forgot your socks.
Candace,Whadaya suppose it is?
Candace-2,All the animal agents!
Candace,8 x 10 glossy photo?!?
Candace,I'll stop talking now.
Candace,"Oh, wait wait, no, aw!"
Candace-2,"Let's suit up, people!"
Candace,You two are so busted!
Candace,"(grabs it, it breaks off; gasps) The Betty Brake broke!"
Candace,What? You there! Talk!
Candace,"(gasps) You mean, like a date?"
Candace,"Oh, wow, philanthropy."
Candace,See? It's a submarine!
Candace,You mean side by side?
Candace,How is that good news?
Candace-2,How many did you lose?
Candace,"(Ecstatic) She sees the car, too!"
Candace,"Wait, that you notice?"
Candace,"In a while, crocodile!"
Candace,Get us down from here!
Candace,Get this thing off me!
Candace,Squirrels in my pants!
Candace,Are you talking to me?
Candace,Come on! Just look up!
Candace,"(wearing a platypus suit) You're kidding, right?"
Candace,Squirrels in my pants!
Candace,You're making that up.
Candace,"Wait, where are they?!"
Candace,Aah! / Get em' off me! (7x)
Candace-2,You know what? Me too. (they hug)
Candace,"Yeah, that'd be great."
Candace,What is going on here?
Candace,(Gasps) I'll be in the... car.
Candace,You'll see! Just wait.
Candace,Phineas? Ferb? Hello?!
Candace,"Okay, everybody say..."
Candace,"(Gasps) Not today, they don't!"
Candace,Standing is something.
Candace,No! It's not possible!
Candace,"Look, look, look, see?"
Candace Robot,Candace. Love. Jeremy.
Candace,Let's get our hero on!
Candace,"(gasps in realization) Ohhhhh, reeeeeeally???"
Candace,"Yeah, a pizza for two."
Candace,Give it a few minutes.
Candace,Did that ever stop me?
Candace,More like he found me.
Candace,(hangs up) Heh-heh. Wrong number.
Candace,"Mom, look! Mom, Mom!!!"
Candace,What is going on here?
Candace,"Hey, there's your mom."
Candace,Told you it'd be fine.
Candace,"""Now for some snacks."""
Candace,"Yeah, yeah, tick-tock."
Candace,"(Gasp) I got it! Thanks, Mom!"
Candace,Ma...ma...m-m-m-m-m...
Candace,"So, what do you think?"
Candace,I got some baby stuff!
Candace,"No leaves, no nothing."
Candace,What's that other dot?
Candace,"(shrieks) So, y-you were saying?"
Candace,Wow! Talk about needy!
Candace,"Yeah! It's on, sister! (The girls storm off in their separate ways.)"
Candace,(turns to see the empty parking lot) No! It's not possible!
Candace,"(Candace pulls Linda into the Mart's parking lot.) Look, look, look, see? (The coaster gets lifted by the helicopter just before Linda looks.)"
Candace,(gasps) MOM MOM MOM MOM MOM!!!
Candace,You'll be my henchman.
Candace,"Well, yes. Yes, he is."
Candace,"Doctor, I got a fever."
Candace,"(sighs) Tell me about it, Doc."
Candace,You guys are so weird.
Candace,Hey! Where'd they go?!
Candace,Situation: unbustable.
Candace,"(from inside) So, what do you think?"
Candace,(deadpan) But-but-but-but-but...
Candace,"Dad, you look nervous."
Candace,Situation: unbustable.
Candace,"(As she continues to skateboard out of control) Help me! (The Paper Pelican covers up the sun, turning everything dark) I can't see!"
Candace,"See, there they...... (they see only the machine)"
Candace,"No, no, no, no, nooo!"
Candace,Ma-ma-ma-ma-ma-ma-ma.
Candace,(opens a door) Got any more in here?
Candace-2,"Give it up, Charlene!"
Candace,Uh-oh. It's too late!
Candace,"(pokes her head out of the tent) No, it's me, Candace."
Candace,(her eyes open) What...? (looks out the window) But-but -- !
Candace,"Oh, put a sock in it!"
Candace,(Panting) What the-? (Suzy's poodle jumps off her helmet and runs off) What the-?
Candace-2,That's not our fight.
Candace,MOOOOOOOOOOOOOOOM!!!!
Candace,What's going on here?
Candace,"Uh, I-- I mean, sure."
Candace,The Mysterious Force!
Candace,Squirrels! Squirrels!
Candace-2,Keep it on the floor!
Candace,"There you are, Perry."
Candace,Ah! I love fractions.
Candace,"Mom, who is that guy?"
Candace,I don't believe this.
Candace,"I mean, besides that."
Candace,"(throws down notebook and apron) Oh, what am I doing!?"
Candace,"(calms down) Backyard now, please?"
Candace (cont'd.),(with her eyes closed) Say hello to Perry --
Candace,(offscreen) You're all so busted!
Candace,and **C-Suit**: I am!
Candace,Is that even English?
Candace,"Look, Mom! You see?!! (Points, then, after a moment, looks downward, deadpanned)"
Candace,Uh-oh. Yow! What now?
Past Candace,Where'd you get that?
Candace,"No, not fun! Not fun."
Candace,Why am I doing this?!
Candace/Stacy,"Bring it on, maggots!"
Candace,(as Gary Frank) Great. Let's hear it.
Candace,(Flips the phone open) I know who it is! (Speaks into the phone) Hi!
Candace,"(opens her eyes) But, but, but, but..."
Candace,A telescope? Perfect!
Candace,Look! There they are!
Candace,"Get out, and then...?"
Candace,Whoo-Hoo! Sorry dude!
Candace,Yes! I'm the sneaker!
Candace,"You got this, Jeremy!"
Candace,Positive to positive.
Alternate Timeline Future Candace,"Okay, that was weird."
Candace,"For a nerd, you rock!"
Candace,"""Freakishly"", really?"
Candace,AAAAAAAAAAAAAHHHHH!!!
Candace,"Welp, see you around. (she leaves)"
Busting Candace,"Not Jeremy, it's Mom."
Candace,Well... apparently...
Candace,"Alright, strap me in!"
Candace,How do you know that?
Candace,Is this pie homemade?
Candace,"Well, I know Stacy..."
Candace,What? What's working?
Candace,Mission accomplished.
Candace,I'd like to hurt you.
Candace,(In the backyard) Yes! it's still here!
Candace,Squirrels! Squirrels!
Candace,"(to her phone) Hi mom, check us out!"
Candace,(sighs) Huh. Huh. Never mind.
Candace,"But, but, but, but..."
Candace,Nothing for us to do.
Candace,Squirrels! Squirrels!
Candace,Well make it go down.
Candace,Stop calling me that!
Candace,It looks like a lion.
Candace,Really? A...a...star? (Then we see Candace stepping out of a limo and see flashing paparazzi lights. Candace leaves her handprints on the Hollywood Walk of Fame. Then we see Candace in a newspaper)
Candace,(using a calculator) Let's see. Seventeen.
Candace,"Crow, Tree, let's go!"
Candace,Yippee! This is easy!
Candace,Step four: improvise!
Candace,"Heeheehee... (phone rings) Hi, Mom."
Candace,I feel like number 2.
Candace,That should hold 'em.
Candace,"See, Mom? There! Mom?"
Candace,"(takes entire suit off) Mom, here it is! Mom! (closes eyes)"
Candace,I'm redeeming myself.
Candace,…something important.
Candace,"Come on, Stacy, pull! (Stacy and Candace try to pull the rod)"
Candace-2,(in deep voice) Ask your leader what?
Candace,"Oh, but the boys -- !"
Candace,Step two: infiltrate!
Candace,"Oh, bantha droppings!"
Candace,'Cause you're tired!!
Candace,What? It's hard work!
Candace,(Work on the project continues and Buford proceeds to secure it) Heheheheheheheheheheh
Candace,Why are we stopping?
Candace,I'll do it for free.
Candace,"Alright, I'll do it!"
Candace,"What? Mom, mom, mom!"
Candace,This is my backyard!
Candace,Yeah. Mom! Mom! Mom!
Candace,You're having fruit! (tears out order)
Candace,"Oh, for Pete's sake!"
Candace,To bust my brothers?
Candace,"Wait. No, it is not!"
Candace,We're getting there.
Candace,"Mom, it was awesome!"
Candace,Exactly what I said.
Candace,Thank you very much!
Candace,What kind of device?
Candace,The Pharaoh's Curse?
Candace,"Mom! Mom! Look, Mom!"
Candace-2,(slams her Bo staff on the table) Where's her hideout?
Candace,You were up in what?
Candace,Thanks Mrs. Johnson.
Candace,He-he-he-he-he-he-he
Candace,It! Doesn't! Matter!
Candace,You created romance?
Candace,Welcome to my world.
Candace,Nu- Not in the house (Footsteps)
Candace,See? It worked! Hmm?
Candace,Whoa whoa whoa whoa!
Candace,Paper dolls?!?! Huh?
Candace,AAH!! ...Very funny.
Candace,(She thinks) I get a window seat!
Candace,PHINEAS AND FEEEERB!
Candace,"Yeah, bust the boys!"
Candace,"(closes cell phone) See you soon, Stace."
Candace,"(smiles) Mom! (runs up to her) Mom, Mom, Mom!!"
Candace,You did that for me?
Candace,Yeah. An insta-star.
Candace,...for Isabella's...
Candace,I'm not really sure.
Candace,I feel like a kebab.
Candace,It's my... mom suit.
Candace,Bustopolis! Come on! (She runs to Bustopolis)
Candace,(With her eyes closed) Take a look at that!
Candace,"(deeply) Excellent! (singsong, to something offscreen) Oh, boys?"
Candace,"(while pushing Linda) Right out here, Mom!"
Candace,"Thanks, best friend."
Candace,What about you guys?
Candace,I got him! (the lights turn back on) Let's go!
Candace,(suspiciously) What cute blond boy?
Candace,No. That's not fair!
Candace,"What is it, Phineas?"
Candace,So where are we now?
Candace,Welcome to my world.
Candace,"Come on, mom. Hurry!"
Candace,What's going on now?
Candace,"Talk to me, Baljeet!"
Candace,I won't let ya down!
Candace,What are they up to?
Candace,But...but but but...
Candace,"No, Mom, over there-"
Candace,(on phone) Hydrangeas?! Jeremy!
Candace,Mom?! You eat here?!
Candace,She'll be right out.
Candace,It's a Candace Suit!
Candace,I can take the hint-
Candace,Really? And how di--
Candace,Welcome to my world.
Candace,"It's real, you know."
Candace,Are you kidding me?!
Candace,"I don't know, Stacy."
Candace,(walking towards them) Now it's all sci-fi?
Candace,And you know when...
Candace,"Wait, my beef jerky!"
Candace,But... but... but... (sighs in exasperation)
Candace,"Yeah, we were first."
Candace,Are you kidding me?!
Candace,Where in the garage?
Candace,(grabbing the suit) It's an abomination!
Candace,I don't think I can.
Candace,"(she runs into the house with the bags. Cut to the living room where she literally throws the bags on the floor.) Boy, that was close."
Candace,"(on phone) Mom, look left! Now!"
Candace,Where are you going?
Candace,"Jeremy! I-- I, uh--"
Candace,"(uninterested) Cool story, Adyson."
Candace,It's coming in ten!
Candace,Jerry the Platypus?
Candace,"(looks at her picture. She is burnt and Jeremy is staring confused.) Aah! (shakes herself clean) Wait a second. (Grabs camera, runs off)"
Candace,Cool! You liked it?
Candace,"(annoyed) What is it, Irving?"
Candace,Commemorative coin?
Candace,Then I'll call her.
Candace,"(background voice) No, no, no, no, no! (slams into the window)"
Candace,"Stacy, no!! Stop!!!"
Candace,That's a bad thing!
Candace,"Really? OK, I'm in."
Candace,I can't believe it!
Candace,Pssh! I was robbed!
Candace,"Huh? Oh, I'm sorry."
Candace,Phineas and Ferb?!?
Candace,Sounds easy enough.
Candace-2,And Jeremy Johnson?
Candace,I know you're here!
Candace,So...many...people!
Candace,"The mall? Uh, uh..."
Candace,Return to normal...
Candace,"Okay, let's just..."
Candace,Who are these guys?
Candace,"So, what'd they do?"
Candace,Get out of my yard!
Candace,"OK, keep me posted. (hangs up)"
Candace,I'm watching you!!!
Candace,"(Hoarsely) No, no, no no! Aah!"
Candace,Mysterious Force...
Candace,I forgot the Alamo!
Candace,Two places at once?
Candace,What is this thing?
Candace,"(Sarcastically) Yeah, really great."
Candace,What are you doing?
Candace,Jerry the Platypus?
Candace,"Yes! Mom, take her! (She pushes her mother and Sally into the restroom and speeds out.)"
Candace,Mom! Mom! Backyard!
Candace,(running away) I'm not hearing it!
Candace,"So, mid-crime, huh?"
Candace,What are you doing?
Candace,How do I get there?
Candace,"I got 'ya, big guy. (They leave the studio)"
Candace,"Oh, yeah. I'm sure."
Candace,(has an unusual hairstyle) Ahhhh-ha-ha! AHHHH!
Candace,Back. Kitchen door.
Candace,Follow that thread!
Candace,(overjoyed) I can't believe it!
Candace,"Ugh, all right, ew! (gets up)"
Candace,To the fish market!
Candace,Stop it! (chuckling) Seriously!
Candace-2,Vanessa! I knew it!
Candace,Where's the camera?
Candace,"(blushes) Oh, why, thank you!"
Bad Future and Future Candace,"Ohh, I was so cute."
Candace,You've been... huh?
Candace,I'll be right back!
Candace,"Wait, show me what?"
Candace,No worries. I quit.
Candace,That's what I said.
Candace,(pushes her mother out) I know! I vacuumed!
Candace,"Oh, uh, hi, Jeremy."
Candace,"""Hold it"" is right!"
Candace,"(Flatly) Yeah, imagine that."
Candace,"(Opening pot, gasps) It's all dried out!"
Candace (in Perry's body),Am I sweating milk?
Candace,"Mom, pay attention!"
Candace,"Jeremy? (Runs to counter) Hi, Jeremy."
Candace,Mom! Mom! Evidence!
Candace,(as Gary Frank) Yeah. Enlightening.
Candace,Jerry the Platypus?
Candace,(on phone) Ten! Nine! Eight...
Candace,"Oh, (Rummaging) Here, look now!"
Candace,"No, why do you ask?"
Candace,That's NOT helping!
Candace,"(putting mask back on) Man, fickle crowd."
Candace,You'll see! (with her eyes closed) Tada!!
Candace,(smiles) Could it be true?!
Candace,Ferb? (opens the door to Phineas and Ferb's room) You in here? (closes door)
Candace,(dreamily) What do I need...?
Candace,But but but but...
Candace,"Down, down, I say!"
Candace,(Looks over to see that the maze disappeared) It was right here!
Candace,(walking away and pointing at Lawrence) And BUSTosophical!
Candace,It doesn't matter! (leaves)
Candace,But but but but...
Candace-2,"No no, we're good. (The music warps down.)"
Candace,"Oh, you know I am. (Sips her drink)"
Candace,I'm coming. Stacy!
Candace,(laughs crazily) But but but but...
Candace,"No, Mom! The book!"
Candace,Jeremy? ...Jeremy?
Candace,But but but but...
Candace,(quickly over the WDTVA logo) It doesn't matter!
Candace,"(walking into the museum) Wow, nice turnout."
Candace,Auditions! Today?!
Candace,Yes. Yes they are.
Candace,(picks up a pair of shoes) Or maybe I'll run.
Candace,"(Sarcastically) Ha-ha, very funny."
Candace,"No, that's not it."
Candace,"(Chuckles) I mean, what's up?"
Candace,Ooh! Who's Jeremy?
Candace,"Yeah, for yelling."
Candace,"Dad, you remember!"
Candace,And...did it work?
Candace,You guys are okay?
Candace,Phineas and Ferb?!
Candace,I like your pants?
Candace,(sighs) He understands me.
Candace,You know who I am?
Candace,A three-hour tour?
Candace,"Uh, what was that?"
Candace,(murmurs) Mom....!!!!!!!!!!! (Runs out of the room)
Candace,"(offscreen) I get it. But, ew."
Candace-2,"Good job, soldier."
Candace,"Oh, no, villagers! (runs out of Slushy Dog restaurant and screams)"
Candace,Yes! They're back!
Candace,"Come on, this way!"
Candace,I'm Candace Flynn.
Candace,You are so busted!
Candace,(Screams) Stay away from me! (She goes into a room and pants)
Candace,"(unbuckles herself) Okay, I'm sliding."
Candace,But but but but...
Candace,But...but...but...
Romantic Candace,Gotta find Jeremy.
Candace-2,End of discussion.
Candace,Yeah. (she and Stacy laugh; she hears helicopters) What's that?
Candace,"Hello, Jeremy. Ha."
Candace,Start the plaaane!
Candace,"Aw, stupid gopher!"
Candace,So we have a deal?
Candace,I get to be on TV!
Candace,Is that a problem?
Candace,(to Phineas) You are so busted!
Candace,"Let me in, buster."
Candace,Ehehehehehehehehe.
Candace,"I got it, Phineas!"
Candace,"No, I can do this. (She runs off while an acoustic guitar version of ""Go Candace"" plays in the background. She reaches D.E.I.)"
Candace-2,"(Takes off her shades and turns around) Isabella? Oh, hey."
Candace,"Uh, it wasn't him."
Candace,Yes! Yes! Finally!
Candace,"...Oh, never mind."
Linda and Candace,Yippee!!! Yay!!!!
Candace,"(Pants) She's relentless! (She runs into the ""Alien nest"")"
Candace,Phineas and Ferb.
Candace,What do you mean?
Candace,"Check! Uh, Stacy?"
Candace,I...don't...know.
Candace,What do you mean?
Candace,Let's try it out.
Candace,What is all this?
Candace,I need a bandage!
Candace,(as Gary Frank) Talk. Yeah. Talk.
Candace,A photo session?!
Candace,Why? You like it?
Candace,I don't think so.
Candace,It's not a party.
Candace (cont'd.),"Oh, give me that!"
Candace,But-but-but-but--
Candace,Someone's coming! (she sticks her head back into the tent)
Candace,And what a waste.
Candace,AHH!! Not again!!
Candace,"(looking at the machine) A Do-Over-inator? (presses the purple button second farthest to the left, causing the Inator to make loud mechanical noises and surround her and Doofenshmirtz with a large, glowing blue-purple bubble, then emit a blue flash)"
Candace,Somebody help me!
Candace,"(Cut to reveal her with a giant barrel on her head. She pulls it off to reveal a squid on her face.) Hey, what gives?! (She pulls the squid off to reveal a fish in her mouth and lobsters on her ears. She pulls the lobsters off and spits out the fish.)"
Candace,(groans) I can't stand it! (runs off)
Candace,"Uh, are you okay?"
Candace,"Oh yeah, totally."
Candace,Turn on the news!
Bad Future Candace,"It was, trust me."
Candace,"Look, look, look!"
Candace,"Err, give, woman!"
Candace,"(salutes) Thank you, Chief."
Candace,You stay right...
Candace,But-But-But-But – (Water slide starts)
Candace,Are we there yet?
Candace,Wuh? Whuh thu...?
Candace,Where's the rest?
Both Future Candaces,Phineas and Ferb.
Candace,So what do we do?
Candace,What did you say?
Candace,Two words: La-va! (Perry struggles)
Candace,Obviously not me.
Candace,Uhh...apparently.
Candace,"Whoo-hoo, hooray."
Candace,That's a plunger.
Candace,Or maybe I don't.
Candace,I'm just kidding.
Candace,"But, but but -- !"
Candace,(Running in through gate.) Phineas and Ferb!
Candace,"Right, of course."
Candace,Phineas! Phineas!
Candace,Ew! Gross! Perry!
Candace,You have no idea.
Candace,Since last night.
Candace,"Mom, you gotta– !"
Candace,That was so cool!
Candace,"(laying on her bed in her room, she answers her video phone as it rings; it's Stacy) Despair speaking."
Candace,"(She grabs and puts a cushion over her face.) Oh, yeah. Woo-ho!"
Candace,"(overlapping) Yeah, yeah, yeah! (Nods and laughs chaotically)"
Candace,(not even turning her head) Phineas and Ferb.
Candace,Death Star plans?
Candace,Parallel Parking?
Candace,Fine. Fire it up.
Candace,No! French girls!
Future Candace,Are you finished?
Candace,(monotone) Deeeep sleeeep...
Candace,What do you want?
Candace,(whispers) Now's our chance.
Candace,AHHHHH!! HELP ME!
Candace,Really?! A car?!!
Candace,It needs paprika.
Candace,"Look, Mom, quick!"
Candace,AAAAAAAAAAAAHHH!!
Past Candace,...lllllllddd....
Candace,Not...even close!
Candace,I spoke too soon.
Candace,Of...course I am.
Candace,"Ew. I mean, cute!"
Candace,"Mom, that's lame."
Candace,"Phineas, help me!"
Candace,"Melt, evil witch!"
Candace,"Ooh, my favorite!"
Candace,(gasps) What's the intel?
Candace-2,"Oh, no, we don't."
Candace,"Nah, not so much."
Candace,There! Bust them! (closes eyes)
Candace,"Look, look, look!"
Candace-2,And who is that?
Candace,"Very funny, Mom."
Candace,Raise your arms.
Candace,"Ooh, great idea! (runs off)"
Candace,"But, but, but..."
Candace,I gotta go home.
Candace,"Yes, I'm coming."
Candace,Oof! Just.. Aha!
Candace,Wait a second...
Candace,What? J-Jeremy?!
Candace,Awww! Of course.
Candace,What? No! Ughhh!
Candace-2,How do I get in?
Candace,"Yes, yes, YES!!!"
Candace,Fire the cannon!
Candace,Hmm... (Looks inside the suit and sees Baljeet) You too?!
Candace,Plan? What plan?
Candace,"But, but, but..."
Candace-2,"Johnson, Jeremy?"
Candace,You... did that?
Candace,"Yeah! (waves her arms trying to stay put) Uh, (grabs hold of her legs as she sits on the table) I did!"
Candace,Who's Annabelle?
Candace,Something big...
Candace,(at Linda) See? He gets it.
Candace,Now you tell me.
Candace,"Yes. Yes, it is."
Candace,"Hi-ya, Isabella."
Candace,"But, but, but..."
Candace,Mooooooommmm!!!!
Candace,"(pokes her head back out of the tent) Yeah, we've met."
Candace,(not so thrilled) Thrilling. (hears growling) What?
Candace,Wait! Come back! (Stammers)
Candace,(Hoarsely) Look behind you!
Candace,"(Panting) So, video games?"
Candace,(at Jeremy) You were saying?
Candace,(grunting; takes out Perry from tub) Here's cuteness!
Candace,Not on my phone!
Candace,"Hey, it's Pinky! (picks him up)"
Candace,So what's in it?
Candace,Ugh! Ohhhhhhh...
Candace,(confused) Perry has a hat?
Candace,Ew. I mean cute!
Candace,He's so British.
Candace,That's not true.
Candace,"Oh, hey, Jeremy."
Candace,"But, Stacy, I..."
Candace,The Bust Accord?
Candace,"(pause, stands up) I'm telling Mom. (She leaves to do so)"
Candace,"I was, wasn't I?"
Candace,Way ahead of ya! (She runs off)
Candace,"Sure thing, Mom."
Candace,What's going on?
Candace,But...but but...
Candace,Just one second!
Candace,"Oh, yeah, right."
Candace,Special effects?
Candace,A blue sidewalk?
Candace,"But, but, but..."
Candace,"You got it, Dad!"
Candace,Merry Christmas.
Candace,Merry Christmas.
Candace,"Aw, F.R.E.E.P.O."
Candace,"But, but... uhh!"
Candace,"Yes. Yes, it is."
Candace,Quazmo magazine!
Candace,"Okay, you drive! (buckles up)"
Candace,Your doppel-who?
Candace,"No, before that."
Past Candace,"Yes, yes, yes!!!"
Past Candace,(sees them gone) Wait a minute...
Future Candace,But I'M Candace!
Candace,I... I... (Squeaks) I...!!
Candace,"(flatly) Thanks, Vanessa."
Candace,Mom. Bust. Boys.
Candace-2,Ugh! (to 2nd Dimension Phineas and 2nd Dimension Ferb) Don't move!
Candace,"(back home...) Well, no, but..."
Candace,Mom. Bust. Boys.
Candace,It's a Candroid!
Candace,And I'm helping!
Candace,Hee-hee-hee-hee!
Candace,"(Weakly) Whether 'tis no- (Sinks, toilets and pipes fall)"
Candace,"Yes!! (then, confused) No...what?"
Candace,Oh. I knew that.
Candace,And Ferb says...
Candace-2,That's an order! (runs off)
Candace,And Ferb says...
Candace,"Yes. Yes, I did."
Candace,We are so ready!
Candace,Sure. Good idea.
Candace,B-b-b...bread...
Candace,What was...that?
Candace,What about this? (Ball hits off the football helmet Candace is now wearing)
Candace,They'll be back.
Candace,(gasps) I can't do this.
Candace,"Oh, you like it?"
Candace,"You got it, bub."
Candace,"Oh! Hi, Jeremy."
Candace,Grilled cheese!
Candace,So what's next?
Candace-2,I got it! (She fires a grappling hook at it.) Whoa!
Busting Candace,See? (Gestures next to her with eyes closed) Two of us!
Candace,Mom! Mom! Look!
Candace,"Oh, okay. (gives Dennis to Monogram) Here."
Candace,"Uh, no, thanks!"
Candace,(on the back seat) Is it the mall?
Candace,Come on! Hurry!
Candace,Great! All set!
Candace,Thank goodness.
Candace,Gotta call Mom!
Candace,"Well, uh, yeah."
Candace,"(Enraged) Stacy, pick up!"
Candace,"So, fun, right?"
Candace,(dryly) Not even today.
Candace,"Yes. Yes, I am."
Candace,"No, not again!!"
Candace,We can do this!
Busting Candace,Gotta find Mom.
Candace,"Heheheh, maybe?"
Candace,(on a payphone at the race) Turn on the TV!
Candace,"(turns around) Aha! (sees no one, constantly turns around) Uh...uh..."
Candace,"Look! (She removes her hands from the table and floats up, but gets hit with the ray, making her crash down.) Ta da...!"
Candace,How can I help?
Candace,Pyramid scheme?
Candace,(trips on victory bell) WHOOAAAA -- OH!
Candace,"See, it's back."
Candace,I was so close!
Candace,"Et tu, Vanessa?"
Candace,"Ew, disgusting!"
Candace-2,Phineas! Catch!
Candace,"Okay, thoughts?"
Candace,Action figures?
Candace,(scoffs) I'm outta here.
Candace,"Oh, ow! Ow, ow! (holding her finger)"
Candace,"Oh yeah, I did."
Candace,"Hit it, Buford!"
Candace,(comes up) What?! (grabs her head) NOOOO!!!
Candace,Ah-ah... achoo! (Gasps and witnesses there was mucus on her blanket)
Candace,Move move move!
Candace,"(In a sarcastic tone) Gee, you think?"
Candace,Are you crazy?!
Candace,5… 4… 3… 2… (Spaceship blasts off and she is covered in black) …1.
Candace,(Scoffs) The lucky ones.
Candace,Uh-oh! Yaaaahh! (She lands in the aquarium.)
Candace,Mockma who now?
Candace,"(from inside) C'mon, c'mon..."
Candace,(as Gary Frank) Pizza delivery.
Candace,I have no idea.
Candace,Moooooooooooom!
Candace,"Wading, wading."
Candace,Wait wait wait!
Candace,"Yeah, my peeps."
Candace,The pharmacist!
Candace,(gasps) My mom is here.
Candace,"Huh? (Blushes) Oh, sorry."
"Phineas, Ferb, and Candace",Trick or treat!
Candace,"Oh. Wait, what?"
Candace,Bubububububu...
Candace,There they are! (She blasts at them and hits a light.)
Candace,"Oh, sweet land! (Kisses the ground)"
Candace,Yep. (walks into the house) I'm on it.
Candace,What? I didn't!
Candace,"Back here, Mom."
Candace,Thar she blows!
Candace,"Oh, I remember!"
Candace,(hugs Phineas) You're welcome.
Candace,Let's nail 'em!
Candace,"Oh, hi, Jeremy."
Candace,Fine! Tralfazz!
Candace,"Wait, did what?"
Candace,"Sorry, Grandma."
Candace,(Panting) Where are they?
Candace,They're lovely…
Candace,"Why, thank you."
Candace,TURN AROUND!!!!
Candace,Here they come!
Candace,"(Running excitedly, with the can of paint) Coming through!"
Candace,Go. I got this.
Candace,"Not now, Stacy!"
Candace,I am losing it!
Candace,Then let's see.
Candace,(snaps a picture of the scene) Ee-ee-ee-ee...
Candace,Where's Perry?
Candace,Ee-ee-ee-ee...
Candace,Hey it worked!
Candace,Wait a minute.
Candace,They never do.
Candace,(She starts climbing on the plane) Time traveler!
Candace,But but but...
Candace,(runs from yard) Mom! Mom! Mom!
Candace,I'm listening.
Candace,"Boy, I'll say."
Candace,(in the kitchen) Mom! Mom! Mom!
Candace,"(via cell phone) Nah, I'm good."
Candace,Mom! Mom! Mom!
Candace,Phineas? Ferb! (opens another door)
Candace-2,"Hey, yourself."
Candace,(she gets a surprised expression on her face.) What happened?
Candace,"Mom, go! Look!"
Candace,(running up) Mom! Mom! Mom!
Candace,Ee-ee-ee-ee...
Candace,(popping out of the sunroof with her fists in the air) Rock and roll!
Candace,"(in Picasso's ""Guernica"") Mom! Mom! Mom!"
Candace,"I'm on it mom. (Candace works her way across the lawn, keeping herself leveled to the best of her ability)"
Candace,(mumbling in sleep) Where's Perry?
Candace,"(pause) Oh, I give up. (walks away)"
Candace,You read this?
Bad Future Candace,And who is...?
Candace,AAAAAAAAAAAAH! (Eventually lands next to Jeremy on the Ferris wheel)
Candace,(The front Doorbell rings; Gasps) Jeremy's here! (Gulps)
Candace,"Stacy, we won!"
Candace Robot,You're busted.
Candace,"I know, right?"
Candace,Peach cobbler.
Candace,What happened?
Candace,Now the Robot.
Candace,Ha ha! Got it!
Candace,But but but...
Candace,"Mom, climb up."
Candace,What? Oh no...
Candace,"(Sighs) Yeah, I guess."
Candace,Bzzzz bzzzzzz!
Candace (cont'd.),"Ugh, whatever."
Candace,The bewhating?
Candace,"Mom, look! (The ray fires, and the ride disappears) No!"
Candace,Jeremy? (answers) Hello?
Candace,But but but...
Candace,"But, but, Mom—"
Candace,"Yes, Mom. Ugh!"
Candace,"(offscreen) Psst, Phineas."
Candace,But-but-but...
Candace,Phineas? Ferb?
Candace,Mom! Mom! Mom!
Candace,"No, I'm NOT!!!"
Candace,What was that?
Candace,(Pauses) Do I know you?
Candace,"Nah, I'm good."
Candace,It's a secret.
Candace,And deodorant.
Candace,"(cringing) Mom, hurry up!"
Candace,(To Linda) Looks kinda...
Candace,Piece of cake.
Candace,Ducky Momo?!?! (sighs and faints into Isabella's arms)
Candace,(laughs) See?!?...What?
Candace,(deadpan) I'm so busted.
Candace,But but but...
Candace,But but but... (sadly walks away)
Candace,Ee-ee-ee-ee...
Candace,Oh no! Jeremy!
Candace,I'm listening!
Candace,Ee-ee-ee-ee...
Candace,She's raining!
Candace,(offscreen) You're cold!!!
Candace,"(noticing the empty backyard) But, but, but."
Candace,"Oh, hi, Stacy."
Candace,Mom! Mom! Mom!
Candace,"(noticing the kids in the backyard with no invention) But, but, but."
Candace,Not right now! (Candace grabs her mom's hand and drags her to the backyard)
Candace,"Oh, forget it."
Candace,Wow! Two down! (She plants her second marker and does a happy dance.)
Candace,There they go.
Candace,"(giggles) Mom, Mom, Mom! (opens car door)"
Candace,"C'mon, Stacy!"
Candace,Fate is kind.
Candace,Jenny? Stacy?
Candace,"No, no! Wait!"
Candace,What are you?
Candace,Huh. GAAAAAH! (Bigfoot grabs her and eats her; making the kids run away)
Candace,I do. Really.
Candace,What is that?
Candace,Mmm-hmm. Yes.
Candace,Just kidding! (eats meatloaf)
Candace,I don't know.
Candace,"Uh-huh, uh... (walks away)"
Candace,"No, I'm good."
Candace,"(opens her eyes, looks in bag) What?! AAAAH!"
Candace,Yeah. Thanks.
Candace,"Focus, right."
Candace,Backyard now!
Candace,"Hey, Phineas!"
Candace,"Yeah, me too."
Candace/Jeremy,It's perfect.
Candace,AAAAAAGH!!!!!
Doof zombie (Candace),Lots of me...
Future Candace,That's right.
Busting Candace,Where is she?
Busting Candace,It's for you.
Candace,"Oh, biscuits!"
Candace,(dreamy voice) Yeeeaaahhh...
Candace,(On a megaphone) GET OUT! RUN! (Screams)
Candace,(dreamy voice) Yeeeaaahhh...
Candace,G-g-g-g-game?
Candace,PHINEAS!!!!!!
Candace,No. Let's go!
Candace,(Cautiously) Smaller bags.
Candace,They're— (slaps herself) Gah!
Candace,"Well, yeah..."
Candace,"(Excitedly) What? What??? (The boulder whistles as it falls, and she and Jeremy notice it.)"
Candace,Oh hey Stace!
Candace,Welcome home.
Candace,It's working!
Candace,The washroom! (speeds out and returns to her chair in the library)
Candace,I'll give up!
Candace,Hum... (Gasps) Paint!
Candace,"But, but but!"
Candace,Bouncy thing?
Candace,(offscreen) C'mon! C'mon!
Candace,"Yeah, I know."
Candace,"Omigosh, yes!"
Candace,Oh—uh—yeah...
Candace,You did that?
Candace,Yeah. Thanks.
Candace,Well... (snap) Okay!
Candace,Er... thanks.
Candace,I get...cold.
Candace and Stacy,Holy cannoli!
Candace,Yes! Finally!
Candace,(gasps) Mr. Patootie! (runs off)
Candace,(gasps) Oh. My. Gosh.
Candace,(on phone) Are you okay?
Candace,What's funny?
Candace,"That's right. (She walks up to the gondola, which activates.)"
Candace,A surprise...
Candace,He's working.
Candace,Snores-ville.
Candace,Welcome home.
Candace,Not relating.
Candace,Rubber ducks?
Candace,"Sibling unit,"
Candace,Nice glasses.
Candace,What is this?
Candace,"You too, Dad?"
Candace,"Aw, you guys!"
Candace,"Players, huh?"
Candace,(laughs) I do nothing!
Candace,Where are we?
Candace,There she is! (points toward where the window is)
Candace,(speaks muffled then takes the plate out of her mouth) The truth...?
Candace,Knock it off!
Candace,Bring it on!
Candace,(giving her father a gift box) Here you go!
Candace,...birthday.
Candace,(Hoarsely) What's that?
Candace,It just did.
Candace,"Oh, shut up!"
Candace,Hard to get?
Candace,There he is!
Candace-2,"Ugh, Buford. (Puts away the map)"
Candace,It's flawed.
Candace,No busting?!
Candace,Any changes?
Candace,"Hi, Charles."
Candace,Who are you?
Candace,"Thanks, Mom."
Candace,He saved me!
Candace,What the...?
Candace,A-ttractive.
Candace,Do the Worm.
Candace,"Ah, finally!"
Candace,(at the monkey) It's Jeremy.
Candace,I did? What?
Candace,Talk faster!
Candace,(Eye twitches) Some... how?
Candace,"(On screen, slow mo) **Phineas**!"
Future Candace,"I know, huh?"
Candace,I did? What?
Candace,(Grinning widely) Ee-ee-ee-ee!
Candace,What's that?
Candace,"Oh, brother."
Candace,"Mom, get in!"
Candace,"(Talking to an airline personnel, with a bull horn announcing the final call) I heard ya'."
Candace,(laughs awkwardly; tosses magazine over her shoulder) Riiiiiiight.
Candace,What's that?
Candace,"Phineas, I –"
Candace,Ready to go?
Candace,Thanks guys!
Candace's Brain,(Gasps) It's Jeremy!
Candace,What's that?
Candace,(Chattering) What's that? (She pulls up the blind and notices the boys' new project.; Whirring; she screams)
Candace,What's that?
"Stacy, Candace",(both gasp) It's a deal! (both squeal)
Candace,I'm serious.
Candace,"Oh, brother."
Candace,But but but—
Candace,(suddenly surprised) Landscapers?
Candace,We're saved!
Candace,Here you go.
Candace,"Okay. (Stacy returns, and Candace has on a big overcoat to hide Jeremy) Ready?"
Candace,"Oh, my gosh!"
Candace,My Bango-Ru!
Candace,Will you go?
Candace,"Aloha, bros."
Candace,"Yeah, (She chuckles) right."
Candace,P-p-p-paper?
Candace,Love Händel?
Candace,It's summer.
Candace,"(Phone rings) S'up, Stace?"
Candace,Good enough.
Candace,But...but I—
Candace,...What? (turns around) No!
Candace,"Oh, come on!"
Candace,"(While wringing her hair) Oh, come on!"
Candace,Third place?
"Candace, Stacy",(sigh) Billy Clark.
Candace,Muhahahahaha
Candace,(Shrugging.) Makes sense.
Romantic Candace,Wait for me!
Candace,But I can't!
Candace,Scrumptuous!
Candace,What is it?
Candace,"Hurry, Mom!"
Candace,About that-
Candace,"Hi, Jeremy."
Candace,"(looks at the camera and then smiles) Oh, uh, (waves) hi!"
Candace,Is he okay?
Candace,Klimpaloon?
Candace,Let me see.
Candace,(Sighs) Never mind.
Candace,"(sternly) Hello, Mom?"
Candace,Ma... ma...
Candace,"Wait, what?"
Candace,"Here, here."
Candace,Right here.
Candace,"Hi, Jeremy!"
Romantic Candace,"Ah, Jeremy."
Candace,M-m-making?
Candace,One moment. (Dials on her phone)
Romantic Candace,"Hi, Jeremy."
Candace,Theme song?
Candace,[screaming]
Candace,I'm coming!
Candace,"(leaving) Okay, fine."
Candace,Bango-Ru!!!
Candace,"Quiet, you!"
Candace,You let go!
Candace,(pointing out the window) That's why!
Candace,I'm ruined.
Candace,(A truck is heard backing up. Candace's beret literally jumps off her head as the truck unloads many cupcake-filled logs into a rollercoaster car.) All these?!
Candace,Sold out!?!
Candace,I'm trying!
Candace,Never mind!
Candace,Incoming!!!
Candace,"Oh, really?"
Candace,"Hi, Jeremy."
Candace,A little...
Candace,Protesting.
Candace,On purpose?
Candace,"Hi, Jeremy!"
Candace,"Oh, please."
Candace,"Focus, Mom!"
Candace,And Jeremy!
Candace,No! Nooooo!
Candace,"No, no way!"
Candace,(giggles) He sure is.
Candace,"Wait, what?"
Candace,Whoa! Whoo!
Candace,Blehhhhh...
Candace,I did what?
Candace,(continues to fly) AAAAAAHHH!!
Candace,"Hi, Jeremy."
Candace,"Hi, Jeremy."
Candace,"Hi, Jeremy."
Candace,Iron Man...
Candace,He fainted!
Candace,This is it!
Stacy and Candace,Would we?!!
Candace,Sure thing!
"Stacy, Candace",We love it!
Candace and  Stacy,AHHHHHH!!!!
Candace,Do come in!
Candace,"Yeah, yeah. (hacking cough, wheezing)"
Candace,It's bacon.
Candace,"Bu...bu...! (Camera shows the lava smoke vanishing, revealing the normal monument, no Candace statue and all)"
Candace,"(Needle scratch) Wait, WHAT?"
Candace,(offscreen) Mom!!!!!!?~
Candace,"No, thanks."
Candace,"Sorry, Mom."
Candace,"Oh, Jeremy. (They hug. Candace farts.)"
Candace,Yes! Ha ha!
Candace,You'll see! (car alarm goes off)
Candace,Not likely.
Candace,Ugh. Hello?
Candace,"Wait, what? (The ride operator releases the surfboards and we hear Candace scream.)"
Candace,This is it! (She takes multiple pictures while Doofenshmirtz cackles in the background)
Candace,"""Beatrice""?"
Candace,Whoa! Cool!
Candace,UHHHHHGGGH!
Candace,Pogo stick?
Candace's Brain #2,Who's that?
Candace,(screaming laugh) Whoa-oa-oa!
Candace,"Wait, Mom!"
Candace,Who cares?
Candace,"Sure, Mom."
Candace,What else?
"Stacy, Candace","Wow, cool!"
Candace,"Okay, yes."
Candace,MOOOOOOOM!
Candace,Asteroids? (She screams)
Candace,Tralfazz??
Candace,Like what?
Candace,Psst. Mom.
Candace,"Pink lava? (she screams and runs away as the ""pink lava"" chases after them, while Perry still surfs on it. Cut to Lawrence repairing the sloop.)"
Candace,"(Now wearing the paper bag and a grey jacket, she runs past them) 'Scuse me."
Candace,Kitchen...
Candace,"Ew, gross."
Candace,Uh... yes.
Candace,But...but—
Candace,(Hopelessly) With what?
Candace,Huh? Thor!
Candace,Aaaahhhh!!
Candace,"Nice, huh?"
Candace,"Wow, cool!"
Candace,Okay! (dials) Ahh!
Candace,**Mom!!!**
Candace,Yeah. Why?
Candace,"""Hi, Mom."""
Candace,Oh! Ow-ow!
Candace,Who cares?
Candace,"Hey, guys."
Candace,Excellent!
Candace,Thank you!
Candace,Huh? Phew!
Candace,"Okay, Mom."
Candace,I sit here
Candace,(Sighs) Enchanted.
Past Candace,(looks at the post where the poster was) AAAAAHHH!!
Phineas/Candace,Good luck!
Candace,But why...
Candace,"Okay, bye."
Candace,Roll over!
Candace,Whew! Aah!
Candace,Of course.
Candace,Moooooom?!
Candace,Thank you!
Candace,"(trying to not sound suspicious) Okay, Mom."
Candace,(pointing up) Mom! Look!
Candace,Yeah. Duh.
Candace,Up-a-feds?
Candace,Dry cycle!
Candace,Hot towel!
Candace,Park! Mom!
Candace,A mission.
Candace,"Oh, sorry."
Candace,"Psst, mom!"
Candace,Let me in!
Candace,Well...no.
Candace,(waves) Good luck.
Candace,AAAAAHHH!! (lands on a soft cushion)
Candace,Noooooo!!!
Candace,"Uhm, that."
Candace,(to the sky) Thank you.
Candace,Thank you.
Candace,"Stacy, I--"
Candace,Brilliant! (gasps; laughs)
Candace,(from her room) Aaaahhhhh!
Romantic Candace,Hi Jeremy!
Candace,A-ha! Huh?
Candace,Ahhhhh!!!!
Candace,Excuse me?
Candace,What then?
Candace,I'm on it!
Candace,I knew it!
Candace,"Uh, but..."
Candace,Truuuuuue.
Candace,(uneasily) No reason.
Candace and Stacy,(giggle) Girl talk!
Candace,No reason.
Candace,"Yeah, why?"
Candace,Pet wash?
Candace,Let's go!
Candace,Whatever.
Romantic Candace,"(dreamily) Oh, yeah."
Candace,Let's go!
Candace,The what? (Watermelon destroys her helmet. Buford laughs and ends up with a fruit in his mouth. Ferb continues to shoot fruit everywhere.)
Candace-2,"Yeah, so?"
Candace,My phone!
Candace,"Bye, Mom."
Past Candace,...ddddd.
Candace,AAAAHH!!!
Candace,Grounded.
Candace,Mom! Mom!
Candace,Isabella?
Candace,Yes. (closes door. A knock is heard. She opens it and Irving reappears) Yes?
Candace,(offscreen) Whatever!
Candace,"(waves a hand) Yeah, hi."
Candace,Now what?
Candace,"Yes, Mom?"
Candace,And this! (Gestures to the enormous ice sculpture)
Candace,Mom! Mom!
Candace,(Dejectedly) Bango-ru.
Candace,(from her bedroom window) No way!!!
Candace,"(singsong) Hey, Mom!"
Candace,"Uh, guys?"
Candace,"(After opening Meap's cage with the baseball) Go, hide."
Candace,"Oh, yeah…"
Candace,Ya think?
Candace,(she bangs on glass more) Mom! Mom!
Candace,(dings) Laminate!
Candace,The what?
Candace,"No, wait. (Phineas and Ferb eat some of the gelatin as she watches on in horror)"
Candace,Whatever!
Candace,For teen.
Candace,A little.
Candace,"Uh, what?"
Candace,Mmmm-hmm!
Candace,Mom! Mom!
Candace,Mom! Mom!
Candace,(weakly) Whatever.
Candace,"Ah, yeah."
Candace and Jeremy,"(Nervous chuckle) Uh, okay."
Candace,"But, but!"
Candace,Ugh. Yes.
Candace,(fake smiling) Yeah! (frowning) No!
Candace,"Mom, Mom!"
Candace,Porpoise!
Candace,"Uh, okay."
Candace,J-J-J-J--
Candace,Whoo-hoo!
Candace,With pay.
Candace,Mom! Mom!
Candace,Heroes...
Candace,I did it!
Candace,Mom! Mom!
Candace,"(disappointingly) Yes, sir."
Candace,555-0142!
Candace,I'm okay!
Candace,Anyway...
Candace,MOOOOM!!!
Candace,Mom! Mom!
Past Candace,Yes! Yes!
Candace,(over phone) One! Now!
Candace,Whoaaa!!!
Candace,"Yes, sir."
Candace,(gasp) Who told?
Candace,What the?
Candace,It's not?
Candace,(takes it) I accept.
Candace Robot,Call him.
Bad Future Candace,Get down!
Candace,Coolness!
Candace,"(her boys are revealed; **Song: ""Gitchee Gitchee Goo""**) Phineas?!"
Candace,Let's go!
Candace,Whoopee!!
Candace,"Hey, Mom!"
Candace,"Yes, yes!"
Candace,Me? Sing?
Candace,Mom? Mom?
Candace,The moms?
Candace,(stands up from lawn) What? No!
Candace,Teamwork?
Candace and Princess Baldegunede,(gasp) I got it!
Candace,Isabella?
Candace,One what?
Candace,(gasps) Backyard! (slams door closed)
Candace,(screams as the bowling ball takes out her phone) My phone!
Candace,Let's go.
Candace,He talks?
Candace/Stacy,"Yeah!  (The yellow robot's mouth opens to reveal water with a lifeboat, an oar and a couple of fish to come out) Ew!"
Candace,Now what?
Candace,Delicate?
Candace,"Mom, mom!"
Candace,The boys!
Candace,Urrrrrgh!
Candace,And mud.
Candace,(walking up with Stacy) Hi guys!
Candace,Too big.
Bad Future Candace,Oh darn. (disappears)
Candace,Scamper!
Candace,Phineas!
Bad Future Candace,So am I.
Candace,Buford?!
Bad Future Candace,"Uhh, no?"
Candace,(still barely hanging on to the remaining part of the cliff; Screams) Help me!
Future Candace,(pulls Linda) Come on.
Candace,In here!
Doof zombie (Candace),...me...
Candace,Phineas!
Candace,Phineas!
Candace,My what?
Candace,"Aw, Mom?"
Candace,Mmm-hmm.
Candace,"Hi, Mom."
Candace,Already?
Candace,(mumbling) Thnk yu.
Candace/Stacy,We were.
Candace/Stacy,Oh snap! (Phineas and Ferb's treehouse transforms as well)
Candace,AAAAAHH!
Candace,Mwah...!
Candace,Woo-hoo.
Candace,Perfect!
Candace,Grandma!
Candace,Grandma!
Stacy and Candace,(gasps) Totally!
Candace,Phineas!
Candace,Phineas!
Candace,Phineas!
Candace,(gasps) Ooooh!!!
Candace,"(she walks up, dressed in the same vampire queen costume as…) Vanessa?"
Candace,(On screen) Phineas!
Candace,**Mom!** (The car blasts upward behind her; Linda comes out.)
Candace-2,Baljeet?
Candace,Suit up!
Candace,(Gasps) Nothing?
Candace,"(kicks away Jeremy's cup) Me, too."
Candace,(on the cliff) Phineas! (screams)
Candace,Candace.
Candace,"Me, too."
Candace,It's me.
Candace,Play it!
Candace,Phineas!
Candace,The huh?
Candace,"Perfect! (She drops the safe and runs into the knot.; **Instrumental:****""Let's Go Digital"" [sped up]**; Cut to inside the knot where she stuffs her face of all the licorice like there's no tomorrow.)"
Candace,"Hi, Mom!"
Candace,Captain!
Candace,(Gasps) You do?!
Candace,No deal.
Candace,Vaguely.
Candace,(throws pillow at him) Get out!
Candace,Hiccups?
Candace,"Hi, Mom."
Candace,Phineas?
Candace,Jeremy?!
Candace,Towels!?
Candace,Phineas?
Future Candace,Candace!
Candace,"Well, I-"
Candace,Phineas!
Candace,For who?
Candace,(In slow motion) Noooooo! (She manages to catch it with her mouth.)
Candace,You huh?
Candace,(Sighs) Nothing.
Candace,(on radio) Baljeet!
Candace,Whatevs. (exits)
Candace,Vanessa?
Candace,(they shoot past the bubble) Mooooom!
Candace,You two!
Candace,Candace.
Candace,Jeremy?!
Busting Candace,O. M. G.
Candace,"No, why?"
Candace/Jeremy,Fromage!
Candace,Phineas?
Candace Robot,Candace.
Candace,It's in!
Candace-2,But why?
Past Candace,Or Ferb.
Candace,AAAAH!!! (climbs back down)
Candace,Mmmm...
Candace,"Gently. (She catches the balloon then throws it back to the robot, who catches it.)"
Candace-2,Try me.
Candace,Oh yay!
Candace,Really?
Candace,(giggles) Really?
Candace,Mom...!
Candace,(Gasps) Jeremy!
Candace,Well...
Romantic Candace,(chuckles) I know.
Candace,Well...
Candace,MOM!!!!
Candace,Jeremy?
Candace,Ow! Ow!
Candace,(turns around) What?!!
Candace,No way!
Candace,Jeremy.
Candace,Jeremy?
Candace-2,Ow! Ow!
Candace,Aughhh!
Candace,Thanks!
Candace,"(inside, the trackball comes loose) Oh, no!"
Candace,Ayeee!!
Candace,Jeremy?
Candace,Moooom!
Candace,(Stops giggling) Towels?
Candace,Wha...?
Candace,Jeremy!
Candace,(gasps) A sign!
Candace and Stacy,Ahhhhh!
"Candace, Jeremy-Tree, Nerdcrow (Baljeet)","Oh, my!"
Candace,Thanks!
Candace,(Snorts) Really?
Candace,I-I-I--
Candace,Arctic.
Candace,Poster?
Candace,(Excited) Really?
Candace,Really?
Candace,Thanks!
Candace,—doing?
Candace,Really? (She walks through the entrance and becomes the 100th contestant.)
Candace,Ew. No.
Candace,I will?
Candace,Really?
Candace,You do?
Candace,Gotcha!
Candace,"Oh, no! (Can phone drops down)"
Candace,Thanks!
Candace,Dexter?
Candace,Jeremy!
Candace,W-what?
Candace,Look!!!
Candace/Stacy,AHHHHH!
Candace/Stacy,AAAAAH!
Candace,Hulk...
Candace,(jumping) Woohoo!
Candace,Bounce?
Candace,Busted!
Candace,Jeremy!
Candace,Thor...
Candace,Yes...?
Candace,You do?
Candace,Jeremy?
Candace,(groans nervously) Coming.
Candace,You do?
Candace,(offscreen) Uh-huh.
Candace,Knobby.
Candace,No way!
Candace Robot,Jeremy.
Candace,Uh-huh. (laughs nervously)
Candace and Stacy,Thanks.
Candace,Touche.
Past Candace,Ugh...! (climbs up on the time machine as it disappears)
Candace,(looks around) ...Mom?
Candace,Candar.
Candace,Really?
Future Candaces,We did.
Candace,(groans and starts to walk away; In a shallow state of calm) Pardon.
Candace,Aaaaah!
Candace,(offscreen) Uh-huh!
Candace,But...
Candace,(Groans) Uhh...
Candace,Video.
Candace,(Answers her video phone as it rings; With the spoon in her mouth) Hello?
Candace and Irving,Oh no!
Candace,Isn't!
Candace,Hey...
Candace,Hello. (Giggles)
Candace,Uh-oh.
Candace,Hello?
Candace,Great.
Candace,No no!
Candace,Hello?
Candace,(The mall door slams open; drags Linda out) See?!!
Candace/Baljeet/Isabella,Aww...
Candace,(covering Nerdcrow's mouth) Shhhh.
Candace,Stacy?
Candace,Do it!
Candace,"(struggling to get the door off of the porta potty stall, while Balthazar gives her a high five) Mooom!"
Candace,Hello?
Candace,DAD!!!
Candace,Great!
Candace,Our...
Candace,HURRY!
Candace,What?!
Candace,(choked gasp) Later.
"Candace, Lawrence, Linda, Ferb, and Phineas",Aloha!
Busting Candace,Where?
Candace,(voiceover) Stacy!
Candace,Hmm...
Candace,Mars?!
Candace,What?!
Candace,Uh-oh.
Candace,(sarcastically) Ha ha.
Candace,"(smirking) Alarm,"
"Candace, Stacy",Yikes!
Candace,(facepalms) Urrrg!
Candace,Two...
Candace,Hello?
Candace,What!?
Candace,Gross!
Candace,Check.
Candace,Ah!!!! (closes the window)
Candace,(as more hair grows all over her body) Oh no!
Candace,Hello?
Candace,Score!
Candace,I am?!
Candace,Cover?
Candace,What?!
Candace,(gestures toward the boys) Look!!
Candace,Mom...
Candace,What?!
Candace,B-But–
Candace-2,Right.
Future Candaces,Right.
Candace,Check!
Candace,Uh-oh.
Candace,But...
Candace,I did?
Candace-2,(grunts) 999...
Candace,(through clenched teeth) Great!
Candace,But... (holds hands out in expression and the tube of Pizzazzium Infinionite lands in them)
Candace,Stacy?
Candace,(With her eyes closed) Look! (Leans back on one of the cars)
Candace,Whoa!
Candace,What?
Candace,Okay.
Candace,Oh...
Candace,(With her eyes closed) Look!
Candace,Sure.
Candace,What?
Candace,Fine!
Candace,What?
Candace,(turns around and gestures toward second house with eyes closed) Look!
Candace,(With her eyes closed) Look!
Candace,(Hoarsely) Aahh!
Candace,Nein!
Candace,Nope.
Candace,(giggling) Yeah.
Candace,Yipe! (Pulls a lever causing the pink robot's mouth to open and purple water balloons to fire)
Candace,What?
Candace,Whoa!
Candace,Wait!
Candace,WHOA!
Candace,Gosh.
Candace,Yeah.
Candace,Here.
Candace,(pauses) Fine…
Candace,What?
Candace,What?
Candace,1843?
Candace,No...
Candace,Meap. (disappears)
Candace,Yeah.
Candace,But--
Candace,Uh...
Candace,What?
Candace,Wha–? (Candace is launched off)
Candace,Ahem. (holds a calendar)
Candace,(she blinks twice) Okay!
Candace,Next!
Candace,Yeah.
Candace,Fine.
Candace,Whoa!
Candace,No...
Candace,(grunts) (she whimpers as she is about to fall to her death until Phineas catches her by the hand) Aaah!
Candace,Fine!
Candace,Fine!
Candace,Mom?!
Candace,Cool!
Candace,Yeah?
Candace,FINE!
Candace,What?
Candace,Yeah.
Candace,What?
Candace,Uh...
Candace,What?
Candace,Evan?
Candace,Here.
Candace,Ahhh!
Candace,Cool.
Candace,Aaah!
Candace,Pfft.
Candace,I am?
Candace,I do?
Candace,Phew!
Candace-2,Yeah?
Candace,What?
"Candace, Stacy, Captain Squint",Whoa! (the Pea-quad skips across the sea)
Candace,Okay.
Candace,What?
Candace,(skates there) Fine.
Candace,(holds out her finger and moves it) Here!
Candace,Ughh!
Candace,Fine!
Candace,Neat!
Candace,Huh?!
"Ferb, Candace and Stacy",Yeah.
Candace,Shuh!
Candace,D'oh!
Candace,What?
Candace,Tada!
Candace and Lawrence,Look!
Candace,Okay.
Candace,What?
Candace,Yeah.
Candace,What?
Candace,Meap.
Candace,Uh...
Candace,What?
Candace,Uh...
Candace,Good.
Candace,Meap.
Candace,"(Cut to Ferb dressed like a Vegas showgirl. The board says ""THIS DOESNT EVEN MAKE SENSE!"".) [sic]"
Candace,Tony?
Candace,Yeah?
Candace,Um...
Candace,In...
Candace,What?
Candace,(To the sky) WHY?!
Candace,What?
Candace,"(Reveals she's in her spacesuit, She giggles) Yeah."
Candace,Um...
Candace-2,Dark?
Candace,Mom!!
Candace,Yeah.
Candace,Ours.
Candace,Okay.
Candace,What?
Candace,Uh...
Candace,Okay.
Candace,But--
Candace,What?
Candace,What?
Candace,So...
Candace,(dreamily) Sure.
"Candace, Stacy",Whoa!
Candace,(with her eyes closed) Look!
Candace,I am?
Candace and Stacy,Ahhh!
Candace,What?
"Future Candace, Linda and Amanda",Bye!
Candace,Ugh! (She puts her hand on top of Phineas' anyway.)
Candace,Wha?
Candace,Dad!
Candace,(Flies off the bed) AHH!
Candace,(off screen) Duh!
Candace,Yes?
Candace,(surprised) Fun?
Candace,WEE!
"Stacy, Candace",Yay!
Candace,(gasps) Huh?
Candace,Mom!
Candace,(from inside) Mom!
Candace,YES!
Candace,(in slow distorted audio) Mom!
Candace,Yes!
Candace,Aah! (drops her cell phone)
Candace,(hitting her head on the steering wheel) Ugh.
Candace,Yes!
Stacy and Candace,Ahh!
Candace,Mom!
Candace,Yes.
Future Candace,Mom.
Candace,Huh?
Candace,Mom!
Candace,Huh?
Candace,AHH!
Candace,Mom?
Candace,Huh?
Candace,Mom!
Candace,Aah!
Candace,Run!
Candace,(Parks car perfectly) Yes!
Candace,"(the camera zooms in on her, saddened) Ugh! (bangs her head on the iron rod)"
Candace,Mom?
Candace,(Candace still stares shocked at what she saw. A bird knocks the cardboard down revealing the real Mount Rushmore) Huh?
Future Candace,Yes.
Candace,Ahh! (2x)
Candace,Ahh! (4x)
Candace,AAH! (Slams door)
Candace,Yes?
Candace,(Sink falls) Oof!
Candace,Hey.
Candace,Mom!
Candace,Oof!
Candace,Aah! (goes to static)
Candace,Aah! (goes to static)
Candace,Mom! (opens the door and sees Linda in a Broadway costume)
Linda and Candace,bus—
Candace,Huh?
Candace,Bye.
Candace,Huh?
Everyone but Candace,Yay!
Candace,Mom!
Candace,(takes out phone and dials) Mom?
Busting Candace,See?
Candace,Yes.
Candace,Ugh. (Leaves)
Candace,Mom! (5x)
Candace,(stomps off) Ugh!
Candace,(pauses) Yes.
Candace,Mom!
Candace,(gestures to both Baljeets) Mom!
Candace,(Pulls down the Candace suit's head and looks down its mouth) Mom?
Candace,Mom!
Candace,(Stares back at her rocket ship and walks up to Linda.) Mom!
Candace,Mom! (She takes out her cellphone and calls Linda)
Candace,Mom!
Candace,Ugh!
Candace,(having picked up the dollar) Huh? (gasps)
Candace,Ugh.
Candace and Vanessa,Run!
Vanessa/Candace,Hey!
Candace,Dad!
Candace,Mom! (She runs inside)
Busting Candace,And?
Candace,Hmm?
Candace,Yes.
Candace,(quietly) Mom?
Candace,EEE!
Candace,"NOO! (Runs to room, slams door; Knocking)"
Past Candace,YES!
Candace,Huh?
Candace,(to Suzy) Hey! (Suzy gives Candace a thumbs up.)
Candace,(drives back and forth slamming into the two trash cans) Aah! (8x)
Candace/Jeremy,(In unison) Yes!
Candace,Yes?
Candace,Huh?
Candace,Hey!
Candace,(opening the door) Wha?
Candace,But—
Candace and Stacy,Yay!
Candace,Huh?
Candace,Huh?
Candace,Huh?
Candace,(in her room) Hey!
Candace,(her cellphone rings; it's Stacy) Hey.
Candace,(Hoarsely) Aah! (Chews on pillow)
Candace,Why?
Candace,AAH!
Candace,But—
Candace,Yes.
Candace,Yes.
Candace,Oof!
Candace,Oof!
Candace,Yes?
Candace,Yes!
Candace,Huh?
Candace,Mom!
Candace,(looking at her hair covered hands) AAH!
Candace,Hey!
Candace,Aah!
Candace,(now in a fossil exhibit) AAH! (she climbs up the bones of a T-Rex to reach the window outside and climbs out)
Candace,(offscreen) Ma!
Candace,Ew.
Candace,Oh.
Candace,No.
Candace,No!
Candace,Oh! (Bends down)
Candace,Hi.
Candace,(from the phone) No. (screams)
"Stacy, Candace",Aw.
Candace,No.
Candace,(Slow motion) No!
Candace,Oh. (giggles)
Candace,Oh! (She falls on a crab)
Candace,(You're going down)...
Candace,(getting pecked by the angle hooper) Ow!
Candace,Oh.
Candace,Ha!
Candace,(raises hand slightly) Me.
Candace,Hi.
Busting Candace,No.
Candace,Ow!
Candace,(as Gary Frank) No.
Candace,It!
Candace,Ow!
Candace,"(they kiss; fireworks go off reading ""HAPPY NEW YEAR"")'"
Candace,(Stacy and Candace enter the back lot)'
Candace,(Grumbling)
Candace,(Growls)
Candace,(Here's where Candace goes berserk. She screams loudly at the top of her lungs)
Candace,(rings doorbell)
Candace,(screams)
Candace,(gasps)
Candace,"(re-enters City Hall, panting)"
Candace,(gasps)
Candace,(sighs)
Candace,"(Shots of Candace's slippers, stomach, face, etc.)"
Candace,(Giggles)
Candace,(Growls)
Candace,"(opens her eyes, gasps)"
Candace,(gasps)
Candace and Stacy,(Cheer)
Candace,(screams)
Candace,(clasps her hands and giggles evily before leaving)
Candace,(Sighing)
Candace,"(Squeaks, faints)"
Candace,(gasps)
Candace,(laughs)
Candace,(Screams)
Candace,(screams)
Candace,(screams)
Candace,(Screams)
Candace,(Splats face into snow cone)
Candace,(Hiccups)
Candace,(Stuttering)
Candace,(chuckles)
Candace,(mumbles are heard from the phone)
Candace,(Blushes; Laughs)
Candace,(Dials phone)
Candace,(Groans)
Candace,(screaming)
Candace/Stacy,(Screaming)
Candace,(Panting)
Candace,(growls)
Candace,(Screams)
Candace,(Screams)
Candace,(Screams)
Candace,(Screams)
Candace,(Whimpering)
Candace/Officer,(Screams)
Candace,(mumbles are heard from the phone again)
Candace,(growls as she throws her controller down)
Candace,(chuckles)
Candace,"(yelps as Mom's phone jumps out of her grip, Mom catches it)"
Candace,(screams)
Candace,(Screams)
Candace,(Screaming as she gets hit by fruit from a fruit stand and fish from a fish stand)
Candace,(Screams)
Candace,(Screaming)
Candace,(Laughing maniacally)
Candace,(chuckles nervously)
Candace,(Screams as she goes through a car wash)
Candace,(Screams as she ends up on Buford and Baljeet's chariot)
Candace,(Screams)
Candace,(Screaming)
Candace,(Screams)
Candace,(Screams)
Candace,(wears headphones that make music)
Candace,(Snapshot)
Candace,(Snapshot)
"Candace, Stacy",(scream)
Candace,(Growls)
Candace,(growls in frustration)
Candace,(Hisses at Suzy)
Candace,(screams)
Candace,(Hiccups)
Candace,"(She then looks in mirror and starts screaming loudly again, birds fly, dogs bark, seals jump in water, monkeys beat up Tarzan look-alike.)"
Candace,(Screams)
Candace,(Faints)
Candace,(Screams; which is heard by Phineas and Ferb)
Candace,(Clears throat)
Candace,(growls; texts a message on her cell phone)
Candace,(yelling)
Perry/Candace,(smiles awkwardly and tips his/her fedora; The light turns green and he/she hurriedly speeds off.)
Candace,(screaming)
Candace,(snoring)
Candace,(Snapshot)
Candace,(laughs weakly)
Candace,(giggles)
Candace,(Giggles)
Candace,(sighs)
Candace,(Screams)
Candace,(Comes out of monster truck and falls onto mud)
Candace,(Growls)
Candace,(Muffled screaming)
Candace,(Muffled scream)
Candace,(Grunts)
Candace,(screaming)
Candace,"(growls, grunts) (hears Phineas continuing the music)"
Candace,(Growls)
Candace,(pretending to yawn)
Candace,(muffled screams)
Candace: PHINEAS!!,
Candace,
Candace,
Candace,
Candace,
Candace,
