Name,Dialog
Linda,"Stop. Okay, your stories are always full of holes, but it's usually just one story. Here, let me demonstrate. I'll be the ""Candace"" and you will be the ""beautiful mother"". (Clears throat) (Imitating Candace) Mom, Phineas and Ferb have brought Genghis Khan back from the past and he's teaching the neighbors how to throw hatchets from horseback. (Normal voice) You see? One story."
Linda,"He does need the exercise. Well, I'm heading to the store to pick up some things for dinner. I'm thinking spaghetti and meatballs, or a spaghetti-meatball. That's spaghetti and meat mixed up into a big ball. It's less of a choice of food than a choice of shape. Don't forget to bring a doodie bag for Perry! (leaves)"
Linda,"Oh, Candace. All the times I called you delusional and mocked you to my friends behind your back, all those journals I've filled with an eye towards stand-up comedy...but you were telling the truth! (She hugs her.) I'm so sorry. You're the best daughter any mother could dream of having."
Linda,"Candace, I don't know what you kids are doing, but I'm taking an online knitting test in a few minutes, and I need it to be quiet around here. (sarcastic tone) You might not remember quiet. I'm not sure you two have ever met. Anyway I'm putting you on noise patrol. You're in charge."
Linda,"Hey hon, I was just reading this article about mothers and daughters, and really listening to your teen. And I realized I've hardly seen you all summer, so for the whole day today, it's you and me. Whatever you want to do, I'm all yours. Anything at all."
Linda,"Oh, I get it, a submarine sandwich submarine sand sculpture! You've got such special skills, sweetie! You've really outdone yourself! I'm so proud of you, and I ran into a sandcastle college recruiter who thinks he can get you a scholarship."
Linda,"Candace, I'm on my way to...You know, this feels awfully familiar: I tell you I'm going out, later you'll tell me Phineas and Ferb are up to something, but there's nothing there to see, so we all have pie. Just another ordinary day."
Linda,"Good for you. I would've been home sooner, but it took me an hour to drive around the road construction in the neighborhood. It sure would be helpful if they could just make the days a little longer. (chuckles) Who do I call about that?"
Linda,"Don't be silly, Candace. She's just a little girl. How much trouble could she be? (sees Phineas and Ferb under an out of control sprinkler) I see you've discovered the broken sprinkler. Yeah, I'd better get to the hardware store! It's beginning to look like Niagara Falls out here."
Linda,"Well, it'll have to wait. Traffic lights are out all over the city. Of course you know I'd like nothing better than to give up my special time with your father, to run home and not see what they may, or may not have done."
Linda (cont'd.),"It makes me want to run right out and buy some tools. (Candace slowly turns her head to see the billboard has changed; her jaw drops wide in shock.) Now, if you'll excuse me, I had better get back to the attic before your father blows up another pair of... (inflatable legs burst off-screen) Oops, too late. (walks away) I'm coming, dear! And I have the patch kit."
Linda,"I see your point, Candace. No crazy person would scream at a post like that. I'll be in the dairy section if you want to come yell at some cheese. (leaves, but comes back) Would you like that, honey? Would you like to yell at some cheese?"
Linda,I just wanna capture these memories because you guys are growing up so fast. (Her eyes well up with tears.) No! No time for waterworks. These pictures always make me cry. I've gotta finish up so I can spend the rest of the day with you kids.
Linda,"I have this weird desire to go outside. (Candace gets more nervous) Normally, around this time of day, you're pulling me to go out in the yard and I kind of have a hankering to do it! It's like a Pavlovian ""go outside"" response. Let's go!"
Linda,"(opens the door) Your father wants me to listen to one of his ""soundscapes"", so I figured I'd strap on the headphones and finally get those flowers planted in the backyard. Do you think you can entertain yourself up here alone?"
Linda,"Mostly worms and insect larvae. (Candace/Perry starts to barf then Linda puts her outside) Oh, Perry! Now I have to get the carpet cleaned again! Hey, maybe I lost my earrings when I was folding Candace's laundry. Why don't you help me look while you wait, Jeremy?"
Linda,"Well, I'll just leave that to the professionals at the magazine. (drives past an inflatable wading pool) Oh, look at that, an inflatable wading pool. Oh, it's just like the one I used to play in with Candace when she was little. Remember, hon?"
Linda,"Yup. Basically, if you're really in charge, you won't need to call at all. You see, if the boys are doing something bust-worthy, that means you're not doing your job and you would be in trouble too."
Linda,"If I had a nickel for every time Candace promised to show me something and nothing was there, I'd have $5.20, which isn't a lot, but it's weird that it's happened a hundred and four times, right?"
Linda,"Oh, my! Look at all the fun costumes! (passing out candy) Here you go. And here's one for you. And here's one for the little princess. And one for you. Oh, but wait! Don't go away! (singsongy) We have a little surprise for you! (leaves)"
Linda,"So, what's on the list? Another day filled with big plans? (reads the list) ""Herd all the nerfs into Beggar's Canyon, teach the sarlaac to brush his teeth, and giving a bantha a shower."" That's awfully ambitious!"
Linda,"Well, I'm glad your ankle's feeling better, dear. But you should really be lying down. And look, the kids cleared out the perfect spot for my snapdragons! I think that earns you for some pie."
Linda,"Dash, dot, dot, dot, dash, dash. It's a good thing that I worked on that submarine those three summers that Candace was at Morse code camp. ""Boys built old-timey..."" (sighs) I don't even wanna know."
Linda,"(dryly) And you're not crazy because...? (Candace turns toward the post where the poster was and screams.) I see your point, Candace. No crazy person would scream at a post like that. I'll be in the dairy section if you wanna come yell at some cheese, or anything."
Linda,"You're such a nice boy, Jeremy. I can see why Candace built a shrine of you in her room. (laughs) Oopsy! I probably shouldn’t have said that. Thanks for feeding Perry while I look for my earrings."
Linda,"I'm sorry, but this is really for your own good. We need you both to understand that what you've been doing is way too dangerous. I'd never be able to live with myself if you got hurt."
Linda,(getting up with her purse) Which means back to school errands for me and making the most of the day for you. (looking at her watch) Ooh! I better get a move on. Those errands aren't gonna run themselves. (chuckles) They never do! (unenthusiastically) They never do. (leaves)
Linda,"Now you know how every year we take a family photo on the first day of summer? Well, with all the excitement of the block party, I don't want you to forget to show up for the photo."
Future Linda,"Candace, my Phineas and Ferb are thirty years old now. Well, I suppose I could call them, but Phineas is in Switzerland for the award ceremony and Ferb's still in Camp David for --"
Linda,"Candace, it's a vacation. A vacation from busting. And tonight, we get to see something that only happens once a decade, the Tri-State Aurora. A natural light show in the sky."
Linda,"Sorry, Candace. You've lost four phones in four months, so I got you the cheapest replacement I could find. If you lose this one, it's life without a phone for Candace Flynn. (walks away)"
Past Linda,"(sees the coaster) OH MY STARS! Phineas and Ferb made THAT?!? It's horribly unsafe and dangerous! (on the phone) Hello, police?! Fire department?! Army?! Air force?! Marines?! **ANYONE?!** **SAVE MY SONS!!!**"
Linda,"Don't just promise this time. Raise your right hand. Do you, Candace Gertrude Flynn, solemnly swear not to obsess about your brothers, or you'll suffer the Pharaoh's Curse?"
Linda,"Uh, which we're gonna be late for if we don't get on the road! Thanks again for looking after the kids today. Candace is skating at the park, all numbers are on the fridge."
Linda,"Don't move. Hold still. (Linda takes a picture) Got it! Oh, Candace, I wouldn't have seen it, if you hadn't grabbed me forcibly, and pulled me out here. Thank you! So, you kids want some dessert?"
Linda,"What an active imagination you have, sweetie! Well, I think I'll leave these adorable little ragamuffins in your capable hands, Candace. I'm afraid I have to be elsewhere."
Linda,"Oh, another reject. Here you go, Perry. (turns around) Oh, there you are. What're you doing up there? (she sets the pie down and picks up what she thinks is Perry) Oh, it's a bag of bread. Haha! Oh, (rubs eyes) I've been up so long I'm starting to see things."
Linda,I still can't believe we got dinner reservations at Chez Afrique. The travel guide says it's the top romantic destination restaurant. Five star service. Panoramic views…
Lindana,"Unfortunately, due to lack of evidence, it appears that Love Händel has been disqualified. So, without further ado, the winner of the award for Best Fact-Based Song is—"
Linda,"Hmm. It's a letter from the board of selectmen. The city council is proposing a millage to cover the overage from last quarter, and they need Phineas and Ferb's input."
Linda,"Samantha, I know our book club meets tomorrow, but... The Lengthiest & Most Thorough Adventures of Lord Ramblington is really long, and I don't think I can finish it."
Linda,"(putting a burnt pie on the floor by Perry) Oh, here you go, Perry. (Perry unwillingly sinks his teeth into the pie) I burnt another one. (Shot of Linda as she takes her oven mitts off. She looks rather baggy-eyed.) I guess that's what I get for staying up all night. Unless I get my act together that means plenty more for you, Perry."
80's Linda,"Maybe instead of, you know, the whole world, uh, start... small, with the Tri-State Area. (Dramatic chord plays as Heinz begins to realize what Linda told him.) Hey, the movie's starting! You have to put the speaker thing on the car."
Linda,"Hi, honey! I miss you. And you're missing the festivities. The boys threw me the greatest party. And Candace wrote me this really amazing song. Can you hear me?"
Linda,"Yes. This year we've expanded our venue. We have twenty-nine varieties of meatloaf flavored ice cream, as well as various meatloaf-themed attractions and rides."
Linda,Whadaya know? It's Candace. Right on schedule. So what kind of unbelievable contraption have Phineas and Ferb built that requires me to come home immediately?
Linda,"Oooookay....Uh, thanks, hon. I—Oof! (She bumps into a jacket and a fedora drops onto the potted plant revealing itself to be none other than Planty the Potted Plant himself!) Oh, how cute! My new plant looks like a little secret agent! Huh. How about you guard this alcove, Mr. Secret Agent Plant. (giggles)"
Linda,"(with her jazz trio in a gig at Squat 'n Stitch) Testing. Welcome everyone, uh, we'll be playing some free-form jazz today. It might get a little crazy, so, hold on to those knitting needles. (Plays triangle) Hit it, girls! (Linda's trio starts playing jazz music.)"
Linda,"Hon, the rare and elusive, bent-bill nuthatch is in its nest building season. The birds will be done traveling North, and should be right here in town today!"
Linda,"Candace, honey, the snow storm has delayed your grandparents' plane. Your father and I have to wait here at the airport until they arrive. It may be hours..."
Linda,"(from upstairs) Candace, I'm trying to concentrate! (going back to her computer) Now let's see: ""What's the first ingredient in knitting a garment?"" Oh, I know that, it's love. (types it down, only to get the wrong answer) What do you mean, ""wool""?"
Linda,"Well listen sweetie, you said so yourself, they're just plotting, right? That gives you plenty of time to go to the mall before they start implementing-guh. (makes hand gestures)"
Linda-2,"(opens the door) Boys, I thought you were in your room. Get inside. And get your Dooferalls back on before someone sees you. If you need me, I'll be hiding in the basement."
Linda,"Candace, perhaps we should get you a different therapist, one that won't get dragged offstage in a public meltdown. That was a lot. Are you okay, honey?"
Linda,"Why don't you watch some TV while you wait? Oh, hey. I've got some great baby movies of Candace. (baby cooing) Ohh! There she is in the bathtub. (bubbles gurgle) Oops! Little bubbles."
Linda,"Here are your tickets for the London Eye. You might want to get in line now, 'cause it looks pretty crowded. (Carnival music) We'll pick you up around 4:15. Bye, kids."
Linda,"(from inside) Enough moping around, Candace. (cut to inside Candace's room where Candace is sitting on her bed, she approaches her.) Phineas and Ferb said they've devised a fun way to wash the house. Why don't you join them? Have some fun for a change!"
Linda,"I mean it, Candace! You're acting really strange! (Candace dials her phone behind her back.) If I'm gonna go outside, I'm going to go outside! (The house phone rings.) Ugh, there's the phone! Hold that thought! (picks up) Hello?"
Linda,"That's a great idea! (she hands a stack of papers to Ferb) Here's a budget and a list of companies that do light shows. Uh, can you just handle it for me? I've gotta run. (she runs off) Thanks so much!"
Linda,"I seem to recall you telling me that the boys were training monkeys to juggle bicycles, and when I come home, there was a stunning lack of monkeys."
Linda,"I have to say, I think Jeremy can't separate his feelings for you from his feelings for this sand castle. He must like you more than you thought..."
Linda,"Okay, I'm going out. (Pulls out a coupon) I've got a coupon for a free hair styling from this new salon. I'm gonna freshen up my look. Granola bars are in the kitchen! (walks away)"
Linda,"Ah, those corny history references made me fall for him in the first place. Vivian and I are off to our mahjong tournament. Have fun today, boys."
Linda,"Well, put out ten, because I was talking to Jeremy's mom earlier, and we thought it would be fun to get us all together for brunch this morning."
Linda,"Okay. (yawn) There's snacks in the sink and dishes in the fridge. I'm just gonna have some chamomile tea, which knocks me out. (goes upstairs with her teacup) So you guys have fun."
Linda,"No, Candace. I just want to tell you I'm off to my book club. I left a phone number on the fridge in case of emergency. And Candace, honey..."
Linda,"Hon, if you didn't want me to come out and spoil the surprise, you should have said so. But you are going clean up all this confetti, right?"
Linda,"Well, honey, looks like that frees you up to join me at the mall. Our trio is recording our first album today: Live at the Squat 'n' Stitch."
Linda,"(Oblivious) Oh, how cute. Well, I'm off for my spa day. You boys behave yourselves and don't bother your father. He's finally cleaning out the basement. (Leaves)"
Linda,"Let it all out, honey. I'm relieved the other shoe has finally dropped. And you're right. It is a little sour. (takes her into the house) We should repaint the house."
Linda,"(cntd) Then they throw a big diva tantrum, lose their label, and they fade to obscurity. Before you know it, their song ends up as elevator music."
Linda,"You know, Candace, (turns around) most days, this is just a little disturbing. But today, with the free coupon (camera pans up) and this whole awful thing with my hair..."
Linda,"Candace, I have no idea what you're up to, but you're more that welcome to join us for cookies when you're done cleaning up. (At the kids) Come on kids!"
Linda,"Du Bois made a huge mess in the yard; they've ripped up the lawn, there's a giant bucket, and a bunch of catuses. (raises voice in an angry way) I'm so mad! I gotta go."
Linda,"Oh, honey. I'm so proud of you. I'm just going to leave the boys here to browse while I make some exchanges. (walks away) Back in a bit, working girl."
Linda,"Don't play mind games with me, Candace. You're pretending to not do what I know you're actually doing won't not make me not come outside."
Linda,"It's a camera, that you send away to get the film part developed, and then you take the non-film camera-only part, and you throw it away."
Linda,"Actually, I just love that you kids trained poor, abandoned little squirrels and helped them get back to the wild. I am so proud of you!"
Linda,"Candace, I've gotta go. And just because I won't let you get pink hair, you don't have to wear some weird door. The trends these days..."
Linda,"(taking Candace to the side) Look Candace, most days I would humor you, but not today. I'm way too busy. Don't you have stuff of your own to do before school starts?"
Linda,"Now I know I have that club card in here somewhere. I always have it with me, but my purse is such a disaster area, you know how it is."
Linda,"Yeah, I can see that. But, you know what, honey, as humble and gracious as you are- and I love that about you- next time, destroy him."
Linda,"Hi, kids! Hey! How did Crikey get here? They must've brought him in while I was at lunch. Candace, why are you sitting on a chicken?"
Linda,"Candace, hey, hey! Don't let your thing with your brothers distract you! Not today! Your unlimited sandcastle potential is at stake!"
Linda,"Um, no, the optometrist just dilated my pupils. Everything's actually a big, blurry blob at the moment. But get me. ""I'll be back!"""
Linda,"All set! See ya there, Candace! Okay, ladies, here I come! (She skates away) Hehehe! There I go! Ha ha! Sorry! Can't stop. FOLLOW MEEEEEEEEEEEEEE...."
Linda,"Oh, Candace, it really is a lovely moon, but it's not like it was going to disappear. Couldn't it have waited till after the movie?"
Linda,"I was talking about your toy car!! How could you possibly think I meant my station wagon?! You are in SO much trouble, young man!!!"
Linda,Yes. Yes. I asked them to put something together to spice up our booth at the block party. But you can help me bring out the pies.
Linda,"(on the phone) Candace, I'll see it later. Right now, I have to swing by Jeremy's uncle's restaurant and pick up some sandwiches for your father."
Linda,"Candace, keep it down! (at herself) ""What do you call a clever knitter?"" (pause) I know! A knit wit! Heh! Is there anything better than knitting humor?"
Linda,"Well, no. But it's sort of like shepherd's pie, except there's no potatoes or vegetables in it. You know, in the shape of a loaf."
Linda,"Okay, I'm off to Charlene's to return her cake pan. You might want to stay inside. I'm worried the heat's making you see things."
Linda,"Of course you can, Dear. You can join us at the antiques symposium. This year's keynote address will debate Shellac vs. Lacquer."
Linda,"Honestly, I'm kind of done here. I'm just sitting in my car at the taco shop because I like the smell. (inhales, sighs) See ya next time, Luis! (drives away)"
Linda,"Oh, I hope the boys don't go overboard with my present. All I'd really like is that dress from that cute little sundress shop."
Linda,"Hi kids, did you build a little castle? That's adorable. Candace, should I do it now? (acting) Boys! You are SO busted! Feel the burn!"
Linda,I'm not leaving now. The girl is about to forgive the guy for the clichéd misunderstanding... (a Normbot tears through the screen) After she battles these robots.
Linda,"No! (to Lawrence) Alright, well, I'm all set. I've got my lucky guitar strings, I'm wearing my lucky underwear, and, of course, I've got..."
Linda,"Candace, My jazz trio has a gig at the Squat 'n Stitch today. Why don't you, Phineas and Ferb hang out at the mall together?"
Linda,"There, nice and clean. Ha! Now we're both a couple of good-looking dishes. Bah-da-da-duh-duh! Thank You! I'll be here all..."
Lindana,"I wouldn't be here without you, honey. You backed me up all the way. So it's only right that you should back me up onstage."
Linda,"Well, kids, you're right. It does look like Niagara Falls back here. (Puts a sprinkler part on the leak.) But this part will fix that. Voila! So, who wants pie! (Everyone raises their hands and shouts.)"
Linda,"Okay, Candace. You can eat the rest of that pencil. Unless you'd like to join us all for some chocolate triple layer cake."
Linda,"I hate the idea of someone cutting a hole in my nice wall. Well, I can't worry about it right now. I've got music to make!"
Linda,"Anyway, the party looks great. But you would not believe what a long day we've had. So I think we're gonna turn in early."
Linda,"(puts crown on) And because my meatloaf was voted best at the festival last year, I have the honor of being one of the judges this year."
Linda,"A giant mechanical terracotta warrior? (Walking away) Really, Candace? Wouldn't that be slightly more advanced that what we have today?"
Linda,"(To her bird watching group) Okay gang, everyone follow me outside. The bird should be right-- (Linda gets hit with the -inator) Hey, who's ready for dessert? Doesn't that sound good?"
Linda,"Well, you can't sit inside on a gorgeous day like today. So, Missy, grab that pink bike! We're gonna get out and about!"
Linda,"Well, I'll just be running a few errands. First, I'll get the groceries, then to the florist, and then to the car wash."
Linda,"Aww. It's nice to see Candace enjoying herself for a change. (turns to see the now empty stores) Now, where are those lemonade stands I keep hearing about?"
Linda,"(enters) Yeah, good luck with that. Candace, your father and I are off to the movies. While we're gone, you're in charge, okay?"
Linda,"Oh, look at that giant balloon dancey-guy thing. That's really something. That's gotta be 500 feet tall. I wonder who—"
Linda,"(via recording) Hello, you've reached Linda Flynn-Fletcher, and if this is Candace, I'm sure what ever the boys are doing, is nothing."
Linda,"I'd love to, honey, but I've got quite a lot of baking to do if I wanna make my quota for the Live and Let Pie event."
Linda,"I'm on my way to join Vivian Garcia-Shapiro, at the Mexican-Jewish Cultural Fair today. Would you like to come along?"
Linda,"It's beautiful! (For the rest of the scene, Candace stands completely shocked with her mouth open.) I gotta admit, I thought you were exaggerating a bit, but this is really worth getting excited about!"
Linda,Candace I'm having a great time with you today. See how relaxing it is when you're not obsessing about your brothers? (Pause)
80's Linda,"Maybe instead of, you know, the whole world, uh, start... small, with the Tri-State Area. (dramatic chord plays) Hey, the movie's starting!"
Linda,"Something is very wrong. Not a single call from Candace. (Checks her phone) Not even a text message. Oga, hose me down. I'm going home."
Linda,"Oh, there's everyone. Candace, I thought you were having your dessert party today? What are you doing at Isabella's?"
Linda,"So I wonder what new look Bobbi has envisioned for me this time. You know, he was in my favorite band - Love Händel."
Linda,"This is so exciting! (her camera beeps) Oh, I forgot to charge the battery. Oh no, I can't miss this photo op! Where is the gift shop?!"
Linda,"(cntd) Okay, Candace. It's your birthday, you can pick out anything you want. Ooh, what about the Mt. Rushmore bobble head?"
Linda,"So here's the yard. I want something nice out here. I think you know what to do. (everyone stops walking, Linda turns to landscapers) You are the landscapers after all."
Linda,That's better. (notices the billboard) Huh. I guess that is pretty scary. That guy should not be holding that wombat so close to his face.
Linda,"Candace, is everything all right? Well, if you don't even know what he's doing, how do you know if it's a problem?"
Linda,"I don't know how you're throwing your voice and I understand that you want attention, but I'm really, really busy."
Linda,"Oh, hey, kids. I'm going to be taking a walking tour of the Tri-State Area today. (her phone rings) Yes, Candace, you're in charge."
Linda,"(lifting her blindfold) Oh my goodness! I walked all the way home? (Candace's eyes open) I guess it's hard to judge distances blindfolded. (stands up) Well, snacks anyone? (walks away)"
Linda,"Oh, I love it when teenagers get together and do party pranks! Do you win the game if I actually do what you say?"
Linda,"Wow, Jamie Oliver. I can't believe we've got one of England's most famous chefs for our little Meatloaf Festival."
Linda,"It seems I spent all of last summer running around while you kids were having fun, and I missed seeing any of it."
Linda,"Oh, Candace, look, there's a sandcastle building contest over there. You used to love those. You should sign up!"
80's Linda,"You know, I could've gotten in the trunk, like, a block away instead of when you first picked me up at my house."
Linda,"Okay, boys, I'm off to the store for as much Mucus Be Gone as I can carry. Are you sure you're going to be okay?"
Future Linda,"A time machine. (Gasps) Does this mean that all those times you told me the boys were up to something, they really were?"
Linda,"Well, I've got a few seconds to kill before my bladder bursts like a water balloon, so let's get this over with. (walks in the direction of the backyard, but Candace stops her)"
80's Linda,"You know, I could've gotten in the trunk, like, a block away instead of when you first picked me up at my house."
Linda,"The boys said they'd have fun at home so go out and do something, instead of waiting around for Jeremy to call."
Linda,"Oh yeah! Well, that was long before you were born. It was fun, but I was happy to give it up to raise a family."
Linda,"That's nice, honey. Well, the pictures should be ready soon, and then I'll see the robots when I get home. Bye. (Phone beeps)"
Singers and Lindana,"(Ripples back to her in the dining room, upset.) And after that, they never sing again. And no one... remembers them. (stares off into space, but quickly turns back to the boys) Not that I would know anything about that."
Linda,"Now let's take these inside before the frozens turn int— (realizes the empty trunk) Oh, shoot! I must've left the other bag at the store."
Linda,"(walking in with a piece of paper) Candace, oh, good, you're up. You'll have plenty of time to tackle the list of chores that you've let pile up."
Linda,"Alright, alright, just as soon as I find the right sprinkler part! (hangs up) I curse the day these things were invented!"
Linda,It's a journey of self-discovery while crawling around in a hole. Your dad found it on a group coupon website.
Linda,It's wonderful! (to Candace) Isn't it great? The boys are starting to take an interest in building things. (goes back into the house) Who wants stuff?
Linda,"(She walks into the room) Okay Candace, I'm off to the beach. Vivian called and said the waves are crankin'. I'll have my cell with me."
Future Linda,"I can't right now, dear. I'm getting ready for my tour. It's my come back, come back, come back, come back..."
Linda,"If it's anything like Candace's parsnip allergy, whew! I don't blame him for not wanting to appear in public."
Linda,"Whalemingos, huh? Why don't you all come on in for a midnight snack. Wash your hands. Especially you, Buford."
Linda,"I dunno who I should be angrier at, the Mother Mugger or whoever built that giant zoetrope. That's dangerous."
Wizard (Linda),"All this time, the boys were only trying to show you the fun way to go. The joy is in the journey, you know. (winks)"
Linda,"(ignores her; has her back to them, so she can't see them) My, someone's thirsty. Oh, there's more juice down here. (Bends down, revealing Candace from behind) Let's see. I've got... (bends up) pineapple, mango and tomato."
Linda,"Phineas? Is that you? You sound just like Candace. I mean, you sound like you, but the things you're saying—"
Linda,"Oh, honey, Jeremy's smart enough to separate his feelings about your sandcastle from his feelings about you!"
Linda,"Yeah, I think they're upstairs. Can you do me a favor and take the laundry up? I'm late for an appointment."
Linda,And this fossil is the only representation of the Glichiolous species from the Jurassic era. How exciting.
Linda,"(walks up) I'm afraid your plans will have to wait until after Ferb's dental appointment. (walks Ferb with her) Come on, honey, time to go!"
Linda,"Well, my daughter was supposed to... (Candace stops on the rocking chair) Oh! Kids, this is Candace. (to her daughter) Good luck. I'm off to file some cookbooks."
Linda,"Oh, Jack, it sure was nice of you to show Candace and me around. This satellite stuff is very interesting."
Linda,"Well that's funny. I could've sworn she said backyard. Oh well. If anyone needs me, I'll be washing a ton. (laughs)"
Linda,"(walking through a crowd of cheering fans with foam fingers) Sorry. Excuse me. Yes, you are Number One. Excuse me. Sorry. Pardon me. Alright, alright, al... excuse me!"
Linda,"I know you wanna drag me into the backyard right now, Candace, but can it wait until I repot my new plant?"
Linda,"Oh, look. We're all here. Why don't we all get some lunch? (leaving) I think there's a pizza place right over there."
Linda,"Well, assuming none of that is teenage code for something I should be worried about as a parent, I'm off."
Linda,Don't you remember? The Doo Wop Hop is tonight. All the neighborhood moms have volunteered to be carhops.
Linda,"Candace, honey, could you hold the door for me? I have to return this novelty lawn mower your father got."
Linda,"Well, I'm off to my favorite author's book signing. Try not to freak out on your brothers while I'm gone."
Linda,"What you need is an award-winning meatloaf. This is Nigel and Adrian, they're this year's Meatloaf Kings!"
Linda,"I do solemnly swear... (The house rumbles.) Do you hear that? It sounds like someone is building something, like, in our yard."
Linda,"If you'll need me, I'll be in the house. But, and I mean this in the nicest way possible, don't need me. (leaves)"
Linda,"Forget the boys, Candace. We're on vacation. Let's head to the spa. That'll help you, I mean us, unwind."
Linda,"I'm a little busy here, Candace. If this is your daily call about your brothers, can I get a rain check?"
Linda,"You seem so different today, honey. But in a good way. Usually, you'd be trying to bust the boys by now."
Linda,"Gosh, it's been so long since I've played chess. I can't remember how the knight moves. Do you remember?"
Linda,I need a 25-pound tub of mayonnaise and 80 pounds of potatoes to make potato salad for the bridge club.
Linda,"I'm really busy, so I need you to man our pie booth at all times. Do not leave under any circumstances."
Linda,"I got a clue! As I was careening past her window, I saw Samantha checking movie schedules on her phone!"
Linda,"Okay, more specifically, it should be right in our backyard at exactly four today! Isn't it exciting!?"
Linda,"Okay, where was I? (she smells something and opens the oven to reveal smoke) Oh, no!!! (she takes out yet another burnt pie) Well, Perry, looks like you've got yourself another... Uh, where's Perry?"
Linda,"(overlapping) Aw, it's nice to see you giving up your obsession with the boys and getting into the spirit of things."
Linda,Not yet. Although they are trying to figure out how they can both use the push broom at the same time.
Linda,"You know what, why don't you just come along so I don't spend the whole day in the teen hygiene aisle?"
Linda,"Hey, boys. I'm just working on my junk sculpture for the Modern Installations by Moms charity auction."
Lindana,"Nice work, ""Max."" You've still got it. Though I can't say I remember you having it in the first place."
Linda,"(Her words sound funny because she has a dental instrument in her mouth) Oh, you have got to be kidding me! If you hadn't noticed, I'm kind of in the middle of something here!"
Linda,"Good morning, sunshine! What's your plan for today, besides, of course, padding up my cell phone bill?"
Linda,"(tries to climb the stairs) You know, Candace, this is the second time I've climbed up there! I'm already down half a dress size!"
Linda,"This is probably illegal. (looks down) Those roses really do look good. (gasps) Artificial? No. One bust at a time, Linda."
Linda,"You know the driver's manual by heart, and your dad and the boys have been helping you parallel park."
Linda,"You're right, Candace. There is a ""giant ball of water"". Though most people prefer to call it a lake. (walks away)"
Linda,"Magnificent! Thanks for making sure I didn't miss it, dear. A perfect end to our mother-daughter day."
Linda,"Wait. Nigel and Adrian are...? Are you sure? They're not tiny. And, come on, you're not even cowboys."
Linda,"You know, Candace, you're gonna have to clean all this up. Mom suit. I swear. (walks off) I'm not even gonna ask."
Linda,"Point taken. Okay honey, I'm off to help Dad at the antique store. Oh, hey, here's a package for you."
Linda,"I don't know why you're making me do this, Candace. I mean, when do I ever dress this fancy anyways?"
Linda,"(offscreen) Candace, you know Wednesday is my Famous Statues Life Drawing class. (she is dressed as the Statue of Liberty) This had better be important..."
Linda,"(standing up) Oh, these teenagers and their slang. (walking towards the open garage door and Candace notices something about her) I'd better go run my errands. They're not gonna run themselves. (turns around and grabs her purse, revealing she's wearing cargo shorts)"
Linda,"Oh, Candace, honey, I don't think... You poor thing. (pauses; sighs and looks to the heavens) Forgive me, boys. What are your brothers up to?"
Linda,"Well, the yard looks great. Come on in the kitchen. I've got a plate of cake that needs cleaning up."
Linda,"Your even tone and relaxed phone manner, while unsettling, are a real welcome change of pace, dear."
Linda,"Oh, I see what you mean, Candace. The natural beauty of the Unpainted Desert is like a work of art!"
Linda,"Okay, but let me go upstairs first to see myself in the full-length mirror. This is just too funny."
Linda,"That does seem to be a pattern, doesn't it? Come on! Enjoy the festival! Here, have a dreidel-raca!"
Linda,"Omigosh, I never realized that. Okay, bye. (takes out earbuds) Sorry, honey. Your dad called with an antique emergency."
Linda,"Wow, this restaurant is really out of the way. I bet you can see the entire savannah from up there."
Linda,"Aw, you know he's saying, ""You guys are the best!"" Now, come on everyone. Inside for some lemonade."
Linda,"Hey, sweetheart. Oh, look at your outfit! Hey, guess what? We won! (flatly) But the grand prize was a star."
Linda,"Candace, you know, we do have a nice backyard. (At this point, Candace opens her eyes) Although, I never noticed that cheese smell before. (walks away)"
Linda,"Oh, she's still getting ready. You know girls. Have a seat. While you wait, I'll make you a snack. (sits on the couch, sees Candace/Perry underneath)"
Linda,"So, Dad, like, don't forget Mom's birthday is, like, coming up and, like, what she really wants..."
Wizard (Linda),"On the nosy. Loosen up, sweetheart. Remember to have fun along the way. Summer won't last forever."
Linda,"(from the phone) Candace, that was the supermarket. I left my pocketbook there. I'm gonna run over and pick it up."
Linda,"Candace, honey, I love you, but you couldn't have chosen a worse moment to go completely bonkers!"
Linda,"I can tell. Well, if you're just gonna sit inside today, you should at least do a little reading."
Linda,"Oh, what a great day. Not one phone call from Candace with some crazy, unbelievable story about–"
Linda,I'm starting to get the hang of it. I think this motion refers to the swaying of the palm trees.
Linda,You don't need me to see anything today. Dad's recruited the kids to help him build a bookshelf.
Linda,"Well, at first, I thought Du Bois were the world's worst landscapers, but they're growing on me."
Linda,"Yeah, apparently, you just put some dirt in a pot. I don't know why I cleared my whole schedule."
Linda,You remember that whole stress relief thing I mentioned earlier? You might wanna look into that.
Linda,"(oblivious) Not right now, sweetie. I'm going to the gardening store. Something's been eating my hydrangeas."
Linda,"Just a sec, Candace. Let me grab these groceries. (As the giant building narrowly misses them as it rotates over them.) Aaand...there we go. Now what were you saying?"
Linda,I'm going to get my hair done. I'll be back at 2. Maybe you can figure it out before I get home. (She drives off)
Linda,"Hey, Candace. I was just heading out to Margie's baby shower and look what I found on the stoop."
Linda,"(on the phone) Where are you, Candace? You promised you'd help frost the cake after you got Phineas's present."
Linda,"Yeah, they really did believe they had permission. I suppose it was all a big misunderstanding."
Linda,"(Arranging the groceries into a shelf) No, not Doonkelberry Pie. Everybody's out of Doonkelberries! I can't find them anywhere lately."
Linda,"(opens the door to her room) And the whole Tri-State Area knows you're here, Candace! Again, could you please keep it down?! (closes door)"
Linda,"(sarcastically) Oh my. That sounds exciting. I'll come have a look, as soon as I'm done doing whatever this is."
Lindana,"(offscreen) The second nominee in the fact-based song category are the Hockey Hooligans with ""Hockey Z-9""."
Linda,"(Phineas starts creating the checklist offscreen) Well, a musical act (Flashes back to a time when Linda was known as a singer named Lindana.) goes to the top of the charts with a catchy tune and meaningless lyrics..."
Linda,"Candace, this isn't another rant about some imaginary thing your brothers are building, is it?"
Linda,"Candace, if you're feeding the geese again, I hope you're not wearing a tube top. (Hangs up, then looks at her husband, who is once again the source of the whirring noise) Do you mind?"
Linda,"Oh, Candace, you were right about Phineas and Ferb this whole time. We should've believed you."
Linda,"Oh, no. I'm late for my introduction to ice sculpture. (Writes a note and goes outside to Candace sleeping on the hammock) I suppose there's no need to wake her. (puts the note on her head, then leaves)"
Future Linda,"Candace, you're a grown woman. I really thought you had finally moved past all this nonsense."
Linda,Can you please go out on the lake with the boys to make sure they don't get into any trouble?
Linda,"You again? Ha! Looks like I took you on a little trip. (opens her window) Get back to your family, little fella."
Linda,"Oh, laundry. Sometimes, I feel like our first president, because I'm washing a ton. (laughs) Ah, yeah."
Linda,"Of course! Candace, Glenda was the first female train conductor in the entire Tri-State Area!"
Linda,"Oh, I guess I'll just call the -- (her keys land in her hand, followed by the man and woman behind her) Oh, for goodness sake! They were in my hand the whole time!"
Linda,"Well, I'm heading to the beach now with my famous sub sandwiches. I'll see ya there, winner!"
Linda,"Yeah, I'm fine. I don't remember how I got here, but I'm glad to see you guys. All you guys!"
Linda,"I'll tell you what, how about you shop for your own things and then meet me at the register?"
Linda,"Well everyday is eventful in the emergency room. Candace, you really should be more careful."
Linda,"Candace, honey, why are you dressed like that? I told you, you're going to get a heatstroke!"
Linda,Hey! That's my umbrella! It's the Danville Mother Mugger! How do you even know I'm a mother?
Linda,Hey! It's the tortoise I saw earlier. Isn't that the most outrageous thing you've ever seen?
Linda,"Never really noticed that, no. But, honey, don't you want me to look in the backyard to see—"
Linda,Uh-huh? Uh-huh. That would count as dangerous. But I can't go anywhere until I find my keys.
Linda,"It's so great when something nice happens to you, especially when you weren't expecting it. (exits)"
Linda,"You mean, obsessively trying to bust your brothers for their mystery crimes? Is that ""fun""?"
Lindana,"(also bends down) ...the fact-based song category is, Slamm Hammer, with their hit, ""Trees are Made of Wood""."
Linda,That squirrel man dropped his hat. I should return it. I wonder what's he's doing up there.
Chief Linda,If you're gonna try and sell me another fairy tale about Ohio Flynn and Rhode Island Flet--
Linda,"Candace, honey, why can't you just relax, and let your brothers enjoy their do-nothing day?"
Linda,"You know, you could get up and walk five feet and change the channel the old-fashioned way."
Linda,It's a protective collar. The vet says that Perry needs to wear it for the rest of the day.
Linda,"Why don't you come in for some snacks, kids? And if you see your dad, tell him to join us."
Linda,"Okay, Candace. Calm down. I'll come by and see you as soon as I'm done with the exchanges."
Linda,"Well, I've got a few errands to run. But I should be there by the time the contest starts."
Linda,"Think of it this way, Candace: the faster I shop, the sooner I come home to bust the boys."
Linda,"Cute. Okay, here's some quarters for the arcade. I'm gonna see what's keeping your sister."
Linda,"Suddenly I feel like dancing. (Stops the car at the Flynn-Fletcher house and heads to the backyard; The studio and the crowd conga their out of the backyard, much to Candace's surprise.) Well, I'm here. Now, where's this ""giant, animation studio""?"
Linda,"Well, look! They made a boat. It's actually waterproof and everything. That's pretty cool!"
Linda,"Oh, wow! It's our house! (the screen shows the empty backyard and the kids) And you can see the boys! And their little skateboards! (waves) Hi, boys!"
Linda,"(takes off her cucumber slices) Candace, do you even hear the words that come out of your mouth? (puts back on the cucumber slices) You need to relax, honey."
Linda,Dink Winkerson? Disturbingly UV-sensitive host of Danville Today? But why steal umbrellas?
Linda,"Candace, I thought you wanted to be the first of your friends to have a driver's license."
Linda,"Boys, I'm off to Bobbi's. If you need anything, your father's inside watching television."
Linda,"Oh, and Ferb, you left your pen on the kitchen table. Have fun today, I'll be back later."
Linda,"(offscreen) In the kitchen!! (Candace walks off. Cut to the kitchen to reveal groceries all over the floor.) When I said, ""throw these in the kitchen,"" I didn't mean it literally!!!"
Linda,"What are all these people doing on our street? Hey! Candace. Honey, what's going on here?"
Linda,"Oh, hi kids. I wanna thank you for being so quiet all afternoon... (at Candace, who opens her eyes; angrily) Unlike someone I know!"
Linda,"Well, how about ski camp on Hoth? Don't you boys ever want to see the rest of the galaxy?"
Linda,"But now I'm clean, so no harm done. And I can see that you're dying to tell me something."
Linda,"Hmm. All right. (Presses another remote, ejecting a CD) Wait. 'Kay, that's not it. Um, is it this one? No, this is another phone."
Linda,"You volunteered to read to the kids' book club today, while I help reorganize cookbooks."
Linda,"Wow, I've really got a knack for this modern art stuff. I need to go get more materials! (drops the blowtorch; runs off)"
Linda,"I'm sorry, Candace. I got stuck in a bit of traffic, but I'll be there as soon as I can."
Linda,"Hey boys, want some fat-free whole-grain granola bars? They're still warm from the oven."
Linda,But I've always suspected Samantha doesn't read the books even though she says she does.
Linda,"Candace, is this some kind of ridiculous internet prank?! It's like, a thousand o'clock!"
Linda,"Well, it turns out your father is the one responsible for this—Hold on, is it...buzzing?"
Linda,"(Looks out the window) Candace, you obviously have some issues with the driveway. I'm just gonna park in front. (Backs away to the front of the house. The ray fires, and the ride come back)"
Linda,"Candace, watch this. I was just looking at this plate, and I said, ""There, nice and..."""
Linda,"Okay, hmmm... (gasps) The book spine is barely cracked and the bookmark is only a few pages in."
Linda,"There. Take it away, guys. That junk sculpture should bring in big bids at the auction. (climbs down the flatbed)"
Linda,I wonder what will be waiting for me today. An invisible thing or a non-existent thing?
Linda,"(to Candace) I'll be waiting over at the park till your test is over. Break a leg, sweetheart! Mwah!"
Linda,"Candace, you need to lighten up a little. Take it easy. Do you know what I do to relax?"
Wizard (Linda),"Oops, that's the oven. Boys, can you hand out the gifts while I check on the casserole?"
Linda,(on phone) I need your help with these pies. I'm so tired I'm starting to see the weirdest things.
Linda,"Candace Flynn, what has gotten into you?! (Candace is grabbing onto Mrs. Johnson's head with her feet to keep herself from floating.) I want the truth, and nothing but the truth!"
Linda,I certainly did. (Candace giggles under) What are all my good guest towels doing out here? And they're filthy!
Linda,"Candace, I thought I told you to take that garbage out. You are so busted, young lady."
Linda,"Um, honey, I gotta go. No- B-Big chef. Big meat tenderizer in front of mommy. Bye bye."
Linda,"Yeah, well; gotta run. Margie won't stay pregnant forever. Don't forget to feed Perry."
Linda,"Lawrence, can you look at these tile samples with me? I want to re-do the living room."
Linda,How could I miss it? But I don't understand. How the...? Or who the...? B-- What the?
Linda,"Okay, kids. Pie's almost ready. Anybody want some fresh orange juice in the meantime?"
Linda,"Phineas, Ferb. I'm gonna go pick up a few things. You boys stay out of trouble, okay?"
Linda,"Phineas, Ferb! I'm gonna go pick up a few things. You boys stay out of trouble, okay?"
Linda,"You surprised me, Lawrence. I thought you were gonna sit in front of this TV all day."
Linda,"Alright, Candace. So what was it you wanted to show me? (Invention lands.) Holy guacamole! What is that?"
Linda,"Cheer up, guys. I'm sure you'll have a fun day anyway. (She and Lawrence leave the kitchen) Bye, kids, be good. Have fun!"
Linda,"She always calls before the best part of the song. (answers) Yes, dear. What can I do for you?"
Linda,"The boys are here, too? Hon, I'm boxed in. I've got a heck of a line in front of me."
Linda,"Candace, this is a dandruff commercial. Is there something you're trying to tell me?"
Linda (cont'd.),"(offscreen) You guys made the lawn look great! (Candace opens her eyes and turns her head, realizing the gorge disappeared.) Oh, it's all weeded and watered... Oh, well done!"
Linda,"(stops what she is doing) Baljeet picking on Buford? Candace, Buford outweighs Baljeet by like, 90 hamburgers!"
Linda,"Honey, normally, I'd prefer you put this energy into something more... productive..."
Linda,"Sweetie, I went through a similar phase when I was your age. Try writing some poems."
Linda,"You were driving a full-sized car?! Oh, that's it, young lady! You're **grounded!**"
Linda,"(places hand on forehead) Candace, I- look- call me back in a few minutes. I'm a little ticked off right now."
Linda,"Oh my gosh. That is the cutest thing I've ever seen. Everyone say ""Canadian bacon!"""
Linda,"Well, I guess that answered the inflatable legs question. (at Candace) Now, what is it, Candace?"
Linda,"You're a laugh riot, Candace. (starts to leave) Think you can handle watching Phineas and Ferb today?"
Linda,"Well, I'm at least glad to see you kids are going to finish up my leftover biryani."
Linda,(sighs) You wait so long to hear your baby say the word and then they never stop saying it.
Linda,"You're right! It's beautiful! (hugs her) Happy birthday, honey. (Kisses Candace's cheek) Now let's go find your father. (She walks away)"
Linda,"Oh, he doesn't sound well enough to travel, hon. Maybe we should leave him at home."
Linda,"Great job fixing the ship, honey. (Cut to reveal the sloop is still on the rock.) But how are we going to get it back in the water?"
Linda,"You can do this, Candace! Just look into the turn and ease your foot off the brake."
Linda,"Everything okay, Candace? Y'know, you really shouldn't have drinks in the library."
Linda,"Oh, for us? That is so nice. And Candace, so responsible. Not a single phone call."
Linda,We'll be barbecuing steaks for the whole neighborhood! Why don't you bring Jeremy?
Linda,"I'm sorry, Candace. Now I know all the crazy exploits you told me about were true."
Linda and Candace,(Linda getting up with her purse) Which means back to school errands for me and making the most of the day for you.
Linda,No one is going anywhere until we figure out what this is and where it came from!
Linda,"Candace, seriously, isn't Phineas a little young to be a roller coaster engineer?"
Linda,"(Voicemail recording) Hi, this is Mom. Leave your psychotic rant about the boys when you hear the beep. (Phone beeps)"
Linda,"I want you boys to pick out some nice back-to-school clothes. (Phineas, Ferb, Linda, and Perry enters the store, and presently walk back out) Wow, that was fast."
Linda,"Well, I expect you to be home by the time I get back to help put everything away!"
Linda,"Phineas, Ferb? I'll be over at Vivian's house for a few hours. You kids have fun."
Linda,"What is it Candace? (Candace asks something) No, I don't know what Ferb Latin is. (sighs) Give me fifteen minutes."
Linda,"(On phone) Candace, honey, I'm at the car-wash, and I'll be heading home very soon. Bye bye."
Linda,"The same old routine every day. Doesn't it ever get--"" mm, I don't know-- boring?"
Linda,"(Going down the stairs) Great! I'll meet you at the gift shop, Dear. I still have to buy that big stick."
Linda,"(turning, just as Phineas and Ferb's floats leave) Okay you want me to turn around? I'm turning around. Can we just eat lunch now?!"
Linda,That's quite a racket back there. Are you sure you don't want me to take a look?
Linda,"Candace, seriously, isn't Phineas a little young to be a rollercoaster engineer?"
Linda,"Oh, did you say you were doing a Perry movie? This I have to see. I'm on my way. (She drives off.)"
Linda,"Reverse psychology. Nice try, hon. Glad to see you changing it up. See ya later."
Linda,"Okay, there's been no change in the last ten minutes. I should call your father."
Linda,I just feel so bad we missed the video presentation while we were at the bakery.
Linda,"(Churning butter) Oh, these new gadgets are so complicated. Up and down, and up and down, and up–-"
Lindana,"I'm sorry, kids. The journal isn't good enough. You need actual, physical proof."
Linda,"Uh, Lawrence, what's going on here? I've seen you put on more shirts than that."
Linda,"Candace, honey, I think it's time to get you out of the sun for a little while. (she and Isabella lead Candace away.)"
Linda,"Excellent, we have an understanding. Now go to bed. You can try again tomorrow. (She leaves)"
Linda,I'm sure your mom let you go to a concert by yourself when you were a teenager.
Linda,You think you feel ridiculous? I'm carrying a jackalope into a lawnmower store.
Linda,"(She looks through the telescope, but the water blocks the action) Oh, Old Reliable Geyser. How exciting! (at Candace) I'm just gonna go back to the gift shop.(Candace looks through the telescope, the water has halted gushing. Candace cringes and stomps off, causing the telescope to bounce up to Perry, who enters Lincoln's head to Doofenshmirtz's lair)"
Linda,"(angrily) Candace, I've been waiting at the checkout line for a half hour, where are you?"
Linda,"Candace, is this a ploy to get me to go outside to see what the boys are up to?"
Linda,"Oh, great. I wish you could teleport to where my earrings are. I've lost them."
Linda,"Hi, boys! (at Candace, sternly) If you'll excuse me, Candace, I'm gonna get back for the second set. (leaves)"
Linda,"(looks at her list) Oh, I guess I did. (gives Candace some bags) Alright, throw these in the kitchen and I'll be right back."
Linda,I have time to do nice things when I'm not distracted by panicked phone calls.
Linda,Why do I feel that all of this has something to do with busting your brothers?
Linda,"Finally getting 'round to spring cleaning in the summer. First up, the fridge."
Linda,"Okay Candace honey. Oh, would you take the garbage out? It's over by the door."
Linda,Your father and I are looking forward to the Annual Couple's Surfing Contest.
Linda,"(taking Candace off to the side) Look, Candace. Most days, I would humor you, but not today. I'm way too busy—"
Linda,"I'm sure it's going to be all right, dear, but, who are ""Phineas"" and ""Ferb""?"
Linda,So you could look down on anybody's backyard and just see what they're doing?
Linda,"Oh Candace, revel in your brothers' imagination. Makes life so much more fun."
Linda,"OH! I'll just order a pizza! All right, Candace, let's see what you've got..."
Linda,"(As she and Candace get in the car) Candace, you have to promise me that you won't obsess about Phineas and Ferb."
Linda,"Alright, Candace. What was it that you wanted to show— (Notices invention.) Criminy! What is that?"
Linda,"Hulk, Iron Man, Thor. All of them. I forgot you had a thing for comic books."
Linda,All right. I'll try not to take that as an insult. What is the rest of this?
Linda,"It's tomorrow. Candace, why don't you go outside and hang out with the boys?"
Linda,"You know, I can't understand you when you mutter, Candace. Candace? Candace!"
Linda,"Come on, kids. Let's check out the gift shop while your father checks us in."
Linda,(As the whirring noise gets louder) I can hardly hear you. What-What's this about a ship? Are you at the harbor?
Linda,(In the car with Lawrence) Thanks Candace. It's been too long since your father and I had a date night.
Linda,Do you mind telling me what this is and why you built it in our front yard?!
Linda,"Please, honey, don't tell me this is about the boys. Is this about the boys?"
Linda,"Oh, for crying out loud. It's a hair clip. That looks nothing like a spider."
Linda,"(going inside) Honey, the heat's gotten to you. Come get something cool that the boys made."
Linda,Isn't it great?(Looks at a pamphlet) Four American presidents carved into the side of a mountain.
Linda,I don't know if I would be bragging about holding my breath for 13 seconds. (Chuckles)
Linda,"It's all the rage with the foodies. Oh, there's Phineas and Ferb. Hi, boys! (She waves and the gang waves back.)"
Linda,"I'll leave you boys to your Father's Day fun. Candace, are you ready to go?"
Linda,(She walks into the backyard) Boys are you here? I just wanted to say-- (Gasps) Phineas! Ferb! You are so busted!
Linda,"(recording album at the Squat 'n' Stitch inside Googolplex Mall; answers phone) Candace, honey, listen. I can't talk. We're recording. Is it life or death?"
Linda,So I hope the sandcastle-building queen is ready to defend her crown today!
Linda,"Well, your chores better be done before I get back from running my errands."
Linda,"Then, maybe ice cream sandwiches, ice cream cut in the shape of a sandwich."
Linda,"(sees nothing but a bonsai tree in the window) Funny Candace, I could swear your ""old lady"" looks just like a house plant. (walks away)"
Linda,(Arriving home) I can't believe we drove around the whole city and couldn't find one steak.
Linda,(facepalm) This is ridiculous. I don't want to end up with a yard full of (pause) dead plants!
Linda,"(reading the newspaper at the kitchen table) Oooh! Looks like the zoo's got a new tiger habitat. (Lawrence playfully roars at Linda and Candace rolls into the kitchen.) Good morning, Candace."
Linda,What is that on the road? Guacamole? That's something you don't see every—
Linda,"Okay, okay, honey. We're just finishing dinner. We'll be home in a minute."
Linda,"Okay, we need to get ten t-bones... No steaks? Oh, dear. Let's try uptown."
Linda,"Sorry, everyone! We looked all over town, and we couldn't find any steaks."
Linda,"It's also been said that if you wish on a comet, your wish will come true."
Linda,So I guess I won't be seeing you at the annual Danville Meatloaf Festival?
Linda,"(reading the newspaper at the kitchen table) Oooh! Looks like the zoo's got a new tiger habitat. (Lawrence playfully roars at Linda and Candace rolls into the kitchen.) Good morning, Candace."
Linda,"Oh, you're right, Candace. We do need toothpaste. Thanks for reminding me."
Linda,"Hey, boys, I'm home. Oh, I see you're still enjoying your do nothing day."
Linda,"Well, I've made up my mind. (hugs them) You two have the most wonderful imaginations."
Linda,"Candace, they're playing baseball. It's not exactly a punishable offense."
Linda,"Oh, I can't wait to get new contacts. I'm as blind as a bat without them."
Linda,(oblivious) You boys have such active imaginations. You must get it from your father.
Linda,"Right, what was I thinking? (Holds up a bottle of sunblock) Here! Don't forget to use plenty of sunblock."
Linda,"Oh, we got disconnected. Now who's going to grate on my nerves all night?"
Linda,Don't forget we're going bowling. We need you to keep an eye on the boys.
Linda,"I could've sworn there were more people here. What did you want, Candace?"
Linda,"Me too, sweetie. Well I'm going inside to make some snacks. Any requests?"
Linda,"(while looking through the telescope) Hmm. Well, it looks a little like a rhesus monkey wearing a powdered wig."
Linda,"Lawrence, you have to come home right now! This thing is freakin' me out!"
Linda,"Okay, Candace, what's going on out there? (Linda walks forward but Candace attempts to push her back.) What don't you want me to see?"
Linda,"(the deafeated Candace goes to the backyard) Candace, honey, come join us. The boys have put together a little video."
Linda,"Oh, that's great. I've been rushing home all summer long for a metaphor."
Linda,"Wow Candace, I can't believe it. A pyramid scheme right under our noses!"
Linda,"Candace, what are you doing out of bed? Wasn't Stacy taking care of you?"
Linda,"Hon, I can't hear you. Let's talk in a minute. (She hangs up) Who wants this a la mode?"
Lindana,"Oh, Lawrence, you and the kids are all the excitement I could ever want."
Linda,"Well, hello, Candace. Where've you been? I want you to see my telescope."
Linda,"I'd like to see the giant mascara brush again. What do you say, Candace?"
Linda,"Mom, don't forget to water the plants. We'll be back before you know it."
Linda,"Well okay then, wouldn't want Aunt Tiana taking her vows in safari wear!"
Linda,I don't know. Did the boys build a giant amusement park for leprechauns?
Linda,"My apologies if my daughter put you up to this. (at the boys and Candace) We'll be upstairs, kids."
Linda,"(through teeth) Look, Candace, this is just gonna have to wait until I can take a break."
Linda,(in the Kitchen/Dining Room) What a beautiful summer day. Do you boys have anything exciting planned?
Linda,"Looks like we did. All right, let's catch a cab and head home. Come on!"
Lindana,"I don't know, but he does seem kind of familiar in a nerdy sort of way."
Linda,I'm totally overwhelmed and now I have no fireworks for the big finale.
Linda,"A new living room carpet! Oh, that's much better than tile. How lovely!"
Linda,"Candace, do you remember two weeks ago, when we wrote up this contract?"
Linda,I don't have time for these games. Dry yourself off before you come in.
Linda,"(As she talks, the parade appears behind her.) I just hope it isn't too noisy with that silly parade going on outside."
Linda,"He doesn't like anyone to talk about it, though… (Candace's phone rings. It's Phineas.) …so don't bring it up."
Linda,"Yeah, you get right on that. And when you're done, we'll have beignets."
Linda,See Candace? Isn't this nice to just get away and enjoy a day together?
Linda,"So, Candace, are you ready to do some practice driving for your permit?"
Linda,"Perhaps I should get tired of asking this, but....what am I looking at?"
Linda,"Oh, Candace, (pulls her back into the house) I can't wait for you to have children of your own one day."
Linda,So you dragged me all the way down here for a...pharmacist convention?
Linda,"Officer, I wanted to report— Oh! That's the man who stole my umbrella!"
Linda,"Well, um, I'm a little busy, sweetie. I'm having my hair done at Babs."
Linda,"Oh, how beautiful! How long did it take you guys to collect them all?"
Linda,I'll be in the dairy section if you want to come yell at some cheese.
Linda,"Hi, boys! (to Candace) Well, if that's all, I'll just be getting back to the game. (Candace just stands there, speechless and deadpanned. Just after Linda closes the door, the car lands back onto the road.)"
Linda,"Oh, thank you for those insightful reviews of books you haven't read."
Linda,"(oblivious to her awake) Oh, honey, you're still sleep-busting. Go back and lie down, Candace."
Linda,Candace!!! I'm not going anywhere until you take care of this mess!!! (Candace re-enters and gathers up all the groceries.)
Linda,"Well, guess your father was right. You do have parallel parking down."
Linda,"Hello, Perry. (to Candace) Okay, that was a nice change of pace. (to the kids) Who wants pizza?"
Linda,"Honey, it'll have to wait. I've gotta pick up Ferb from the dentist."
Linda,Is this really what you go through every day? It's a little intense.
Linda,"Well; Margie's got morning sickness, so there was a little incident."
Linda,"Hmm. (to Candace) Uh, I'll be right with you after I pull my car into the garage."
Linda,"Alright, Candace, I'm headed out to the zoo to do my volunteer work."
Linda,This obsession with the boys has gone on too long. You need to stop. (walks away)
Linda,"(flatly) Alright, I don't see a giant, enormous Ferris wheel in the backyard."
Linda,"Oh, that's right! You were away at camp last summer when I won this! (takes out ""Meatloaf Queen"" crown)"
Linda/Lindana,"If I remember correctly: hair, makeup, wardrobe and a photo session."
Linda,"Hey, kids! We're heading to the park for Danville Day. I've got pie!"
Linda,My hair looks so...cute! I guess it just needed some time to settle. (walks away)
Linda,And why is your father having a full formal English tea with Buford?
Future Linda,Wait. Come back tour. Two more come back tours and I get a free pie.
Linda,"So, did you all have fun at the Bee Day Festival's Opening Ceremony?"
Linda,"Oh, that is so sweet! Come on in the kitchen. I'll help you with it."
Linda,"So, I'm guessing your brothers are doing something wildly dangerous?"
Linda,"Oh, look. How adorable! (To Candace) Candace, you want me to put a stop to this?"
Linda,"Hon, Doc. Goldberg and his old lady are trying to drop in our wave."
Linda,I can't believe my baby is 16 and taking her driver's license test!
Linda,"Two cutie-patooties! (opens the door to the empty backyard) All right, kids. Everybody in for some snacks."
Linda,"Whew! Finally made it, honey! Now, what is it you wanted me to see?"
Linda,I hope you're not planning on talking to that banana all afternoon.
Linda,"(at Phineas and Ferb) Hey guys, I know you ate earlier, but you wanna join us for brunch?"
Linda,(laughs) It's all so ridiculous. Who cares if Samantha read the book or not?
Linda,"Do you get the feeling this might be his first time down here, too?"
Linda,"Seven hours of racing jargon and mindless statistics, here we come!"
Linda,"Candace, what's going on? Who are these people? Could you please..."
Linda,"Now, Candace, why would you ever give me reason not to believe you?"
Linda,"Well, I wouldn't call it giant. Great job, boys! This deserves pie!"
Linda,"Thanks for a wonderful day, hon. You know, you really impressed me."
Linda,"Well, that I believe. (To Perry, who enters) Oh, hi, Perry. (To herself) I wonder how Candace is doing."
Linda,"Ferb, honey, aren't you a little old to be playing in the ball pit?"
Linda,"Oh, how sweet. (to Candace) Candace, did you have fun with your brothers today?"
Linda,Oh boys! Thank you! What a relief; I just hate playing without it.
Linda,"Huh. To my American ears, it almost sounded like, ""Where's Perry?"""
Linda,"(from the phone) That was a very nice imitation of yourself, Candace. Love ya, bye."
Linda,"You know, you just scored some big man points in my book for that."
Linda,"Eliza, honey, why don't you come along. Candace is up in her room."
Linda,"(from inside) All right Candace. (Cuts to the kitchen where she picks up her purse on the counter, where Candace is sitting and dialing her phone.) I'm off to the grocery store. You're in charge."
Linda,"Oh, when are they ever going to build something in that empty lot? (leaves)"
Linda,"Baby parties aren't for the babies, Candace. They're for the moms."
Linda,"Oh, no thanks. I've got an absolutely wonderful husband back home."
Linda,"(to Candace) So you and Stacy are going to a ""Rock-n-Roll"" memorabilia auction?"
Linda,"Just make sure you hit the whole list, Your Majesty. (leaves) See ya later."
Linda,"Yes, Candace. There are ""Phineas and Ferb robots"" in the backyard."
Linda,"(goes over to hug Candace) What a beautiful song, honey! I only wish Dad could have heard it."
Linda,"Oh, hey, my vision's clearing up. So, what did you want me to see?"
Linda,"Oh, that's my cue! I'll make you guys some snacks before I leave!"
Linda,"I think it's crepes, but you know, I can't understand his accent."
Linda,"Sweetie, aren't you gonna be late for your first lifeguard shift?"
Linda,"(sighs) At this point, I should just have Buford add this to my schedule."
Linda,Maybe you should take it easy today and run some errands with me.
Linda,"Candace, you still haven't explained why you're covered with pie."
Lindana,"Oh, I was lip-synching. Even back then! (Perry chatters) Oh, there you are, Perry!"
Linda,"(with disdain) That's really great, Candace. Now I gotta get back to the fridge."
Linda,"Oh, you. (to the kids) I think this calls for a celebration. Who wants Chinese?"
Linda,"Oh, there's that dancing guy thing again. Look at the size of it!"
Linda,"What the? (Looks over to see Perry and Dennis in pet mode) Oh, a bunny rabbit. Candace must have gotten a new pet."
Linda,"Last time I checked, the yard was noticeably moon-elevator free."
Linda,(dryly) Well...I guess it does have rocking back-and-forth and slowness?
Linda,"Wait, wait, wait. You were driving... without adult supervision?"
Linda,Hmm. That's funny. I haven't gotten the usual call from Candace. (Get her phone out and calls her)
Linda,"Honestly, Candace, it's not like lip-synching is my only talent."
Linda,Okay. That's it. (takes out her cell phone) I can't believe I'm doing what I'm about to do.
Linda,"(with disdain) Well, when the empty window feels like talking, you let me know. (walks away)"
Linda,"(gets out of the car) Don't poke the bear, Candace. You're in enough trouble as it is."
Linda,A specific timeframe. Keepin' it fresh. Nice! We're on our way.
Linda,I can't believe you made me leave my hair appointment for this!
Linda,"An '80's revival concert featuring Lindana? Well, I don't know."
Linda,Honey? We need to go. The antique show closes in just 12 hours.
Linda,"Well, I'm off to the festival to set up my tea cozy stand. Bye!"
Linda,"But every time I race home, I find out everything is just fine."
Linda,Is one more minute really gonna make that much of a difference?
Linda,"Hon, why do you have all these boxes of take out food thingies?"
Linda,"Where were you, sweetie? We're all waiting for your submission."
Linda,"Ooookay, Baljeet. You weren't kidding, (bends down to show that four Baljeets have collected behind her) you really were thirsty!"
Linda,"Luckily, (reveals bike helmet under turban) I picked today to wear my bike helmet into the shower."
Linda,We're just down the street. We should be home in a few minutes.
Linda,"That's cute, Candace. Okay, Babs needs to comb me up. Gotta go. (Candace growls)"
Linda,"Oh, this is so exciting! I've always wanted to be a hockey mom."
Linda,"Oh, there you are. So what exactly am I supposed to be seeing?"
Linda,"Just a second, Candace. Your father's doing his victory dance!"
Linda,It looks a little like a rhesus monkey wearing a powdered wig.
Linda,"(With disdain) Yes, yes it does. Welcome to my world. How about a cup of tea? (She walks offscreen, Lawrence and the moms follow her.)"
Linda,"Honey, I can't believe I'm saying this, but IT'S BUSTING TIME!"
Linda,I just wanna spend more time together as a family this summer.
Linda,"(in a hair salon) Bye, ladies. I have a sudden and inexplicable urge to go home."
Linda,"(opening the back door) Candace, I have your batteries. (looks at Candace, surprised) Candace? What are you wearing?"
Linda,"Someone's got a bathroom to clean. Everyone else, there's pie."
Candace and Linda,They're working on the big finale for the block party tonight!
Linda,"Yes, OK. I got it. (to the boys) I'm at my wit's end and I've got no finale."
Linda,"Honey, are you sure you're not exaggerating just a little bit?"
Linda,Hi sweetie. The restaurant was closed because of the blackout.
Linda,"Oh, look, you kids found Candace's old wading pool! How sweet!"
Linda,"Well, it sure looks like you had fun. (Perry chatters) Who wants to hear my CD?"
Linda,"Well, something's tingling, but I think it's this holly bush."
Linda,"Phineas? Ferb? Hey, boys. So, what's on the agenda for today?"
Linda,Don't...touch it! (Candace and Phineas look at their mother while their attempting to touch it. Ferb has his shoe off and attempts to press it with his foot.) Nobody touches it! I'm calling your father.
Linda,"Oh, those boys are too much! Mmm. Oh, I smell eggs and bacon."
Linda,"(After a beat) You know, you're right. It does kind of sound like the ocean."
Linda,"Ooh, absolutely! Come on, kids! And somebody wake up Baljeet."
Linda,"All right. Get in the car, snappy pants. (To the boys) What was that about?"
Linda,"No, dear. Sometimes it's not. Now get your butt into the car."
Linda,"Hmm. I guess some things look better in photos. (Phone rings) Oh, it's Dad. (walks away)"
Linda,"(on her cellphone) What is it, Candace? I'm right in the middle of a 3-No trump."
Linda,"This is just what I needed. A nice, relaxing family getaway."
Linda,I can't hear anything because of all this road construction.
Linda,"You know, hon, I was thinking we could all head to the mall."
Linda,"Well, I'm off to my cooking class. You kids keep cool today."
Linda,What a long day. It seemed like the sun would never go down.
Wizard (Linda),"They sound like fun! Oh, you must have had a wonderful time."
Linda,"Candace Flynn, don't tell me you're still afraid of spiders."
Linda,"This, is, the most, (does the puppy eye look) sweet and adorable thing I've ever seen. (walks away)"
Linda,"This is great Candace, really, but I have lots to do today."
Linda,"Oh, no! My lucky gold guitar pick! (Gets down on all fours to peer into the crack) It's wedged in the wall."
Linda,"Hello, Reg. Are you having a ""Grand""-Father's Day? (laughs) Hoo hoo!"
Linda,"Ew, get away, fly! Shoo! Oops! I'm late for my appointment."
Linda,"So, Jeremy, how is your mother? I haven't seen her in ages."
Linda,"But, it apparently has no qualms about letting me hear you."
Linda,I asked the boys to help out with the finale for the party.
Linda,That nap did me a world of good! I feel so much better now.
Linda,I'm so glad you're talking to someone about this. It's all—
Linda,I'm so glad you wanted to join the contest. This'll be fun!
Linda,"(enters) Hmm, I've really got to fix the latch on that gate. (Both turn around and see the empty backyard; Candace facepalms.) Ummm..."
Linda,"Candace, it's the climax of my movie! This better be quick!"
Linda,"That's fine, dear. After all, it's only golf in miniature."
Linda,Clearly we need a thirteenth amendment to the Bust Accord.
80's Linda,(sighs) Whatever. Let's just try to enjoy the rest of the evening.
Linda,(through the walkie-talkie) I understand. You can't do anything if your wicks are wet.
Linda,"Let me guess, a herd of wild moose are in our living room?"
Linda,"I've gotta tell you, I read your first book and I love it."
Linda,"Candace, you don't usually come to these vet appointments."
Linda,I was gonna make some popcorn. Who wants to watch a movie?
Linda,I'm sure it'll be riveting. What are you boys doing today?
Linda,"Candace, we've been walking forever! Where's the backyard?"
Linda,(On phone) I'm right around the corner; I'll be there in two minutes.
Linda,"(cont'd) ...but today, I'm excited to spend the whole day with you!"
Linda,How about if I go get some lunch and bring it back for us?
80's Linda,(sighs) Whatever. Let's just try to enjoy the rest of the evening.
Linda,"Yes, Candace? I just checked out, I'm on my way home, now! (She doesn't notice her purse left on the counter.)"
Linda,I thought the city council was getting a little redundant.
Linda,"Oh, it's too far in. (Stands) You gave me that for our anniversary."
Linda,"(enters the apartment) Uh, I think this is your... hat. I'll just be leaving now."
Linda,"(offscreen) Thanks, boys. (Candace jaw drops; at her, closing her mouth) Close your mouth, honey. You'll catch flies. (Candace scowls as Linda walks out.)"
Linda,"Honey, where are you? The sandcastle competition started."
Linda,"Candace, go to your room! We will talk about this, later."
Linda,"Candace, are you still trying to get the boys in trouble?"
Linda,"You're right, Candace. Call the authorities, it's a cube!"
Linda,"Um, I've got some stretch marks that would say otherwise."
Linda,What do you suppose Perry does when we leave him at home?
Linda,I just love blackouts. They're kind of exciting in a way.
Linda,"""Nothing says Totally Tools... like a snail in a fedora."""
Linda,Yeah. She probably doesn't know we're in the living room.
Linda,"(answering the phone) Hello? (Candace tries to speak, but her speech is gibberish due to a bumpy area in the slide) Someone with a thick cockney accent. (she turns off her phone) Wrong number."
Linda,"Oh, my gosh! Did you guys build this little Western town?"
Linda,"Sorry, just ran to the bathroom. What'd I miss this time?"
Linda,"Oh, honey, even you can't think the boys made a tortoise."
Linda,"(sighs) I think I'll go check on the kids. (unfastens seat belt and stands up, does a half moon pose and leaves; the seat lowers back down just as she arrives; sees Candace with her arms around Phineas and Ferb) Oh, look at you guys."
Linda,"Happy birthday, Candace! I made you a special breakfast! (Shows a pile of pancakes with whipped cream and a birthday candle on top)"
Linda,"Boys, can't you wait until we get the boat in the water?"
Linda,"Wait a second, did you guys do something with your hair?"
Linda,So they can feel rewarded for all the hard work they do.
Linda,"(Drusselsteinian accent) How wonderful, Candace the Daughter! (laughs evilly) Almond brittle pie?"
Linda,"Oh, yeah, uh, listen, that's kind of a secret, so don't—"
Linda,"(looks down at Steve) Uh-huh, don't you think that's a bit of an exaggeration?"
Future Linda,"Honey, what are you talking... Candace! You're so young!"
Linda,Cool?! This is the most dangerous thing I've ever seen!!
Linda,Well when is that ever going to come up in conversation? (Meap's spaceship takes off)
Linda,Weren't you supposed to get that changed back to normal?
Future Linda,I don't think I have jurisdiction on these guys anymore.
Linda,"(offscreen) I think it's gonna rain. (Cut to her, looking out the window) It's really overcast out there."
Linda,"Candace, I think we've had quite enough of your driving!"
Future Linda,(sighs) Hi boys. Aren't you a little young to be time-travelers?
Linda,"I'm trying, honey! (She starts pulling the various newspapers off.) These classifieds just go on and on."
Linda,Really Candace? Busting? That's so beginning of summer.
Linda,"Okay, then, dinner's in the oven. Just heat it up. Bye!"
Linda,"Alright, Candace. So what was it you wanted to show me?"
Linda,I still don't know how he scratched himself up so much.
Linda,A movie version of the play The Princess Sensibilities.
Linda,"Here, honey, here's a 20. Why don't you go see a movie?"
Linda,"(flatly) Well, lucky for Candace, I just passed. (enthusiastic) Anyone for pie?"
Linda,"(Wearing a hair dryer hood attached to a pipe on her head, an unknown whirring noise emanating from it) Candace, make it quick. I'm in the middle of something."
Linda,Or you could wipe down Perry's platypus plaza play set.
Linda,"Thanks, Vivian. See you Tuesday for totem pole carving."
Linda,"(Gasps) Look at that. Oh, I got to say, Africa is unbelievable."
Linda,"I'm not sure we're allowed to run on the deck, Candace."
Linda,"Oh, yes, right. Apparently Giraffe Girl has robbed me."
Linda,"(very Candace-esque) Ohhhh, he doesn't believe me!! He said I sound crazy!!"
Linda/Lindana,"The life of a rock star. Oh, it does have it's charms."
Linda,"Candace, you did such a great job driving us all home!"
Linda,"(on phone) Ooh, sorry, Candace. Going through a tunnel. Gotta go."
Linda,"Give it a chance, Candace. You might find it exciting."
Linda,"Oh, he headed out for that speaking engagement of his."
Linda,"(Candace faints in the flowerbed.) Oh, not on the flowers, sweetie, I just planted those."
Linda,Your dad says you're already good at parallel parking.
Linda,"Candace, I'm going to the store, do you need anything?"
Linda,"Come on, Candace, (walks back inside) you have a lot of cleaning up to do."
Linda,"(walking away) There ya go, Hon. They're not gonna return themselves."
Linda,"(pause) Okay, I give up. What am I supposed to be looking at?"
Linda,"Right, my expectations have been completely reversed."
Past Linda,"(pause) Okay, I give up. What am I supposed to be looking at?"
Linda,(Opens fridge door) Let's see. I've got some grape juice or orange juice.
The real Linda,"Candace, I don't have time right now. I have frozens."
Linda,"Oh, I love this song! Come on, Lawrence! Family time!"
Linda,"Hey, Candace, isn't that Stacy over there? Hi, Stacy."
Linda,"Oh, boys. I can't believe you two made it yourselves. (Candace's eye twitches twice in disbelief and she eats her birthday card)"
Linda,"I don't understand what has gotten into you, Candace."
Linda,"Well, just give me a chili dog and I'll be on my way."
Linda,Candace? Boys? (looks at the contraption) Hmm. (beat) I'll never understand public art.
Linda,"(pause) Okay, I give up. What am I supposed to be looking at?"
Linda,"Honey, relax. It's just a casual brunch. No big deal."
Linda,"A bird mansion? Well, that's certainly something new."
Linda,"Yes. (goes through gate) Yes, there is a ""Mom Attractor"" in the backyard."
Linda,"(Oblivious) As usual, the imagination in this room is astounding! (walks away)"
Linda,"Well, okay, but I'm really not very comfortable with—"
Linda,"Okay, then. Why don't we all go home for some snacks?"
Linda,"Honey, do you know about the thing in the front yard?"
Linda,Capri pants? Now I think you're just messing with us.
Linda,"Look, Candace. They're putting a new bone on display."
Linda,You cleaned the whole thing up before I could see it?
Linda,"Oh, well, he must've gotten out early. I'm on my way."
Linda,(in the car) I'm just backing the car in! I'll be right with you!
Linda,Candace. Have you been near the wild parsnips again?
Linda,"Candace, have you been near the wild parsnips again?"
Linda,"Oh, it's uh made of meat, it's got bread and onions."
Linda,I see you right now. Weren't you looking for Jeremy?
Linda,"(suspiciously) Suddenly I'm a little scared. But, technically, yes."
Linda,"Hey, kids. So what was all the big racket back here?"
Linda,"Uh, Candace this raises a fairly important question."
Linda,"Oh, isn't that great? They remodeled Little Duffers."
Linda,But I have to inject the cheese. Just let me finish.
Linda,"(yawns) Ugh, the pies aren't the only things that are burnt."
Linda,Do I even need to say there's nothing there anymore?
Linda,"Okay guys, I'm dying to see what you-- (gets shocked and drops tray of lemonade. The lemonade falls to the ground and breaks. A cat's yowl is heard.) What is that?"
Linda,What?! And it never occurred to you to let me know?!
Linda,"Nope, I'm in your room! You said you needed tissues."
Linda,"Well, what you're talking about is a one-hit wonder."
Linda,"Hon, I looked everywhere. I can't find the bandages."
Linda,"Oh, sorry I'm late. They're filming down the street."
Linda,I'll be right there. I just gotta get the groceries.
Linda,You girls are beginning to sound a lot like Candace.
Linda,(To Lawrence) I had no idea you were so good with special effects.
Linda,"Oh, hey, Candace. I feel like our first president..."
Linda,"Lawrence, stop showing off, or you're gonna blow it."
Linda,"(offscreen) Honey, the limo's here to take us to the award show!"
Linda,Why is Morty Williams running off with our children?
Linda,"Good thing we also bought those 4 spare tires, huh?"
Linda,"Well, to put it simply, I mean, (squeezes Candace's cheeks) ""You're in charge."""
Linda,"Hey boys, I heard you were doing Christmas in July."
Linda,Let's give Iggy a big hand for this marvelous tour.
Linda,"Oh, honey. That's just ridiculous. Perry likes you."
Linda,"(offscreen) Candace, my hands are full. Could you get the door?"
Linda,"Well, I'll be at my weight lifting class. Have fun!"
Linda,"And I'm telling you, you've used this story before."
Linda,(Parks the car) Remember to meet me back at the car in three hours. (Everyone leaves the car)
Linda,"(Just as Stacy walks away, two men carrying a box blocks her view of the project.) Oh, the azaleas! You can put those down over there! (She goes back to gardening as the men leave.)"
Linda,"Hi, kids. Well, at least the backyard isn't a mess."
Linda,"Oh, Lawrence, look. Candace is sleep-busting again!"
Linda,"Well, here's something special from Candace and me."
Linda,We're gonna save a ton of money on candy this year!
Linda,", (the car arrives) Oh, Charlene's here. I'm off to my cooking class."
Linda,"One, Candace. There is only one Baljeet, after all. (Winks at Baljeet)"
Linda,I think I have enough to tide over the bridge club.
Linda,"Hello? (Candace screams through the phone; Linda hangs up) So, are you and Bob thinking of having kids?"
Linda,Who knew people could get so worked up over aglets? (Horror theme; Reveals her fingers have ribbons tied on)
Linda,"All right. All right, Candace. This better be good. (presses a remote, the TV shows static)"
Linda,(offscreen) Could somebody please tell me if I am warm or cold?
Linda,Cake is a sometimes food. Cake is a sometimes food.
Linda,If I have a nickel for every time I've heard that.
Linda,"Candace, sticks. They're throwing sticks, sweetie. (leaves)"
Linda,"Candace, you're wearing out the heels of my shoes."
Linda,Now leave them alone so they can get the job done.
Linda,"Candace, tell me the truth. What is going on here?"
Linda,Fifth-grade graduation? What is she talking about?
Linda,"Hold on, honey. I think Phineas is going to speak."
Linda,"Well, not really, 'cause Dad's here. Right, honey?"
Linda,It's adorable! And it looks so big from down here!
Linda,"Candace, honey, I'm going out to a birthday party."
Linda,"What do you think, should we tear down this fence?"
Linda,"Mmm, I know. But it was sweet of Stacy to pet-sit."
Linda,"Okay, boys, break it up. What's going on out here?"
Linda,"Wow, now everything is a different kind of blurry."
Linda,"Sorry, sir. (At Phone) Candace, I'll talk to you later, okay? (Phone beeps)"
Linda,"Hi, Candace. Eww! What have you got all over you?"
Linda,"Oh, that's sweet. I think I'll watch for a while."
Linda,That's good. That's nice. Would you like a snack?
Linda,You know Vivian's aunt's sister's landlord's son?
Linda,"(looks up) OK, Candace, now what's so important? (Opens door) Hi, Jeremy."
Linda,(from inside the house; as the magpies eat the bread)') What? I thought you said it was a roller rink.
Linda,"Well, that would test my suspension of disbelief."
Linda,"Candace, this is your thumb in front of the lens."
Linda,"Oh Candace, bee-have. (giggles) What's so important anyway?"
Linda,"No, no. It's fine. I'll be inside if you need me. (walks away)"
Linda,"Candace, why on earth are you all covered in mud?"
Linda,"(With disdain) My work here is done. (Straightens Candace's gourd helmet and leaves) Nice gourd helmets, though."
Linda,"Yes, Candace, on purpose. I really need the help."
Linda,(As another unknown whirring noise is occurring in the background) Candace? I can't understand a word you're saying.
Linda,"Well, that certainly has a familiar ""ring"" to it!"
Linda,"All right, Candace. At least let me stop the car."
Linda,"Oh, yeah. You're in such a— (zoom in on Linda's shocked expression) The boys built that?!"
Linda Creature,"I don't see anything, Candace. Ooh, look! A pony!"
Linda,"Well, actually, right now I can see four of you."
Linda,"Well, you're right, Candace. It's very lifelike."
Linda,"Hon, will you relax? This is supposed to be fun."
Linda,Doesn't he work over there at the hot dog stand?
Linda,"Oh, Lawrence, sounds like you'd better tell her!"
Linda,I don't understand. The whole book club is here?
Linda,"Candace, you didn't go up there at all, did you?"
Linda,"(in her car) Thanks for having the boys over tonight, Vivian."
Linda,"Candace, you can't plan a real wedding in a day."
Linda,"My, Candace, what's got you in such a good mood?"
Linda,"Oh, hey, kids, you dressed up, too? Get in here!"
Wizard (Linda),"I'm back. Now, what were you're saying, Candace?"
Linda,"Well, I'm about to be proven wrong. (at Candace) Hi, Candace."
Linda,Lemme guess. They're your new favorite boy band?
Linda,"Oh, hey, Candace. Nice creepy smile. Hey, Stacy."
"""Linda""","Oh! Candace, you scared the bejabbers out of me."
Linda,"(Moments later…) Ooh, boy, it's hot today! So what are you up to?"
Linda,"We'll have to do it on our next road trip, okay?"
"""Linda""",(to Phineas and Ferb) You two have done a great job repairing my ship.
Linda,Okay then. Then I'm going inside. Who wants pie?
Wizard (Linda),"Good bye, dear. Mustn't overcook my vegetables."
Linda,"Oh, hi, honey. I got some very nice shots here."
Linda,(from outside the house) Candace? Boys? Come help me with the groceries.
Linda,Great. I can finally take off this puce ribbon.
Linda,"Lawrence, we're heading towards that whirlpool."
Linda,"¡Oy-le! Candace, I'm so glad you could make it!"
Linda,"No, I think the word ""moose"" is already plural."
Linda,"Why, thank you, Jeremy. Safety first, you know. (leaves)"
Linda,"Y'know, I don't hear them. Maybe I'll go check."
Linda,"Mmhm. Well, you got your box. Now I have to go."
Linda,"So, did you ever find out why Jeremy likes you?"
Linda,"Well, looks like things are under control here."
Linda,"Take it easy honey, I'm just a few blocks away."
Linda,My wedding ring! It slipped off down the drain!
Linda,I'll be honest. I didn't think that would work.
Linda,I think there's a whole wall of them behind me.
Linda,"It's more than just another Thursday, Lawrence."
Linda,"Candace, how am I supposed to keep up? (enters the exhibit) Candace?"
Linda,You can use the time to soak up some vitamin D.
Past Linda,"Phineas, Ferb! You two are in SO much trouble!"
Linda,Seems like we've had this conversation before.
Linda,How dare you do all this without permission!?!
Linda,"What are you guys up to? Buford, are you okay?"
Linda,"Oh right, I forgot. (reads leaflet) Du Bois (Du-bwa) Landscape Artists."
Linda,I'll be berry interested to see what you find.
Linda,I'm glad you're finally getting in the spirit.
Linda,"Candace, what are we—Whoa! Candace, slow down!"
Linda,"(looks at the boys) Candace, they're just writing on a whiteboard."
Linda,"(overlapping) Wait...But...Candace, where did that thing go?"
Future Linda,"Oh, honey. I am so sorry I didn't believe you."
Linda,"Speaking of ""stuff"", what's up with your room?"
Linda,"Okay Candace, now just gently apply the brake."
Linda,"Uh, you could say that. (her phone beeps) Ooh, this must be her."
Linda,"Honey, where are you? (waves) Can you see me? Candace?"
Linda,"(doubtfully) Oookay. Candace, you made them build all this?"
Linda,"Yes, I was! I can't believe you recognized me."
Linda,Candace? Are you ready for our girl's day out?
Linda,Smear the punk. Annihilate him. Make him cry.
Linda,"Well good for you, honey. Cause I've got gin."
Linda,"So Candace, you sure seem relaxed. What's up? (behind her, the kids in their balloons can be seen through the window)"
Linda,"(skates by, dressed as a 50s waitress) Candace, you only have your learner's permit."
Linda,"Well, I certainly hope so. See you later hon."
Linda,"Candace, honey, you're all wet. Are you okay?"
Linda,"Come on, Candace. Help me with the groceries. (goes off)"
Linda,"Heh. Okay, hun. Bye everyone! Happy New Year!"
Linda,"What? (removes her wet bonnet and two starfish covering her eyes) Oh, that? (sees Buford and Baljeet in their ""shark"" costume) They get cheesier every year."
Past Linda,"Okay, we're here. Are you happy now, Candace?"
Linda,I'm just gonna add that to my tab. Cha-ching!
Linda,"(on her cell phone) I'm doing the shopping, do you need anything?"
Linda,Well start sliding. We've got errands to run.
Linda,"Candace, at least take your foot off the gas."
Linda,Great! Then I'm gonna see if the boys want a—
Linda,And... Phineas and Ferb? What are they doing?
Linda,"Okay, Candace. If you're so worried... (Calls out) Honey!"
Linda,"Dear, ""wipe out"" means falling off the board."
Linda,"Just remember, you're in charge, Miss Muffet."
Linda,"You got all that on the Internet, didn't you?"
Linda,(gasps and holds them up to her ears) These are so much nicer than the ones I lost!
Linda,"(pulls the car on the driveway and Candace jumps out.) Okay, we're here. Are you happy now, Candace?"
Linda,"Candace, you were supposed to do that anyway."
Linda,(on phone) Do you know what kind of fertilizer she uses?
Linda,I'll be home right after I finish my errands.
Linda,"(comes in, dressed as a nurse.) Well, how do I look, dear? (Lawrence makes gorilla sounds and bangs his hands on his chest.) Oh, no! a gorilla!"
Linda,"Oh, hi, Isabella. What brings you girls here?"
Linda,"Okay, we're here. Are you happy now, Candace?"
Linda,(skating up to her husband) A one of a kind car for a one of a kind girl!
Linda,"Come on, Candace, help me with the groceries."
Linda,"(While walking him to the Park Your Pooch department on a leash) And you get to go to the pet-sitter's, Perry."
Linda,"All done. Okay, what did you want to show me?"
Linda,Mmm hmm. He and Ferb are up on the monument.
Linda,"Hi, Baljeet. (To Candace) That wasn't very nice, Candace. (She walks inside, leaving Candace stunned.)"
Linda,Candace is right. Because it's not done yet.
Linda,"Candace, it's 1903. We do not use that word!"
Linda,"It never is, honey. (at the kids) Who wants blood pudding?"
Past Linda,"Come on Candace, help me with the groceries."
Linda,"Oh look, Phineas! This one's looking at you! (picks up Phineas and shows him a cat)"
Linda,"Well, I guess I could use some more popcorn."
Linda,Maybe some fresh air will help wake me—Huh?! (She looks at the backyard hodge podge as the song plays in the background)
Linda,(In the distance) PHINEAS! FERB! GET DOWN HERE THIS INSTANT!!!
Linda,I thought you already got a gift for Jeremy.
Linda,Can you hear how disappointed my face looks?
Linda,"All right Candace, what's going on in there?"
Linda,"Oh, look at you kids with your little stand."
Linda,"Well, if it isn't the welcoming committee. -"
Linda,(rummaging through her purse) Now where is that lip balm? What did I miss?
Linda,"Oh, yes. I see. (at Phineas, Ferb, and their friends) Greetings, human-sized ants."
Linda,I think I'll manage. Excuse me for a second.
Linda,"Relax, Candace. Nobody has to be in charge."
Linda,"Oh, they're making little models. How cute!"
Linda,"(cntd;) Years later, they have a reunion concert..."
Linda,Why don't you practice in front of Candace?
Linda,"Relax, Candace. Nobody has to be in charge."
Linda,"(waves) Hi, kids! (to Candace) All right, what's this all about?"
Linda,"Well, now I'm Linda and I wanna stir broth."
Linda,We'll meet back at the entrance in an hour.
Linda,"I hate to interrupt your day, honey, but..."
Linda,"Well, maybe he just likes hearing you talk."
Linda,You wanna join me for the rest of the tour?
Lindana,"Love Händel for ""The Ballad of Klimpaloon""! (applause)"
Linda,Candace? Where are you? (Notices Candace) What are you doing?
Linda,Wait a second. Why are you two soaking wet?
Linda,"(from the phone) Hang on, Candace. My other line is ringing!"
Linda,Now to the butcher for the finishing touch.
Linda,"(Flatly) That's good, Candace. Go watch a little TV. (Candace turns on the TV)"
Linda,"Well, it pays to be on time. (at the kids) Who wants pie?"
Linda,"All right, Candace... (turns around, the suit bounces out of Candace's arms) What am I looking at?"
Linda,"Oh, wow. You boys really outdid yourselves."
Linda,Oh! Not this again! Show me in the morning. (Walks off)
Linda,Lucky these things aren't still here today.
Linda,"Okay, I'm here. What did you wanna tell me?"
Linda,"(comes out, though she does not notice Meap's spaceship) Okay Candace, what did you want me to see?"
Linda,"Candace, where's the justice of the peace?"
Linda,"(offscreen) Here's your stuff from the attic, Candace."
Linda,"Oh, cute. Alright, Candace, let's go home."
Linda,"(Feeling Candace's hair) Well, your hair sure looks new. I like it."
Linda,(pause) I don't get it. (to Candace) What am I supposed to see?
Linda,"(walks up to Candace) So, what did you want to show me, Candace?"
Linda,"That's a very nice bag of manure, Candace."
Linda,"Candace, I can't see anything. ""They"" who?"
Linda,How are my two favorite competitors doing?
Linda,Candace I thought we had an understanding.
Linda,"Well, lucky for you, I made peach cobbler."
Linda,But what if he doesn't wanna come with me?
Linda,"Whoa! Whoa! (gets placed in the bike basket) Candace, I'm not even dressed!"
Linda,"Well, that's not a very nice thing to say."
Linda,It's so beautiful! How is it so beautiful?
Linda,"Okay. How about this cute, cuddly Lincoln?"
Linda,"(after a pause) Buford, you taught the squirrels to dance?"
Linda,"(taking Candace inside) Buford's got molds of all of us, Candace."
Linda,(sees the pioneer town and gasps; shouting) **Phineas!! Ferb!! Get out here this --**
Linda,"Hi, honey! Hi, boys! So how was your day?"
Wizard (Linda),"Oh, her. That's what she tells everybody."
Wizard (Linda),"Well, I'm a bit of a whiz in the kitchen."
Linda,Samantha's roses are coming in so nicely.
Future Linda,"Honey, I can't move as fast as I used to."
Linda,Why do you kids come inside for some pie?
Linda,(setting off the shoplifting alarm) But Candace! I haven't paid for this yet!
Linda,Aren't you a little old for kiddie rides?
Linda,Is that Candace I hear in the background?
Linda,"Wow, sounds like the kids are having fun!"
Linda,"It's a bold fashion statement, all right."
Linda,"Well, you guys do that just by being you."
Linda,Of course. I'm sure he'll blend right in. (Steve goes into Ferb's hand and disappears again.)
Linda,"(skates by) Riiiight. In the meantime, have a cookie!"
Linda,"So what did you want to show me, Candace?"
Linda,"(turns her head to see a carrot juice truck go by) ""Potato gremlins""? Candace, are you okay?"
Linda,"Well, this day couldn't get any weirder."
Linda,Now where's this giant animation studio?
Linda,Okay. I believe I won't believe my eyes.
Linda,"(walks up to them) Hi, boys. So, what did you two do today?"
Linda,"Oh hello, Baljeet. (Candace's eyes open) How's your mom doing? (sniffs at a bowl of gray gunk thoughtfully before dropping it into the dustbin.)"
Linda,(Getting into elevator) What are you talking about? What people?
Linda,You promised to give Perry a bath. Aaah!
Linda,"Just a sec, honey. I'm getting my stuff."
Linda,So you really don't know what day it is?
Linda and Candace,...os era owt uoY !ti si tahT :**adniL**
Linda,"Candace, what on Earth is going on here?"
Linda,"Okay, stay calm! (grabs and drags her daughter) Just move away from it!"
Linda,(to Lawrence) Go grab my journal. This is comedy gold.
Linda,"Hi, boys. What are you kids up to today?"
Linda,"Oh good. Now we're-- Candace, slow down!"
Linda,"Bye, Candace! I'm off to make my rounds."
Linda,"Oh, honey, you're pores aren't that big."
Linda,"Oh, my goodness! Would you look at that?"
Linda,"Honey, could I interrupt for just a sec?"
Linda,I'm home! How did you do on that lis—Oh! (gets grabbed by Candace)
Linda,There's nothing wrong with my frittata.
Linda,You could get married in the Galapagos!
Linda,You boys made this? I'm very impressed!
Linda,Yeah! It's not like I'm imagining this!
Linda,"Samantha Sweetwater! And hello, Adyson."
Linda,"(gets the last newspaper off) Ooh, coupon! (Sees the empty room; to Candace) Now, what am I looking at?"
Linda,"Hang on, let me put the groceries away."
Linda,That's right! Would you like to try it?
Linda,"Not enough to act upon right now, dear."
Linda,"Django, isn't that your Dad over there?"
Linda,"(offscreen) Hey, kids! (Cut to the sliding door where Linda comes out with a tray with a pitcher and some glasses filled with iced tea) Anyone up for some iced tea?"
Linda,(completely exasperated) Would you please just look in the back?
Linda,I can't wait. I'm Chez Ah-freaking out.
Linda,Hi Candace. That's a nice look for you.
Linda,"Well, at least she's excited about art."
Linda,"All right, Jamie, how about this booth?"
Linda,"Okay, honey, I'm here with your donuts."
Linda,"Well, I'm heading out. You want a ride?"
Linda,"Hey kids, how's the over-nighter going?"
Linda,"Like I said, just another ordinary day."
Linda,"Candace, what on earth is on your head?"
Linda,"Ooh, I've got to go and thank the boys."
Linda,"All right, historians. Let's head home."
Linda,What is it? What do you want me to see?
Linda,"Alright, Candace, what am I looking at?"
Linda,"Are you kidding, hon? Let's do another! (Candace groans as walks off back to home)"
Linda,"Don't worry, sweetie. You've got this!"
Linda,Or... (leaving) How about a healthy fruit salad?
Linda,Do you notice anything different here?
Linda,"(offscreen) Candace, ready to head to the library?"
Linda,(pause) How do you know how to use a CB radio?
Lindana,(also sticking her head into the hole) ...who are joined by contest winner...
Linda,(walks in vacuuming) Dah! I'm supposed to be in Badgertown! (she runs off leaving the still-on vacuum behind her. We hear an inexplicable cat scream in the background.)
Linda,"Ugh, I think it's finally clearing up."
Linda,"Candace, you've already used that one."
Linda,"Oh that's right, it's going to be you."
Linda,Lawrence? What are you doing out here?
Linda,"Lawrence, what on Earth are you doing?"
Linda,Why don't you come in for some snacks?
Linda,I'll be back in a few hours. Have fun!
Linda,"You know, dear, Candace hasn't called."
Linda,"(in her car) Smile, boys! (takes a picture) Aw, you two look so cute!"
Linda,(drops her pictures while she was screaming) Candace! You made me drop my pictures!
Linda,"Ah, the internet is a wonderful thing."
Linda,This is too cool! Whose idea was this?
Linda,"Oh, honey, shh. The movie is starting."
"""Linda""","(poking an uncooked chicken) Go. Go. You're free, little skin bird."
Linda,(from inside; oblivious) I loved it! (cut to her and Candace; The instrumental Rock version of the theme song as a stinger.) Now who wants some snacks?
Linda (cont'd),I don't know why you couldn't find it.
Linda,"Well, okay, as long as it's important."
Linda,"That's right. Remember, no boys over."
Linda,"Candace, what on Earth are you doing?"
Linda,"I worry about you sometimes, Candace."
Linda,"Well, ""Or what."" Candace. Trash cans!"
Linda,"Candace, I got the pizza you ordered."
Linda,"""Step 4: Insert spaghetti into meat""."
Linda Creature,"Coming, Candace. Hold on. Just a sec."
Linda,I think you had enough fun for today. (takes Candace by the arm)
Linda,I'm not...as young...as I used to be! (stops pedaling)
Linda,"Candace, you're right! It is amazing!"
Linda,"No, I'm just shutting the front door!"
Linda,"(comes out with Lawrence) Candace, what are you talking about?!"
Linda,"(offscreen) Thanks, Bobbi. (cut to reveal Linda coming out of Bobbi's Hair Salon) I'll see ya next week."
Linda,I'm surprised that's not on the tour.
Linda,"Really, Candace? This is getting old. (walks away)"
Linda,"(On the phone) Hello? Hello? Candace, are you there?"
Linda,Ooh! That's better. Very interesting.
Linda,But why was she sitting on a chicken?
Linda,"Candace, this test is time sensitive!"
Linda,(with disdain) Let me guess. Is it unbelieva- (Candace pushes her) WOOAH!
Linda,Did a satellite crash into the house?
Linda,There! Tell me that's not terrifying!
Linda,"Oh, sibling rivalry is so attractive."
Linda,(On the line with Candace) Uh huh. Uh huh. Uh huh. Uh huh. Okay.
Linda,"I worry about you sometimes, Candace."
Linda,"All right, everybody. (next to a cake with a Phineas ornament on top) Who wants cake? (all the kids run up to her, shouting chaotically)"
Linda,"Hon, go back to your nap now. Go on. (directs her away)"
Linda,"(knocks on the door then opens it) Candace, I've got something for you."
Linda,Your dad and I are going spelunking.
Linda,"Oh, Candace, you're not even trying."
Lindana,I guess just introduce the next act.
Linda,"(on phone) Candace, I'm just a few blocks away."
Linda,"Oh, all right. (turns around, Candace is gone) What? Where'd you go?"
Linda,"(smiles) Oh, hi, boys. What did you do today?"
Linda,"Candace, do you see what I'm seeing? (rubs eyes yet again)"
Linda,"Hon, you know we drive on the right."
Linda,"Ha, she's got your imagination, hon."
Linda,Do one-legged ducks swim in circles?
Linda,"Wow, he must really hate jazz hands."
Linda,"Well, if it's that important to you."
Linda,Great job! I'm so proud of you guys!
Linda,(In Baljeet's voice) Fear not. Your parents are here now.
Linda,(offscreen) Don't forget your two-sun sunscreen.
Linda,You've really developed some skills!
Linda,"So, what are you young ladies doing?"
Linda,"Oh, donuts! Want me to pick some up?"
Linda,"Hey, boys! I saw what you did today!"
Linda,"(To Phineas and Ferb) Boys, I think she's finally lost it."
Linda,"(enters, wearing the blue dressed as mentioned earlier; smiles) Oh, my goodness. (Candace gets a shocked expression on her face; reveals the teleports have been shrunken by the Shrinkinator.) Did you make these?"
Linda,"Honey, just calling to remind you..."
Linda,(walking away) Couldn't have said it better myself.
Linda,Is this what you came down here for?
Linda,"Oh, well, I have to take 4th anyway."
Linda,"(from the phone) And surprise, there's nothing there."
Linda,"And by ""sweat"", you mean hard work."
Linda,"(at Chef Guilbaud's) Honestly, you're as bad as Candace."
Linda,"So, what's the emergency this time?"
Linda,We really need to paint that fence!
Linda,Good thing she's wearing her skort.
Linda,You have seats on the city council?
Linda,Just let me drop off the groceries.
Linda,Candace? Stacy? What are you doing?
Linda,"Hi, Candace. What took you so long?"
Linda,"In the bathroom, putting away soap!"
Linda,"Candace, you missed half the party!"
Linda,(offscreen) I don't believe it! (rolls down window) What on Earth?!
Linda,"So, what would you do with my hair?"
Linda,Well you should still try to relax.
Linda,"Hon, we're getting you an eye exam. (pulls her away)"
Linda,Hmm. I guess I can buy a candy bar.
Linda,"So boys, do anything special today?"
Linda,"And what am I looking at, Candace?"
Linda,Pretty much every day around here.
Linda,She says they have a real caveman.
Linda,"Oh, you don't know the half of it."
Linda,It was all here just a second ago.
Linda,"""Capri Pants""? Is that a boy band?"
Linda,So you guys are hair stylists now?
Linda,Okay. Don't touch the flower beds.
Linda,(flatly) And I'm seeing... (her perspective of:) ...the backyard.
Linda,"(flatly) Oooh, I think I'm looking at it..."
Linda,You guys want a ride or something?
Linda,"(leaving) Oh, well, suit yourself, bubelita!"
Linda,"Hi, boys. What are you doing here?"
Linda,(terrified) Not 'til we're back on the ground!
Linda,"Alright, Candace, enough's enough!"
Linda,"Candace, watch where you're going!"
Linda,"I heard you the first time, honey."
Linda,"Well, yes. That would be my guess."
Linda,"If that happens, you're in charge."
Linda,Isabella's yard? That's a new one.
Linda,I'll go check on Lawrence and Bob.
Linda,"If that happens, you're in charge."
Linda,"Candace, this better be important."
Linda,That hat might be a bit too tight.
Linda,Okay honey. What's in the big bag?
Linda,"Candace, watch where you're going!"
Linda,"Well, yes, that would be my guess."
Linda,I'm ready for our little charade.
Linda,"No, Doctor, I never see anything."
Linda,"Okay, we'll join you in a minute!"
80's Linda,"Oh, turn it up! I love this song!"
Linda,"Look, honey. I brought ya a book."
Linda,"Candace, what are you doing here?"
Linda,"Well, okay, sweetie, if you want."
Linda,"(referring to Candace) You, my dear, are pretty awesome. (hands the rhubarb creme brulee to Candace.)"
80's Linda,"Oh, turn it up! I love this song!"
Linda,(walks out of the room) I'll get batteries while I'm out.
Linda,(normal voice) Who puts almond brittle in a pie?
Linda,"What do you mean, after, Candace?"
Linda,And do you recall article twelve?
Linda,So how was your day at the beach?
Lindana,(embracing her husband) But what did you do all this for?
Linda,"Hey, kids. Did you guys have fun?"
Linda,Candace? Candace? Where'd she go?
Linda,"Hi Candace, Where are you off to?"
Linda,"That wasn't so hard, now, was it?"
Linda,(on phone) What part of the park are you in?
Linda,So this is your new pet dinosaur?
Linda,"Hi, kids! Did you have fun today?"
Linda,"You go on and self-discover, hun."
Linda,"Candace, I don't find that funny."
Linda,"Well, now you're just being rude."
Linda,(flatly) What about busting your brothers?
Linda,Some days are better than others!
Linda,"Oh, biscuits! What do I do now?!"
Linda,"Whoa, wait. Where did it all go?"
Linda,"Candace, what's gotten into you?"
Linda,"That's pretty impressive, honey!"
Linda,"Uh, Candace? Is everything okay?"
Linda,"Come on, Candace. Let's go home."
Linda,"(putting down her piece of pie) Nnnnnno, maybe not. Back to bed."
Linda,"Hmm. That's not very nice, dear."
Linda,"Wow, Candace. Just like on Mars. (walks away waving)"
Linda,"Mm-hmm, and they're race themed."
Linda,And you're not crazy because...?
Linda,(imitating static) What's that? You're breaking up! (imitates static)
Linda,"Let me spell it out for you, Mom"
Linda,"Candace, honey, I'm coming home."
Future Linda,You don't have to say that word.
Past Linda,And you're not crazy because...?
Future Linda,I've always loved this old bone.
Linda,"(singsong) All right, Candace. I'm looking."
Linda,(at the boys and their friends) Do you guys already have snacks?
Linda,And what happened earlier today?
Linda,"Bye, kids. I'm off to the store."
Linda,"Well, that explains the humming."
Linda,I don't see any monster trucks.
Linda,Why can't Stacy do it with you?
Linda,(with disdain) I'm gonna go check on my roast. (leaves)
Linda,"Candace, why are you so filthy?"
Linda,"Uh, are you feeling okay, dear?"
80's Linda,Makes me want to be a pop star!
Linda,Thanks for not mentioning that.
Lindana,"(thinking Candace is in busting mode again) Oh, Candace, not here. Not now."
Linda,"(reading) ""Truck Drivin' Hits/1975-1975""."
Linda,(offscreen) As long as they clean up after!
Linda,"""Normal"" being a relative term."
Linda,"Candace! Are you okay, sweetie?"
80's Linda,Makes me want to be a pop star!
Linda,You boys ready for pie tonight?
Linda,"Mmm, I'm so happy to hear that."
Chief Linda,Fine. But I wanna see pictures!
Linda,"Oh, who turned out the lights?"
Linda,You have an antiquing nemesis?
Linda,(Walks back inside to the kitchen) Who wants ice cream with that?
Lindana,And why are you all in parkas?
Linda,"Follow me, we're almost there!"
Linda,"Wow, kids, that is impressive."
Linda,I just pulled up the driveway.
Linda,"Not now, Candace. Oh, my solo! (Plays triangle)"
Linda,"Oh, what the heck? (on phone) I'll do it!"
Linda,Ooh! Good idea! Who wants pie?
Linda,"You were magnificent, captain!"
Linda,I'll believe it when I see it.
Linda,"I know, I know. I'm on my way."
Linda,"She was being facetious, dear."
Linda,"Candace, will you pour the OJ?"
Linda,Yup. (walks Candace away with her) And just the two of them.
Linda,(not hearing this) I hope the kids had fun today.
Linda,"(she came back the cooking class) Thanks for the ride, Charlene. (Ferb the presses button and monster truck turns into car)"
Linda,I feel terrible saying this...
Future Linda,"Sure, Candace. They're busted."
Lindana,Tell him thanks but no thanks.
Linda,"Follow me, we're almost there!"
Linda,"Group text? (gasps; realizes) Oh, no! My phone!"
Linda,But... but but but but but...
Linda,"They're in the garage, honey."
Linda,Alright two less plates then.
Linda,Right there! Red barn! Bingo!
Past Linda,"(in the background) Time to go, I've got frozens!"
Linda,"Oh, look at your cute outfit!"
Linda,"(walks past, taking her cart) Time to go. I've got frozens."
Linda,Time to go. I've got frozens.
Linda,Let's hope the city survives.
Linda,That is it! You two are so...
Linda,"(With grocery bags) Candace, where are you going?"
Linda,"Not that key, not that key..."
Linda,"Oh, look, Candace, a rainbow!"
Linda,Ready to head to the library?
Linda,Looks like you're having fun.
Linda,"Candace? What's wrong, honey?"
Linda,I thought you probably would.
Linda,"So, kids. Keeping cool today?"
Linda,You want me to bust them now?
Linda,"Aw, it's just like old times."
Linda,"Hi, honey. Love the new look."
Linda,"Aw, it's just like old times."
Linda,No need to swear. I'm coming.
Linda,"Candace, are you still there?"
Linda,(reading a newspaper next to Lawrence) And so we begin another day.
Linda,"Candace, I'll be back later. (leaves)"
Linda,"Hi, kids. How are you doing?"
Linda,"Oh here, grab these will ya?"
Linda,Feathers. It needs feathers.
Linda,Her hydrangeas look so good.
Linda,"Yeah, here, let me show you."
Linda,(offscreen) Candace! Have you seen this?
Linda,Don't you get tired of this?
Linda,"Candace, what are you doing?"
Linda,"All right Candace, I'm here."
Linda,"Oh, they used to be so cute."
Linda,How nice. A babysitting job.
Linda,"Candace, what are you doing?"
Linda,Call if there's any trouble.
Linda,"Again, what am I looking at?"
Linda,Your camera gets pop-up ads?
Linda,"(in Candace mode) C'mon, c'mon, c'mon, c'mon!"
Linda,(to Candace) I will do whatever you say.
Linda and Candace,—sub :**ecadnaC dna adniL**
Linda,What about your fruit hat?!
Linda,"Candace, it's been so long."
Linda,(sarcastically) Oh no. How will you manage?
Linda,"So, where's this fun house?"
Linda,"So, what looks good to you?"
Linda,(Gasps) What a beautiful breakfast.
Linda,(flatly) And I'm supposed to see...?
Linda,"I tried to warn you, honey."
Lindana,Just relax. You'll do fine.
Linda,The heat is getting to you.
Linda,Are we gonna do this again?
Linda,"Oh, I turned on the stereo!"
Linda,What did they do this time?
Linda,Doesn't it run out of tape?
Linda,What else did you do today?
Linda,(crowd cheering) Did you do all this for me?
Linda,Yeah. I'm living the dream!
Linda,Hehehehehehehehehehehehe...
Linda,Good heavens! What is that?
Linda,"(Calling from downstairs) Candace, we're leaving now!"
Linda,She's such an active child.
Lindana,"Candace, you're in charge."
Linda,What are we playing again?
Linda,(going back inside) I'm gonna go get the cart.
Linda,"""Checketh it out?"" Really?"
Linda,"Oh, come on, It'll be fun. (drags Candace by the arm)"
Linda,I feel something...pointy.
Linda,Acrobats? I love acrobats.
Linda,I'm gonna go get the cart.
Linda,That's it! (exits) I'm lying down!
Future Linda,"...come back, come back..."
Linda,Why don't you call Jeremy?
Linda,"Fine. What is it, Candace?"
Linda,"(notices Phineas and Isabella) Oh, Candace, you're right."
Past Linda,I'm gonna go get the cart.
Linda,(flatly) It got up and danced away?
Linda,"Candace, hey, want a ride?"
Linda,"Candace, what is going on?"
Linda,"Thanks, hon. I'll be back."
Linda,(Walks onto the dock) What is going on out here?
Linda,(surprisingly) How is that even possible?
Linda,"Well, that seems unlikely."
Linda,Who wants to see pictures?
80's Linda,Eww. It's grody back here!
Linda,"Candace, trash cans again!"
Linda,"Hi! Oh, it's not Du Bois (Du-Bwa)?"
Lindana,"Wow, he really is magical!"
Linda,"Okay, now we can have fun."
80's Linda,Eww. It's grody back here!
Linda,"Candace, what is going on?"
Linda,"Candace, my hands are wet."
Linda,What's going on out here?
Linda,(cut to the boys) What are you up to today?
Linda,"Oh, that's right. My bad."
Linda,"All right, suit yourself. (sees a policeman writing a penalty ticket next to a car)"
Linda,"(offscreen) And you, too! Outta here!"
Linda,"Yeah, I saw them earlier."
Linda,"(Noticing Perry.) Oh, there you are, Perry. (Perry chatters.)"
Linda,I'm on my way. (Phone beeps) Teenagers!
Linda,"Okay, there's some right—"
Linda,"(cell phone ringing; loud music playing) Hey, this is pretty good!"
Linda,"Thanks for the lift, Viv."
Linda,And how do you know that?
Linda,"I didn't see it, Candace. (Walks Candace with her)"
Linda,You just lost them again.
Linda,"Candace, the living room!"
Linda,(To Lawrence) See? She thinks it's fun.
Linda,It's one of my favorites.
Linda,"Happy anniversary, Perry."
Linda,"Okay, Candace, what's up?"
Linda,"You say something, honey?"
Linda,"Alright, Candace. (She grabs her arm.) Inside. (She pulls Candace back inside.)"
Linda,We're so close! Let's go!
Linda,"A sun shower, how lovely!"
Linda,(looking at Candace with lowered eyelids and speaking in a sing-song voice) That's not even a wo-ord!
Linda,What does that even mean?
Linda,"Ooh, a satellite up-link."
Linda,"(offscreen) Yes, Candace, what is it?"
Linda,What does that even mean?
Linda,I haven't heard about it.
Linda,What does that even mean?
Linda,We're leaving in fifteen.
Linda,Talk to truckers? Do it!
Linda,"All right, I'm a-comin'."
Linda,"No, Candace. I see that! (she points at the tower)"
Linda,"Oh, so it was a toy car?"
Linda,But they're not dry yet.
Lindana,All we need is you guys.
Linda,"Stacy, you're here, too?"
Linda,"Chess? Candace, I don't—"
Linda,"Oh, yes. There they are. (zoom out to reveal a comic book stand full of Spider-Man, Hulk, Thor, Iron Man and Ducky Momo comics)"
Linda,"Hi, boys. Whatcha doin'?"
Linda,"Uh, you okay there, hon?"
Linda,They looked interesting.
Linda,Oh! Oh! You got someone.
Linda,Did you know about this?
Linda,"Oh, honey, it's not bad-"
Linda,More effort? You got it!
Linda,I'm back in the kitchen.
Wizard (Linda),Who told you to do that?
Linda,Oh you boys are so cute.
Linda,"Fine, I'll see you soon."
Linda,"Maybe after lunch, dear."
Linda,"(from inside) Give it a rest, Candace!"
Linda,"Oh, Jeremy, is that you?"
Linda,That's quite a fog bank.
Linda,"Okay, I'll be right out."
Linda,"Why, I'd love to, honey."
Linda,"Candace, I'm headed out."
Linda,Nothing? Nobody gets me.
Linda,"Oh, for crying out loud."
Linda,"Oh, this is so exciting."
Linda,"That's wonderful, honey!"
Linda,"(Music pauses; at Candace) Honey, close your mouth. (Iris out on Candace as the stinger finishes)"
Linda,Yeah. It's his birthday.
Linda,"(Driving, while talking to Candace with an earpiece) Hi, Candace. What is it?"
Linda,"What do you mean, again?"
Linda,"(directs her away) Go on, you're sleeping."
Linda,"(flatly) Yes of course, officer. (follows him)"
Linda,You kids okay out here?
Linda,"Hi, Perry, how are you?"
Linda,"Yeah, it's pretty cool."
Linda,"Oh, my ring! Thank you!"
Linda,"Alright, but play nice."
Linda,Candace? You work here?
Linda,Did you hear something?
Linda,"Okay, give me a second."
Linda,(exits) I gotta get outta here!
Linda,"See, it all worked out."
Linda,"Aglet you too, Phineas."
Linda,"Honey, you ready to go?"
Linda,You've...looked better.
Linda,"(rummaging through her bag) Well, isn't that cute."
Linda,All right! I'm coming! (stands up)
Linda,That is just adorable.
Linda,Candace? What's wrong?
Linda,"Hey, kids! What's new?"
Linda,Are you coming or not?
Lindana,"You can call me ""Mom""."
Linda,"I mean, my permission."
Linda,"That's charming, dear."
Linda,"What's wrong, Candace?"
Linda,"This is what, Candace?"
Linda,Why would you do that?
Linda,You know what's funny?
Linda,What do you need? Gum?
Linda,No leaves? No nothing?
Linda,"(With her eyes closed, turning head) Candace, it's okay, I—"
Linda,"Oh, Big Ben! Gorgeous!"
Linda,and **Candace**: Run!
Linda,"(leaving) Deal me back in, Viv."
Linda,"(still in a store; wearing a jacket) Ooh, this one's nice."
Linda,Anyone want some pie?
Linda,Yeah. I deserve that.
Linda,I know. (keeps waving) Hi! Whoo-hoo!
Linda,Oop. Ran out of time.
Linda,"Just a minute, honey."
Linda,"Just a second, honey."
Linda,I'm having a bad day.
Linda,I don't see anything.
Linda,"(n the kitchen, getting a pie out of the oven.) In a minute, Candace!"
Linda,"Ooh, that is amazing."
Linda,Isn't this wonderful?
Linda,"Well, all right. Bye."
Linda,How do you know that?
Linda,"(standing up) Oh, the boys'll know."
Linda,Oh that's sweet boys.
Linda,Nope. Got everything.
Linda,I wish we had steaks.
Linda,Double nickel on a...
Linda,"Oh, yes. Very clever."
Lindana,"Good night, Danville!"
Linda,See? How fun is that?
Linda,"Hey, I got the stuff."
Linda,Is that Love Händel?!
Linda,"Candace, what is it?"
Linda,"Okay, just a second! (Presses the right remote)"
Linda,Maybe just a little. (leaves)
Wizard (Linda),"Up to? Why, no. I..."
Linda,Here come the girls!
Linda,What was that noise?
Linda,(panting) Wait...up...Candace.
Linda,"Oh, honey, I see it!"
Linda,"Oh, here's your dad. (answers phone and gives it to Candace)"
Linda,What's with the box?
Linda,See? Isn't this fun?
Linda,"(overlapping, still running) Where is the piñata?"
Linda,(overjoyed) They washed my car!?
Linda,What imaginations...
Linda,(Gasps) But... who did this?
Linda,You mean... they...?
Linda,"(playing Bridge) What is it, Candace?"
Linda,Phineas?! Ahhhhhh!!!
Linda,You... are a madman.
Linda,"Oh, that's adorable."
Linda,"(at Zippy Pics) What is it, Candace?"
Linda,"What is it, Candace?"
Linda,"(sighs tiredly) Yes, yes, you will."
Linda,"(angrily) That looks- that's- (groans, walks away)"
Linda,"It's 4:00, but why—"
Linda,(has her head turned) Pie's on the table!
Linda,"Candace, will you--"
Linda,How about you kids?
Linda,"Hey, where's Perry?"
Linda,Don't mind if I do.
Linda,Ew! This is rancid!
Linda,(offscreen) Okay. See ya there.
Linda,"(flatly) Okay, here we go... (goes up ladder)"
Linda,You get used to it.
Wizard (Linda),Bust them for what?
Linda,There you boys are.
Linda,"(offscreen) Of course, Biffany."
Linda,Just like the '80s.
Linda,"Candace, slow down!"
Linda,I'll be right back.
Linda,"Ah, thank goodness."
Linda,"(looking at the safe) Well, what is that?"
"""Linda""","Yes, Candace. Bawk!"
Linda,"Candace, will you--"
Linda,"Uh, you're welcome!"
Linda,"Oh, I love stories!"
Linda,(amusedly) I don't believe it.
Linda,"(walks back inside, flatly) Goodbye, Candace... (Door slams)"
Linda,Candace! My towel!
Linda,That's the spirit.
Linda,"Move it, Fletcher!"
Linda,Is that my...car?!
Linda,Is this guacamole?
Linda,Isn't that enough? (Walks away)
Linda,"Wow, you are good."
Lindana,Whatcha got there?
Linda,(Sarcastically) Wow. Sounds great.
Lindana,"Yes. Yes, he does."
Linda,"(Turning her head) Nope, just ninety."
Linda,Sounds good to me.
Linda,"What's real, dear?"
Linda,Where? Let me see.
Linda,You boys have fun.
Linda,So... (walks away) imaginative.
Linda,"Okay, selfie time? (puts the mask back on)"
Linda,"What is it, honey?"
Linda,"Well, c'mon, then."
Linda,"Oh, give me that. (takes the box of records)"
Linda,"Okay, let me try."
Linda,What about Stacy?
Linda,Exactly. Love ya. (Hangs up.)
Linda,Okay. I'm hungry.
Linda,"Oh, I don't know."
Linda,"Yes, yes, we are."
Linda,This is so weird.
Linda,(flatly) That's a shocker.
Linda,You...made that?!
Linda,She's right here!
Linda,"Hey, what's that?"
Linda,Where's it going?
Linda and Candace,Yippee!!! Yay!!!!
Linda,Where's it going?
Linda,How about... Now?
Linda,And so it begins.
Linda,"(As Candace's mouth drops in horror) Oh, how adorable!"
Linda,"Candace, please--"
Linda,"""Busting basics""?"
Linda,"Okay, sweetheart."
Linda,"(offscreen) More pie, anyone?"
Linda,"Eh, not my thing."
Linda,You're in charge.
Linda,"Just a sec, hon."
Linda,Great! Have fun.
Linda,Is he invisible?
Linda,"Candace, my arm!"
Linda,"Candace, let go!"
Linda,"You okay, honey?"
Linda,Ookay. (to Phineas) Go ahead.
Linda,"Me too, sweetie!"
Linda,"(from the phone) Oh, my goodness!"
Linda,It's really not.
Linda,(echoes) Try to have fun!
Linda,But the laundry!
Lindana,Who is that guy?
Linda,"Yes. Yes, it is."
Linda,(with eyes closed) If only I had...
Linda,(walks away) That's the idea.
Linda,I didn't see it.
Linda,I didn't see it.
Linda,"Oh, hello, boys. (walks away)"
Linda,"Candace, let go!"
Linda,In the basement?
Linda,I gotta go! Bye! (Candace growls in frustration)
Linda,Sounds like fun!
Linda,I believe. RAWK!
Linda,Look who's here.
Linda,How interesting!
Linda,Maybe next time.
Linda,(with still hand on forehead) What did he say?
Linda,"Yes. (takes mustache off) Yes, I was."
"Linda, Lawrence",Ki-ki-ki-ki-ki!
Linda (cont'd.),(offscreen) **-- second!!**
Linda,What is it now?
Linda,Ki-ki-ki-ki-ki!
Linda,How's it going?
Linda,Whoa! Now what?
Linda,"(from inside) Kids, I'm home!"
Wizard (Linda),"Hello, Candace."
Linda,I'm astonished.
Linda,Sure. Amateurs.
Linda,"Now, Candace..."
Linda,"Yes, ""she"" was."
Linda,Let...me...see!
Linda,(on stage at the festival) Hello? Candace?
Linda,"(annoyed) Oh, alrighty... (glances at the screen deadpanned)"
Chief Linda,"(On phone, voice-only) Daily Tableaux?"
Linda,That's my girl.
Linda and Lawrence,Yes. Yes we do.
Linda,What is it now?
Linda,Suit yourself. (Leaves)
Linda,Who wants pie? (Holds pie out)
Linda,The olecranon.
Linda,"Oh, my things."
Linda,Done and done.
Lindana and Max Modem,Candace Flynn!
Linda,"(with disdain, overlapping) Oh, teenagers."
Linda,What was that?
80's Linda,"Well, why not?"
Linda,"(in a stern tone) Mush, Candace."
Linda,Use a muffler. (leaves)
80's Linda,"Well, why not?"
Linda,Cheeky Monkey?
Linda,"Candace, stop!"
Linda,"Thanks, David. (runs out)"
Linda,"(Walks off) Yes, yes I do."
Linda,"(turns around) Oh! Hi, Stacy."
Linda,"Okay, Candace."
Linda,"Yes, Candace?"
Linda,Where is who?
Linda,I don't know.
Linda Creature,Almost there.
Future Linda,Don't say it.
"""Linda""","Yes, Candace."
Future Linda,"Ah, memories."
Linda,(as Perry walks over) Sounds great.
Linda,"Yes, Candace."
Linda,"Yes, Candace?"
80's Linda,Take me home.
Linda,Whoo-hoo-hoo!
Linda,"(Linda pokes her head through the gate opening and smiles.) Oh, hi, boys. (Candace opens her eyes and her mood changes to shock)"
Linda,Whoo-hoo-hoo!
Linda,(Gasps) How romantic.
Linda,Way too easy.
Linda,"Hey, Candace."
Linda,"(looks down, Candace disappears again) Young lady..."
Linda,"Night, mopey."
Linda,Keep it down!
Linda,Okay Candace. (adjusts the glasses)
"Doof zombie, Doof zombie (Linda) and Doof zombie (Lawrence)",Lots of me...
Linda,"Hi, Isabella."
Linda,"Morning, hon."
Past Linda,"Oh hi, boys. (At this point, Candace opens her eyes and her mood changes to shock; Phineas and Ferb are suddenly here.)"
Linda,"Hi, Candace."
Linda,"I know, huh?"
Linda,"Hi, Candace."
Linda,"Oh, hi boys."
Linda,The ferrule.
Linda,"Oh, nothing."
Linda,That tracks.
Linda,"Oh, hi boys!"
Linda,What's that?
Linda,Hairy Larry?
Linda,If you want.
Linda,"Oh, brother."
Linda,"Oh hi, boys. (At this point, Candace opens her eyes and her mood changes to shock.)"
Linda,(does not look up) Sounds good.
Linda,"Oh, Candace."
Linda,"Ugh, okay... (takes off her headphones and turns around)"
Singers and Lindana,Fun fun fun!
Linda,"Look, honey!"
Linda,"Oh hi, boys."
Linda,I got some--
Linda,What is it?!
Linda,Well...okay.
Lindana,Oh oh oh...
Linda,(screaming) Candaaaace!
Linda,I...see it.
Linda,You ate it?
Linda,"Hi, ladies."
Linda,What? What?
Linda,The dishes?
Linda,Be careful!
Linda,Uh... okay.
Linda,(flatly) ...Rrright.
Linda,"Hi, Jeremy."
Linda,"Wait, what?"
Linda,What is it?
Linda,Où est la.
Linda,Like what?
Linda,Um...okay.
Linda,"(off screen) Hey, boys."
Linda-2,(from basement) It's true!
Linda,"Hey, boys."
Linda,I don't...
Linda,It...what?
Linda,"Hey, boys."
Linda,Candace...
Linda,"Oh, right! (buckles up)"
Linda,Your what?
Linda,"Hey, kids!"
Linda,Buckle up.
Linda,Yes or No?
Linda,Keep what?
Linda,(flatly) What maze?
Linda,I'm ready! (giggles)
Linda,Like what?
Linda,"(flatly) Oh, boy..."
Linda,"(concerned) Sure, hon."
Linda,All right.
Linda,"Bye, Saul!"
Linda,"Oh, honey…"
Linda,Okay then. (walks away; Vanessa emerges from under the balls)
Future Linda,I mean it!
Linda,"Well, yes."
Linda,(Slightly irritated) Excuse me?
Linda,Candace...
Linda,"Hi, honey."
Linda,Cowabunga!
Linda,Ah-huh...?
Linda,(While Candace smiles) All right. (Candace drags her)
Linda,"Bye, kids."
Linda,"Oh, yeah."
Linda,(overlapping in the middle of Candace's sputtering) Let's go. (pulls her away)
Linda,WHOAAAAA!
Linda,"Hi, kids!"
Past Linda,Let's go. (pulls her away)
Linda,What spa?
Linda,Platypus.
Linda,Lawrence?
Linda,"(turns around and sees the image of Phineas and Ferb under the tree outside) Hi, boys!"
Linda,Lawrence!
Linda,"Hi, guys."
Linda,"Um, okay. (She backs away. The Invis-inator's ray is heard)"
Linda,"Hi, kids."
Linda,Hey kids!
Linda,I see it!
Linda,"Oh, look!"
Linda,"Oh, good."
Linda,"Oh, that."
Linda,Let's go.
Linda,"Hi, boys."
Linda,(offscreen) I'm home!
Linda,Bye kids!
Linda,Let's go. (She pulls her away)
Linda,Have fun.
Linda,"Hi, boys."
Linda,"Hi, kids!"
Linda,His son.
Linda,Candace…
Linda,...cool!
Linda,(outside the door) Candace!
Linda,Candace!
Linda,Candace?
Linda,(groans) Candace!
Linda,Candace?
Linda,Ooh-kay.
Linda,Candace!
Linda,Candace?
Linda,But I...
Linda,Candace?
Linda,Candace?
Linda,Toodles!
Linda,Candace!
Linda,It what?
Linda,(on headphones) Candace?
Linda,Woo-hoo!
Linda,Candace!
Linda,Hi boys.
Linda,Candace!
Linda,(Her anger now replaced with shock) What?!!
Linda,(flatly) I know.
Linda,Awww...
Linda,Got it.
Linda,Are we?
Linda,Really?
"Candace, Lawrence, Linda, Ferb, and Phineas",Aloha!
Linda,Hello?
Linda,(Candace's video phone rings; on the phone) Hello?
Linda,Hello?
Linda,Hoops.
Linda,Hello?
Linda,(flatly) Mm-hm.
Linda,Hon...
Linda,Hello?
Linda,Great!
Linda,Jenny?
Linda,What?
Future Linda,What?
Lindana,What?
Linda,Okay!
Linda,Yeah!
Linda,Yeah.
"Linda, Lawrence, Phineas, Ferb, Isabella, Buford, Baljeet",Awww.
Linda,What?
Linda,"(looks up, Candace disappears) What?"
Linda,Okay.
Linda,(offscreen) Nine!
Linda,Okay.
Linda,(deafened by the music) What?
Linda,Whoa!
Linda,Uh...
Linda,Cool.
Linda,(exits) Okay.
Linda,Mom!
Linda,Why?
"""Linda""",Yes.
Linda,(angrily) Hey!
Linda,(opens her eyes; looks in the hand mirror) Huh?
Linda,Gah!
Linda and Lawrence,Ooh!
Linda,(smiles) Wow!
"Future Candace, Linda and Amanda",Bye!
Linda,Yes?
Linda,Huh?
Linda,(on phone) But—
Linda,Why?
Linda and Candace,bus—
Linda,Bye!
Linda,Wow!
Linda,Shh.
Linda,Huh?
Linda and the dentist,Out!
Linda,(turning around) Yes.
Linda,Oh.
Linda,Oh!
Linda,Oh!
Linda,(offscreen) No.
Linda,Oh!
Linda,(groans)
Linda,(yelps)
Linda,(yells)
Linda,(snores loudly)
Linda,(mutters)
Linda,"(offscreen, screams)"
Linda,
Linda,
