Name,Dialog
Major Monogram,"Ah, Agent P. We just discovered Doofenshmirtz has been stealing bottles from recycling bins, and nothing good can come from that. (Photo of Doofenshmirtz digging through trash cans appears on the monitor) Unless, of course, he's recycling, in which case nothing but good can come from that. Unless, he's recycling it into some hideous weapon, which is something once again no good could come from. Except, of course, for the recycling part, which I guess is still at its essence, good. Even if you're making something evil, it's still reducing the... You know, you know, perhaps we shouldn't even put these good and evil labels on things. Let's just say Doofenshmirtz is doing something neutral. So, just get out there and make sure it stays like that. (Agent P disappears)"
Major Monogram,"Ooh, ooh, oh, get it off! G-Get it off! Ooh! Sorry Agent P, I just walked through a spiderweb. Don't you just hate that? Ya spend the rest of the day worried there's a spider on ya. (shudders) Gives me the willies. Anywho, our sources tell us that there's a cowboy hat in front of Doof's building. Normally, that wouldn't be of any interest to us, because this is the week of the Danville Hootenanny, but it is a rather large hat and, in spite of its name, the Danville Hootenanny is a dignified affair. I wish I had more information, but Carl said there was a big bee by the surveillance equipment. So get out there, Agent P! Ooh! Carl, is-is there a spider on my head? (turns around revealing a huge tarantula on his back)"
Major Monogram,"Don't get cocky, Carl! Agent P, as you know, every operative is equipped with an auto-scan replication device, just like the one in your hat. We've been using the information you've gathered to replicate each and every one of Dr. Doofenshmirtz's inators. Our top men have been analyzing them to determine if they've been getting smarter or dumber. And, to be honest, the jury's still out. Now we find out that he's in the process of building an alternate dimension-related inator. Your assignment is to stop him, before he finishes building it. Behind you, rising dramatically from the floor, is Carl with some high-tech gadgets that you might find useful."
Major Monogram,"(Through Perry's wristwatch communicator) Monogram to Agent P. Already airborne, I see. I like that! Doofenshmirtz has recently purchased an inordinate number of chairs. Hundreds of them! Far more than necessary for a person with no friends, and only one tushie. Well actually I'm, I'm just sort of assuming about the tushie. But I'm pretty confident in the ""no friends"" thing. You'd think it would be the other way around, with the way he's always playing with forbidden science, you can never really be... Okay this is coming out kinda weird, huh? Look, you're going over there anyway, just, just take a look, okay? Monogram out."
Major Monogram,"Now this train runs along the border between the United States and Canada, so you only have jurisdiction on the American side of the train. To help you out on the Canadian side of the train You'll be teaming up with an Agent from C.O.W.C.A. the Canadian Organization Without a Cool Acronym, Agent Lyla. (A picture of the woman from Perry's previous mission is shown) You may remember her from that special assignment for our Seattle Bureau we sent you on a couple of months ago. I know that didn't go too well but I expect you to be professional, and put that all behind you. So get out there and good luck. (Perry leaves in his hover jet) Carl. Can I- Can I have those antlers back?"
Major Monogram,"Good morning, Agent P, and thank you for your help, Agent E. Sorry if we alarmed you, Agent P, we're remodeling our regular base here. Actually, my wife's doing it Mexican-country style. Distressed wood, wrought iron. It should all be very- (Agent E feeds worms to the Monogram Egg) Woah! Hey, woah! Hey, Agent E, back off! Anyway, Agent E spotted Dr. Doofenshmirtz on Spleen Island. He's moving boxes and equipment into what's known as the haunted cave of the old sea hag. Honestly, I'm not making this stuff up. But anyway, we believe he's creating a new hideout there, and we want you to foil his plans. Good luck, Agent P."
Major Monogram,"Morning Agent P, we have a situation, the royal Princess Baldegunde of Drusselstein is in town. She's here to give the ""Drusselsteinian Favorite Son"" Award to Mayor Roger Doofenshmirtz during the unveiling of the new Danville Opera House. We assume Dr. Doofenshmirtz will do something to disrupt the ceremony. He's been buying up all the claw machines in the Tri-State Area. We don't know exactly what his plan is, but do the math: Princess, Opera house, claw machine, stuffed animal. You put that together and you get a...Claw-Princess-Animal, uh, Stuffed-Claw-House--"
Major Monogram,"Hello Agent P, sorry about the trees they were leftovers from Christmas and we didn't have anywhere else to store 'em. Oh, and uh, also the air-conditioning system is on the fritz, so pardon all the frost. All over the Tri-State Area, keys are disappearing. Businesses can't open, the freeways have ground to a halt, citizens are locked out of their homes, and I, for one, would really like to get into the executive washroom. It's got a waterfall, you know you wave your hand and the water just sort of-... well it's...it's really cool. Stop Doofenshmirtz! Quickly!"
Major Monogram,"Hello there Agent P. Your assignment concerns tonight's big block party. We've intercepted intel that Doof is planning on attending tonight's festivities ""just for the fun of it"". We need you to attend the block party and confirm that he's not up to no good. (pause) I realize that's a double negative but I think it still works. Not up to no good... yeah, i-it works. Unfortunately since your surveillance will take place in close proximity to your hosts, you will need to be in disguise for the duration of your mission. Carl, activate the hydraulic costume chamber."
Major Monogram,"Good morning, Agent P. Dr. Doofenshmirtz is on the move. We tracked him to these coordinates when we suddenly lost his signal. We have two scenarios to explain his disappearance. First, that magical elves have caused Dr. Doofenshmirtz to vanish to the land of angry corn people. The second, is that he may be on his secret, hideout-shaped island with the initial ""D"" carved into it that satellites found in the exact, spot, where he... vanished... uh, you know what? Uh, forget the magical elves thing. Way off base with that. Anyway, on your way, Agent P."
Major Monogram,"Ah, Agent P. I believe you know Agent Pinky. (Cut to a shot of Agent Pinky, shaking, next to Agent P.) Agent Pinky informs us that Doof intends to steal the deed to the Tri-State Area from the City Hall archives. It seems he's discovered that whoever has the deed automatically becomes the ruler. It's an old law from a simpler time. You'll find that Agent Pinky is quite an asset, Agent P. He's good with computers, covert ops, and, quite frankly, he needs the hours. So get out there and stop Doofenshmirtz! Good luck, Agents P and, uh...P! (Agents P and Pinky leave) I guess you're just two ""P's"" in a pod. (chuckles) Carl, where's my rimshot?"
Major Monogram,"There you are Agent P! Welcome to the meeting of the Secret Order of the Knights Without a Cool Acronym or SOKWCA. As you know, it is our duty to...Hey! You're not wearing your fez. (Pointing to a part of the room) Better go to the fez dispenser. (Perry takes off his fedora and gets a fez from a vending-machine like dispenser) As I was saying, Doofenshmirtz is dangerously close to laying his mitts on the lost Idol of Juatchadoon. If he were to get hold of it, it would be blood-sucking-Chupacabra-brain-eating-zombie-ancient-Mayan-Gods-come-to-life-weird-voodoo-curses-with-goat-heads and what not bad. Now, get out there and stop him Agent P."
Major Monogram,"Oh, right! Because chili is a perfect substitute for a nice crunchy taco. It's practically the same thing! (at Perry) Agent P, you're... here! Uhmm... Our inter-web monitor tells us that Dr. Doofenshmirtz has been video conferencing with the other members of the evil organization L.O.V.E.M.U.F.F.I.N. It's obvious they're planning something big, but right now we have our hands full with this whole cafeteria debacle... so! Get out there and put a stop to it! Good luck, Agent P (Agent P salutes) .... Carl! We're going off the lot for lunch."
Major Monogram,"Agent P, it seems that Doofenshmirtz is into astrology now, and that makes him very dangerous to us. (Cut to Agent P with an incredulous look on his face). I know what you're thinking. (Cut back to Major Monogram) I was like you. I always thought horoscopes were a bunch of hooey. But then, I read my own horoscope. I'm a Sagittarius. It said, ""It's a bad day to get a haircut"". How spooky is that? I had my haircut yesterday. Today would be a bad day to get a haircut. (Cut to Agent P, still with the incredulous look) How do they know that stuff? If Doof figured out the astrological signs of our agents, he could predict our every move!"
Major Monogram,"I see you've taken our new breakfast-themed lair entrance. It's the most important lair entrance of the day. Anywho, O.W.C.A. has surveillance footage of Doofenshmirtz raiding thrift-store dollar bins. We're not sure if it's evil, but it's - well, it's just kind of pathetic. Get to the bottom of this, and stop Doof's potential poverty-driven criminal freakout. And um, how 'bout ya pick up a cup of coffee for him on your way over? It's on me. Use some petty cash. (Perry salutes, then leaves) I feel bad for the poor guy."
Major Monogram,"Agent P., Doofenshmirtz was last seen boarding a train transporting Precious Albert the Moose. Cue the graphic, Carl. (A picture of Albert the Moose appears) Albert the Moose is Canada's prized animal, who represents the unity of the provinces. We need you to make sure that Doof keeps his mitts off that moose. If you fail, the Canada Day celebrations will be ruined, (The picture of Albert the Moose disappears, except for the antlers) and Canada will break into civil war. Or, since it's Canada, it would be a civil conversation where secession would be the topic of discussion, and... (Monogram notices the moose antlers) Carl? Antlers?"
Major Monogram,"Just looking over your request for vacation time. We're ready to approve it, but there's one small problem. And by ""small problem,"" I mean ""big problem."" And by ""approve it,"" I mean ""deny it."" Sorry, Agent P. I know you've been putting in a lot of extra hours, but we've got word that Dr. Doofenshmirtz has bought a new house in the suburbs. Three bedroom, two and a half baths, central air. Nice place. We need you to find out what he's up to. Here's his new address. Good luck, Agent P."
Major Monogram,"Get with it, Carl! The hip kids refer to it as a ""hawkmo"". Anyhow, Agent P, retail stores all across the Tri-State Area are reporting a huge influx of returned faulty items and, coincidentally, (shot of Doof whistling with an inator waiting on line is shown onscreen) Doofenshmirtz has been spotted at customer service counters. (Monogram reappears onscreen.) I have a hunch that these two unrelated things may just be related! Now go find out if Doofenshmirtz has anything to do with this! Also, find out if anyone is actually calling it a ""hawkmo"" and, if not, please get that started!"
Major Monogram,"Oh, there you are, Agent P. Sorry about the wild-goose chase. You were just too close to this case. But don't feel bad. No one could ever find Agent G. He's been missing for far, far too long. (Perry pulls out Agent G) What the--? Agent G. On an extremely extended vacation, hm? Well, Agent P deserves a vacation more than you do. He deserves one, but unfortunately, evil never rests. So, we'll see you tomorrow. (Salutes...Perry keeps staring...the pause gets more awkward by the second) Well, this is getting a little awkward. Carl, my arm's getting tired and he won't salute back."
Major Monogram,"...Yeah. And she was like ""Oh no, you di-in't!"" and-- Oh, there you are, Agent P. Oops. I forgot to turn off the laser sharks again, didn't I? My bad. Anyway, the evil Dr. Doofenshmirtz is at it again. Not only does he have 3 books about insects overdue at the library, but he's cornered the market on aluminum siding. He's hold up on his water fortress on Lake Winimahatikihaha. Ha-ha. I love saying that. You must find out what he's up to and put a stop to it. That is all."
Major Monogram,"Yeah, I know it's a long haul, but the local take-out just wasn't cutting it for my sophisticated palate. I wanna tell you what Doof is up to, but I have no idea. I've-I've been on a plane for 17 hours, and they don't let you use your cell phones till you land, and then I realized I didn't have international coverage, so... Anyway, you should probably get back to Danville, and check on him, just in case. Don't worry, I'll bring you back some white rice and soy sauce."
Major Monogram,"Notice anything unusual, Agent P? Look closely, it's very subtle. (Perry stares down at it, wide-eyed) Here, use this. (Slides out a magnifying glass from the vent, Perry takes it and holds it up to his eye) Check out that small cluster of clouds. (Camera zooms in on the magnified clouds) It spells ""Doof""! And ""Doof"" is short for ""Doofenshmirtz""! (Perry puts down the photo and magnifying glass) That cloud is directly above the Danville Botanical Gardens! Two hundred acres of ecologically diverse natural area. We need you to get out there and find out what Doof is. . .doofing! Here, (slides out a card from inside the vent) take my membership card. (Perry takes it and looks at it doubtfully) You get free parking and you'll get 15 percent off at the gift shop."
Major Monogram,"Ah, there you are, Agent P. Well, let's get down to brass tacks or whatever it is tacks are made of these days. It seems that Dr. Doofenshmirtz has been buying up all the polyethylene in town. It's a substance apparently used in disposable baby diapers. It could be an evil scheme or it could just be neutral. Get out there and absorb the situation. Now, since your hovercraft is in the shop, Carl has had to arrange last minute alternative transportation for you."
Major Monogram,"Good morning, Agent P. (Perry realizes the camera is zoomed in very close on Monogram's face.) Sorry about the extreme close-up. Carl's off today, and for the life of me I can't figure out how to work this thing. Anyway, we have reason to believe Doofenshmirtz is up to no good. Again, since Carl is out, I'll have to do the visual reference myself. (clears throat; begins to draw on pieces on paper, showing his pictures to Agent P.) He's recently purchased a small tux, a silver tray, and a pair of white gloves. Heh heh, I traced my hand for that one. Heh. Ooh, check this out! (Monogram draws details of a turkey on the hand.) Look, it's Agent T! (Perry glares then looks up in shock; Monogram leans down) What, too soon?"
Major Monogram,"Morning, Agent P. There are pretty suspicious goings-on...going on over at the Doofenshmirtz building. We've had reports that the building has been rotating all morning, so either he's got something evil up his sleeve, or he's turning it into an expensive romantic restaurant with an impressive view...in which case, I would like a reservation for 6:00 pm. Either way, I'm gonna need you to get over there. (Perry leaves. Monogram looks aside.) Okay, he's gone. One, a-two, a-one-two-three. (Puts on a Major-General's hat and several agents appear and he sings to the tune of ""The Major-General's Song"" from The Pirates of Penzance.)"
Major Monogram,"Anyhoo, authorities have found an unusual number of things turned on their sides. A John P. Trystate statue, a Mr. Dribbles ice cream, and there's a mailbox that fell over three weeks ago, and now it's upright again, which is ready to receive mail, so I guess that's a good thing. These sideways objects have Doofenshmirtz written all over them. Now I know you have a hard out at noon, so you can skip the pleasantries and go straight to thwarting."
Major Monogram,"Ah, there you are, Agent P. Sorry about the lights; we're using an alternative energy source, and haven't quite got it working smoothly yet. I decided it was high time our operation went green. All right, assignment, assignment. Oh, let's see... We're saving paper by printing on the same one over and over again, so... Uh, sorry, for the life of me, I can't make this out. (Shows Perry the paper, black ink is all over it) Hmm... Well, I'm sure it says something about Doofenshmirtz. Go get him!"
Major Monogram/Voice Over,"A fugitive, semi-aquatic special forces amateur stage magician, framed for a crime he didn't commit, the 1865 assassination of Abraham Lincoln, joins forces with a rogue-trillionaire inventor-extreme fighting champion from the future. Together with the aid of ""R.I.C.K."", their super crime-fighting high-tech talking rickshaw, they'll bring hope, justice, and varying degrees of aquaticness to a Tri-State area in peril. Together, they are..."
Major Monogram,"(On Perry's wristwatch communicator) Thank goodness your wrist communicator is still working Agent P. We traced the blackout to the Danville power plant on 5th street. I know you're busy with Doofenshmirtz, and you don't normally handle stuff like this, but I was in the middle of microwaving a burrito, and the center is still totally frozen. Just figured you were close, and uh... Hurry Agent P. it's, it's kind of scary in here, and I'm all alone. (There is a crash sound) C-Carl? Carl, is that you?"
Major Monogram,"Morning, Agent P. Uh, sorry we have to meet here at the agency sauna. It's just that if we don't use it at least three times a month, we lose our privileges. Anyway, it's our old friend Doofenshmirtz again. He's been researching both theoretical physics and golf fashion. Sounds like an unholy combination. So we're sending you in undercover to stop him. Good luck, Agent P. Agent W! Ha ha! Didn't see you there. How's the old blow hole?"
Major Monogram,"Good morning, Agent P, and welcome to the field test of our new talking letter. As you can see, it looks like a normal letter, except for this strange gibberish text that no one can read, and the obvious fact that it's got a little talking photo of-- Actually, this is a silly idea. I mean, we had to mail this last Tuesday. Plus, it's really just dumb luck that nobody picked up the mail first. Well, whatever. Open the box, Agent P."
Major Monogram,"Anywho, today's the unveiling of Danville's new water tower. Mayor Doofenshmirtz is going to be dedicating it tonight at his press conference. We're fairly certain that Doof will attempt to disrupt the event in some way. Not only is it high profile, but, since it's right next door to Doofenshmirtz Evil Incorporated, it's also extremely convenient. So get out there and stop him from doing whatever it is he's gonna... (the bubbles stop again) Carl! Bubbles!"
Major Monogram,"Sorry about that, Agent P. Our slide waxing guy has jury duty this weekend. Anyhow, Doofenshmirtz has purchased some suspicious items: 4 helicopter blades, 2 dozen party balloons, and light bulbs. 6000 of them. He's hiding out at the old abandoned cake factory on the edge of t-- Carl, the light bulb and the ""6000"". Still on the screen. (The graphic fades out) Ah, thanks, Carl. Locate Doofenshmirtz and figure out what he's up to. (Perry salutes Monogram...) Don't fail us, Agent P. (and goes down another squeaky slide)"
Major Monogram,"Agent P.? (The lights flicker on) Ah, there you are. What do you think of the new energy-saving motion sensor lights we've installed in your lair. (The lights go off again) Um... Agent P. try flailing your arms about, uh that should- (Agent P. does so and the lights turn on) There we go! Now, Doofenshmirtz has been driving around town in some sort of truck that turns inanimate objects, such as parking meters, into bugs. Eww. I want you to-- (The lights go off in where Major Monogram is) Really? Carl, I'm waving my arms, why aren't the lights coming back on?"
Major Monogram,"Welcome back, Agent P. We hope you had a pleasant day off. Anyways, there's a crisis brewing in Danville, (camera pans to Perry, who grips his seat, then switches back to Major Monogram) and it could destroy the very fabric of our existence. There's never been a greater threat. Peaches! (Perry is shown with a confused look on his face, Major Monogram continues) Oh, you probably want me to explain the... (Major Monogram chuckles to himself) There's been a shortage of peaches in Danville lately, and we've traced it to Doofenshmirtz. Go find out what he's up to, and good...lll (Perry leaves) lluck. Wow, guess he's in a hurry."
Major Monogram,"Psst, Agent P, over here! Doof has shot Vanderbeek with some kind of—oh, right, he probably monologued his scheme to you already. Anyhow, we need you to take Vanderbeek's place in the race, get that inator, and get back here to reverse its effect, so Vanderbeek can finish the race and defeat Doofenshmirtz. Carl has been trying to convince Vanderbeek to get back in the race using his sophisticated powers of persuasion."
Major Monogram,"Ah, good morning, Agent P. Uh, quick word. Recently you've been having some close calls, and your host family has almost caught you sneaking into your lair several times. No need to remind you - but I'll do it anyway - that if your cover's blown, you'll have to be transferred to another city, with another host family. (Perry looks unamused) And we both know you wouldn't like that. (chuckles) I remember the day you were first assigned."
Major Monogram,"Hello again, Agent P. International intel has indicated that Doofenshmirtz is planning to sabotage Paolo Vanderbeek and enter the Grand Prix himself. (Cut to Perry driving.) So, we need you to find out what Doof is up to while Carl and I keep an eye on Vanderbeek here at the race track incognito. (Cut to Monogram, now wearing a fake black mustache.) Nifty disguise, huh? Gives me a continental look, don't you think? Anyway, Doofenshmirtz is at the casino at L'Hotel Uber-Swank."
Major Monogram,"Good morning, Agent P. The evil Dr. Doofenshmirtz is up to his old tricks. For reasons unknown to us, he bought up 80 percent of the country's tinfoil. I want you to get over to his hideout right away, find out what he's up to and put a stop to it. As always, Agent P, it is imperative that your cover identity as a mindless domestic pet remains intact. Now, get out there. We're all counting on you. (Agent P jumps into his hovercraft and flies through a tunnel. He leaves through a stone and holds his fedora down to hide from the brothers.)"
Major Monogram,"Oh, good, Agent P, you're here! You're probably wondering about all these pulley things here. (eyes directing to tassel-like pulleys on his left and right) It's just that, with Carl heading to school soon, I'm (pauses) gonna have to learn to run this place all by myself. (grips the pulleys) Anyway, (pulls his left one to make a crudely drawn picture of fall leaves roll down in front of him on the screen) with the seasons about to change, I suspect Doofenshmirtz (a crudely drawn picture of Doofenshmirtz rolls down) will be trying to close out the summer (a crudely drawn picture of a ""bang"" rolls down) with a bang. (all the pictures, with his right pulley, fall to the floor) Great googly moogly! Carl! (his left pulley, still being gripped by Monogram, comes detached and dangles from his left hand.) Oh, that's right: (sadly realizing Carl isn't there) school. (Agent P takes off in his rocket chair.) Keep it together, Francis."
Major Monogram,"Excellent trick, Agent P. Sorry to disturb you at this late hour, but we are about to give you the most important mission of your career. Our computer indicates that a city security camera located near your civilian hideout has recorded your comings and goings as a secret agent. It's crucial to the agency's security that you get those recordings and bring them back to HQ for special disposal."
Major Monogram,"Good morning, Agent P! We, ah, ah (sneezes) Sorry, my (Coughs and Sniffs) allergies are acting up. This whole Bee Day business is stirring up all the pollen in Danville. Anyway, Agent P, uh, Doof's been spotted gathering bee pheromones, which is not only disgusting but probably evil. To send you on your way, Carl's actually come up with a bee-themed jetpack. It's right behind you. (a hatch opens behind Perry, holding a bee-themed jetpack) Carl! Where are those tissues?!"
Major Monogram,"There you are Agent P. Sorry to call you in for a second time today but... (Perry yawns then stares at Monogram) Oh, this? It's- it's just an exfoliating mask. I have another ten minutes before I can peel it off, or I get zero of the benefits. Agent P, we just got word that Doof may have fired tomorrow's -inator, today. This is a major breach in protocol. So give yourself a good slap in the face, and get over there."
Major Monogram,"(clearing his throat) Okay, Agent P. Dr. Doofenshmirtz is buying bio-mechanical equipment and... (chuckles) ...elocution tapes. (laughing) W-we don't know why. (Perry walks away) Where are you going, Agent P? Wait, wait, wait, wait. Don't-Don't go. I'm not laughing at you. I just heard a funny joke earlier this morning and- Please-please, Agent P. Turn around so we can conclude our meeting. (camera phone snaps) Carl! (3x) What's your e-mail? Gonna send this to you."
Major Monogram,"(snores, then wakes up) WRONG PANTS! Huh? *Ahem* Oh, sorry, Agent P eh. Guess I was, uh, dozing there uh... Anyway, it appears Dr. Doofenshmirtz has completely cleared the Tri-State Area out of all grape juice, red wine, chocolate, marinara sauce, India ink, and, worst of all, (holds up mug) coffee! So, uh, go and, uh, you know, do the thing, that thing... Sorry. I'm just no good until I have that first mug o' Joe."
Major Monogram,"(Comes out of curtains) Good morning, Agent P. (Puts his arms behind him) The mission you're about to receive may shock you. It may even horrify you! But then again, probably not, I mean, heh. You have been doing this for a while. Anyway, sorry about the tarp behind me. Storm caused some water damage, and-- (Looks at his watch) Ooh! Cheese and crackers! Late for my cousin's wedding. Gotta run. Doofenshmirtz is up to something, you know what to do."
Major Monogram,"Good morning, Agent P. 17 minutes ago, our spy satellites located Doofenshmirtz. He's hiding out in his mountaintop castle laboratory, where he's purchased some suspicious items over the internet, including a giant metal sphere and two animatronic wax robots, you know, like they have at theme parks. Gosh, those things give me the creeps, the way they're all robotic and waxy? (Shudders)"
Major Monogram,"Oh, I thought you were joking about that on your resume. (Perry arrives) Ah, Agent P. Uh, just give me a few seconds. (Major Monogram transfers to the screen of the video game cabinet) Ahem. Dr. Doofenshmirtz has been buying up every can of aerosol deodorant in the Tri-State Area. And I'm starting to smell like a science-fiction convention. We need you to find out what he's doing with all those aerosol spray cans and put a stop to it. Good luck, Agent P."
Major Monogram,"Morning, Agent P. How do you like the new spitoon lair entrance? (Beat) Anyway, your mission. Mayor Roger Doofenshmirtz is being honored today with a statue at the Mayor's Day Festival. (Background of screen becomes a weather map with Heinz's and Roger's faces on it.) Considering Doofenshmirtz's hatred for his brother, the forecast suggests mild tomfoolery with a sixty percent chance of slapstick violence. Good luck, Agent P. Now on to Tom Perkins with sports."
Major Monogram,"(To Carl) Okay, now let me to do the talking. (Agent P walks to his seat) Agent P! There's uh, something we've been meaning to discuss with you for a while and—well, you see Perry some job performance issues have come up, (Perry's face becomes surprised) but don't get me wrong, you're doing fine work, it's just that your entrances have been getting a little ""lackluster"" lately. (Perry's face became sad) We've just come to expect more from you. Roll the footage Carl!"
Major Monogram,"Morning, Agent P! It seems that Dr. Doofenshmirtz has been hitting every all-you-can-eat buffet in town, which can't be good! I mean, if anything were to happen to Doofenshmirtz, we would have to make some drastic cuts over here! (looking aside) Especially in the non-essential personnel department. (Perry starts to vacuum all the dirt off the chair.) Good luck, Agent P. Oh, and don't worry about the mess, uh, Carl will take care of it."
Major Monogram,"Wrong! Wrong, Carl! We happen to know that Doofenshmirtz has entered a car in the competition. He must be up to something. And if I should happen to see who my son is dating, well, where's the harm in that? Hmm? Meanwhile, we need you to find out what the heck Doof is building, validate its evilness, and destroy it. (Agent P salutes) Good luck, Agent P, and see ya later, crocodile!"
Major Monogram,"What do you think? Nice costume, huh? My lip feels so naked. (Clears throat) Sorry to interrupt the festivities, but we've been receiving some weird intelligence. The Danville Golf Course chewed down to bare dirt, strange howling at the moon, graffiti at every leather shop the Tri-State Area. And, we don't know what to make of this crop circle. Get to the bottom of it, Agent P!"
Major Monogram,"Agent P, we have a crisis. The Agency was going through Dr. Doofenshmirtz's trash this week when we found this. (shows a magazine with doodled on cover) Defaced magazine cover. Shameful! There were hundreds of similarly defaced photos of good looking men, (shows a magazine of him on the cover with a devil face drawn onto it) including this handsome devil gracing the cover of Covert Lifestyles. My interest in this incident is purely professional, but... put a stop to it!"
Major Monogram,"Good morning, Agent P. Our sources tell us that the members of L.O.V.E.M.U.F.F.I.N., the League Of Villainous Evildoers Maniacally United For Frightening Investments in Naughtiness, are about to gather to elect their new leader. But we don't know where or how. See if you can gain access, and we'll survey the situation remotely through your wrist communicator."
Major Monogram,"(on a miniature monitor) Ah, Agent P, we're sorry. We know you're on vacation, but Doofenshmirtz is driving a big rig not far from your current location. We need you to reroute your family and catch up to him. Find out what he's up to and put a stop to it. Oh, I envy you. The romance of the open road. The tire chunks all up and down the shoulder and that ever-mysterious single shoe."
Major Monogram,"Early. Anyhoo, much to our horror, it appears the side of evil has won. Have you seen the latest issue of Evil Beat! magazine? Dr. Doofenshmirtz has created a ray that causes people to dance uncontrollably. It's up to you to stop him, Agent P. But be careful. It's a known fact that no one - NO ONE - has ever defeated evil while dancing. Good luck, Agent P."
Major Monogram,"Ah, Agent P. Seems the Tri-State Area's association of evil geniuses, the League Of Villainous Evildoers Maniacally United For Frightening Investments in Naughtiness, is having some sort of huge gathering. All of the other agents have been deployed, but none have reported back. We fear they've been captured. Now, see what you can do, Agent P. (salutes) Monogram out."
Major Monogram,"Anyway, Agent P, when we went to rent tonight's horrific horror classic, Night of the Living Torso, it was already gone. In fact, all the movies within the horror genre throughout Danville have been checked out, which is definitely a bummer, and could possibly be evil. Go check on Doof and see if he's bogarting those movies...uh, before 6:30 if possible. (Agent P raises his arms up, and a pair of mechanical arms give him his jet pack. He blasts off.)"
Major Monogram,"(Laughs) Stop it, stop it. My cheeks hurt. (Perry, not finding it amusing, folds his arms) Oh uh... (Clears throat) Grow up, Carl! (Carl leaves the screen) Anyhow, as you apparently noticed there's been an unusual amount of rain in the Tri-State Area. Call us crazy, but we're thinking Doofenshmirtz! Investigate, and stop him at all costs. Well, maybe at a reasonable cost. We, I mean, we don't want to blow the whole budget on this one scheme, do we? (Perry goes to his hover car and zooms away)"
Major Monogram,"Agent P, Dr. Doofenshmirtz is up to his old tricks. He's made 57 phone calls in the past hour. We don't know to whom, or why. (Perry points toward the chimney vator) No, not to Santa. Agent P, your mission is to find out what Dr. Doofenshmirtz is up to and stop him. See, Carl, that's why I don't like using the chimney-vator. Besides, that guy totally owes me a pony from when I was five."
Major Monogram,"Good morning Agent P! I wonder what exciting mission we have for you today. (starts itching his nose) Excuse me, my nose is really itchy. Doofenshmirtz has purchased a lot of carpet, he must be up to something bad. Because he's a bad, bad man... He's this bad. (Holds up his arms to show how bad Doofenshmirtz is. He starts to laugh) I can't do this. Carl was doing my arms. See? (Turns around to show Agent P) Oh, too funny, anyway, stop Doofenshmirtz with the carpet thing."
Major Monogram,"Hmm. You're right, Carl. I can be pretty rough sometimes. (sadly) Poor Agent P. Do you think the little guy will ever forgive me? (Perry finally drops into his chair to see Monogram crying, but he then looks up happily) Oh, uh, Agent P, you're here! Ahem! (seriously) So, Dr. Doofenshmirtz has been sighted in the Danville Park. We need you to make sure no one is in any danger. (Perry salutes and leaves) There he goes. (guiltily) Jeez, Carl, just hope I wasn't too rough on him this time."
Major Monogram,"Good morning, Agent P. We've recently found surveillance footage of Doofenshmirtz buying fresh produce. We've concluded there are two possibilities. Either he's up to something sinister that is food related, or he's cooking dinner 'cause he's got a beautiful woman coming over and he wants to imp...never mind, it's obviously the first thing."
Major Monogram,"There you are, Agent P. Sorry about the stairs, our elevator maintenance guy is on a corporate retreat with our slide-waxing guy. Anyway, our intelligence tells us that Doofenshmirtz has been shopping around for a show dog. We need you to infiltrate the pet store and uncover his evil plan. Me, I'm goin' home early. It's taco night. Ha-ha."
Major Monogram,"Morning, Agent P. I apologize for using the emergency chute and, uh, for not telling you we had an emergency chute. But there was an emergency. Shoot! (Laughs) Sorry. (Clears throat) What I'm about to say is highly classified, Agent P. The last century, the forces of good and evil have been locked in a desperate race to harness and control the limitless power of"
Major Monogram,"Good morning, Agent P. We've tracked Doofenshmirtz to an old abandoned warehouse, and he's made some suspicious purchases, 10,000 packets of powdered hot chocolate, a hotdog vendor's cart, a medium-sized parka, and a pair of red flannel long johns with a flap in the back. Don't ask us how we know. Get out there and kick some Doofen-butt."
Major Monogram,"Agent P, thanks for coming. It's Dr. Doofenshmirtz. He's been hiding out in the old abandoned vacuum cleaner factory. You know, that building across town with the giant vacuum cleaner on top? Man, I can't believe that place closed. I blame the Internet. (pause) Your mission, Agent P, is to find out what Doofenshmirtz is up to and then stop him."
Major Monogram,"Hello, Agent P. We were concerned because we tracked you to the Slushy Dawg. I mean, do you know how much sodium is in their hot dogs? (gags) But by the third bite, you're committed. Now we see you're at the vet across the street, which is even more concerning. Agent P, you cannot be chipped or your host family could track you at all times."
Major Monogram,"(while he is speaking, Carl holds up images of each items) Some of the odd purchases include: biomolecular components simply used to make organic computers, a giant pilgrim hat, and most curious of all, a huge pair of food booties, used on the end of turkey legs for decoration. You know, Carl, I really like working live, it reminds me of my days in the theater group back at...The Academy."
Major Monogram,"Good morning, Agent P! We recently learned that Doofenshmirtz has fallen behind on his electrical bills. This seems odd considering his generous alimony package. His ex-wife, Charlene, is loaded! And, I might add, quite a handsome woman. (Perry stares in boredom) No, not, not that I've given that a great deal of thought. (clears throat) Investigate at once. Monogram out!"
Major Monogram,"Agent P, I'm afraid I have terrible news. It's Doofenshmirtz. He's built a space station, and due to budget cuts, we have no way of getting you into space. Now, I've contacted the president, and... Agent P, a-are you in space? Nice work. You are always one step ahead. Your mission is to find Doofenshmirtz and stop him, Agent P."
Major Monogram,"1, 2, 3, testing, testing, 1, 2, 3, testing-- (Camera shows that he is not wearing pants) Agent P, you're early! Carl, cut to close up! (Camera zooms in; to Perry) Oh. (Clears throat) B-Basically, Doofenshmirtz has been acting up again. He's er stockpiling the usual strange and unrelated items. This time, it's copy machines and ink cartridges by the thousands. We need you to find out what's going on right away."
Major Monogram,"Hello, Agent P. Doof has purchased a ton of exercise equipment. Stair climbers, dumbbells, smartbells, you name it. And he's been spotted around town wearing... (shudders) ...athleisure wear! I mean, is it athletic or is it leisure? Pick a lane! (A TV monitor descends from the ceiling as Carl enters.) What's even more disturbing is this infomercial Doof has been broadcasting. Hit play, Carl."
Major Monogram,"Ah, Agent P. It turns out that the text we intercepted from Doofenshmirtz didn't actually warrant you missing your family vacation. My bad. In my defense, his text was written in all caps, but upon farther investigation, it looks as though he just hit the caps lock by mistake. Anyway, he's up to something. Go check it out."
Major Monogram,"Morning, Agent P, and welcome to our new Evil Science Readiness Program. You just keep circling Doof's building, and the second Doofenshmirtz is ready to begin his scheme, you'll be there. It doesn't leave a lot of time for friends and family, (Perry looks a bit sad) but -- we feel the dramatic decrease in response time could well be worth it."
Major Monogram,"Agent P, uuh, well, due to your...reprehensible behavior over the past few days, (screen changes to Perry robot kicking over a trash can) which I can still barely believe is even possible (changes to fake Perry stealing cash out of a truck) from an agent of your caliber, (changes to fake him throwing money out the window of a car, then to him eating cereal at his host family's table but that Doofenshmirtz's home and Doofenshmirtz's table)  who has been nothing but the best in his field I, uhh, uh, actually, I don't know what's particularly bad about this clip here, but, we have no choice but..."
Major Monogram,"Calling Agent P. Agent P. Wake-y wake-y Agent P. Over here. No, not on the computer screen. Though that would have made infinitely more sense. To the right. Down a bit. Over a bit more. That's right. (appears on a trading card) Hey-Oh. Carl installed a nano-screen on this trading card a few days ago, disguised as a Flynn-Fletcher family member."
Major Monogram,"Oh, Agent P, uh, pardon the newspapers, but, uh, we have a lot of new young recruits coming through here today, and, well, they're not, uh, trained yet. Anyway, Doofenshmirtz has recently purchased the Tri-State Area's entire supply of bratwurst. Get to the bottom of it. Oh, and, uh, watch your step on the way out."
Major Monogram,"(on wristwatch communicator) Agent P, our sensors reveal that Lawrence Fletcher has been shot with a Make-Everything-Evil-izer. If he should become the supreme leader of L.O.V.E.M.U.F.F.I.N., we will have no choice but to reassign you. You must find a way to snap him out of it. Remind him of his true, good nature. Remind him who he used to be!"
Major Monogram,"Good morning, Agent P. It's a beautiful day in the Tri-State area, just the kind of day that makes Dr. Doofenshmirtz a little verklempt. That's why your mission is...Sky... (Static) weather... (Static) rain... (Static) Doofenshmirtz. Uh, we're breaking up. Let me call you on a land line. (telephone rings) So, just to recap: sky, weather, rain, Doofenshmirtz."
Major Monogram,"(on wristwatch communicator) Agent P, it's come to our attention that Lawrence Fletcher, from your host family, has somehow entered the L.O.V.E.M.U.F.F.I.N. Supreme Ruler Pageant. Of course, considering his genial nature, a win for him would really stretch my suspension of disbelief. But just in case, you better sit tight and just observe."
Major Monogram,"Agent P, we need you to track down a missing agent. Code name: Agent G. We're not sure of his current location, but we have a few leads placing him in Iceland, Monte Carlo, Burbank, California, and the moon. It's up to you to chase that goose and bring him back to the agency. Good luck, Agent P. Monogram out."
Major Monogram,"Morning, Agent P. Our sources tell us that Doof is up to something. We need you to infiltrate Doofenshmirtz Evil Incorporated and have a little look see. To make it easier for you to get in, we had one of our operatives install a Central Access Threshold, or, CAT door. So, let's get out there and, good luck! (Perry salutes and leaves)"
Major Monogram,"Anyway, Agent P, Doofenshmirtz has been experimenting with energy fields and it's starting to get dangerous. It knocked out our microwave oven. Get out there, Agent P, and right that ridiculous wrong. (Perry gets up and tiredly walks to his spy car. Monogram holds up a breakfast burrito on a plate.) This breakfast burrito is like a bean and cheese icicle, except that it's larger and wrapped in a tortilla."
Major Monogram,"(Disguised as Discobolus) Psst. Psst! Agent P, over here. Sorry to disturb you at the museum. We've just been informed that Doofenshmirtz has created a machine to rid the world of platypuses. ...Uh, platypi? Platypeople? Whatever. We've tracked Doofenshmirtz to the old abandoned movie house. So get going, and don't look up my skirt."
Major Monogram,"Morning, Agent P. (Perry chatters wearily) Guess whose birthday it is, Agent P? (cut to the monitor showing Monogram wearing a party hat) It's not Carl's. And it's not yours. Okay, okay, it's mine! (blows a noisemaker) Help yourself, Agent P. (a piece of cake with a candle on it emerges from the floor but Perry refuses it) Not a cake person, huh? Oh, well. We've noticed a surge of revenue going to Doofenshmirtz's bank accounts recently. Get to the bottom of it. Are we ready to sing, Carl?"
Major Monogram,"Oh, you didn't see what happened? Well, um. We're with the city, and there was a swamp gas incident here. Uh we'll just get it all cleaned up, and get out of your hair. (He turns to Carl) Psst. Hey Carl. We're not gonna need the mind erasing device. (He looks back at Stacy) I-I mean monkey wrench. Hehe. It's a Monkey wrench yeah, we don't need that."
Major Monogram,"So we're having a bit of a cleanup here, which coincidentally is what Doofenshmirtz seem to be up to as well. He's put some old ""-inators"" up for sale on an evil auction site. If one of those devices were to fall into the wrong hands, it could be catast— Could—Could you please wait for me to finish, Mimi?"
Major Monogram,"Good morning, Agent P. It's come to our attention that Dr. Doofenshmirtz has missed a few of his mortgage payments. He must be funneling all that money into something really evil, otherwise, he'd ask his ex-wife for a loan. (File photo of Charlene appears on screen.) She's loaded you know. Ka-ching! So get over there (Perry salutes) and find out what's going on. (he leaves)"
Major Monogram,"Good morning, Agent P. Doofenshmirtz has been buying up all the hard salami, kaiser rolls, pickles, roast beef, mustard, horseradish, sauerkraut, and pimento loaf in the Tri-State Area. We don't know what it means, but it sounds like a recipe for evil. (pause) Or at least an evil sandwich. Investigate at once! (Perry pushes a button on the console and a rocket-powered hang-glider comes from its hiding place, which he uses to exit his lair.)"
Major Monogram,"It's terrifying, you must stop Doofenshmirtz and make sure the princess is safe. We don't actually have a photo of her, but whatever, she's a 15-year-old girl, they all pretty much look alike... Carl, put up a picture of a 15-year-old girl! (A picture of Candace appears on screen).... Uh now put a crown on her. (A crown is superimposed onto Candace's head) There! There's your princess."
Major Monogram,"Agent P, Doofenshmirtz has crippled the entire worldwide internet by spreading a so-called viral video over the whole planet. Watch carefully, Agent P. What you're about to see may be the masterstroke of an evil genius who has distracted us with smaller schemes while secretly moving us into checkmate."
Major Monogram,"Good morning Agent P. I've been monitoring Doofenshmirtz's internet activity. First, we know what you're getting for Christmas. Don't ask our lips are sealed... it's a vase. Second, he's been doing a lot of research into the molecular structure of taffeta, satin, and most ominous of all, velour. Ugh! (Monogram shudders, and the feed cuts out)"
Major Monogram,"Morning Agent P. I guess we're getting a little bit of a late start. Our sources say that Doofenshmirtz is on his way to ""Steam Noir"", the hippest coffee house in town. We need you to get there before he arrives and stop him from doing anything, you know, nefarious. (pauses) I've got a ""Word a Day"" calendar."
Major Monogram,"Hello, Agent P. Nice entrance today. Simple and understated. I like it. Anyway, we have a situation: We recently discovered that all of the mimes in Danville Park have been trapped in actual invisible boxes. (cut to a scene of a bunch of mimes in Danville Park feeling up their invisible boxes) It took days to discover because, well, everyone just assumed they were really good mimes."
Major Monogram,"Good morning, Agent P. Doofenshmirtz is at it again. It appears that he's purchased a string of odd items: One pound of blood sausage- Ech, that's my grocery list. Here it is. One magnet, one map of the city's drainage pipes and 2 tons of scrap metal. It's in your hands now, Agent P. Over and out."
Major Monogram,"By the way, (in an angry tone) I want your hat on my desk! Because it rains a lot in Seattle, and I'd like to spray it with this cool new water-proofing treatment. Which reminds me, we've installed new unbreakable glass in your lair monitor. Go ahead, try it out. (Perry yanks out his chair and throws it at the screen. The chair shatters on impact against the monitor) Hmm, better order that unbreakable chair too, Carl."
Major Monogram,"Good morning, Agent P. I'll get right to it. This time, we're worried about Doofenshmirtz buying laser pointers. I mean, 2 or 3 of them would be fine, but he just put in an order for 18,000 of them?! Only a crazed, evil and diabolical mind would do that. (as Perry salutes) I'm sure you'll know what to do, Agent P. (Agent P transition to...)"
Major Monogram,"Oh, hello, Agent P. We have a situation. With-With all these new billboards up all over town, you've become too recognizable to be a secret agent. So we had to send Agent S to Doofenshmirtz's in your place. I'm sorry, but you're going to have to go on hiatus until your 15 minutes of fame are up."
Major Monogram,"Ahh, Agent P. Sorry about the tight squeeze, but they're on the metric system. Doofenshmirtz is attending an evil scientists' convention in London. We're sending you in undercover, disguised as evil scientist Dr. Lloyd Wexler who, incidentally, is the man sitting next to you. (Perry sees Wexler, in his underwear tied up next to him) Good luck, Agent P."
Major Monogram,"Oh, oh Agent P! How long have you been sitting there? Hehe, guess I'd better get started. We've received a weird message from Dr. Doofenshmirtz this morning, claiming that he will no longer seek to take over the Tri-State area. And he used a very unusual method for conveying his message. Carl?"
Major Monogram,"Sorry about that, Agent P. We haven't used that tree slide in years. Not since I was at... the Academy. (Sad music) Anyway, Doofenshmirtz seems to be up to something, Agent P. He's hold up at his evil woodland retreat. Your mission is to find out what he's up to. Please, Agent P. Be careful. (Thinking) The Academy."
Major Monogram,"Anyway, Doofenshmirtz has been spotted as a seat filler at the Fourth Annual 24-Hour Tri-State Area Music Awards. As you know, Doof's brother, Roger, is emceeing the event. We're not sure what Doof's up to, but we need you to suss it out. (His floating cloud starts to rain.) That's the... That's the cloud. Good luck, Agent P!"
Major Monogram,"What do you think, too much? Oh, I'm just getting in the mood. I'm going to Vegas this weekend. (Pause) Oookay? (Takes a sheet) Our sources tell us that Doofenshmirtz is working on an invisibility ray, and that can't be good. Get out there and put a stop to it. (Perry runs off) And may luck be with you! Lady luck, baby! Hot-cha."
Major Monogram,"That's right, rumpkinhossen! We're sending you to Drusselstein. Doofenshmirtz will arrive there this morning, and we must know what he's up to. Now this letter will self-destruct. (The envelope closes, and the letter self destructs) Oww!! Oh, and the, uh, box, as well. (Perry picks up the scattered shreds of the blown up letter, puts it into the box, closes it and tosses the box out of the pet door) 5, 4, 3... (Perry changes into his clothes and runs off) You know, I really don't know what we were thinking with -- (The second explosion occurs. The roof opens and Perry comes out in his jet-pack)"
Major Monogram,"So you-you see, Doofenshmirtz has invited you to tea. We don't know what it could possibly mean. We think– But don't hold us to this. We think that maybe, just maybe, it could be a trap. We do, however, like to give people the benefit of the doubt, uh, so try to have fun. Monogram out."
Major Monogram,"(has marker marks on his head and upper lip) How did you like our new pneumatic transporter? I used it myself this morning. (Camera pans to Perry, who folds his arms and narrows his eyes.) What? Oh, who am I kidding? (Wipes off the marker marks off his face) The new pneumatic transporter sucks. I mean, literally, sucked every piece of hair off my body. Anywho, Doofenshmitz has brought up the Tri-State's entire supply of krill. Krill?"
Major Monogram,"Can you believe this? He had the nerve to call in SICK? I'm here, Carl's here. Don't you think I'd rather be at home, watching Ducky Momo? Agent P, you've got to get in there and, (Coughs) I don't know, get him better. Stop him from stopping the things from which, (Snorts) you have to stop him...for..."
Major Monogram,"(wearing a winter knit cap) Morning, Agent P. Sorry about the cold climate inside your lair; see, the heating system is on the fritz and we had to call a guy in from Aruba, but I can assure you that we are all in the same boat here. (Perry is now completely frozen in ice, except for his bill) You're not alone in this; we are all sharing the pain, and... (a beach ball hits the background, which drops, revealing that Monogram is in Aruba) *Ahem*, awk-ward."
Major Monogram,"Okay, it's funny when it's you. Heh heh. I'm just gonna roll with it. (He holds up a plate with a sandwich with a bite out of it.) Agent P, Doofenshmirtz has been stealing people's food right off their plates. It's rude even for him. Clearly, his mom didn't teach him... (He throws the plate offscreen, it crashes and the traditional cat screech is heard.) ...a lot of things, which is why we all have a job. So get to it, Agent P."
Major Monogram,"Doofenshmirtz claims to have given up evil. He even signed this ""I Give Up Evil"" affidavit to apply for work at the agency. And normally, we could have rejected him because he's not an animal, but as it turns out he was adopted by ocelots, making him, in the eyes of law, an ocelot."
Major Monogram,"(on monitor) Agent P, we've just received reports that Doofenshmirtz has been buying up all the laundry detergent in the Tri-State Area. We want you to find out what he's up to and put a stop to it. You'll need to use your tracking device to find him before your delicious ice cream cone melts. (Perry salutes. An island appears on the screen. Perry lands on the island.)"
Bad Future Major Monogram,"That's it! Agent P, you've got to get to that time machine and go back to the past, right before that giant tin foil ball put you in a full body cast for eighteen months. That's when Doofenshmirtz got the upper hand and it's been downhill ever since. This is our chance to fix it."
Major Monogram,"Good morning, Agent P! It appears that Doofenshmirtz has been brushing up on his astronomy. He rented an award-winning astronomical musical, Super Nova, Fabulous Nova! We don't know what it means, so we need you to get over there unrealistically fast. Good luck, Agent P! Agent P?"
Major Monogram,"Oh, so he is. Good morning Agent P. Dr. Doofenshmirtz has been spotted on his balcony repeatedly shaking his fist and then running back into his building. Which is obviously evil. Well, okay maybe not evil, but definitely cliché. So, go and stop him from his cartoon conventions."
Major Monogram,"Agent P! This is no laughing matter. We need you to find out what he's up to and stop him. Behind you, rising dramatically from the floor, is a new, high-tech device. It's called a Universal Delete Button. It can delete any file on the internet from every computer on the planet."
Major Monogram,"Anyway, Doofenshmirtz has rented out a conference hall at the Danville Motel Inn and is giving some kind of motivational lecture. Who would want motivation from him is beyond me, but, well, that's beside the point. Pick up your credentials at the front desk. (Perry the Chimneypus salutes.) Good luck, Agent P! (Perry's chair lowers back and is launched from it by a spring.)"
Major Monogram,"Morning, Agent P. We're not sure what Doofenshmirtz is up to, but we're sending you to his lab. (Puts on a pair of safety goggles) And we're using this new transporter device we've been working on. It's not approved for testing on humans yet, so you get to try it out first. (Perry gets an anxious look on his face.) Good luck, Agent P. Carl, fire it up! (The device ascends from the floor near Perry's chair and zaps him away.)"
Major Monogram,"(on watch, whispering) Sorry I can't be there, Agent P, (cut to the watch showing Monogram's eyes) but I'm stuck on jury duty. You'll be getting your mission today from Director Dipthong, from Accounting. Good luck. (gavel bangs, Monogram pulls away and speaks to the offscreen judge) Uh, n-no, no Your Honor, I-I'm not speaking on a mobile device. I...I'm talking to...a wart on my hand. (to the watch) Go away, wart! Go away!"
Major Monogram,"Greetings from Montevillebad, Agent P! You'll be joining us here for your mission. (whispering) But the lines aren't secure. (normal voice) So, we'll give you the details when you get here. And to get you here in style, we've provided you with a vintage 1963 Olson Martin! (The car rises from the floor behind Perry. He smiles.) So I'll see you after the wipe."
Major Monogram,"Agent P, Doofenshmirtz has bought up all of the bug spray in the Tri-State Area. It could be that he's just hosting a little summer soiree. That would mean a bunch of evil scientists in one place. Conclusion: he must be up to something nefarious. You know what to do, Agent P."
Major Monogram,"(Talking throughout the Flynn-Fletcher's television set) Agent P, (Perry puts on his fedora) Sorry to disturb you, but we have an emergency. We've just been informed that all steaks in the Tri-State area have disappeared. This has Doofenshmirtz written all over it. Go lay your smack-down on him, Agent P. The fate of the world rests entirely in your hands."
Major Monogram,"Ah Agent P. Sorry I'm running a little late this morning. Our satellites haven't picked up any Inator activity coming from Doofenshmirtz, but that's no indication that he isn't up to something. We want you to get down there and have a little look-see. Good hunting Agent P."
Major Monogram,"Good morning, Agent P. The entire Tri-State Area's becoming riddled with holes. Also, numerous light beams have been shot from Doofenshmirtz's building. Either he's having some sort of a rave, or he's the one behind all those holes. Investigate at once! (Salutes) Good luck, Agent P!"
Major Monogram,"Ah, there you are, Agent P. We've learned some alarming information. Several suspicious items have been purchased by the Doofenshmirtz Corporation. They include: an industrial-grade air compressor, 20 canisters of helium oxide and 400 pounds of fireworks. Get right on it."
Major Monogram,"Ah, Agent P. Doofenshmirtz was spotted this morning leaving his building with a shopping list. On the list were four items: eggs, vitamins, ice and leeks. Innocent enough until you realize, it is a recipe for...evil. Get out there and make sure he never serves that dish."
Major Monogram,"Hmm. Anyway, Dennis, the most wanted lagomorph, miraculously escaped from O.W.C.A.'s maximum security prison sometime this morning. Evidence suggests that Dennis was snatched away by a ninja-disco-robot. If this isn't the work of Doofenshmirtz, (Perry takes off) then Carl will eat my hat."
Major Monogram,"(Perry runs and jumps to his chair) Ah, there you are, Agent P. We suspect that your nemesis, Dr. Doofenshmirtz, has been pilfering bricks from buildings across the Tri-State Area. Animals are rioting, convicts are escaping from the zoo. It's chaos! You've got to stop him, Perry, (Perry salutes) before it all falls down."
Major Monogram,"Agent P, pick up! (turns over sleepily and scratches his rear) Agent P, please pick up! (Perry finally picks up) Ah! So sorry, Agent P, I... I know that this is your time to enjoy some well-deserved rest, but something's gone wrong in Doof's class, and, well, the OWCA work-release program doesn't need this kind of scandal. Whaddya say, P?"
Major Monogram,"Oh, there you are, Agent P. We've intercepted a text from Doofenshmirtz and we need you. I'm sorry, Agent P. You know we wouldn't do this if it weren't an emergency. I'm afraid you're going to have to miss your family vacation. Use Host Escape Diversion Technique B-17."
Major Monogram,"Agent P. We still don't know the current whereabouts of Dr. Doofenshmirtz, but we're picking up a strange signal from the island of Wa Ta Lot Ta Hoie. It could be emanating from the missing De-Evolutionator. (folds up the map and we see Monogram is on a floaty chair) You'd better investigate. Good luck, Agent P. (at Carl) Carl, more ice!"
Major Monogram,"Agent P, you've got to concentrate. It's Doofenshmirtz again. He's expecting a visit from his old, evil science professor, Dr. Gevaarlijk. You must get over there pronto. Those two together are a bad combination. Don't worry about your stories, we'll tape them for you. (Perry knocks off a bag of chips and puts on his fedora)"
Major Monogram,"Morning, Agent P. We've been monitoring Doofenshmirtz's Internet traffic and we think it's... (A pop-up ad blocks him) What in blazes? A-A-A pop-up ad? Can you still see me, Agent P? (Another pop-up ad blocks him) What, another? Agent P? Over here! (More pop-up ads block the screen) Oh, this is getting ridiculous! I give up! You know the drill. Monogram out."
Major Monogram,"Uh, anywho, our uh surveillance operatives have been getting some mixed signals from Doofenshmirtz. He was observed at the Danville Library, checking out books on Eastern Australia and hydrostatic cell fusion. We haven't come up with any ideas about what he's up to..."
Major Monogram,"Is that the hover jet? Oh, no, they didn't! (To Perry) There you are, Agent P. Those boys are in jeopardy and not covered under our hover jet insurance plan, so, stop Doofenshmirtz and protect those boys. (Perry flies out on his chair; To Carl) Oh, and where are you going, Mr. The Boys Will Never Find A Tree Tunnel?"
Major Monogram,"Oh, uh...Agent P. (Clears throat) It appears that Doofenshmirtz has made some rather unusual purchases. Chicken wire, three metric tons of baking soda and lederhosen. You know those leather bib-front shorts that make you look like a walking cuckoo clock? (Pauses) Man, he is one sick puppy."
Major Monogram,"Sorry to wake you, Agent P. Looks like Doofenshmirtz is getting sloppy. He sent his daughter right into our sting operation and purchased blueprints for a Space Las-inator. We intended to pass him fake plans, but due to a rookie error, and by ""rookie"", I mean Carl."
Major Monogram,"Get back on that camera, Carl! (scoffs) Interns these days. What're we even not paying them for? Unfortunately, we're running low on budget, because we spent most of our money making new entrances for your lair. Get to Doofenshmirtz's quickly before your overtime kicks in."
Major Monogram,"Good morning, Agent P. Doofenshmirtz is up to no good here, in the UK. And, uh, after your last mission in London, we ran into some trouble with the British Spy Union. So joining you today is Agent Double 0-0. (Agent Double 0-0 drops down from the ceiling and lands in the chair) And joining me today is the lovely Inspector Initials. (Initial splits the screen with Monogram)"
Major Monogram,"Ah, Agent P. Glad you're here. Doofenshmirtz has been incommunicado for far too long. Either he's up to something big or he's met with some sort of foul play. (Perry gets off his chair and rushes off) Well, that was rather abrupt. You know, sometimes I feel like he just comes here to get his assignments."
Major Monogram,"(emerging from the sand) Nice work, Agent P. Agent W will take it from here. (at Agent W via wristwatch communicator) Rubber ducky is in the water. Over. (at Perry) Uh... What do you say we get something to eat? I hear there's a great restaurant on the other side of the island. (holds up a tiki charm) And  uh, I found one of these. Maybe we'll get a free dessert."
Major Monogram,"Oh, for crying out loud! Who put a secret entrance at the bottom of the neighbors' koi pond? Okay, look-look-look. To avoid a lawsuit, give the fish hats, and we'll make them agents, and uh... Ooh, right! Agent P, your mission. Um you, know, Doofenshmirtz! Go!"
Major Monogram,"Let's go boys, looks like we've got some cleaning up to do. Alright you and you, I'll need a containment barrier around this area here. And you, set up the mind eraser over here by the vermillion... (Monogram rings the doorbell) Danville Water and Power. We're here to read your gas thingy."
Major Monogram,"Hello Agent P. I see you used the 'rabbit hole' entrance. Heh, freaks the heck out of intruders. (All the stuff from the rabbit hole crashes into the lair) *Ahem* Anyway, no news on what Doof is up to yet. We're still awaiting a surveillance report, from our special C.R. unit. Hey Carl! Any news from team Cockroach?"
Major Monogram,"Having a little watch party. I'm so excited to find out what happens to Antonio or that conventionally handsome Ryan. Anyhoo, I'm sure you're seeing that giant megaphone there on Doof's balcony. He hasn't done anything with it all day, which is odd, as he—"
Major Monogram,"Only you can make the decision to succeed. You've got to dig down deep within yourself and grab ahold of your dream! (pause) Go ahead. Grab it. (beat) I'll wait. (Agent P drops in.) Oh, Agent P! Uh, I've been giving a motivational speech to the interns, and, uh, by ""interns"", I mean Carl."
Major Monogram,"Morning, Agent P. We have intelligence that Doofenshmirtz may have taken up Square Dancing. He cannot be allowed to use one of our beloved American traditions for his evil purposes! So get out there and make sure he do-si-do...sen't do that, I guess."
Major Monogram,"It was a pity laugh. Anyway, Dr. Doofenshmirtz had to be downgraded to minor threat status, and we've just assigned Agent S to his case. The good news is you're being relocated away from your host family (Perry looks on with a shocked look on his face.) to this new family in the Quad-State Area."
Major Monogram,"Well, in focus group tests, 6-year-olds overwhelmingly preferred singing animals to a piece of paper with numbers on it, so I-- (Clears throat) Anyway, your mission: We've tracked Dr. Doofenshmirtz here to Lake Nose where we intercepted part of this phone call."
Major Monogram-2,"Now, let's see. Where was I? Oh, yeah. (During this, Carl-2 appears on different sides of the vanity and mocks Monogram-2) So, yeah, if-if you get a chance, tell Agent P he can return to work anytime, and, uh, and if you see any other small animals, you can tell them to... Carl, why don't you go over and check the ceramic frog?"
Major Monogram,"There you are, Agent P. There's something very strange going on with Dr. Doofenshmirtz. He's been very quiet lately. A little too quiet. I want you to find out what's not going on, and...uh...put a...stop..to it. I suppose. Good luck, Agent P."
Major Monogram,"Oh, hey Agent P. So, get this: I got this memo this morning on Doofenshmirtz. And somebody abbreviated his name and it- guess how they wrote it. (Pauses) Doof! (Laughs) The Doof! (Laughs again) It's times like these when you really appreciate having a cool name like Monogram."
Major Monogram,"Carl always changes my radio stations when we fly together, so I had this jet build just for me. That's, uh, partly why our budget is so tight now. We can track him through the onboard G.P.S. Now, come on, let's go. We've got a world to save. (He puts on a pair of sunglasses)"
Major Monogram,"Ah, Agent P. It seems Dr. Doofenshmirtz has been buying up the entire Tri-State Area's supply of potatoes, bacon, and whole boatloads of chopped green onions- sounds like a recipe for evil, literally. So uh, get cooking Agent P! Monogram out."
Major Monogram,"There you are, Agent P. It has come to our attention that all pigeons have left the Downtown area. Of course, on the upside, I haven't washed my car in weeks. (Clears throat) We can, uh, only assume that Dr. Doofenshmirtz is involved. You know your mission."
Major Monogram,"Eyes on the screen. (Perry then turns back around.) A wise man once said, ""Evil never takes a holiday"". We don't know what Doofenshmirtz is up to. But he's evil, and Christmas. (Chuckles) Evil people hate Christmas. It's a cliche, Sad cliche. Good luck, Agent P, and Merry Christmas."
Major Monogram,"Agent P, you're... you're here. Ahem. The, uh, Tri-State Area is mired in gloom and we believe Doofenshmirtz is behind it. We thought he retired the Gloom-inator, so this one is a big question mark. I'm sure you'll know what to do, Agent P."
Major Monogram,"Agent P! (static) Agent P! Do not come— (static) —headquarters! It is— (static) —life-or-Doof situation! (static) OWCA has fallen! I repeat, OWCA has— (Crash!) (static) Agent P, we need you to find the source of the contagion and protect those who haven't been infected. You're our last hope."
Major Monogram,"Ah, Agent P. We're getting reports that there is a distinct smell of confectioners' sugar, and icing coming from Doofenshmirtz's building. He must be up to something evil and sweet. Sweet and evil. ""Sweevil"" if you will. Go and stop him."
Major Monogram,"(on watch) Sorry, Agent P, I've received confirmation that Doof's anti-thwarting legislation is completely legal and official. So I guess we're the bad guys now. And I guess this means you're on hiatus at least until his term is over. Monogram out."
Major Monogram,"We clean up pretty nice there, don't we, Agent P? Anyhoo, Doofenshmirtz was up all night tinkering with his car. Now, we know he's not a car guy, so something is up. We've tracked him to the local grocery store. Go check on him, Agent P."
Major Monogram,"(laughs, clears throat) Agent P, we've learned that Doofenshmirtz may be in therapy. And if so, we fully support him and hope he gets the help he needs. But, on the other hand, if this doctor he's seeing is just another evil scientist, stop them at all costs."
Major Monogram,"Just wear it for the day, it's-it's good for his self-esteem. (reveals he is also wearing the shirt) Uh, Doofenshmirtz has been spotted en route to Danville National Park. So, I guess for you it'll be a walk in the park. Haha, 'cause you're going to the park. Where Doof is."
Major Monogram,"Where's Perry? Oh, there you are. Didn't uh...see ya...sittin' there. Anyway -- our sources tell us that Doofenshmirtz is up to something and if we're gonna put a stop to it, we'll need a little of that old egg-laying mammalian magic."
Major Monogram,"Yes. Anyway, we're not here to discuss my name. We're here because kids all over the world logged on to vote for their favorite Phineas and Ferb music videos. And we're countin' 'em down! Starting with number 10. Are ya ready, Dr. D?"
Major Monogram,"Carl? You said you could draw! (He crumbles the paper and sends Carl out of the room) (to Perry) I'm sorry, Agent P. In the meanwhile, he may try to find one of your secret passages and infiltrate your lair where he could hack into our mainframe. So, be on the lookout for any suspicious characters."
Major Monogram,"Good morning, Agent P. The evil Dr. Doofenshmirtz is up to his old tricks. For reasons completely unknown, he's purchased a giant airship or blimp, as the kids say. Your mission is to find out why, and if necessary, put a stop to it."
Major Monogram,"Good morning, Agent P! I know you've been on venomous insectoid robot duty for the last nine months, but I have good news. Well, news. We suspect that Doofenshmirtz is back to his evil ways. And by ""suspect"" I mean... he emailed us."
Major Monogram,"Ah, Agent P. Sorry to disturb you on Canada Day, but the world's top evil scientists have been photographed leaving Doofenshmirtz Evil Incorporated. Something big is going on, real big. I need you to infiltrate his headquarters."
Major Monogram,"We're convinced that it has something to do with a new machine Dr. Doofenshmirtz has been working on. We're sending you a photo of his new inator. Oh-ho yeah! It looks evil all right. You better destroy it. Good luck, Agent P!"
Major Monogram,"Good morning, Agent P. Dr. Doofenshmirtz is up to no good again. We just discovered his new hideout is located inside Lincoln's head at Mt. Rushmore. (Perry scowls) I-I know. You were just there. Poor planning on our part, actually. Sorry."
Major Monogram,"You're daft, Carl! (to Perry) Anyway, word has it that Doofenshmirtz plans to attend the ceremony. The odds are he's up to something evil. Better look into it, Agent P. (Perry zips away) Hmmm...Gerbil Bait. Teh, talk about your long shots. (He looks to his right) Dangit, Carl!"
Major Monogram,"It's humiliating! I'm stuck in this crummy, little cubicle while my office gets repaired! Anyway, Agent P, due to your quick thinking and decisive action, you were able to rescue Agent Silent G. Doofenshmirtz, you're fired."
Major Monogram,"And I would obviously lend my incredible athleticism to the team, but... I get a little too competitive. It's, uh, not pretty. Anyway, Agent P, get over there and see what Doof's up to. I know he'll find some way to cheat."
Major Monogram,"Hello? Hello-oo? Anybody there? (Perry crashes down, full of water) Oh, good morning Agent P. We just received word that Dr. Doofenshmirtz has been buying up construction toys at an alarming rate. We need you to find out what he's up to and put a stop to it. (Perry salutes and leaves with his scooter, and stops at the red light. Linda's car stops beside him, and she glances; then when she realized it, Perry puts a pair of Groucho glasses on and Linda just shrugs. The green light then appears and he zooms away.)"
Major Monogram,"Hehe. Pretty nifty, huh? (from the hologram) With this device, you'll be able to contact me from anywhere at anytime, but don't call between 3:30 and 4:00, because...that's when I take a shower. Wheehoohoowee, wait a minute. (Points to Monogram on the big screen) Is that... me?"
Major Monogram,"Agent P, Doofenshmirtz is up to his usual shenanigans, but we have a more serious problem. There's a rogue agent on the loose, and he's in your area. Carl is working with our field agents...to create a composite sketch."
Major Monogram,"Seems Dr. Doofenshmirtz has been buying baby supplies all over town. One could only imagine what he's doing. Two can discuss it between themselves; more than two is frankly a waste of our resources. Good luck, Agent P! (Perry leaves)"
Major Monogram,"You know, Carl, I see firsthand just how much you do for OWCA. And although it goes without saying, I'm going to say it. You are one of the hardest workers I know. You're not just an intern. (offers his hand) You're more than an intern."
Major Monogram,"Agent P, I'm glad you're here. Dr. Doofenshmirtz has been hoarding all of the paper in the Tri-State Area. Find out what he's got up his sleeve, other than, apparently, an enormous amount of paper. Good luck, Agent P."
Major Monogram,"Good morning, Agent P! After extensive research and computer data analysis we have concluded that the Tri-State Area is experiencing an unprecedented shortage of eggs. We need you to investigate. Good luck, Agent P."
Major Monogram,"Ah, Agent P. I've instituted a new short-order message technique. Listen carefully. (rings the bell) Doof is up, put a stop, curses on the side. Well, let's go, Agent P. My orders are backing up. Adam and Eve on a raft, wreck 'em."
Major Monogram,"Good morning, Agent P. We've just received some intel that Doof has hired an assistant. Some muscle, if you will. He must be up to something big. Heh you know, I once put in a request for some muscle. Got Carl."
Major Monogram,"Moving right along: Sorry you have to work on Halloween, but just get out there and see what Doof has planned. I'd give you more information, but, obviously, I've got to find a new costume. Thanks a lot, Carl!"
Major Monogram,"(Chuckles) Oh, there you are, Agent P. (Chuckles) Carl, he fell for it! (Chuckles; Carl laughs) We were just kidding about the whole magpie costume. (Perry rips off beak) Anyway, Doofenshmirtz is up to something. Seek out that wild-eyed miscreant and found out what he's up to."
Major Monogram,"Hmm. Uh, nice entrance, Agent P. But you do realize there's an elevator right over there, right? Okay, just pointing it out. Doofenshmirtz is up to something. I want you to get out there and put a stop to it."
Major Monogram,"Apologies, Agent P, and, ih, sorry for calling you in after hours. Fish have been mysteriously disappearing all over Danville. Smells like Doofenshmirtz to me. Ya know, 'cause he often smells a lot like fish."
Major Monogram,"(on the platypus' wrist communicator) Congratulations, Agent P. You've defeated the Regurgitator. As a matter of fact, he just landed in our prison. You can return immediately to your host family, and Dr. Doofenshmirtz is once again your nemesis."
Major Monogram,"Good afternoon, Agent P. For the past few days, our motion sensors have detected Dr. Doofenshmirtz rummaging around in his basement. So, last night we had Carl staked out down there behind his water heater."
Major Monogram-2,"Hoo-hoo, stand down there. We captured Doofenshmirtz. Nothing left to resist. And it would look foolish to just stand there, resisting nothing... Well, unless you're a mime. Then it would look totally cool."
Major Monogram,"And now he's...Hey, Carl! Whoa! Anyway, he's controlling them with a small remote device. It's up to you and your team to find Parenthesis and destroy that remote. You're all we've got on the outside, so..."
Major Monogram,"(applauding) Delightful entrance, Agent P! Anyhoo, our intel says that Doof is dining in Danville tonight, which, you know, now that I think about it, sounds pretty harmless. I, too, have dinner reservations of my own."
Major Monogram,"Anyway, let's get this show on the road, shall we? (Carl hoists a cardboard replica of the screen and stops it with a rock) Dr. Doofenshmirtz has been collecting some extremely unusual items the last few days. Uh, some of the odd purchases include—Carl, where are my inserts?"
Major Monogram,"Your hat, Agent P! If the microchip in your fedora's been damaged, our entire security system could be compromised! You must report immediately to the OWCA haberdasher and get a new hat with a new chip."
Major Monogram,"Great job, Agent P. You stopped Doofenshmirtz, saved the Tri-State Area, and finished the music video countdown. (at the camera) Well, thanks for tuning in, folks. We'll see ya next time. (at Doofenshmirtz, who is now trapped in the cage) Say good night, Doofenshmirtz."
Major Monogram,"(on watch) Agent P, pack your pool noodles and get to the Danville docks. Doof's boarded a party cruise and my Aunt Olga is on that ship celebrating her birthday. I don't want him to ruin her big day. Stop Doof."
Major Monogram,"Well, I have to admit, that game reminded me how important L.O.V.E.M.U.F.F.I.N. is for O.W.C.A. to stay motivated. And it reminded me why I'm behind a desk now. My brain is more stable than my brawn."
Major Monogram,"Agent P, we hired a professional artist and got much better results. We've identified the rogue agent as Dennis. (He flips through various disguises of a mean-looking bunny.) He's a mercenary for hire and a master of disguise. (The last picture shows the same rabbit that Candace found.) You need to stop him at all costs."
Major Monogram,"(Coughs) I apologize, Agent P. I'm a little under the weather today. First, I was convinced that Carl got me sick, you know, that old knee-jerk blame Carl thing but then, then we received this, this morning."
Major Monogram,"Anywho, Dr. Doofenshmirtz is up to something sinister. Find out what it is and report back. Monogram, out. Carl, fade out. (Carl pushes a button on a remote which turns the room pitch black, and the only things visible are the eyes of Agent P, Carl and Major Monogram) You can go, Agent P. (he does so) Okay, Carl. Turn on the lights. (pause) Carl? (man laughing manically) Stop it, Carl."
Major Monogram,"Carl, are you familiar with the phrase, ""No duh""? (to Agent P) Getting chipped could put the entire operation in danger, so avoid it by any means necessary. But it's, uh... it's always good to have a checkup."
Major Monogram,"As you may know, this is International Good Manners Day. Perhaps, not ironically, Dr. Doofenshmirtz has chosen this very week to create a device that causes rampant rudeness. Go take care of it."
Major Monogram,"Good morning, Agent P. Lawn gnomes across the Tri-State Area are disappearing, leaving thousands of gardens unprotected from the evils of black magic. We suspect Doofenshmirtz. Get right on it."
Major Monogram,"Quiet, Carl! Haven't you caused enough harm? (to Perry) Your ""so-called"" Secret Santa must've somehow infiltrated the agency and uh, until we get to the bottom of it, whatever you do, do not play that CD."
Major Monogram,"Morning, Agent P. Doofenshmirtz has been stocking up on a lot of high-end sound equipment and musical instruments. In fact, he jut outbid me on this sweet vintage solid-body maple-top guitar."
Major Monogram,"What? Nothing available for tonight? Oh, never mind. (To Perry) Er, sorry, Agent P. It's date night tonight with the wife, and if I don't figure out something special to do, I'm royally in the doghouse."
Major Monogram,"(via Perry's wristwatch communicator) Agent P, you must stop Doofenshmirtz and his unnamed gang of evil scientists before they broadcast their message of evil, and interrupt what has quickly become mine and Carl's favorite show."
Major Monogram,"What's shakin', bacon? (camera reveals Major Monogram dressed up '50s-style) Like the threads? Carl and I are going to cruise over to the Doo Wop Hop tonight. We're going incognito. Maybe do a little reconnaissance while I take in the car show."
Major Monogram,"Looks like we picked a bad day to send all of our field agents to sensitivity training. We're all out of options. (gasps) I was hoping this day would never come, but, Carl, this is your big chance! (Carl gets raised up on a chair as he salutes him.)"
Major Monogram,"Morning, Agent P. As you can see, I, uh, I've had a little shaving mishap with this defective electric razor. Just not comfortable with my eyebrows moving independently of each other."
Major Monogram,"Anyways, Doofenshmirtz has been spotted outside the Danville Water Park with a preposterous amount of Doonkelberry oil. Water and oil don't mix. He must be up to something nefarious."
Major Monogram,"Good morning Agent P. The evil Dr. Doofenshmirtz is up to his old tricks. For reasons unknown to us, he's bought up 80% of the country's tin foil. (He stops, looking a bit surprised) Carl, di-didn't he already do that?"
Major Monogram,"Anyway, Doofenshmirtz has been seen racking up huge bills in Brain, Bath, and Beyond, the area's largest Big Box Mind Control Warehouse store. Get to the bottom of it. Monogram out."
Major Monogram,"That was stupid fresh!! I'm making that one my ringtone for sure! And right now, I've got a surprise for all who have youngsters, a special guest who's got his own death theme song."
Major Monogram,"Sorry to bother you, Agent P. We just wanted to let you know we'd be temporarily unavailable. Seems there's a giant dinosaur running amok downtown and Carl wants to go check it out. (Carl leans into the frame wearing a ""I Heart Dinosaurs"" baseball cap.)"
Major Monogram,"Agent P, we've just heard that our New Mexico operative, Agent CH, has had his cover compromised. We have the coordinates of his location, and you are the closest agent. Get to it."
Major Monogram,"Morning Agent P. Dr. Doofenshmirtz is on the move. We've tracked him to northwestern Washington. We need you to get up there and see what he's up to. Oww! Oh! My back! Carl, crack!"
Major Monogram,"Have a seat, Agent P. (cut to reveal Monogram on an old black and white TV set) Due to the gravity of your mission today, the gentleman on the big screen will be addressing you (Wide shot to reveal Fury on the big screen) while I use this old TV monitor Carl found in the basement."
Major Monogram,"Yes, the constant acrobatic lessons you've been given since birth. You, Monty Monogram, don't have to give up my dream of becoming an acrobat. You can be anything you want to be."
Major Monogram,"Excellent work, young man! Excellent! Y'know, it's unprecedented, uh, you being a human, but I'd like to offer you a job at the Agency. What do you say, son? Ya wanna fight evil?"
Major Monogram,"Gentlemen, we're out to stop Doofenwitch. You want to rescue the girl. I see an opportunity here for some inter-agency cooperation. Now, here's the plan. Wait, why am I a fairy?"
Major Monogram,"Carl, I'm trying to use the bone. (to Perry) Anyway, Agent P, we've learned that Dr. Doofenshmirtz is shopping for parts to build another one of his outlandish devices. Put a tail on him."
Major Monogram,"Oh, Carl, they never look at the photo. Anyway, get out there, Agent P, and good luck! (Perry salutes, then leaves) And make sure you stop and smell the roses! Well. . . he never stops to smell the roses."
Major Monogram,"Sorry to do this to you, Agent P, but we're making Doofenshmirtz your responsibility during his probation period. Show him the ropes, and, uh, don't let him out of your sight."
Major Monogram,"Morning, Agent P, We have a report that Doofenshmirtz is at the shark. We don't know which shark, but it sounds bad. Ugh! Gives me the heebie-jeebies just thinking about it..."
Major Monogram,"Anyhow, Doofenshmirtz has gone missing. We've used our global location scout and we can't find him anywhere. Even his answering machine has given us no clue as to where he is."
Major Monogram,"Ew! Agent P, you're here! We're getting very suspicious about Doofenshmirtz. He hasn't ordered any bulk items from the Internet in days. Get over there and put a start to it! (Perry salutes.)"
Major Monogram,"Sorry you had to pull that all-nighter, but we really appreciate you filling in for Agent Q. With most everyone down at Agent-Con this week, we're, uh, a little shorthanded."
Major Monogram,"Well, I'll keep it brief. Doof is getting into some farm-related shenanigans, and no good has ever come from a mad scientist taking up animal husbandry. Go get him, Agent P!"
Major Monogram,"That's not why I called you in. Get a look at this. This is Newton the Gnu. He was assigned to Dr. Diminutive, but it seems some bonehead blew his cover on the blogosphere."
Major Monogram,"Ah, Agent P. just checking in to see if you noticed any evil activity from Doofenshmirtz, (Perry looks up to Major Monogram is standing right there, with Carl holding up a backboard) there's a-- Monogram out. (He walks away) Carl, why didn't you tell me he was sitting right there?"
Major Monogram,"Put a sock in it, Carl! (clears throat) I, was a-a bit too busy planning your party, so I'm not sure what Doofenshmirtz is up to, but I am sure that it's no good. Get to the bottom of it!"
Major Monogram,"(to Perry) Anywho, we've had some grave concerns. Seems there's been some extreme seismic activity in the area. We're pretty sure our old friend Doofenshmirtz is up to no good again."
Major Monogram,(Stops video) You see that? Dr. Doofenshmirtz saving a kitten. Looks like he's defecting to the good side! Make contact and present him with our standard welcome package. Monogram out.
Major Monogram,"Oh, yes-yes, of course. Bad news is the relocation, and the good news is the new villain thing. Uh… just make sure you take your belongings from the house when you leave. (Perry looks away, depressed.)"
Major Monogram (2nd Dimension),"Oh, you're from another dimension? Well, he'll probably want to see you then - he's into that freaky sorta stuff. Have a seat and I'll let him know you're on your way up."
Major Monogram,"Yes, it's a lovely tie, but I'm not your father! (to Perry) Anywho, Doofenshmirtz has plans to gum up the entire Tri-State Area. And we need you to check it out. Good luck, Agent P."
Major Monogram,"I'm sorry, Agent P. Carl's an extra in some Christmas show, and I don't know what Doof is doing today. You know what, I'm just gonna send you over there blind. (salutes) Good luck."
Major Monogram,"Well, umm... that's a lot lower on my heebie-jeebie scale. So Agent P, uh, change of plans. Head over to the park and stop Doof from doing the doings that Doof does ...do (Clears throat)"
Major Monogram,"Lucky dog. It's cold in... Oh! Agent P! Didn't hear you come in. I have no idea what Doofenshmirtz is up to. It seems all of our computers froze. Isn't that right, Carl?"
Major Monogram,"Ah, yes, here it is. Dr. Doofenshmirtz. Huh, what a surprise. Building some sort of destructo ray. End of the world. Yadda, yadda, yadda. I'm faxing you the coordinates."
Major Monogram,"Agent P, an unusual power wave has struck the city with potentially disastrous consequences. Forget Doofenshmirtz, find the source of that power wave, and dismantle it."
Major Monogram,"Get out of here! (Doofenshmirtz and Perry leave and Carl walks by with a mail cart) Carl, get in here! When you're done delivering the mail, I want you to wash and wax my car. You know, a little wax on, wax off? It'll teach you karate!"
Major Monogram,"Okay then, let's throw it over to my partner in crime. Not that I'd actually perpetrate a crime with him of course, I-I would never... (at Carl) Carl! Who wrote these cue cards?"
Major Monogram,"Good morning, Agent P. I hope you enjoyed Lair Entrance: The Ride. The agency wanted to make coming into work more exciting. It was either that or a huge bonus check."
Major Monogram,"Well, as you know, my father was in the agency, and what you don't know is that he pressured me into following in his footsteps. But I always wanted to be an acrobat!"
Major Monogram,"Good morning Agent P. Look, here's the thing, I don't know what Doof is up to. I've been busy giving each of my friends personalized ring-tones. I have one for you."
Major Monogram,"Oh, uh, you're just walking in normally today. It's just, I, uh... I don't have much to report. I was kinda hoping a cool lair entrance would eat up a little time."
Major Monogram,I'll be doing the heavy lifting monitoring the mainframe here and Carl will do the easy work of climbing through ten thousand feet of tunnel checking each opening.
Major Monogram,"Uh, actually, it's Major Monogram. You see, I'm in charge of an elite group of secret agent undercover animals who— (clears throat) You don't mind me going on about this, do ya?"
Major Monogram,"Doggone it Carl, we can't keep wasting our funds like this! (to Agent P) Well anyway Agent P, I guess you can go over there and see what he's gonna do with that large bucket. (Agent P leaves)"
Major Monogram,"Agent P, Doofenshmirtz is at the Almond Brittle Convention, so you have the day off. I'm in nearby Swampville teaching Carl the manly art of piloting a fan boat."
Major Monogram,"The super code red emergency is that our organization, O.W.C.A., has to square off with the evil scientist organization, L.O.V.E.M.U.F.F.I.N., in a soccer game."
Major Monogram,"Ah, Agent P. Uh, oop! Uh, hold on a sec. (grunts while turning his camera upside down) There we go! Doofenshmirtz has been spotted buying television cameras, boom mics, and makeup. Find out what he's up to."
Major Monogram,"Ah, Agent P, I want to apologize for my appearance. You see, I was up all night monitoring Doofenshmirtz. It seems that—zzzzzzzzzzzz.... Yeah, I'll have cake."
Major Monogram,"(via a screen on a Tiki statue) Aloha, Agent P. I see you were able to subliminally persuade your host family to take their vacation in Hawaii. Still have no idea how you managed to do that."
Major Monogram,"Now for your mission. Slushy the Clown statues have disappeared all over the Tri-State Area. Without that clown, there's just nothing fun about lunch anymore."
Major Monogram,"Ah, there you are, Agent P. I hear you took a wrong tube and ended up over in Wanda's division. Well, Doofenshmirtz has sent you a video message. Take a look."
Major Monogram,"Oop, good morning, Agent P. Uh...beat it, Carl. I'm on. (Carl leaves) Sources tell us that Doofenshmirtz's ""ROTFL"". We don't know what that means, but it sounds dangerous."
Major Monogram,"Hello there, Agent P. Doofenshmirtz's brother, Roger, is having another commemorative statue of himself— (scoffs) If I had a nickel for every time that's happened..."
Major Monogram,"Garry the Gander? Oh, that's just a wild-goose chase. Get it? Goose, gander? Heh. Uh, we had to distract Agent P because he's too close to Phineas and Ferb."
Major Monogram,"Morning, Agent P. I was just doing a little handicapping for this year's Running of the Chinchillas. I think I'm going to box Dryer's Dust with Squeaky Toy."
Major Monogram,"We can't let the family see him like this, he's got the brain of a toddler. We need to restore his memory before he's missed at the Father Daughter Picnic."
Major Monogram,"At this rate, I'll be late for my creative writing class. Agent P! No need to walk all the way down here! I'll just give you your mission on the staircase!"
Major Monogram,"On behalf of the entire Agency, I'd like to thank you for your valiant service in one of our darkest hours. (places a medal and a fedora on Planty) Planty the Potted Plant, welcome to the Agency."
Major Monogram,"Sure, sure. Thank you for not making us wait. Heh. That bathroom attendant was lovely, he gave me mints and some floss. I-I just couldn't thank him enough."
Major Monogram,"Agent P, thanks for coming in this evening. Doofenshmirtz has been spotted interacting with other doctors and scientists and must be up to something evil."
Major Monogram,"Never mind that, Carl. His overtime is expensive, and, you, on the other hand, are free. So stop goofing off, find Doof, and help Agent P finish up fast."
Major Monogram,We planted hundreds of hidden cameras in Evil Incorporated (image of D.E.I. shows on monitor) so that we here at headquarters can watch the historic event and also enjoy some cheap laughs. (chuckles)
Major Monogram,"(hands out money) No! For the delivery. Even though it was 37 seconds late. But I will be sure to validate your parking. Heh. A ""paid intern"". That would be preposterous."
Major Monogram,"Carl! Anyway, Agent P, sources indicate Dr. Doofenshmirtz is up to one of his evil schemes. I need you to get out there and put a stop to it. Good luck."
Major Monogram,"Good morning, Agent P. I've got bad news and good news. The bad news is you're being reassigned to a new, more evil villain. His name: The Regurgitator."
Major Monogram,"Uh-oh, sorry Agent P. I guess evil never takes a holiday. If you'll direct your attention to the screen. (A screen comes on, showing him in uniform.) Good morning Agent P. A-A wise man once said..."
Major Monogram,"Happy nine hundredth and ninety ninth lair entrance, Agent P! To commemorate this joyous occasion, we'd like to present you with this souvenir T-shirt."
Major Monogram,"Agent P, Code Red! Doof's therapist is about to blow the lid off of OWCA's entire operation, exposing us all! You must stop him! (to Carl) Keep shredding, Carl!"
Major Monogram,"Ah, Agent P, I trust that your mission was a complete success. Good work! Now, hand it over for the special disposal procedure. Careful, now. Careful."
Major Monogram,"When an evil scientist sends fragrant letters, wrongdoing can't be far behind. Dismissed Agent P! Carl, let me uh, smell that letter again, would ya?"
Major Monogram,"I would never pull an elaborate childish prank like that. I-I-It would ruin my reputation! Destroy my credi- oh, I see where you're going with this."
Major Monogram,"Agent P, our agents are being overwhelmed by the sheer number of robots coming into our dimension. You must get to Doof's headquarters and stop him!"
Major Monogram,"Great googly moogly, Carl! This could bring down the entire organization. (straightens his mustache) Get him back to headquarters right away so that we can restore his memory."
Major Monogram,"Your 100th battle with Dr. Doofenshmirtz is already a big hit on the O.W.C.A. intranet. With five million downloads so far. You're a star, Agent P."
Major Monogram,"Hey, there, Agent P! Well, it's Horrific Movie Night at my house where a bunch of Agency guys get together and make fun of ridiculously bad movies."
Major Monogram,Great googly moogly! A distress signal! Agent P is really trapped! Why won't he use the bevy of tools and weapons conveniently located in his hat?
Major Monogram,"Alright, everyone, take it easy. Just calm down. No reason to get upset. We've got a massive security deposit on this place. So, everybody just..."
Major Monogram,"We still haven't found out who it was. In the meantime, we'll need you to bring him in. Get on it, Agent P, and, uh, take Doofenshmirtz with you."
Major Monogram,"(on watch) Agent P, Doofenshmirtz has created some sort of living cloud and we believe he may turn it into a huge storm to wash away everything he dislikes."
Major Monogram,"Yeah, you better get goin', Agent P. You can use the disguise setting on your Olson Martin. (Perry takes his Olson Martin out of his pocket, pushes a button, and it turns into Vanderbeek's mustache. He puts it on.) Wow, the resemblance is uncanny! Good luck, Agent P!"
Major Monogram,"(Now on screen in Perry's lair) Agent P, sorry about the delay. Doofenshmirtz is at it again, he's been frequenting hobby shops and well, Carl's worried sick. Aren't you, Carl?"
Major Monogram-2,"Oh, right! Ahem. As you know, after our agents were all captured and O.W.C.A. fell, your resistance partly operated out of our old headquarters."
Major Monogram,"Agent P, we've noticed an excess of plant life on Doof's balcony. We suspect it's part of a nefarious scheme. Get to the bottom of it, Agent P."
Major Monogram,"What happened to that guy? No pressure, but style counts. (Perry salutes and walks away sadly) Let's, uh, let's give him a few days, and then we should talk to him about his exits."
Major Monogram,"Carl, I just completed your intern evaluation report. You've earned a gold star in every category except one. You need to show more initiative."
Major Monogram,"Come in. Sit down, Agent P. We have a serious problem. It seems someone, and I'm not saying who, someone has spilled on the couch in the lobby."
Major Monogram,"Well, I'm sure whatever Doof is up to, he's probably much warmer than we are, and that alone should be reason to stop him! Good luck, Agent P! (Perry salutes and exits his lair)"
Major Monogram,"The hallway is crawling with compromised agents. We're gonna hafta do some creative sneaking, Carl. Follow my lead. (They sneak around.) The cobra. (They do a pose, while Agent C passes by, not noticing them. They start sneaking again.) Andalusian dog. (They pose again, while Agent F passes by.)"
Major Monogram,"What the heck is all that racket? I'm just gonna go over there and tell them to keep it down. I'll be polite but firm. (He opens the divider to reveal Doof, as a record scratch is heard, then he closes it up again.) Huh. What are the odds?"
Major Monogram,"Ah, Agent P, I see you got the memo. It's Transcendental Meditation Week. Namasté. (He bows and Perry bows back.) Doofenshmirtz has been spot—Carl, enough with the drumming!"
Major Monogram,"Sorry to, uh, ping your pong, Agent P, but we've received word that Doofenshmirtz has made an appointment to renew his evil business license."
Major Monogram,Huh? Great googly moogly! Combining fighting evil with acrobatics? Of course! It was right in front of my face the whole time. That's my boy!
Major Monogram,"Ah, there you are, Agent P. Well, let's get down to brass tacks… (reading his clipboard) What's this? ""Happy passive-aggressive relationship day""? Oh, is that today?"
Major Monogram,"There's nothing wrong with unlicensed good, Carl. (turning to Perry) Oh, uh, since you're in the area, Carl would appreciate it if you renewed our license too."
Major Monogram,"Uh, welcome to our telethon. If you're just joining us, your dollars are helping us to find a cure for, um... antidisestablishmentarianism."
Major Monogram,"Uh, recent events have brought it to my attention that you're a great help to me. And, uh, not quite sure what I'd do without you, in fact."
Major Monogram,"(On radio) Agent P, your halo jump is a go. Go, go, go! Jump, and fall! Keep falling, and keep being a platypus! Visualize it, you're a falling plat- (Perry turns off radio as his bubble takes shape that burns through Doofenshmirtz Evil Inc‥ He approaches Doofenshmirtz looking quh-wite unhappy)"
Major Monogram,"Oui, Fifi. (at himself) Oh, now I've lost my train of thought. (at Perry) Anyway, get out to Doof's place and put a stop to it. (at Carl) How much is this costing us, Carl?"
Major Monogram,"It's alright. (His visor drops on his eyes and he pushes it back up.) Monty, is that you?! With the daughter of my sworn enemy?! It can't be!! (Walks up to the Pimpernel next to Vanessa.) Alright, Monty, you've got a lot of explaining to— (the Pimpernel that is talking to Vanessa reveals herself to be Stacy.)"
Major Monogram,"Well, guess we can kiss that pair of handcuffs good bye. I don't about you, but I'm gonna go take in a revue. See you back in the States."
Major Monogram,"Oh, for Pete's sake, I can see the smell from here. Put it down and test all the outside portals. Maybe the doors are stuck or something."
Major Monogram,"As you know, Doofenshmirtz is in the area of the Big Island. He's obviously up to no good. Find out what's he up to and put a stop to it."
Major Monogram,"(to Carl) D'you know how bad it looks when you know something that I don't? Never know something that I don't. Now, Carl, where did I put my keys?"
Major Monogram,"Ah, Agent P, there you are. Dr. Doofenshmirtz has been spotted playing with a hoop. See what he's up to. (Perry looks scornfully at Monogram.) That's it. That's all we got."
Major Monogram,"Well, I thought you were joking about that. But, you know, seeing you in uniform and handing me a pizza, I admit I might be mistaken."
Major Monogram,"Doofenshmirtz has been experimenting with image technology! It's very suspicious! We need you to go check it out! Good luck, Agent P!"
Major Monogram,"(on monitor in the ice cream truck) Remember, Carl, nothing distracts kids like ice cream. You need to get rid of those two boys so Agent P can proceed with his mission."
Major Monogram,"Like I said, we haven't come up with anything yet. So, we need you to get in there, and find out. Good luck, and be careful out there"
Major Monogram,"We, the members of the jury, find the defendant (gets zapped) not not guilty, so I guess we find him guilty. (The bailiff cuffs the defendant and takes him away.) Funny, I coulda sworn he was innocent."
Major Monogram,"I know we gave you some time off, but-but could you please come back in to work? (pleading) Please? (normal voice) I can't hold my eyes like this much longer."
Major Monogram,"You can't make me talk. I have nerves of steel and...an iron will and...gold teeth and a...copper spleen. Basically, I'm 35% metal."
Major Monogram-2,"No, no. Doofenshmirtz is in jail. Everything's fine. Go-Go to your picnic and relax. Dress festive, be young! Ha. You've earned it."
Major Monogram,"Well, what good are they to him here? Poor Agent P, he's just a platypus trapped in a cage. Wearing a tiny hat, a little fedora..."
Major Monogram,"Sorry, Planty the Potted Plant, but apparently your cover's been blown. I'm afraid you'll have to be repotted with another family."
Major Monogram,"Don't state the obvious, Carl! Anyhoo, better get over and give Doof a nudge, just to make sure he's still, uh, y'know, breathing."
Major Monogram,"Great googly moogly! Heh. Y'know, Vanessa, this reminds me of this one Fourth of July when Monty had a firecracker shoot right at—"
Major Monogram,"Ah, Agent P. Special surveillance photos tell us that Doof has been outfitting his skiff with something large. It's hard to tell--"
Major Monogram,"In fact, ih, why don't you come on in and enjoy a slice on me? And I've even got a special surprise for you. (gets out his wallet) You're getting paid!"
Major Monogram,"Yes, yes, I know how it goes, Carl. Anyhoo, the mayor is the public face of Danville. Do not let Doofenshmirtz ruin the ceremony."
Major Monogram,"Okay, Agent P, who do I look like? Huh, whaddya think? (Perry simply stares) Oh c'mon! Carmen Miranda! Y'know, you really should watch more old movies."
Major Monogram,"Well, that's it for me, Carl. The season premiere of Workplace Acquaintances is tonight, and I hear the episode is really tepid."
Major Monogram,"Oh, come on! (to Perry) Sorry, Agent P. Carl's been taking some film classes and now believes I'm stifling his creativity as my cameraman."
Major Monogram,"I assure you, for the rest of my life, every time I look back on this I will personally drive over to your house and smack you."
Major Monogram,This is highly irregular. I really... Can you turn the screen sideways? I really don't look good in the vertical aspect ratio.
Major Monogram,"Oh, and we're back. We're counting down the top 10 Phineas and Ferb music videos from Season 1, as picked by you, the viewers."
Major Monogram,"(appearing in disguise with Carl, also in disguise) Oh, look! There he is! My pet bunny, Mr. Bigelow! I've been lookin' everywhere for you! Get over here, you naughty lagomorph!"
Major Monogram,Oh. You already got him. So it's somebody else? What kind of evil mastermind would... Heh heh. Not our problem. Monogram out.
Major Monogram,"Curse your furniture-based shenanigans, Carl! (to Agent P, from the floor) Doof has done something to alter local gravity, so you should go check it out."
Major Monogram,"Well, that was trippy. Good morning, Agent P. Doofenshmirtz has been spotted doing a variety of non-evil things, maniacally."
Major Monogram,"Okay, you made your point, Parenthesis. Apparently, I didn't notice you in school. Sad story. Boo-hoo. But why are you here?"
Major Monogram,"Good morning, Agent P-HEE! Whoo! Sorry, we haven't cleaned that entrance in a while. Don't worry, we have a moist towelette."
Major Monogram,Unguessable? It's basic meteorology! You're going to upset the existing cloud's warm front by hitting it with a cold front.
Major Monogram,"Anyhoo, Doofenshmirtz hasn't left his house in over 36 hours, so maybe do a wellness check. Make sure he's hale and hearty."
Bad Future Major Monogram,"Agent P, another failed mission. It's gotten really hard to defeat Doofenshmirtz ever since we swore that oath to obey him."
Major Monogram,"Remember the three D's. ""Distraction"", ""Discussion"", or ""Diversion"". Make a ""Decision"". Nope, four. I guess there are four."
Major Monogram,"I can see that Carl, now get back in that corner until I tell you you can get up. Still fifteen minutes left on the timer."
Major Monogram,"Well, I do have 24 hours before I have to submit my evaluation. Prove you can show initiative and that gold star is yours."
Major Monogram,"Our analysts agree: Evil, chicken wings, underwater, 15%. It's a recipe for disaster. It's up to you to stop him, Agent P."
Major Monogram,"Agent P! What's wrong? Oh! You caught Doofenshmirtz, huh? That's weird. Usually he traps you, then you escape and then..."
Major Monogram,"(tries to grab the pizza box) Well, Carl, if you hadn't wasted your evening with all your silly antics, maybe you'd be able to deliver a pizza on time."
Major Monogram,"Pretty sure there's a small town half a klick north. Or is it south? Eh, it probably doesn't matter. Just try to keep up."
Major Monogram,"We really miss that clown. (sniffles) So, ahem, drop whatever you're doing and find out what happened to those statues by lunchtime."
Major Monogram,"That's better. Sorry to be so harsh, Agent P, but today is a very special day. Your 100th battle with Dr. Doofenshmirtz."
Major Monogram,"Not now, Carl. I'm briefing Agent P. (at Perry) So get out there and good hunting. (Perry leaves) Oh, no! Carl uh, now it just says q-q-q-q-q-q-q."
Major Monogram,"Sorry, Agent P. Your monitor is on the fritz today...thanks to someone who isn't aware that croquet is an outdoor game."
Major Monogram,"Sorry. We need you to infiltrate his headquarters. Carl thinks I need to be more ""inclusive"". Find out what he's up to!"
Major Monogram,"That's why you'll be controlling this robotic version of Mr. Fletcher. (He carries Perry up and into the robot.) Unfortunately, the operation manual is in Dutch. (Gives Perry the foreign manual.)"
Major Monogram,"Is everything all right, Agent P? I'm sensing you're in a bit of a jam. Can you get us a better view of the situation?"
Major Monogram,"(from inside) Alright, everybody, tall kids in the back. (zooms to the inside of the lab) Just need to do a little more programming here, and we'll be ready to roll."
Major Monogram,(On Perry's motorcycle's side mirror) Agent P. We just received word you're on Canadian soil. We don't have jurisdiction there. Stand down! That's an order!
Major Monogram,"Carl, this new facility is really impressive. Now, tell me again where you found the money for all these improvements."
Major Monogram,"Ah, Agent P. (Lawrence gasps and hides behind the hovercar) Doofenshmirtz has been doing lots of research on the structural properties of glue. It's probably not... (continues under)"
Major Monogram,"Agent P, I'm afraid your robotic Mr. Fletcher is overheating. Apparently, Carl forgot to top off the coolant levels."
Major Monogram-2,"Ah, well, I didn't want to say anything before, but we kind of lost track of some of the agents when Doof took over."
Major Monogram,"Oh no, Agent P! It's stuck in their heads! We need something even more catchy to counteract it! But what could we..."
Major Monogram,"Great googly moogly! Is that what I look like?! Wow, suddenly I feel ridiculous. Never mind, Carl, you can have it."
Major Monogram,"Oh, no, the more spice, the better! Ooh, maybe spices from, uh, another room. Like, uh, really-hard-to-find spices."
Major Monogram-2,"Yeah, well, um, now that we're trying to rebuild our spy network, I was wondering, um, where did you put the keys?"
Major Monogram,"The terrain is too treacherous. You're going to have to parachute. Here's your parachute, goggles and oxygen mask."
Major Monogram,"Rrrright, we think it might be a switch, but we don't know what it's for so, we need your help. Good luck Agent P."
Major Monogram,You really think you'll be a part of all of this? He's playing you like a penny whistle in a really bad jazz band.
Major Monogram,"Then something's not right because OWCA is infested with fleas. Carl, activate emergency flea protocol 993-alpha."
Major Monogram,"(on watch) Agent P, (Perry holds up a finger to signify ""wait a minute"") Agent P, you must abort your current mission! There is something much more important than Doofenshmirtz!"
Major Monogram,"Carl? Carl! Oh, no, they must be torturing that poor kid. Don't worry, little unpaid intern, help is on the way."
Major Monogram,"Oh, I can't believe I let myself get talked into this. It's embarrassing and, if I'm being honest, a bit drafty."
Major Monogram,Agent P. we just found out that Doofenshmirtz is scouring the Tri-State Area for some sort of an on-off device.
Major Monogram,"(tearing up) Congratulations, Agent P! I knew it couldn't be you causing all that trouble! (sobs) You are officially... reinstated!"
Major Monogram,"Agent P, we've finished restoring Mr. Fletcher's memory. You need to distract the girl so we can make the swap."
Major Monogram,Agent P! Something terrible has happened. Listen carefully; these straws are about to collapse like a flimsy...
Major Monogram,"Yes yes, the uh next 15 minutes should be a real hoot. Well then, of course, Agent P will be sent away forever."
Major Monogram,"Morning, Agent P. I see you're trying out the new SFU 2000. It's a lot of fun, but don't let your duties slide."
Major Monogram,"Uh... I promised Carl you'd get him one of those hula wigglers for his dashboard. He thinks it would be ""neat."""
Major Monogram,"Hang tight, Agent P. Backup is on the way. I mean, it would be, if we had some. Uh, I'm gonna make some calls."
Major Monogram,"You came in a little late there, Carl. Get back over there. We'll try it again. (Clears throat) Blah, blah, blah, the power of"
Major Monogram,"Agent P? Agent P? Hello, Agent P? Agent P? (At Carl) Carl, he does know this is scheduled for this morning, doesn't he?"
Major Monogram,"Good luck, young man! (they leave) We could use someone like him at the Agency. Carl, why don't we have a soundtrack band?"
Major Monogram,"Agent P. Come in, Agent P. Oh, good, you're all right. We need your help. OWCA's on lockdown. We're trapped!"
Major Monogram,All of our other agents are busy out in the field. If-If only there was a way to get these tools to Agent P.
Major Monogram,"We have to assume evil intent, though, because that's what pays the bills around here. Thwart away, Agent P!"
Major Monogram,"Hello, children. Carl, uh, your mother and I were worried when you didn't come home. Uh, are you in trouble?"
Major Monogram,"Well, Agent P, I think everyone would like to know, what are your thoughts on the videos we've seen tonight?"
Major Monogram,"Carl, you're a solid B+ student with a promising future. What could you possibly have to gain from all this?"
Major Monogram,"Um, uh, Doof's doing something in City Hall, puh-put a stop to whatever it is. (running after Carl) Hey Carl, I get the blue one!"
Major Monogram,"Yes! Now that I'm back in my old clothes, uniformy or not. I predict the Nehru jacket will make a comeback."
Major Monogram,"Look, I'm getting messages from some diabolically clever hacker, who goes by the sinister initials ""TTYL""."
Major Monogram,"Just trying to put a happy face on it, Carl. Doofenshmirtz has been spotted on a... boat. Go check it out. (Perry leaves)"
Major Monogram,"And I think that sets up our next music video perfectly. Here it is thanks to your votes, video number 5!"
Major Monogram,Carl! You can't keep us cooped up in here. Though the self-serve smoothie machine is a welcome diversion.
Major Monogram,"Agent P, you've saved this organization. If there's anything we can do for you in return, don't hesitate."
Major Monogram,"Nice work, Agent P. Carl's analyzing the footprint sample you pulled from Doof's living room as we speak."
Major Monogram,"(with lots of unshaven hairs on his face) I can't believe you forgot to pick up new razors, Carl! Now I have to go on camera without a clean shave!"
Major Monogram,"Sorry for the lair entrance power outage, Agent P, but someone plugged a hairdryer into the wrong outlet."
Major Monogram,(cont'd) And the only thing worse than regular evil is unlicensed evil. So make sure he does the proper paperwork.
Major Monogram,"Hello, Agent P. Hang on, hang on. It's here somewhere on this clipboard from which I have yet to look up."
Major Monogram-2,"(on screen) Well, that's impossible. He's right here in our detention facility. I-I-I just played checkers with him. (He cheats, by the way.)"
Major Monogram-2,We've had Doofenshmirtz moved into this interrogation room so Candace Flynn can question him thoroughly.
Major Monogram,"Happy Harbor Day, Agent P! In honor of the occasion, we've flooded your headquarters. Hope you like it."
Major Monogram,"Well, none, but, would it kill you to at least look the part? You look like a preschool crossing guard."
Major Monogram,"Nobody cares, Carl! (to Agent P) I'm meeting my son's girlfriend for the first time. Why don't you join us, Agent P?"
Major Monogram,"Duh, it's his whole shtick. It's on the side of his building. Anyway, Agent P, go do what it is you do."
Major Monogram,"Actually, I was kinda havin' fun, too. Heh heh. Nevertheless, this isn't a situation to make light of."
Major Monogram,"Huh. You may have some cleverly concealed singing chops, but to me, you'll always be an unpaid intern."
Major Monogram,"Kids, I'm sorry, but now that Agent P's cover has been blown, you won't be allowed to see him anymore."
Major Monogram,"Oh Agent P, you look adorable as a balloon animal. Now, get out there and laissez le bon temps rouler. (""Let the good times roll."")"
Major Monogram,"Yes. It's because you're so unlike the son that I did have! And here he is. Come on over here, Monty!"
Major Monogram,"Uh, well, look at that. (He hides Carl) Seems they just found a cure. Thanks to all the viewers who donated. Bye now."
Major Monogram,"We're going to be fine. In dire situations, you must rely on your manly man instincts. Now follow me."
Major Monogram,"Hmmm. Nevermind, Carl. It's showtime! (Cut to the stage) Hello, everyone! Welcome to the O.W.C.A. Graduation Ceremony!"
Major Monogram,"I already told you your name's not that cool. Anyway, do your stuff, Agent P, and stop that- DOOF! (Laughs)"
Major Monogram,"There, you see? A little gratitude goes a long way. Pay attention Carl, you could learn something."
Major Monogram,"Carl, when you're finished with Agent P's team on the backlot, return to headquarters immediately."
Major Monogram,"Come on, we got to get out of here. We'll just use the jet's big magnet to pick up all this stuff."
Major Monogram,"Fine. But after we get her back, you're going to have to answer for what you've done here, mister."
Major Monogram,"Cheese and crackers! Oh, excuse me, you two... But uh...should that button be blinking like that?"
Major Monogram,"Oh, sorry, Agent P. I, uh... (clears throat) We're testing all the lair entrances while Doof is away on vacation."
Major Monogram,You're absolutely right! We gotta strip down to our skivvies and shelter under shack over there.
Major Monogram,"Agent P, any intel? Doofenshmirtz is clearly using his daughter as a pawn to infiltrate O.W.C.A."
Major Monogram,(sarcastically) Sure you are. Agent P still hasn't finished his mission and our trackers show he's in your area.
Major Monogram,"I'm very proud of you, Carl. But my feelings for you can be better expressed in your evaluation."
Major Monogram,"Oh, hey, Agent P. Carl, give me a close up. So, uh, anyway... Stop Doofenshmirtz. (at Carl) Hit it, Carl."
Major Monogram,"Yes, and... and as of this moment, I am officially promoting you to the title of ""Paid Intern."""
Major Monogram,Doofenshmirtz?! Are you here to ruin my classy evening out with my son and his new girlfriend?!
Major Monogram,"Carl! Anyway, we need you to find out what he's up to and put a stop to it. (Perry salutes) Good luck, Agent P. (The chopper comes out of his seat and he flies away.)"
Major Monogram,"Well, I guess that's that. We should get that remote device and... (looks inside the body) Whoa! (the robot body grabs Monogram, and pushes Carl, and Perry onto the sofa.) Oh, no, I can't. (The robot body lifts Monogram up in the air so he can see inside.) What?"
Major Monogram,"Bookcase entrance. (puts down magazine) Got it. Keep it going, Carl. That's, uh... 1% done. We got a lot more to do."
Major Monogram,"Oh, good idea. Ahem. Me first, me first. Uh, let's see. ""When I wake up in the morning sun..."""
Major Monogram,"First, the flea collars don't work and now fogging doesn't take? What kind of fleas are these?"
Major Monogram,"Carl, the Flynn-Fletchers are on their return route home! Stop your tomfoolery and wrap it up!"
Major Monogram,"Oh, don't worry, sir. No one will know it's us. We're registered as the ""Capulet Bat Mitzvah""."
Major Monogram,"Agent P, Doofenshmirtz has been spotted at Droogenfest. He's probably just there to celebrate."
Major Monogram,"Yeah, and, uh, aren't you a little too three-dimensional to host an animated show, young lady?"
Major Monogram,"Carl, don't throw out my burrito ends! If I put them together, I can make a whole new burrito!"
Major Monogram,Whoa! He snuck the fleas into OWCA Headquarters by hiding them in a shipment of flea collars.
Major Monogram,A bunch of expertly trained athletic field agents versus some haphazard scientists? (chuckles) I am in.
Major Monogram,"I'm in here! (Perry turns and moves to side of the vent Major Monogram is in, and puts his fedora on) Sorry for the break-in protocol, but this is urgent. Show him the photo, Carl."
Major Monogram,"Very good, sir. This year's event will be held at the Knights of Danville Hall, Ballroom B."
Major Monogram,"(voiceover) In a crisis, rely on your own unique skill set. For instance, Carl here knows how to yo-yo."
Major Monogram,And all of the agents are being controlled by a sinister being named Professor Parenthesis.
Major Monogram,"Sorry about the distraction, Agent P. The ladies are helping to, uh, (reading from a card) ""net-roy-er the lair."""
Major Monogram,"Carl, I told you. There's nothing funny about a man in his underwear skating into a toilet."
Major Monogram,(voiceover) Doonie Do-Good knows it's his responsibility to step in and use any skills he has to help.
Major Monogram,"And it keeps going like that for another twenty minutes. Get to the bottom of it, Agent P."
Major Monogram,He's my guest and now my backup. No son of mine will date the daughter of my mortal enemy!
Major Monogram,"Oh, are you that kid who wore that Robin Hood hat and passed out in the drinking fountain?"
Major Monogram,"Oh, well, I'll have to fix that then. Carl, run out and buy me a new set of encyclopedias."
Major Monogram,"(talking from a screen set into the bone) Psst. Agent P. Agent P. (Perry puts on his fedora) Down here. (Camera zooms into the bone) It's the new dog bone communicator. Pretty clever, huh?"
Major Monogram,"(on wrist communicator) Agent P, Doof found Agent S's weakness. We need you to drop everything and return to duty."
Major Monogram,"Well done, team! You've earned those black hat bands. You are now officially OWCA agents!"
Major Monogram,"Not yet, Carl. Wait till I'm done here. (to Perry) You are officially.. discharged. (to Carl) Okay, now, Carl."
Major Monogram,"Doofenshmirtz, you would be nothing without O.W.C.A. foiling your evil, ridiculous ploys."
Major Monogram,"Morning, Agent P. We've intercepted some very surprising footage from a local TV station. (Plays video)"
Major Monogram,"(After spotting a large box of straws) Hmm, that gives me an idea. And this time, a good idea. Not like the one I had about the—"
Major Monogram,"Agent P? Great googly moogly! You're not Agent P! I mean, uh, that is... Look over there!"
Major Monogram,"Good thing we found a hiding place, Carl. What is this? A dining room table or something?"
Major Monogram,"Agent P, I didn't know you were a germaphobe. (at Carl) Carl, he's afraid of germs, just like you."
Major Monogram,"Good work, Agent P. You'll come back on the jet with us. Obviously, we can't have you..."
Major Monogram,"What? Oh, the hot tub. Purely therapeutic. The bubbles work wonders on a bad back. (The bubbles stop) Carl!"
Major Monogram,"No, you're fine, Carl. Not everything's about you, you know. (A beeping sound is heard. Monogram pushes a button on the TV monitor beneath him and a highly decorated colonel appears onscreen.) Hello, Colonel Contraction."
Major Monogram,"And by a totally unrelated coincidence, Doofenshmirtz will be there. Keep an eye on him."
Major Monogram,Isn't that something you should've checked before we crawled through all that duct work?
Major Monogram,"Good work, Agent P! Now we just need you to...Oh, okay, yeah, you got that covered, too."
Major Monogram,"You're lucky I'm exercising boundaries. Otherwise, you'd be burnt toast, Doofenshmirtz!"
Major Monogram,"Agent P! Over here! Oh, good; you got my message. There's no time to lose we have to..."
Major Monogram,"Agent P, we have a situation. Dennis the Rogue Agent, formerly our most wanted rodent—"
Major Monogram,Ugh. I didn't become a major so I could sweat out a vaudeville routine with an intern.
Major Monogram,"Nope, far too dangerous. And besides, our insurance won't cover it. Tell 'em, Agent P."
Major Monogram,"The only dip here is you, Carl. Sorry, Agent P. Tonight's the finale of Acquaintances."
Major Monogram,"Well then, let me just say thank you, to the chef. Thank you for that delicious meal."
Major Monogram,"(to Doof) Hmm, about the, uh, hugging when we were at death's door. I wasn't myself back there."
Major Monogram,"This smells like a setup. Carl, consider yourself back on the clock. Pull up a chair."
Major Monogram,"Congratulations, Agent P! You've won an all-expense paid trip to... (to Carl) Drumroll, please."
Major Monogram,"No! No, I'm not! And if you happen to be looking for the beach, Carl, (flexes) it's that way."
Major Monogram,"Oh, don't worry young lady. You'll be able to continue your vacation in 10–20 years."
Major Monogram,"Howdy, Agent P. Doof's been experimenting with recombinant DNA. And it isn't pretty."
Major Monogram,"Hm, we need to send someone in undercover. All the agents are out on their missions. (upbeat theme plays)"
Major Monogram,"Agent P, we were... Wait a minute. (close-up of the zoo platypus) You're not (beat) in uniform, agent! Where is your hat?"
Major Monogram,Let's face it. You've done more damage inside the Agency than you ever did outside.
Major Monogram,"(offscreen) Uh, Carl, how does the escape hatch work with, you know, this whole lockdown thing?"
Major Monogram,"Oh, right. Anyway, Parenthesis is using robot fleas to control our agents' minds..."
Major Monogram,"Dr. Doofenshmirtz, that information is highly classified and strictly confidential."
Major Monogram,(Singsong) Mommy-mi-moe-moo. Blah-blah-blah-blah-blah. Me-ma-moe-moo-my-pa. (Clears throat) Ma-moe-mee-ma-moo.
Major Monogram,"Great! Agent P is the best we have. If anyone can get that team in shape, it's him."
Major Monogram,"What -- what -- what? They get to go? What is this, Pick On the Higher Species Day?"
Major Monogram,"Uh-oh, Agent P. It turns out Carl was lying about getting you that Sal Tuscany CD."
Major Monogram,"Of course, you think that, Carl. You're a Capricorn. You know what to do, Agent P."
Major Monogram,"I mean, seriously. I'm growing mushrooms under here. (He sniffs himself) I don't smell too bad, do I?"
Major Monogram's Voice,Agent Pinky is good with computers...good with computers...good with computers...
Major Monogram,"He was a family friend. Now get on the plane, we've got a Tri-State Area to save."
Major Monogram,"Hello, Agent P. Doof has apparently slept through the day's opportunity for evil."
Major Monogram,"Oh, well I didn't realize I hadn't. Thank you for pointing that out to me Monty."
Major Monogram,(In a shocked tone) You mean we're not in Egypt? I thought those pyramids were kind of stair-steppy.
Major Monogram,"Oh, for Pete's sake, Heinz! Evil Carl must be stopped. We have to work together."
Major Monogram,"Oh, hey, hang on. Say, what kind of an evil scheme you got going on there today?"
Major Monogram,"Sorry you had to see that, Agent P. Please find out what Doofenshmirtz is up to!"
Major Monogram,Doofenshmirtz? What are you doing here? Did you finally come here to surrender?
Major Monogram,"It took us all morning to hand-squeeze those lemons. And by ""us"", I mean Carl."
Major Monogram,Monty here just graduated from HSWACA! The High School Without A Cool Acronym.
Major Monogram,You've been a bad little bunny. (walks off with Carl) Now let's get you back to your...special room.
Major Monogram,Good morning Agent P. We've received some disturbing calls from Doofenshmirtz.
Major Monogram,These are the stories of the agents of the O.W.C.A. These are the OWCA Files!
Major Monogram,"(on watch) Agent P, the Tri-State Area has been taken over! Stop Doof immediately and..."
Major Monogram,"Why are you winking? And you know you don't have to say ""wink"" when you wink."
Major Monogram,"Well, that doesn't look good. You can clearly see your zipper in the costume!"
Major Monogram-2,The what?! Was one of them a panda and the other one of those shaky rat dogs?
Major Monogram,No excuses. Agent P is going into triple overtime and OWCA will be bankrupt.
Major Monogram,"I'm standing here with Cindy, an animated member of our studio audience who-"
Major Monogram,"That's right, it's P to the P, P-squared, or as I like to call him, Agent P!"
Major Monogram,"Leaving just a Bi-State Area? (shudders, to Agent P) Whatta ya waitin' for, Agent P?! Go after him!"
Major Monogram,"""Why Is That Ferret Wearing a Fedora?"" An OWCA Guide for Those in the Know."
Major Monogram,"(appears on his car's monitor) Agent P, we're gonna need you to pull an all-night stakeout over at Doof's."
Major Monogram,He always forgets to turn off the lights! I'll just get it with the remote.
Major Monogram,Get out there and find out what Doof is up to. (At Carl) Seriously Carl? What a baby.
Major Monogram,(voice-over) Stop Doofenshmirtz. Protect the boys. Stop Doofenshmirtz. Protect the boys.
Major Monogram,So our only leads are coffee and the rainy climate. That could be anywhere!
Major Monogram,"There you are, Agent P. Hope you're enjoying that fresh glass of lemonade."
Major Monogram,"Yes, It's a shame he couldn't save the table too. Let's go find the host--"
Major Monogram,"What the..? (at Carl) Hey, Carl! It's back! Look how great it... (moves; realizes the mustache isn't on his face but on the screen) Oh. (taps the screen) Oh, doggone it!"
Major Monogram,"Well, I don't know about you guys, but I've got a good feeling about this!"
Major Monogram,"Tubular. If I had been wearing socks, they would've been rocked right off."
Major Monogram,"Oh, speaking of leftovers, Carl, clean out the break room fridge, will ya?"
Major Monogram,"Ah, Agent P. there you are. Merry Christmas. Oh great, you brought snacks."
Major Monogram,"He did? Heh. Well, good for him. Well, I guess we're done. I'm going home."
Major Monogram,You've got to keep that robot under control until we can make the switch. (Perry salutes.)
Major Monogram,"Nice upholstery job, Agent P! We got this guy. You take down Parenthesis."
Major Monogram,No one at the Agency will ever believe that I dropped that water balloon.
Major Monogram,"I can't find Monty. Get up on my shoulders, Carl! See if you can see him!"
Major Monogram,"It's just a hat, Carl. Why is it just a hat? Do you think he's invisible?"
Major Monogram,"Uh, hello, Agent- No! Not you! (While Dennis begins hacking the mainframe) Agent P, you have to stop him before he..."
Major Monogram,"Wow, bad time for that. You totally left me hanging in that cliff scene."
Major Monogram,"Wait, Carl? What in blazes are you doing here?! And who are these guys?!"
Major Monogram,"Hey, Parenthesis, I wouldn't get too comfortable if I were you. Heh heh."
Major Monogram,"(after a pause) You know, Carl, it's weird that he is not an animal. (Pauses) We should fire him."
Major Monogram,"Ah, Agent P, I see you found the new central air conditioning entrance."
Major Monogram,Ugh. We were hoping to get another couple of years out of that couch...
Major Monogram,"Oh, I see! Improper punctuation. Say, how is Agent P's team shaping up?"
Major Monogram,"Oh, commercial's over. My show's about to start. Just get to it, Carl. (hangs up)"
Major Monogram,"Agent P, your cover's been blown! We're going to have to relocate you!"
Major Monogram,Great googly moogly! That would blow your cover with your host family!
Major Monogram,"(off screen) Carl! How many times have I told you, lift the seat when you're done?! (Monogram rises on his seat.)"
Major Monogram,"You realize you could have just called him yourself, you do work here."
Major Monogram,"Atta boy, now come on over here and let me out. We have to follow him."
Major Monogram,"That thing's not gonna do us any good, if we don't survive the flight."
Major Monogram,"I don't know what happened, Carl, but our cafeteria officially stinks."
Major Monogram,W-wait-wait a minute. You anticipated a specific situation like this?
Major Monogram,"Happy Birthday, Agent P! (blows into kazoo) (awkward pause) It's not your birthday, is it? (Perry shakes his head) Are we close?"
Major Monogram,"Oh, it is. It, um, makes you look pale and weak, (He shows Carl) like this young lad."
Major Monogram,"Just do it, Carl! And watch the hair. Take these. (Carl gets on Monogram's shoulders and takes the binoculars.) Now what do ya see?"
Major Monogram,"Oh, the Marsh Maneuver. Ooh, I haven't seen one of those since 1974."
Major Monogram,"Well, yes. From, uh, from time to time, I like to strum the (speaks the Hawaiian pronunciation) ukulele."
Major Monogram,"(To Carl) I'll take care of it. (To Stacy) Oh, hello there young teenager. You live here?"
Major Monogram,"Ah, Agent P, uh... ahem. Carl and I made a bet, and, well... I lost. (Clears throat)"
Major Monogram,"Of course, what was I thinking? Don't be rude Carl, thank the chef."
Major Monogram,"Well, there's a list of outstanding violations as long as your arm."
Major Monogram,"Alright, O.W.C.A., this is for the honor of the agency. Drill time!"
Major Monogram,"Oh, there you... Uh-oh. Carl, I think we have a breach of security."
Major Monogram,"(Wakes up)—Up all night, uh, building inators. See what he's-- zzzzzzzzzz...."
Major Monogram,"You know how Agent P feels about his chair— (He grunts as he falls over backwards.) Carl, where's my chair?"
Major Monogram,Were you the kid who got his chin stuck in that graduated cylinder?
Major Monogram,"""Why do I think he's evil"". Have you ever even watched this show?!"
Major Monogram,"Carl, isn't it time that we talked about the elephant in the room?"
Major Monogram,"(on watch) Uh, Agent P, we've teleported you three feet too far to the right."
Major Monogram,You understand we won't actually be paying you. It's just a title.
Major Monogram,"Well, that should be easy then. Please enjoy music video number 2."
Major Monogram,"You're not the only one who can rock an awesome face mullet, Fury!"
Major Monogram,"No, it's because I have a list of complaints from Human Resources."
Major Monogram,"Carl, what took you so long? Hand me that report there would you?"
Major Monogram,"(on Perry's wristwatch communicator) Agent P, come in! Agent P? Blast it, Carl, why doesn't he answer?"
Major Monogram,No no! We don't have time for an emotionally scarring back-story.
Major Monogram,"They can't interact with the material world, Carl. Use your head!"
Major Monogram,"(Gets up and walks off-screen) For crying out loud, Carl. (Carl is seen pedaling the generator, panting) Pedal faster. I gotta check my e-mail."
Major Monogram,(to Carl) Carl!? Why didn't we just look out the window in the first place?
Major Monogram-2,Huh. Maybe I just don't know how this one-way mirror thing works.
Major Monogram,"(his head appears beside Perry) Remember, if your cover's blown, you'll never see the boys again."
Major Monogram,I'd try to recruit him but I don't think we have a hat that big.
Major Monogram-2,Carl will be helping me locate our animal agents so that we can—
Major Monogram,"All right! Here's a little ditty I like to call ""Song Number 7""!"
Major Monogram,"Anyway, Agent P, you can take it easy and enjoy a Doof-free day."
Major Monogram,I really like that character; is there gonna be more about him?
Major Monogram,"Keep fanning, Carl! Lunch isn't for another forty-five minutes!"
Major Monogram,"Fantastical. (To Doofenshmirtz) Say, Doofenshmirtz, what'cha working on over here?"
Major Monogram,Keep a close eye on those boys. See what else you can find out.
Major Monogram,"Well, they're here in Africa. Home is where the heart is, Carl."
Major Monogram,"Don't worry, Kelly. I am totally down for being second banana."
Major Monogram,"Carl, Agent P isn't done and you're literally clowning around!"
Major Monogram,Triangles. And make it snappy. (pauses) I got the urge to pop and lock.
Major Monogram,"Oh, hello, Agent P. That portrait turned out great, didn't it?"
Major Monogram,Do we have any agents on the outside? Anyone without a collar?
Major Monogram,"Oh, come on! That goal is not regulation size! Enough of this!"
Major Monogram,Mayday! Mayday! (static) Use your monotreme instincts to find us! Whoa! (static)
Major Monogram,"Agent P? Agent P, this is no time for decorating-- (looks at monitor) Ooh, I see."
Major Monogram,Get over there ASAP. Just... maybe do it on an empty stomach.
Major Monogram,"Ooh, and Agent P, could– Could you do it dressed as a… Bunny? (He laughs)"
Major Monogram,"Carl! Stop filming your butt, film mine. It's a party! Wahey!"
Major Monogram,"Uh, Carl? Did you tell him the accelerator's a little touchy?"
Major Monogram,(Overlapping him) What did I say about contradicting me in front of the agents?
Major Monogram,"Well, here's a deaf jam that's really kicking it old school."
Major Monogram,"As for me, I'm off to Cheesetopia! (Shows Carl a Cheesetopia poster.) It's Utopia, with cheese!"
Major Monogram,Oh! Agent W pulled a muscle! (to Carl) Get the stretcher! The big one!
Major Monogram,"That's because he's not officially an employee, he's unpaid."
Major Monogram,Be careful out there... (looks at Carl) ...washing my car. Don't scratch it.
Major Monogram,"(looking at his watch) And not a minute too soon. (gives thumbs up) Good luck, Agent P. Monogram out."
Major Monogram,"Oh, thank you so much. I—Mmmm, what is that wonderful smell?"
Major Monogram,"Where's Agent P? You set off the wrist beacon, right, Carl?"
Major Monogram,A desk we can both hide under? Whose office is this anyway?
Major Monogram,"Oh, right. I forgot Agent W is missing. Go, young lady, go!"
Major Monogram,"Uh, I've been cleared by doctors. Anyways, good luck, Carl."
Major Monogram,Well. I stand corrected. That was actually very convincing.
Major Monogram,"Well, but not at the moment. (To Carl) Carl, how are my socks coming?"
Major Monogram,"You're not that guy who kept eating his own hair, are you?"
Major Monogram,"(from the water spout) Next time you're stuck, I don't wanna hear about it, Carl."
Major Monogram,"Carl, is that why I signed an invoice for an echo machine?"
Major Monogram,"The more you protest, the more we know you gave it to him."
Major Monogram,"Great googly-moogly! (He slides down off-screen) Do... (cut to the camera room where Carl is shown piloting the camera.) Carl. Carl, who are those kids?"
Major Monogram,"Ah, Agent P. Welcome to the best noodle house in Shanghai."
Major Monogram,"Come on, Carl. Let's get outta here! (he opens the door, but it is blocked) Carl, what the heck?!"
Major Monogram,"Well, she'll probably be fine. She's made of sturdy stuff."
Major Monogram,"We've got hours of that, hours. Now, do us proud, Agent P."
Major Monogram,What? A-After all that money we spent on acrobat training? (Perry gains an awkward expression)
Major Monogram,"The agency isn't paying for these classes, are they Carl?"
Major Monogram,Do we even have an idea where we're supposed to be going?
Major Monogram,We need you to find him. Good luck Agent P. Monogram out.
Major Monogram,Ohh... Could you just leave? This is really embarrassing.
Major Monogram,"Oh, don't get me started. Anyway, you can't make me talk."
Major Monogram,"Carl, your voice just got squeaky! I know that squeaking!"
Major Monogram,"What did I tell you about breaking the fourth wall, Carl?"
Major Monogram,"The whole Mexican food station is gone, Carl... VANISHED!"
Major Monogram,Yours?! This is at least ten times bigger than my office!
Major Monogram,"Adequate work, Carl! Now for the international entrances."
Major Monogram,"Well, there's a time for fun and a time to pay attention."
Major Monogram,"(laughs) Agent P, the cold shower is the oldest prank in the book!"
Major Monogram,I'll be impressed when we don't plummet to Earth on fire.
Major Monogram,I'm trying to get out of here! What are you trying to do?
Major Monogram,"What is keeping Agent P? (notices the sandwich) Carl, what is in that sandwich?"
Major Monogram,"Come back! Wait! High five! Hey, don't leave me hanging!"
Major Monogram,"Take note, Carl. You're watching a master agent at work. (eats some popcorn)"
Major Monogram,"Well, I'm, uh, I'm particularly partial to number three."
Major Monogram,"Oh, this? Yeah. It's, uh, doctor's orders. I have a sty."
Major Monogram,"Hello, Agent P. Using the kitchen entrance again, I see."
Major Monogram,Great googly moogly! I was afraid it might come to this.
Major Monogram,"What? Humans are a higher species, everybody knows that!"
Major Monogram,"Carl, are you sure I don't have any more clean uniforms?"
Major Monogram,Seriously. When was the last time you washed your hands?
Major Monogram,That gives me an idea! But this conversation isn't over.
Major Monogram,"(gasps) How dare you! When we win, you have to shave your head!"
Major Monogram,"You know, son, I've been meaning to tell you something."
Major Monogram,"All right, put it up there. (A picture of the princess appears and she has an uncanny resemblance to Candace) Oh, wow, what are the odds?"
Major Monogram,"It's not like Agent P to be so... (Perry slides off the HQ chair, lands on the screen, and falls flat on his face. He and Carl laugh hysterically) Carl, play that back!"
Major Monogram,"So, anyone know any good songs? How about you, Agent D?"
Major Monogram,"Sure, Heinz; after all, home is where the prisons are."
Major Monogram,"(looking at a notepad) Hey, Carl, how many people have RSVP'd to my barbecue?"
Major Monogram,"No, no, we have to go. Your, uh, mom is making dinner."
Major Monogram,Great googly moogly! That last entrance isn't closing!
Major Monogram,Carl! Ugh! (Looking off screen) Hey is something burning over on the stove?
Major Monogram,"You'll find you'll have more room than ya think, Carl."
Major Monogram,"You better step on it, Agent P. Before it's too late."
Major Monogram,"Yeah, sorry. So, why did you send those flea collars?"
Major Monogram,"Oh, you had to use an emergency Perry-bot as a decoy."
Major Monogram,"I don't care if it's played in a field or on a court,"
Major Monogram,"I'm Team Evan and Doof is ruining this! Go, stop him!"
Major Monogram,Nonsense. The Zoondilini under swing is child's play.
Major Monogram,"Carl, I'm freezing. Did you call that repair guy yet?"
Major Monogram,"Quit goofing around, Carl, and show him the hologram."
Major Monogram,Carl and I have lunch at Mr. Slushy Burger every day.
Major Monogram,The O.W.C.A. The Organization Without a Cool Acronym.
Major Monogram,"Carl, remind me again why all the agents are animals."
Major Monogram,"Hey, Carl, does my uvula look unusually large to you? (He turns his mirror towards Carl. Just as the ray was to hit him, it bounces off, and hits Carl.)"
Major Monogram,"Carl, the trash chute is clogged again, do you mind?"
Major Monogram (cont'd),It's really taking a toll on our brand new facility.
Major Monogram,"(on watch) Agent P, the shower entrance only opens on ice cold."
Major Monogram,You there! Weren't you listening? Go make some eggs!
Major Monogram,Did I ever tell you you're like the son I never had?
Major Monogram,"You didn't win either, so I get to shave your head!"
Major Monogram,"""Petite."" That means small, right? Well done, Carl."
Major Monogram,"This is your job, Carl. Everything else is a hobby."
Major Monogram,"Thank goodness you're here, Agent P! What kept you?"
Major Monogram,Excellent work. Looks like Donnie Do-Good did good.
Major Monogram (2nd Dimension),"I prefer the term ""Indentured Executive Assistant""."
Major Monogram,"Well, that might work, but you'd all have to agree."
Major Monogram (2nd Dimension),"Is this some kind of test? Is that really you, sir?"
Major Monogram,That's it. I'm getting my tweezers back from Carl.
Major Monogram,"Anyway, this is director Nick Fury of S-H-I-E-L-D."
Major Monogram,I believe what you're thinking of is a bilge pump.
Major Monogram,The plans he received are real; terrifyingly real.
Major Monogram,"(Perry's watch beeps.; on watch) Ah, here we go. We've recalibrated the teleporter. (Perry gets zapped right into the trap.)"
Major Monogram,"(Glaring) Criminy, Carl. It's supposed to be a secret Santa."
Major Monogram,"Sorry, Phineas. It isn't safe, you know too much."
Major Monogram,A very expensive couch when we bought it in 1985.
Major Monogram,"Oh no, you kids need to go home, where it's safe!"
Major Monogram,"Oh, I-I see. That's, uh, heh, that's very clever."
Major Monogram,Evil... wait... You... await... Evil... awaits...
Major Monogram,"Oh, I can't help it, Carl. I miss the old duster."
Major Monogram,"Before you leave, we have one more thing for you."
Major Monogram,"If you have something to say, Carl, spit it out!"
Major Monogram,Red alert! Red alert! Renegade agent on the run!
Major Monogram,"Well, uh, ahem, son, it's time to go home—and..."
Major Monogram,"Uh, say, Carl, have you seen my parachute pants?"
Major Monogram,"I don't know, Carl. Sounds a little far-fetched."
Major Monogram,You didn't know? Didn't he give you a pamphlet?
Major Monogram,Monty my boy. It's always wonderful to see you.
Major Monogram,"So, here's a little number I like to call four."
Major Monogram,"You can't do this, Carl! You work for the OWCA!"
Major Monogram,"That's not funny, Carl. That's just disgusting."
Major Monogram,"No, F-R-A-N-C-I-S. It's the masculine spelling."
Major Monogram,"Carl, how was he able to override the lockdown?"
Major Monogram,"Carl, we gotta fire up the memory eraser again."
Major Monogram,"Right, sorry. Agent P, uh, you remember my son?"
Major Monogram,"Oh, that's.... Of course. That's uh very funny."
Major Monogram,"So, that's pretty much it. You can go, Agent P."
Major Monogram,Rendezvous back at headquarters. Monogram out. (hangs up)
Major Monogram,"Really? Hmm. (Takes Carl off for the acrobatic training but comes back to the screen) Oh, yeah, Agent P, uh, stop Doof. (Perry glares at him)"
Major Monogram,"Ugh now see, this is why I just go by ""Major""."
Major Monogram,"Oh, well, then, maybe you should look into it."
Major Monogram/Voice Over,"Tonight's episode, Ham on Rye, Hold the Mayor."
Major Monogram,"Agent P? Agent P? (Perry is now apparently in the garden hose, but is having a difficult time going all the way down.) Agent P? Where is he, Carl?"
Major Monogram,Idea for TV spinoff. Platypus in a staircase.
Major Monogram,"Carl, are you familiar with the term ""a-duh""?"
Major Monogram,"Give it a rest, Heinz. (to Kelly) He's always like this."
Major Monogram,Absolutely delicious. What a great new place.
Major Monogram,"Well, as a fellow musician, I heartily agree."
Major Monogram,"Sorry to bother you on your day off, Agent P. (TV Static; Perry changes the channel)"
Major Monogram,Here we go! This doesn't even make any sense!
Major Monogram,"Wait! ""Deadly rapids ahead""? Carl, slow down!"
Major Monogram,"Well, that's a relief. I thought maybe I was–"
Major Monogram,"dance. • **Carl:** Dance! How was that, sir?"
Major Monogram,'Cause everyone here is into pyramid sports!
Major Monogram,I want you to find out what he's up to and--
Major Monogram,What kind of a freak would make robot fleas?
Major Monogram,"Are you sure ya read the instructions, Carl?"
Major Monogram,"Carl, why are we holding our arms like this?"
Major Monogram,Better hurry before it's time to change him.
Major Monogram,"Just another money-saving idea of mine, sir."
Major Monogram,Why do we even have a dance party setting?!
Major Monogram,Hold on. Let's see if this does it for you.
Major Monogram,(chuckles) Looks like someone's got a schoolboy crush.
Major Monogram,"No, that's Secret Agent Perry the Platypus."
Major Monogram,"Okay, everyone, one more time with feeling. (Agent C clucks)"
Major Monogram-2,"Leave the responsibility to us, young lady."
Major Monogram,"Wait, where is the sound still coming from?"
Major Monogram,"Put your back into it, Carl! (He wades forward but faceplants into the quagmire.) Not one word."
Major Monogram,(holding a clipboard and pen) And you're certain of that... (Perry's chair slides forward) Ah! Agent P!
Major Monogram,"Great googly-moogly. (at Carl) Carl, get me Agent P."
Major Monogram-2,"Oh, maybe it's just that he can't hear us."
Major Monogram,"Avert your ears, Agent P! Cover your ears!"
Major Monogram,"So, Carl, how are we doing on those pants?"
Major Monogram,"Carl, we don't even know where that goes!"
Major Monogram,"Billy the Beaver, you are a secret agent?"
Major Monogram,"(gasp) Why how did -- oh, why that little scamp?"
Major Monogram,"(now sporting an eyepatch and a goatee like Fury) And neutralize them if possible, Agent P!"
Major Monogram,We have to work together to save Agent P.
Major Monogram,"Oh, great, let me... cue the music again. (Rewind dramatic music and plays it again as Carl rises with the platform this time)"
Major Monogram,"Godspeed, Agent P. (Perry salutes back.) Now, commence startup."
Major Monogram-2,"It's a one-way mirror. Here, watch this. (He makes a face at Doof-2.)"
Major Monogram,No. It means Parenthesis was... a robot.
Major Monogram,"And admittedly, that's a little strange."
Major Monogram,What? You don't even have a single hair!
Major Monogram,"Thank goodness. (pause) You're in the way, Carl."
Major Monogram,"Abort mission. (over radio) I repeat, abort mission."
Major Monogram,You don't have to yell. I'm right here.
Major Monogram,"Ooh. Rrreow. Well, go get him, Agent P."
Major Monogram,"Well, then why did he leave you behind?"
Major Monogram,I don't know what you're talking about.
Major Monogram,"Quit? Well, why would he wanna do that?"
Major Monogram,"You can't keep chasing that high, Carl."
Major Monogram,"Okay, that doesn't even make any sense."
Major Monogram,"No problem. (He jumps off the plane, tears off his clothes revealing a leotard) We're surrounded by parts."
Major Monogram,"Oh, don't be a stick in the mud, Carl."
Major Monogram,(voiceover) But Dougie Do-Nothing hesitates and...
Major Monogram,I try so hard to keep you under wraps.
Major Monogram,"(holograph) I told you, not between 3:30 and 4:00!"
Major Monogram,I was a bit of a secret voguer myself.
Major Monogram,If the responsible party is present...
Major Monogram,And how do you rate your own bathroom?
Major Monogram,Violin and candlestick. (They pose as Gary the Gander flies past them. They jump over some lamps and a desk chair offscreen.) Garden party.
Major Monogram,"Yes, it's all very alarming, Agent P."
Major Monogram,This actually wasn't part of the bet.
Major Monogram,What are you talking about? I'm good.
Major Monogram,What does that make you? Nostradamus?
Major Monogram,"Enter. (Doofenshmirtz and Perry enter) Agent P, we have a situation."
Major Monogram,"Aw, there we go— Aw, ow! Ow! Ow! Ow!"
Major Monogram,Are those my old mustache clippings?
Major Monogram,"Oh, too late, Carl. A deal's a deal."
Major Monogram,"Carl, you and I need to have a talk."
Major Monogram,"Why, I oughta... Hold me back, Carl!"
Major Monogram,"Well, how'd you like that one D-man?"
Major Monogram,What's the point? He's out of range.
Major Monogram,This show is only half an hour long.
Major Monogram,"Now, limericks. Limericks are funny."
Major Monogram,"I, uh, better check the… thing. Yes. (leaves)"
Major Monogram,"Way to stick that landing, Agent P. (Holds up a sign with 9.5 written on it.)"
Major Monogram-2,"Yeah, I gotta run. You go have fun."
Major Monogram,"Who said that?! Doof, is that you?!"
Major Monogram,Moving on. Number eight; roll tape!
Major Monogram,"I've got ears, Carl. (A machine starts beeping nearby, signaling Perry's arrival) Oh, he's here!"
Major Monogram,"(pours water over himself) No, I need hydration! I'm going in!"
Major Monogram,And your misfortune is our fortune.
Major Monogram,"Oh, uh, yes, right. Thank you Carl."
Major Monogram,"Carl, Agent P beat your high score!"
Major Monogram,"(Carl plays ""Doo bee doo bee doo bah"" on his one whisker.) Carl, you disgust and fascinate me."
Major Monogram,"Wait, what? Why am I a sock puppet?"
Major Monogram,"I can do without the sarcasm, Carl."
Major Monogram,"Well, it only points at one place."
Major Monogram,"Carl, what are you not telling me?"
Major Monogram,"I, for one, am excited to be here."
Major Monogram,Just tell him about Doofenshmirtz.
Major Monogram,"Wow, that's a little creepy, Carl."
Major Monogram,"(on watch) Super code red emergency, Agent P!"
Major Monogram,Don't you argue semantics with me!
Major Monogram,"I mean, we sent the e-mail, right?"
Major Monogram,...trapped by an evil scientist...
Major Monogram,Hoho yeah! I'm rockin' this look!
Major Monogram,"Oh, this is just not working out!"
Major Monogram,I don't know what he sees in her.
Major Monogram,Congratulations! Astounding work.
Major Monogram,"We're still not paying you, Carl."
Major Monogram,"You could just be an email, Carl!"
Major Monogram,dance. • **Carl:** Dance! Better?
Major Monogram,No. It's disturbingly compelling.
Major Monogram,Why would this even be an option?
Major Monogram,We are so gonna lose our deposit.
Major Monogram-2,"Whoa, wait! You're stepping down?"
Major Monogram,Let it sink in. ...Two...Three...
Major Monogram,Great googly moogly! Who are you?
Major Monogram,"I know what it is! (Perry reaches down and picks up Paul's pen.) Huh, nice pen."
Major Monogram,"No, I'm sweating through my eyes."
Major Monogram,So I guess all we can do is wait.
Major Monogram,"Pleasure to meet you, young lady."
Major Monogram,"That was fun! Great idea, Kelly."
Major Monogram,My mustache! My beautiful musta— (A mudskipper ends up in his mouth.)
Major Monogram,(echoing) I'm a force to be reckoned with!
Major Monogram,I said you can call him Agent P.
Major Monogram,I said you can call him Agent P!
Major Monogram,Not if Carl takes it over first.
Major Monogram,"Oh, I was going to say ""noodle."""
Major Monogram,I said you can call him Agent P!
Major Monogram,"No, I still don't remember him!"
Major Monogram,"Well, what exactly is he doing?"
Major Monogram,"You drew the short straw, Carl."
Major Monogram,"You mean, ""hobby"". Go help him."
Major Monogram,"Yeah, c'mon, let's go to Vegas."
Major Monogram,We've all got our own problems.
Major Monogram,Well... wiggle around a little.
Major Monogram,"Heinz, just shoot Carl with it!"
Major Monogram,"Carl! How are you feeling, kid?"
Major Monogram,I'm perfectly comfortable here.
Major Monogram,There's a teenage girl in here.
Major Monogram,"Curse you, Heinz Doofenshmirtz!"
Major Monogram,...intent on juicing City Hall.
Major Monogram,Something inside me just broke.
Major Monogram,Looks like you're missing an E.
Major Monogram,Let's get to that dessert menu.
Major Monogram,"(to Carl) Eight and a half, Carl? Really?"
Major Monogram,We'll text you the coordinates.
Major Monogram,Stop saying my name like that!
Major Monogram,"Carl, you slow clapping fiend!"
Major Monogram,"This was, uh, part of the bet."
Major Monogram,"Carl, did you eat my sandwich?"
Major Monogram,Fine. You've got five minutes.
Major Monogram-2,"Oh, okay. Now I'm embarrassed."
Major Monogram,Uniformy? Is that even a word?
Major Monogram,You're not the man-baby. I am.
Major Monogram,Does anyone read those things?
Major Monogram,Carl? What are you doing here?
Major Monogram,"Both hands on the wheel, Carl!"
Major Monogram,You're... You're really stuck?
Major Monogram,What-wh-Carl! What do you see?
Major Monogram,What am I not paying you for?!
Major Monogram,"Shh! Quiet, Carl! He's coming! (Lights come on, revealing the room filled with balloons)"
Major Monogram,What's up with the giant bear?
Major Monogram,Is that a chocolate fountain?
Major Monogram,Why would I recognize a flea?
Major Monogram,"My coffee! Huh, thanks Monty."
Major Monogram,"Not today, Heinz!! Not today!"
Major Monogram,"Oh, I do love ham sandwiches. (takes a bite)"
Major Monogram,It was enough for the mammal.
Major Monogram,You could try a Nehru jacket.
Major Monogram,But you can call him Agent P.
Major Monogram,"Oh well, more dessert for us."
Major Monogram,"Well, turn it off! I hate it."
Major Monogram-2,"Carl, no! That's a real frog!"
Major Monogram,Aren't we going to need that?
Major Monogram,But you can call him Agent P.
Major Monogram,With experience and exposure?
Major Monogram,But you can call him Agent P.
Major Monogram,"That's not how I sound, Carl!"
Major Monogram,"(from fireplace) Don't worry, I'm still here!"
Major Monogram,"Just hand me my pills, Carl."
Major Monogram,"Wow, that is a lot of songs."
Major Monogram,"Agent P, brilliant disguise!"
Major Monogram,"Stay off the Internet, Carl."
Major Monogram,(voiceover) Can you see what went wrong?
Major Monogram,You're the Hatfield Wedding?
Major Monogram,"Well, here's video number 3."
Major Monogram,Great! Let's get outta here!
Major Monogram,"(Dressed as Carl) Where is your coaster, Carl?"
Major Monogram,"Wintertime's fun, follow me."
Major Monogram,(in his plane) We should be in Africa soon.
Major Monogram,How did you get over there?
Major Monogram,Carl? I can't even see you!
Major Monogram,"Agent P, you watching this?"
Major Monogram,"I already did ""wait,"" Carl."
Major Monogram,"(sighs) You're such a weenie, Carl."
Major Monogram,"Hey, Carl, where's Agent P?"
Doof zombie (Major Monogram),Lots of me... Lots of me...
Major Monogram,Are there woodland sprites?
Major Monogram,"Oh, no, he hasn't, Agent P."
Major Monogram,He's making a huge mistake.
Major Monogram,"Uh, is that all he can say?"
Major Monogram,Where exactly are you from?
Major Monogram,I want your hat on my desk!
Major Monogram,I want your hat on my desk!
Major Monogram,"I've got a name, you know."
Major Monogram,Do you want a ride or not?
Major Monogram,"Ooh! (chuckles) Uh, (points to his right) We went that way! (runs the other direction)"
Major Monogram,"I'm on the floor, Agent P."
Major Monogram,Carl? Carl! Where are you?
Major Monogram,I-I will do no such thing.
Major Monogram,(In monkey language) Beautiful sunset isn't it?
Major Monogram,"Carl, you ate my sandwich!"
Major Monogram,Whoa! Great googly moogly!
Major Monogram,He's sitting right there.
Major Monogram,"(gets up and salutes) Colonel Contraction, sir!"
Major Monogram,"Okay, Scrooge. We got it."
Major Monogram,(Still fighting with the robot) What? Where's it pointed?
Major Monogram,"Carl, what are you doing?"
Major Monogram,(offscreen) Just give me your ankles.
Major Monogram,"(transforming) Good luck, Agent P. Good—"
Major Monogram,Who's this big boy? Hmmm.
Major Monogram,"He, uh, he has a fedora."
Major Monogram,"Well, thanks for coming."
Major Monogram,"You keep that one, Carl. (He concentrates and instantly grows back his mustache.)"
Major Monogram,"Wait, Carl? Is that you?"
Major Monogram,and **Carl**: Agent P?!?
Major Monogram,"Go on, you've earned it."
Major Monogram,That's not what I meant.
Major Monogram,"Hello again, young lady."
Major Monogram,Did she make one for me?
Major Monogram,"Gimme ten minutes, Carl!"
Major Monogram,"Yes, we have no bananas!"
Major Monogram,(sniff) That was just beautiful!
Major Monogram,"Carl, you- you stopped!"
Major Monogram,(actually the hologram on Perry's watch) Never see them again...
Major Monogram,Were you the kid who...
Major Monogram,"Oh, I see. Very clever."
Major Monogram,"Agent C, don't do that."
Major Monogram,Don't let Doof ruin it.
Major Monogram,He gets college credit.
Major Monogram,Doctor Doofenshmirtz...
Major Monogram,Heh. Youths these days.
Major Monogram,"That's not funny, Carl."
Major Monogram,Yes. Spelled with an i.
Major Monogram,"That's it. Okay, Carl. (Sounds of the video game)"
Major Monogram,"Good luck, Agent Carl."
Major Monogram,Any word from Agent P?
Major Monogram,I've never been happy.
Major Monogram,"Okay, Carl, we're set."
Major Monogram,I'd prefer a town car.
Major Monogram,"You're kidding, right?"
Major Monogram,You modified the horn?
Major Monogram,"Don't get cocky, Carl."
Major Monogram,"Yes. Yes, it is, Carl. (He scratches his head with his foot.)"
Major Monogram,"Ugh, roll number nine."
Major Monogram,"(off-screen) Single-ply, seriously?"
Major Monogram,Or maybe he's a ghost.
Major Monogram,Is that including you?
Major Monogram,I'll get the popcorn!
Major Monogram,Clawing House with a-
Major Monogram,"Ugh, Carl. Spaghetti."
Major Monogram,Don't touch anything!
Major Monogram,"(picks up a flyer with the words ""Ba-Dum Crash"" and a picture of a snare drum on it) How did you do that?!"
Major Monogram,"Uh, we're in a plane."
Major Monogram,"(sarcastically) Well, that went well."
Major Monogram,"Oh, I'm uh, I'm fine."
Major Monogram,"Pull, Agent P. Pull!"
Major Monogram,Is that thing ready?
Major Monogram,"Carl, get over here!"
Major Monogram,Here's how you play!
Major Monogram,"Yeah, hold the boat."
Major Monogram,"Carl, get back here!"
Major Monogram,"Oh, like ""O.W.C.A.""."
Major Monogram,I completely concur.
Major Monogram,"Morning, Agent P, I—"
Major Monogram,"Oh, for Pete's sake."
Major Monogram,Those are handcuffs.
Major Monogram,"(on Carl's watch) Carl, where are you?"
Major Monogram,Wait. You're a flea?
Major Monogram,"Good luck, Agent P."
Major Monogram,and **Carl**: Phew!
Major Monogram-2,Where is she going?
Major Monogram,"So, where are they?"
Major Monogram,"Good luck, Agent P."
Major Monogram,"(looking at the bill) Wait, what is this?"
Major Monogram,Yeah. You're on it.
Major Monogram,"Good work, Agent P. (Gives a thumbs up)"
Major Monogram,"What's that, Carl?"
Major Monogram,We're on a budget.
Major Monogram,"No, it's my lunch."
Major Monogram,-and one for Carl.
Major Monogram,What kind of book?
Major Monogram-2,"Good, you're home."
Major Monogram-2,"Carl, do you mind?"
Major Monogram,Cristo Fernández?
Major Monogram,A big pink bunny.
Major Monogram,"And Agent W, too."
Major Monogram/Voice Over,We now return to:
Major Monogram,Oops! Byeeeeeeee! (Hangs up)
Major Monogram-2,"Book him, ladies."
Major Monogram,(wincing in pain) That was my foot!
Major Monogram,Why are you here?
Major Monogram,"So, how'd it go?"
Major Monogram,Which one is it?
Bad Future Major Monogram,Curse that oath!
Major Monogram,Make that three!
Major Monogram and Agents,"Three, two, one!"
Major Monogram,"Hurry up, Heinz."
Major Monogram,"Tick-tock, Carl."
Major Monogram,Am I on speaker?
Major Monogram,Hello Danville!
Major Monogram's voice,Manly platypus.
Major Monogram,"Uh, hello, son."
Major Monogram,"Cuff him, boys."
Major Monogram,"Game over, man!"
Major Monogram,(sobbing) Why? WH-H-H-HY?
Major Monogram,"(In Cheesetopia, looking around.) Cheese? Cheese?"
Major Monogram,A Singing Claw-
Major Monogram,(crosses his arms) No! It's mine!
Major Monogram,If you please.
Major Monogram,(putting his head in his hand) I hate myself.
Major Monogram,Psst! Agent P!
Major Monogram,"No, it's mine!"
Major Monogram,DOOFENSHMIRTZ!
Major Monogram,I won! I won!
Major Monogram,"Oh, and Carl?"
Major Monogram,(offscreen) Defenestrate!
Major Monogram,Video number-
Major Monogram,I think I do.
Major Monogram,Gimmelshtump!
Major Monogram,Do a closeup.
Major Monogram,That's right.
Major Monogram,"Quiet, Carl!"
Major Monogram,All is lost.
Major Monogram,She's right.
Major Monogram,Oooh! Right. (clears throat)
Major Monogram,It's a solo.
Major Monogram,"No, not you."
Major Monogram,His family.
Major Monogram,"Uh, really?"
Major Monogram,"Mmm, hello?"
Major Monogram,You're mad!
Major Monogram,No I don't.
Major Monogram,Nice recap.
Major Monogram,"(grumbles) Okay, fine."
Major Monogram,Not a clue.
Major Monogram,"Huh, right. (Chuckles)"
Major Monogram,So... none.
Major Monogram,"Oh, did he?"
Major Monogram,Why you...
Major Monogram,Ya' think?
Major Monogram,Seriously?
Major Monogram,High five!
"Major Monogram, Carl",Surprise!
Major Monogram,Owwwwwww.
Major Monogram,"No, I am!"
Major Monogram,Monobrow?
Major Monogram/Carl,Surprise!
Major Monogram,And hope.
Major Monogram,(After a short pause) Go ahead.
Major Monogram,"No, I am!"
Major Monogram,"(offscreen) Uh, yes?"
Major Monogram,(shakes Doof's hand) Enemies.
Major Monogram,Noooooo!
Major Monogram,Told ya.
Major Monogram,Buh-bye!
Major Monogram,(scoffs) ..Krill.
Major Monogram,Debacle?
Major Monogram,Agent C?
Major Monogram,Boo-yah!
Major Monogram,(suddenly wearing an eyepatch) Uh...no.
Major Monogram,Goodbye.
Major Monogram,Really?
Major Monogram,Carl...
Major Monogram,Cheese!
Major Monogram,Cheese?
Major Monogram,Well...
Major Monogram,Clawing
Major Monogram,Gross.
Major Monogram-2,But...
Major Monogram,Hello?
Major Monogram,Noo... (sigh)
Major Monogram,Catch.
Major Monogram,Mine!
Major Monogram,What?
Major Monogram,Carl!
Major Monogram,Carl!
Major Monogram,Um...
Major Monogram (2nd Dimension),Ahem.
Major Monogram,Carl.
Major Monogram,Tape?
Major Monogram,Wait!
Major Monogram,Carl?
Major Monogram,Mine!
Major Monogram,Mine!
Major Monogram,Okay.
Major Monogram,Carl?
Major Monogram,Mine!
Major Monogram,Ehhh.
Major Monogram,Yes.
Major Monogram-2,26!
Major Monogram,Oy.
Major Monogram,OK.
Major Monogram,Oh.
Major Monogram,'(Perry frozenly chatters)
Major Monogram,"(while holding a puppet version of himself, singing to the tune of ""This Old Man"")"
Major Monogram,(Laughs)
Major Monogram,(Indistinct mumbling)
Major Monogram,(clears his throat)
