Name,Dialog
Candace,"Is someone there? (gasps and dials her phone) Stacy, I know you're gonna think this is crazy, but I honestly think something is in the room with me. Have you ever been in a situation where your whole body, like, senses a presence? Like, you can't see it, but it's, like...it's, like, right next to...you? (Zoom out to reveal the Ducky Momo doll on the arm of the couch. The doll quacks and stretches his arms out. Candace screams and runs off.) Upstairs! The only logical escape! (Candace runs upstairs but gets her ankle caught in a curtain. The doll approaches the stairs quacking. Candace screams and bites the curtain off. The doll climbs up the stairs. Candace frees herself from the curtain, hides behind a wall and dials her phone.) Stacy, you gotta help me! The spell from that weird book worked! Ducky Momo is alive and he's trying to get me!! No, he's downstairs. He—Would you stop laughing? Yes, you are! I can hear the milk shooting out of your nose! (She looks behind her and sees the doll and yells, dropping her phone.) My phone! (The phone lands by the doll's webbed feet. It ends the call.) Back! Stay back! Ah! (Takes down a picture) Stay away from me! (Takes down a poster and crumples it up.) You stay away! I'm serious! Uh! (She slides a table across the hall.) Oh, come on! (The doll sees the crumpled poster on the floor and walks around it.) No! He's unstoppable! (Cut to Candace pulling on her bedroom door handle.) Come on! Open! Open! Open! Oh, yeah. It's an innie. (Pushes the door open and pants.) Keep it together, Candace, think! Think think think! Block the door! Block the door! (She blocks the door with everything but the kitchen sink. She then pulls up the doll and screams and hides under her bed.) I didn't really mean to wish you to life! I was just goofing around! I don't understand! What do you want?! (The doll jumps on the bed, reaches out his arms and quacks.) Huh? It almost looks like you want a...a hug. (The doll jumps up and down excitedly.) Seriously? You just want a hug? Well, okay. (Hugs the doll.) But I don't get it. If the incantation made you alive, then the moonlight should've made you evil. (The doll shakes his head quacking and points out the window.) What? What? Oh, the moon was behind the clouds, so you're not evil. (The clouds uncover the full moon shining on Mr. Miggins, who comes to life and roars evilly.) But now Mr. Miggins is!! AAAAAAAAAHHH!!!"
Candace,"But everything will be gone by the time Mom gets home. Isn't that right, Mr. Miggins? Unless… (she grabs a sack, an oil can, and a football helmet which she puts on, and lays a trap for a Brobot; a Ferbot walks near the oil can and drinks from it; Candace leaps from the cellar and traps the Ferbot) Aha! (She carries the sack with the Ferbot in it to the front yard and calls Stacy) Stacy? Oh my gosh! Guess what? Ugh, Stacy, I can't understand you. Why are you crying? Yeah. Crying, crying, it hurts, right. Got that. Uh-huh, Oh, hi, Mrs. Hirano! What? Stacy got her ears pierced? Gee, what a terrible thing that I had completely no idea about! Anyway, gotta run, Mrs. Hirano. Give Stacy my best! (Throughout this, a garbage truck arrives. A man takes the bag with the Ferbot in it and tosses it into the dump area. It drives away, and a Fred's Fertilizer truck pulls up. A man drops off a bag of fertilizer and the truck drives off. Candace barely notices; she walks back to the bag and kicks it) Poor, mixed-up Stacy."
Candace,"Me? I'm just makin' a snack. Just thought I'd have, you know, somethin' healthy. What? Oh, okay, you caught me. Donuts and cheesy popcorn. (The Ducky Momo doll peers behind the door. The door handle jiggles. Cut to outside as the doll attempts to open the door. The doll reaches into its stuffing and takes out a credit card and slides it through the door. Cut to Candace getting a glass of water.) Ah, Jeremy was so great, he took us out for mani-pedis. (The door opens.) Is someone there? Oh, the storm just blew the door open. Yeah, I know. Creepy. (The Ducky Momo doll attempts to walk between Candace's legs. Candace closes the door with her leg, slamming it on the doll.) Anyway, since Jeremy's mom is a regular at the mani-pedi place, we got special treatment. Yeah, they served us sparkling apple juice and finger sandwiches and made fun of us in Thai. It was all so classy. What can I say? (closes the fridge door with her foot) I love a well-groomed foot."
Candace,"Oooooh, what are those two up to now? (Cuts to her perspective out the window.) Okay, Phineas and Ferb are standing in the yard with two nerds, Isabella, and the Eiffel Tower. (Cut back to her.) That's nothing but trouble! Wait a sec... (She gets out binoculars, cut to her view from them.) Those aren't my brothers. (Zoom in on Buford and Baljeet) What?! Is that Buford and Baljeet?! (Cut back to her, she gets out her phone and dials it.) Oh, I am so calling Mom! (Stops) Hold on. If those aren't my brothers, why am I calling my mom? Why not call Buford and Baljeet's moms? That satisfies the Mom response, and the bust urge! I'll call that dork Irving's mom, too. And what the heck? Why leave my mom out of the party? (She laughs, plays another song on her headphones and dials numbers, humming.) Information, please. (Hums more.)"
Candace,"Phineas and Ferb, let me in! (pushes button; gets covered in ant pheromones) Ew! What the heck is wrong with this doorbell?! Hello? (pushes button again; gets covered in more pheromones) Ow! Oh, it got in my eyes! (pushes button once again; gets covered in more pheromones) Hellooooo?! (presses it three more times) Ugh, it tastes like Buford's grandmother's house! That is it! (goes inside Antius Maximus) When I lay my hands on them, aha! (while inside) Phineas and Ferb, you are soooo buuuu... (seeing giant ant) bu......bu...buggy? Yeah, uh, you know what? (chuckles) This is the wrong giant ant farm. I'm just gonna head out, okay? But being a job on the whole digging thing, really. Okay? (sees another ant) Oh, hello, yeah, take it easy."
Candace,"Well, If they really are doing nothing, I guess I've got some time to go about my personal business. Let's see... What do I usually do? I know! I'll call Stacy and tell her how I'm busting Phineas and Ferb for-- Oh yeah, can't do that 'cause they're not doing anything. Wait a minute! I know! I'll put this camera in just the right spot so when Phineas and Ferb are-- Ugh! And then when Phineas and Ferb walk by I'll-- Ugh! Well, if there's one thing I know, I'm gonna look sooo good when I bust them for-- Agh! Face it! You cant do anything unless you're trying to bust them for doing something. And if they're doing nothing, then... (Sobbing) ""Who is Candace?"""
Candace,"Good! Is this house even clean enough for this? (Picking up a few magazines) Let's see, monster trucks on the bottom, book review on top. That should impress 'em. (She looks out the window, and sees Phineas and Ferb's personal anti-gravity device) Oh no! No! No! That is hideous! What the heck did the build out here? (Reading) ""Anti-gravity maximus"" Oh I have got to get rid of this thing. (She begins to pulls it away, but the machine zaps her, making her float in the air) Oh no. No! N- Ahh! Phineas and Ferb! Not today! Not now! If Jeremy's parents see me like this, that's the end of me seeing him. Come on there's got to be a reverse switch on this thing."
Candace,"(talking on her cellphone) I'd love to come over to watch you get your ears pierced, Stacy, but my mom went to Zippy Pics and left me in charge of my brothers. (Sees a Phinedroid out the door) Oh, here they come now. (smirks, another Phinedroid walks by) Phineas and Ferrrruh, Phineas? (Gasps) I have to call you back! (she goes outside) Oh, wait till Mom finds out about Phineas and Ferb, and...Phineas and Ferb and Phineas? And Ferb? And Phineas and Ferb? Phineas?! Ferb?! Ferbias?! Phiniferb?! (Gasps) They're my brothers and they're robots! They're Brobots! (Candace screams and runs into the panic room, finally, she calls Linda.)"
Candace,"Hi Mom. Phineas and Ferb have been abducted by an evil alien, and I'm here with another alien, who isn't his son, and... How does that sound so far? (Meap blinks) I agree. Craaazey! What are we going to do? (Meap walks off, and returns with one of Phineas and Ferb's baseball launchers) Play catch? Well, if you think it will help. (Meap begins to pull out pictures, in an attempt to explain his plan to Candace. First with Phineas and Ferb) Phineas and Ferb. (Meap pulls out a picture of Mitch) Your father. (Meap pulls out another picture of him)  No, right not your father. A bad guy. Say where do you keep all these pictures?"
Candace,"""Thanks for the old baby picture."" (Sighs) Ooh, wait! I need something with today's date on it. I could take a picture of them with one of those old-fashioned things. It's like a web page with... printed on paper... A newspaper! Ha-ha! (Runs around trying to get Ferb to hold the paper) Okay, stop and hold the paper. Ferb, sweetie? Okay, just stand here and... No! No, don't run away! Wait! Hold it! No, no, no, no. Get back here. How about if we just sit? Then hold the paper. (Ferb throws it) We don't... We... No, don't throw it. Wait! (Candace gives up on Ferb and goes to Phineas) Okay, just hold this. Stay."
Candace,"Okay, I was having a rotten day. One crummy thing after another kept happening and when he told me that this thing can make the day start over again, I just couldn't help myself. And then the days just kept looping and I know I should've said something sooner, but I kept coming closer to busting you guys! And I swear I had no idea it would do any of this. I thought I'd get one do-over and that would be that, but then I saw it was creating problems and making things disappear and making people forget, but by the time I tried to stop it, it was too late, and I lost you guys! And I don't know how to fix it!"
Candace,"Aw, I don't know, sweetie. I was being silly before and overreacted. Sometimes we see things that aren't really there, but don't worry. I promise I'll protect you if...I...see... (Wide shot of the lake. Nosey's head appears out of the water.) THE LAKE NOSE MONSTER!!! (Everyone jumps out of the water screaming.) Quick, kid, run as fast as your little legs can carry you! Follow the train tracks north! You should hit Ackerton by sundown! Blend in! It's a college town! Get a retail job and save up enough for a bus ticket to the Canadian border! Someone will get in touch with you when the coast is clear!"
Candace,"Hey there, little fella. You're not such a tough guy, are you, Mr. Spider? Aw, no you're not. No, not a bit. Ah, who ya kidding, Flynn? To face your fear, you gotta at least look. (gets creeped out by the spider) Ahh! Creepy crawly, creepy crawly, creepy crawly! Get off me, get off me, get off me, get off me! Ew, ew! I'm sorry, 5-year-old me. I tried. I really tried. (slaps herself) Snap out of it, current me! Summer's not over yet. (looks outside the window) Hey, wait a minute, summer's over? Who did th- oh... Phineas and Ferb. (runs downstairs) Phineas and Ferb, what did you do to summer?!"
Memory-Candaces,"Mom, Phineas and Ferb built a rollercoaster! Phineas and Ferb are one-hit wonders? Phineas and Ferb carved my face into Mount Rushmore. Phineas and Ferb are driving cattle. Phineas and Ferb built a giant tree house robot... (The next several begin to slur together as they quickly come to her) are promoting a boxing match...built a beach in the backyard...built a time machine... built a ski resort! Are directing a movie... built a haunted house... built a giant sundae maker... are getting the band back together... Phineas and Ferb are in my large intestine!"
Memory-Candaces,"Mom, Phineas and Ferb built a rollercoaster! Phineas and Ferb are one-hit wonders? Phineas and Ferb carved my face into Mount Rushmore. Phineas and Ferb are driving cattle. Phineas and Ferb built a giant tree house robot... (The next several begin to slur together as they quickly come to her) are promoting a boxing match...built a beach in the backyard...built a time machine... built a ski resort! Are directing a movie... built a haunted house... built a giant sundae maker... are getting the band back together... Phineas and Ferb are in my large intestine!"
Candace,"It's not too late to fix this! I can still have a best friend forever! Stacy, there she is! Right next to the Phineas... and Ferb... Lemonade stand. (looks at the cup she has been drinking from, realizing she has been drinking from Phineas and Ferb Lemonade, followed by several of the P&F lemonade franchises, until finally stopping at a beauty salon where some one is doing Linda's hair) Mom! I'll tell mom! But wait! Stacy! Mom! Stacy! Mom! Stacy! Mom! Stacy! Stom! Macy! Seven! Wolverine! Shish kebab! Marmalade! Hominahaa... (mutters indistinctly)"
Candace,"I know the boys must be around here somewhere. (Notices the viewing platform) Wow, what a view! Well, may as well see what this doughnut nonsense is all about. (Walks to the telescope and looks to it) Wow, it's actually pretty cool! (Moves the telescope to the Unpainted Desert) So this over there must be the Unpainted Des-- (Camera zooms out as Candace notices the painting) Hey, that doesn't look unpainted to me! (Zooms in on the painting autographs) PHINEAS AND FERB?!! (takes the telescope away from her eye and smiles) Oooooooooh....BUSTED!!!"
Candace,"I'm ready for this trip to be over. I'm tired of being in mobile lock-down, where I can't even call my friends because of spotty cell service! That, combined with the refrigerator door opening every time we make a left and sharing a bathroom the size of a postage stamp. The only consolation for this whole rigmarole, besides the fact we didn't stop at one of those greasy spoon road stop diners, is the fact that you two haven't done (echoing) anything bustable for a whole week! Seven solid days. Are you even listening to me?"
Candace,"You know what I think? I think you two found Nosey, but you didn't bring back any proof, specifically just to make me look foolish, in front of all of these— (Sees a chomped camera in the lake) Wait a minute. (Picks it up) Look at this! Only one thing could've made a bite mark this big! Yes! I have proof! Now they'll have to...believe...me... (Sees the sad expressions on her brothers' faces.) Or maybe you were specifically trying to protect Nosey. (Phineas smiles.) Oh. I'm gonna have to do the right thing here, aren't I?"
Candace,"Size! That's it! It's got to be huge. No, wait, you built a skyscraper to the moon and who knows where that went. (the camera reveals the current location of the skyscraper) No, if this summer has taught me anything, it's not the size of the project that's important. What matters is proximity. Mom's proximity. (at herself) Think, Candace, think. This could be the most important decision of your entire summer. Something that will make Mom come and see what you are building. Hmm, what will that be? (gasps) A Mom Attractor!"
Candace,"Okay, you guys are so... hey, they're not here. What's this? This stuff's way below they're usually bustable level. I wonder what they're doing out here with dad's old barbells. (Candace lifts barbells) Hey, I've never been able to... (gasps) Super strength. What if there really was a vampire bat? Candace, get a hold of yourself. I mean, it's not like I can fly. (Candace floats in air) Oh my gosh! Okay there's only one way to know for sure. A mirror. (Candace's reflection in the mirror disappears) Oh no, no reflection!"
Candace,"It's not fair. Every time I try to bust Phineas and Ferb it's always ""Candace, I'm shopping,"" ""Candace, I’m having root canal surgery,"" ""Candace, I'm deliberating with a sequestered jury. How did you even get in here?"" Then my-- (seeing Phineas and Ferb fly past in the super suit) Oh look, a flying man! (She suddenly stops) Wait a second. Isn't that impossible? Wait another second! Something impossible plus that thing existing in real life equals... (She gasps before pedaling toward home) Phineas and Ferb!"
Candace,"(Trying on different costumes) Oh, I've got to find the perfect outfit to wear to Stacy's costume party. That's it! A disco diva! Nah. A corn dog! Nah. I know! I'll ask Jeremy! (Talking to a photo of Jeremy taped on top of a teddybear) What do you think about my costumes, Jeremy? (As Jeremy) Gee, Candace, I think you look beautiful and everything. Will you be my girlfriend? (Cell phone rings) (As herself) Oh, yes, Jeremy! I will be your girlfriend! (Ringing continues) What? The prom? (At phone) What?!"
Candace,"What?! (sitting Linda back down) No no no! You sit! I'll go ask 'em. (Runs to the sliding door and imitates the sound of the door opening.) Hey, guys! Uh, do you know how the knight moves? (Doing a bad imitation of Phineas.) Uh, yeah, Candace, it moves straight up and then, uh, straight down on the same square. (normal voice) Oh, hey, yeah, that's great! Thanks! Oh, wait, what was that, Ferb? Oh, yeah, you don't talk! (Imitates the sound of the door closing and draws the curtains on the door.)"
Candace,"First, I'm going to name you Mr. Cutie-Patootie. Then we'll give you a complete makeover, and teach you some cool tricks. You stay put while I find you a new stylish outfit. Let's see what we got here. (While Dennis, now standing upright, searches for an entrance to Perry's lair) What am I doing with a scepter? Huh. Next! Leopard headbands are so last year. Ooh, here's some of my doll clothes! Eh, let's skip the tiara. What is this? Leg warmers? Who wears leg warmers? I definitely don't."
Candace,"There they are. (Phineas and Ferb get into a taxi that promptly pulls off) They dropped a notebook. The page is torn, but it says ""To big race 1600 Water S."" Water Street! The final clue! They're having a race at 1600 Water Street! Ooh, I gotta call Mom! (To her mom through the phone) And that's why you've gotta come down to 1600 Water Street. (She and Stacy arrive at 1600 Water Street which is nothing but an old abandoned building) Huh? I don't get it! I thought I'd figured it out."
Candace,"He broke up with me! Of course he broke up with me. I mean, look at me. I'm a bundle of unbridled neuroses! I'm in Africa, surrounded by natural wonders, and all I can think about is finding a cell phone. (falling from tree) I'd break up with me too! Even the tree broke up with me! (gasps) Are you okay, Mr. Pockets? Jeremy's right. I shouldn't be his girlfriend. I don't belong in society. I don't deserve to be a part of civilization! (sobs) Candace is out! Peace! I'm going native!"
Candace-2,"(voiceover) War journal entry number... Uh, I mean, Dear Diary, It's been two months since the fall of Doofenshmirtz, but every morning I think I'm gonna wake up back in the underground. I feel restless. I need a challenge. I need a mission. I can feel myself getting softer. Doofenshmirtz is in jail and everyone is trying to embrace their new freedom. I alone know better. I can feel evil still out there, getting stronger while I sit in my room, waiting for the other shoe to drop."
Candace,"Anyway, Stacy, so I decided that from now on, I'm going to stop always interrupting my life with all these stu... (gasps as she sees the leaves blocking the door) Stacy, I gotta call you back. Oh I see. So they think they can stop me from seeing whatever giant project they're working on today by plastering leaves all over the door, huh? Well, it's not gonna work! A-ha! ...Um, they've built a big wall of leaves to block the door! Well, I'll just dig in here and, uh..."
Candace,Time to take my perfect hair to a bust show. (Cut to downstairs. Her phone rings.) Hello? You're kidding! I won a random contest to sing backup for Love Händel at the Danville 24 Hour Music Awards?! Sweet! Perfect hair day? Backup singer for Love Händel? That could only mean... Wait. Lemme try one last thing. (Falls backwards. Wide shot to reveal she landed on two pillows. She gasps.) Pillows magically appear to break my fall! It's true! I'm finally having good luck!
Candace,"Ooh, I-- I almost forgot the coolest part. (In the backyard) Hey, guys. Guys. You're never gonna believe this. At the end, they-- (ominous theme playing) (gasps) Ferb? (sees what looks like Ferb removing his head, she screams and runs to the panic room) Oh, my gosh. Ferb's an alien. Whoa, whoa, whoa. Hang on a second. I'm sure there's a perfectly good reason Ferb can remove his head. I mean, it's not like he had any of the other telltale signs, is it? Oh, no."
Candace,"Skiddley Whiifers is the best game ever! And HA! (Rolls a double 5) That brings me out of the mud pit, into the car wash, through the terrible tower, and uh oh, Roll Again! Yes! Double kings, baby! Excuse me. Here comes the big finish. Bing! Bing! Bing! Victory bell! I've broken the winning streak. (Slaps her own rear end) Oh, that feels good! You wouldn't know about that because YOU lost! I am the Queen of Skiddley Whiffers! Who is the queen? I am the Queen!"
Candace,"(sleeping next to a framed photo of her boyfrined; yawns) Good morning, Jeremy. (fake boy voice) Good morning, gorgeous. (normal voice) Oh, Jer! (Candace giggles and rubs a framed photo of herself against the Jeremy photo, making kissing sounds. She is soon alerted to power tools whirring and thumping) I'll be right back, Jeremy. (she looks out of the window) What's going on? (Ferb has just set up the tent) A circus? Can't they give me a break for one day?"
Candace,"Oh strange phenomenon, tell me why you keep making my brothers' inventions disappear! Give me a sign! (Looks to her left with her left eye and vice versa. She smacks the floor, and a book wobbles off the shelf) Ugh! Why do you toy with me? (Picks up the book) My 4th grade science book? (Opens the book) ""The scientific method has proven to be mankind's most useful tool for understanding the truth behind formerly strange phenomenon"". Hee-hee-hee-hee..."
Candace,"Oh, you don't have to. (Linda takes a seat. Candace clears her throat and begins reading.) ""Smorky knew that it was wrong to steal the pie, but it looked so delicious. He knew his friend had worked hard to make the pie and bake the pie. How would Smorky's friend feel when he saw the pie was gone? He would feel sad. He would feel bad. He might even feel mad. But Smorky was so hungry. What could Smorky do? What should Smorky do? What would Smorky do?"""
Candace,"(screams happily and ducks her head back into the house) Yes! The days are repeating! Which means, I still have a chance to— (notices her skates on the floor and starts talking to it) Oh, no. I'm not falling for that one again. (walks to the side) Fool me once, shame on you. Fool me twice, shame on me, but fool me three times and (steps on a third skate) whooooa! Why do I even have (steps on the skateboard) three skates? (falls off the skateboard)"
Candace,"Okay, got to cast that net a little wider. (going through list of names in phone) Jeremy? No, I can't talk about Jeremy with Jeremy. Mad at Stacy. Jenny, pigeons. Mom? No way! Yuck! How did HE even get in here?! Delete! Okay, who next? (more rapidly at each turn) Jeremy, Stacy, Jenny, Mom. Jeremy, Stacy, Jenny, Mom. Jeremy, Stacy, Jenny, Mom. Jeremy, Stacy, Jenny, Mom. (gasps) How can I only have four friends?! And one of them's my mom!"
Candace,"Waiting for Jeremy to call! You see, last night, at the movies, he said was going to call soon. So I calculated that ""soon"" must mean first thing in the morning since ""soon"" can't refer to a period in excess of or equal to 24 hours, give or take a 59 minute cushion of time, on either side of the event in question. (Candace holds up a notepad of her math) See? I had it all figured out right here on this notepad. I even showed my math!"
Candace,"Wait a second! I just realized something! You both make money off of people's natural insecurities. (to Otter) You show people oddballs so they'll feel better about themselves, (to Blanca) and you make beauty totally unobtainable so they'll feel worse about themselves! Look at me! I'm fifty feet tall now and it's still out of reach! Well, I've had it! Making beauty the focus of my life has distracted me from the real focus of my life"
Candace,"Telephone? Telephone? Telephone? I'll never know what Jeremy wants to tell me. This whole continent hates me. That lion, those two circus clowns in the ultra-light, the mysterious object under this tarp. (removes the tarp to reveal...) Telephone! Big, weird, wind-up telephone. (Reading) ""For best reception place unit in high location with unobstructed views."" (begins to drag the telephone towards a tree) Heeheeheeheehee, heeheehee."
Candace,"Yeah, just put it there at the end. (Guiserblint pours some more gold at the end of the rug. Candace takes off her shoes.) Okay, you can go now. (She lifts her dress up and runs gleefully through the coins in her bare feet. She stops and a record needle scratch is heard.) Wow, I've been given all this power and how I've chosen to use it is to run through gold coins barefoot....I'm a genius!! (runs back to the throne) Ha ha ha!"
Candace,"(hangs up) He thinks it's weird. Why is it that when Phineas and Ferb have an idea, everyone's like (deep voice) ""Oh, wow, you guys are really clever!"" (normal voice) And when I come up with something, everyone goes ""What? Did you say something, Candace?"" (picks up the baklava bear, now covered with ants) Oh you know what I'm talking about, baklava bear. Ew! (after seeing the ants, she quickly throws the bear onto the ground)"
Candace,"Page one. Welcome Fireside girl. You're about to embark on a trans-formative journey that you will remember for years to come. (Later) ...and water should be boiled. Now on to part two of the introduction. (Later still) (hoarsely) Section 12, part 6. How to start a fire using only bobby pins and a hat. (Even later) Section 25, part 16. How to tell if a marshmallow is properly roasted. (Candace stumbles, and coughs dryly.)"
Candace,"(Talking on her cell phone) I can't believe it! It's Phineas's birthday, and I still don't know what to get him! What can you get for the boy who can make everything? (Sighs) It's my fault. I should have been thinking about this before, but I've just been so distracted by trying to bust Phineas and-- Wait! (Notices Ferb behind a tree; The garage door opens and Ferb runs into the garage) What is he up to? T-T-Y-L, Stacy!"
Candace,"(enthusiastically) Aaah! Yes! Vanessa's dad's machine! It worked! Which means that yesterday is today! Another chance(steps on a rollerskate) to bust the boooo- (steps on a skateboard and rolls down the stairs) -ooys! I didn't think there would be this part!– ugh! (falls off the skateboard and loses the skate, lands in a wagon, and starts rolling around the house) Har... (pauses as she rolls behind a wall) dee har har."
Candace,Now's my chance! (runs up to the crate) Woo! Evidence at last! Wait a minute. Let's just make sure it's really in here. (opens the crate) Here Chupa... (The Chupacabra scratches her in the face) This is the best day EVER! (she stops for a moment) Wait a minute. I'd better move this to the front lawn where Mom can see it right when she gets home. (she pushes the crate to the driveway and dials the phone) Hello? Mom?
Candace,"Sure Mom. There's got to be something heavy in here. (She finds a wrench, and shoves it in her shoe, weighing her down somewhat) OJ, did you now that stood for Orange Juice, cause I didn't. Well, its not fresh, but it was an impromptu brunch. Brunch cross between breakfast and lunch, makes you wonder what a late night snack would be. A lack? How about a rack? Cross between dinner and snack, anyway... Haha, enjoy."
Candace,"Stacy, it's been four days. (Rolls her chair to a picture referencing Cinderella. The faces are replaced with Candace and Jeremy's faces) I'm not expecting Prince Charming to bring me a glass slipper or anything, but a phone call would be nice. (Phone beeping) Hold on, I've got another call. (Gasps) (Holds up the phone, showing a heart with Jeremy's face in it) It's him! Call you back! Bye! (Phone beeps) Hello?"
Candace,"I didn't do anything! He's my brother, just a baby. They cry you know. (Now Baby Phineas start crying now he cried with him then puts Ferb back his stroller) I know! Toys! I buy you some toys; that's what makes babies stop crying! (pushes the stroller towards a store that coincidentally sells baby things) Oh, thank you. (the stroller gets stuck in the door) I'll just be a second, okay? Don't go anywhere. Stay!"
Candace,"Hygiene, here we are! Okay, lip wax, pimple cream, fungal cream... Wow! Running out of all my most embarrassing personal hygiene products on the same day. Ooh, right, deodorant! Oh, now, which Ducky Momo deodorant did I use? Hmmm... (Takes one off the shelf and looks around) Well, there's only one way to be sure. (Uncaps the deodorant and sniffs. She puts it back on the shelf and smells her own armpit.)"
Candace,"(Climbing into Phineas and Ferb's spaceship) Brothers. Does every sister have to deal with this? No. Do I have to deal with this? Of course. You'd think I'd have better things to do and other things to worry about. Every single day, it's one thing after another. But do Mom and Dad see it? No. Do they get in trouble? No. And another thing– (She enters the cockpit, to find Phineas and Ferb aren't there)"
Candace,"Uh, uh, I'm not wearing this. I mean, I'm wearing it in that it's actually on my body right now, but I'm not attached to it. Not to say that I'm attached to my other clothes. I mean, I can actually take them off. No, no, no. But, I mean-- I didn't want to put these-- I-I want to put clothes on, but I-- It was a mix-up, Okay? The dry cleaners and a-- a jackalope lawnmower, and-- (Pants) Do you like it?"
Candace,"(walking towards her bedroom door) This is it, Candace – the last day of summer vacation! Your last chance to bust the (steps on a rollerskate) boooo- (steps on a skateboard and rolls down the stairs) -ooooooo – ugh! (falls off the skateboard and lands in a wagon, starts rolling around the house) Uh! Why do we have this many (pauses as she rolls behind a wall) wheeled objects lying around the house?"
Candace,"Not midnight yet? That's it! I've actually got an hour left to bust my brothers! (running out of City Hall) I've gotta find out what they're doing! I'll get video. Whoa! Ooh! (slips and falls on a patch of ice) Aah! Aah!! (skids down an alleyway, bounces off a pillow and goes flying) Aah!!! (swings around a street lamp's pole and lands on her feet) Ooh! Huh, that parkour training actually paid off."
Candace,"Oh, hey, boys. I see you're still doing nothing. Oh, don't mind me. I'm just carrying a few construction supplies for a really huge super cool contraption. (Laughs) You know, like the ones you used to build. Well, I figured I'd get in on the fun today. Oh, pardon my reach! Just trying to get into the most convenient position to drive this stake into the ground. Oh yeah! I'm really having fun now!"
Candace,"(Sighs, talking fast) Phineas and Ferb built a beach in the backyard, just like they said they were going to. But instead of just a cute little beach in a sandbox; it turned out to be this absolutely huge beach, with a coastline, and palm trees, and a pier, and hula dancers, and water skiers, and tiki huts, and dolphins, and dancing, and surfing, and everybody from the neighborhood showed up-"
Candace,"...and then I was just about to share a smoothie with Jeremy when a coconut dropped on my head, and ...and just for a moment, it seemed that the wily Buford would steal away the coveted surfing trophy from under the noses of our heroes...then I can only continue my benign reign and spread love, happiness and ultimate popularity throughout my kingdom! If you would just let me have my moment!"
Candace,"Hoist the mainsail! (Stacy does so) Swab the poop deck! (Stacy does so) Watch that jib, sailor. (the jib knocks Stacy's hat off) Now take the helm! (puts Stacy at the wheel and rides a rope onto the bowsprit) I've got a date with destiny, and it ain't gonna end with a kiss! (spots the shark through a spyglass) You've vexed me for too long. Too long! Full speed ahead, Stacy; get me in close!"
Candace,"Right, hard to get. I'll call you back. (Presses button on phone to talk to Jeremy.) Umm, about the car and the ride, I would love to (Candace screams. Jeremy holds the phone away from his ear as the force of Candace's scream makes his hair blow back.) Wait, I mean, I better check my schedule. (Covers phone and hums victory music to herself). You're in luck. I can just squeeze you in."
Candace,"I know, right? With Phineas and Ferb split up for the day, it's practically a vacation! (She passes by Isabella's house with the clubhouse next to it in the background.) Yes, I know we're already on summer vacation, Stace. I was just -- (Opens her eyes and turns around, notices the clubhouse) What? A Fireside Girls mobile tactical unit? Sorry, Stace, gotta go! (Hangs up and runs off.)"
Candace,"Yes...I...am. (clap clap) Bring me a glass of water (Guiserblint produces a glass) and a cracker. (A woman behind her gets a cracker.) Okay, bring me an x-ray of a kangaroo with three legs. (Guiserblint shows the X-ray, while another man holds up three mannequin legs) No, no, the kangaroo has three legs. (Another man shows the x-ray of the kangaroo with three legs) Ah! There you go."
Candace,"(to the teddy bear) Oh, Jeremy! In the blink of an eye, you'll be moving on to the next phase of your life. You'll be going to college and wearing tweed jackets with patches on the elbows! You'll be so mature! And look at ME! I'm a child! Jeremy, you'll see! I can mature! Starting with taking this silly photo off. (rips off photo) Oh, Mr. Miggins! Have you been there the whole time?"
Candace,"Agh! Well; that could've been a lot worse, but thanks to my lucky charm I can-- ... No worries! I got my lucky charm on. (screams) ... Well, I guess it could've been worse. ... Okay, that does it. This thing is totally bad luck. ... Well; little amulet, this girl doesn't any more misfortune. So bye-bye, bad luck! (tosses tiki charm into garbage can; mysterious music plays) Over it!"
Candace,"Oooooh! Here he comes! Oh, Jeremy. How can you even make walking to a bus stop cute? Yeah, I'm a lucky, lucky gal. (a strange object falls from Jeremy's backpack) Oh, no! He dropped something! Jeremy! Jeremy! (runs outside) Jeremy, wait! You dropped-- (bus leaves) wait! (calls Jeremy on her cellphone) Jeremy, you dropped something outside my house, and it kind of looks, uh, artsy."
Candace,"Um, um... Excuse me! (Walks away from Jeremy to resolve her inner turmoil) Urge to bust so strong, but I need time with Jeremy to find out why he likes me! Gotta resist urge to bust! Must not spoil quality time with boyfriend! (Composes herself and returns to his side) Uh, picnic in the dangerous, unauthorized, and highly bust-worthy biosphere? Sounds great! (Giggles insincerely)"
Candace,"(looking at her watch) Oh, you know what? I just remembered some friends asked me to help them form a giant human pyramid and I told them that was, like, the last thing I want to do today, but it turns out I was wrong. So I-I gotta go. (leaves) The speech is great, Dad, (puts her hands on her father's shoulders) but you might want to add some visual aids. Just a little dry."
Candace,"Mom! Phineas and Ferb are in the ""Gadgets Through the Ages"" exhibit, and they're doing something to this chair thing, and Ferb is using this hose thing that makes sparks, and he's wearing this mask that goes like this! (Waves hand) And you have to come with me right now! Please, please, please, please, please, please, please, please, please, please, please, please, please!"
Candace,"So, Mrs. Johnson, it's so great to talk to each other like adults. (Suzy crawls under the table, and pulls out the wrench weighing candace down) Just me and you talking all adulty and stuff, and (Candace notices her leg has floated up) WHOA! (She floats up entirely, just managing to hold onto the table) Ahh! Just doin' a little yoga stretching to help this digestion, yep."
Candace,"(Reading the guide) Elephant, log, dolphin, driftwood, tire, driftwood, rhesus monkey wearing a powdered wig, driftwood, driftwood, you aren't old enough to know what that is, driftwood, driftwood, it's usually driftwood. (Camera zooms out) So don't go humiliating me by, I don't know, building some boat (Picks up luggage cases) to find the Lake Nose Monster or something."
Candace,"Oh, look! It's the boys in their UFO! And Mom is in the next room! (beat as Candace's eye twitches again) Nope! I've had a lovely day and I'm not gonna ruin it with another failed bust attempt. No way this day is gonna blow up in my— (She opens the box and the pizza explodes in her face and blocks the saucer from view.) Oh! So that's what they meant by ""exploding pizza""."
Candace,"Silly BFF, Jeremy likes me for who I am. It's like we're one. When I breathe in, he breathes out. His heart says, ""Knock knock"" and my heart says, ""Who's there?"" and the answer is, ""Us!"" (giggles) Remember those days when I was always panicking about (Phineas, Ferb and Isabella pass with baseball stuff) what he thought or what he would or wouldn't like? Ancient history."
Candace,"Well, no matter, because we're driving this thing home. I'm calling Mom to make sure she's there to see this. (dials phone) You're going too slow! Give me that thing! (takes remote) So, how does this thing work? (presses button, ""I'm Lindana and I Wanna Have Fun!"" plays, presses another button, activating windshield wipers, presses another button, the ATV does a loop)"
Candace,"Smile! (she snaps the photo, which comes out instantly, she looks at the photo) Aha! (shows it to Linda) AHA!! (looks at the photo) Aha! (shows it to Linda) AHA!! (looks at the photo) Aha! (shows it to Linda) AHA!! (looks at the photo) Aha! (shows it to Linda) AHA!! (looks at the photo) Aha! (shows it to Linda) AHA!! (looks at the photo) Aha! (shows it to Linda) AHA!!"
Candace,"Duh! (Rushes off and comes back wearing a dress) I've been planning this since I was 10! I could set up the perfect wedding and get you two kids married in a way you'll never forget, and have you on the plane to the Galapagos with time to spare. Now you and mom go to the salon to get up-dos, and French manicures. Then head to Tri-State Bridal and ask for Oga. Now go!"
Candace,"Listen up, team, I'll be at the front of the house tracking Mom on my GPS device.  (Cut to Stacy and Jenny asleep.) Jenny, (Jenny wakes up.) you'll guard the gate. See to it that Phineas and Ferb stay in the hot zone. Stacy, (Stacy wakes up.) you make sure whatever they built stays there 'til Mom comes home. To achieve that goal, we use the following busting jargon"
Candace,"(Talking on phone while sitting in front of her computer) And then I typed in LOL, but it came out LOP, and Jeremy thought I meant... (sniffs the air) What's that smell? I'll call you later, Stacy. (Hangs up and looks out window, seeing cheese delivery.) Cheese, huh? That warrants a call to Mom! (Perry flies by on his jet-pack as she begins to dial.) What was that?"
Candace,"(Tire swing lowers) I don't know, Stacy. I think they're up to some-- (tire swing lifts the girls up) Whoa! This is so weird. I can't believe it's my old tree house. Carpets, furniture, entertainment center. I mean, look at all the bells and whistles. (She says as they walk past literal bells and whistles. Ha! Puns!) Maybe my brothers have been replaced by aliens."
Candace,"I don't know, Stacy, between busting my brothers and trying to make Jeremy my boyfriend in time for school, I just can't seem get anything this summer. Like my ""Jeremy and Me"" scrapbook. I mean, I have cute pictures of Jeremy and cute pictures of me, but no cute pictures of both of us being cute together! It's a real problem. But time to check on Phineas and Ferb!"
Candace,"(on her cell phone) Stacy, you are talking to the luckiest girl in the house. Jeremy is taking me to the summer cotillion! Cotillion. It's like a dance. Yes, it's a real word. All I know is it's gonna be great. Wait, I just thought of something, two somethings actually. And one of them is pointy. Stacy, I'll call you back. It's time for a little preemptive bust."
Candace,"I'm just going to sit here and enjoy, Ooh, the parade coming by. Haha, look at that kid in the cute little car. (She notices that the kid is Phineas) Gah! (Candace slaps both hands over her mouth) Mom! Ah! What am I doing? I am blocking my view. What my brothers do doesn't affect me. Letting it go for just one day. (She takes a breath) Nails. Happy relaxing fun."
Candace,"Uh, well, back onto the important things in life, like having fun! (In a cement truck) Remember when you used to have this much fun? (In a crane) All this fun could be yours too. All you have to do is join me! (Building the contraption; jackhammer clinking) Okay, okay, I don't want to brag, but fun loves me more than it loves you right now... (Cell phone rings)"
Candace,"It's all about the varying degrees of authority. First, you've got conditionally in charge; then you've got you're basically in charge; you're mostly in charge; and there's just in charge, completely devoid of modifiers. That's what I'm shooting for. Huh? Wait, what are my brothers doing right now? What do you mean you can see it from where you are? See what?!"
Candace,"(sighs) I'm a freak! (cries) I'll never be a Flawless Girl! (Ferb takes out an umbrella to cover himself and his stepbrother from Candace's rain-like tears) There's only one place where a girl like me will fit in! The Oddball Show! It was nice knowing you boys! Tell Mom and Dad I love 'em! From now on, I'll be living amongst the carnies! (sobs and stomps away)"
Candace,"Oh, never mind. I'll find it myself. (She turns the corner and sees the hotel) Hey, Hotel Poubelle! It was just around the corner! (She sees Jeremy) There he is! Jer -- (She stops when she sees Jeremy talking and having fun with some French kids. She looks depressed before walking away. A mime appears where she was previously standing, letting go of a balloon)"
Candace,"I know we have a flashlight in here somewhere. (begins feeling around in a drawer) Oh, okay, that's a stapler, Oh! Scissors. And, what is this, an old banana? Eww. What happened to all the flashlights? Ah-ha! (The flashlight flickers out) Darn, the batteries are dying. I better conserve them. Phineas? Ferb? (trips) Oh who leaves a chair right next to a table?"
Candace,"I did, but I can't show up with an obvious, stupid present that anyone could've gotten him. The perfect gift means that you totally get the other person in the most deep and paying-attention-y way. If his gift to me is perfect and my gift to him isn't, he's gonna be so hurt and insulted, and think I'm lame and thoughtless, and he'll stop liking me! (bawling)"
Candace,"Suzy'll be here any second! I hafta get this place in shape! Must! Hide! Anything! Suzy! Can! Use! Against me! (She throws away kitchen knives, the microwave, the blender, and Mr. Miggins in the trash. The doorbell rings. Cut to the front door, Jeremy and his little sister appear. Candace answers it wearing a very heavy protective suit.) Oh, hey! Hi, Jeremy!"
Candace,"(wearing tennis rackets on her feet as if they were snowshoes) Alright. That should do it. I'll just walk all the way up to the top. Nothing will stand in my way. (falls deep in the snow) Why is it so dark out here? (A horse and sleigh ram her head) Ow! Oh, that hurts! Wait a minute. I got it! (has Buford ride her up the mountain; snickering mischievously)."
Candace,"Thank you! (looks through the glasses and sees the kids) Phineas and Ferb?! (at Stacy) Stacy, I'm gonna skip over my dramatic agonizing about whether I can resist the urge to bust my brothers and, I'm just gonna give you my $70, my auction paddle, and tell you to do the best you can to get that bobble head. (gives the woman back her opera glasses) Oh, here."
Candace,"Stacy, it's conclusion-jumping-to-time. Strategy session, now! (both hide in bushes) She's amazing! She's all exotic and stuff! She has on the same bathing suit as me, only it's brighter and she wears it better. And she dives off cliffs holding poisonous snakes into piranha-infested water! What am I going to do? She's like catnip for boys! She's boynip!"
Candace,"Hello. Is this the Johnson residence? I'd like to speak to Jeremy Johnson. This is Candace Flynn. Why am I calling, you ask? Because I have a question about our algebra assignment. Thank you, I'll hold. Okay, okay, let's see... opening jokes, opening jokes. Hey there, Jeremy! This is Candace Flynn. So what do you get when you cross a yak and a martian?"
Candace,(offscreen) Mom thinks I'm imagining the whole thing! (Cut to Candace's bedroom where she is on the phone and holding a glass of water.) And I know Phineas and Ferb are behind this. (She sets the glass down. It begins to shake just like in the movie.) Huh? (Steve's giant eye appears in the window behind her. She runs downstairs.) MOOOOOOOOOOMMMMMMM!!!
Candace,"Oh, I changed my ringtone. That's a tangerine orangutan. Endangered animals! (looks at her phone) Oh, it's Jeremy! (she picks it up) Hi. You're uh, picking me up in ten minutes? Great! (nervous laugh) Bye. (hangs up the phone) Ten minutes! Stacy, crank this thing up. If it takes a half an hour on five it should do the trick in ten seconds on twenty."
Candace,"No, Mom. Y'see, later on today, which is kinda like last month to me, Vanessa's dad invents this thing which he says doesn't work but it actually does, because, well, here I am.  But it also doesn't work because they're not here, so even though every day repeats, not everyone or everything repeats, because you don't even know what Capri pants are!!"
Candace,"Ow! Hey, watch it, brats! (Cut to her approaching a couple of kids burying their friend in the sand.) No! You're supposed to bury everything except the head! Hey, no! We do not drink the lake water! (Cut to two kids holding cups. Wide shot to reveal an older man sipping the water through a drinking straw.) That goes for your children, too, sir!"
Candace,"(In a dream) But, you honor, how could I have robbed that bank if I was already wearing the prison jumpsuit? It just doesn't make any-- (She wakes up to the sound of Buford humming) Somehow I want to finish that dream to find out if I'm guilty or not. (She walks to the window, to see Buford in the backyard, humming and tying his shoes) What?!"
Candace,"(chuckles) Jeremy and I are cool. Stacy's right. I mean there's a good reason why he didn't show up. And he probably want's to tell me he wants us to... Start wearing matching sweaters or something cute like that. (chuckles) Yeah, yeah. (Her cellphone rings) It's him! Jeremy? Hello? Jeremy? You wanted to tell me somethin- Oh, we got cut off."
Candace,"I mean, why am I still on sock detail when Gladys from Accounting got promoted to Commander, and she doesn't even know how to hold a blaster? No, I mean, really, she failed that part of the exam four times. She held it backwards and upside-down. But no, she's a second cousin of some midlevel Darth, and so she gets a promotion? What about me?"
Candace,"I mean, seriously, we've been playing this game for what, six years? And look, I've won 19 out of 24 games this year. The last 12, in a row, it's like Skiddley Whiffers wants me to win. Consequently, you two lose! [hits bell] Over, and over, and over again. Skiddley Whiffers is too easy! I need to move on to a bigger challenge. (leaves)"
Candace,"Wow, this place is just made for scientific inquiry. (spots telescope) Hey, cool telescope! (looks through it) I bet I can see my house from here. Oh, cool, it's pointed right at it! (sees trebuchet in backyard) What the heck is that? Oh, my gosh. It's another stupid invention. (patting telescope) Thank you, Mr. Scientific Instrument."
Candace-2,"Academy graduates, Doofenshmirtz is still out there and no doubt he's planning a comeback. But so are we. We now have you, the animal agents of OWCA, who will, without a doubt, prevail. So as I step down from my position as head of the Resistance, (Monogram-2 and Carl-2 react to this in fear) I congratulate you all and wish you luck."
Candace,"""Appointments."" Well, all right, Dr. Six-Strings. Good luck with your ""patients"". (hangs up and giggles) ""Dr. Six-Strings."" Now that's banter. Heh. (gasps as she sees the giant frozen yogurt machine) Aha! (Steve disappears again) I finally caught you guys! That thing's not going anywhere! You guys are so busted this time! (runs out)"
Candace,"No! (Slams door) No, I'm not! (Rushes out back) My perfect cake done! (She unveils the cake to have the strangest assortment of tiers, ranging from fish bones to a chicken cage at the bottom) No! My perfect cake! Mr. Delivery guy, come back! (Candace runs past a window only to come back to see her disheveled appearance) The horror."
Candace,"(from inside, chuckles) Oh, Jeremy, I had no idea you've felt that way about me. (Cut to inside; she is talking to a paper mache Jeremy.) But I still have a lot to accomplish before I get married. (pause) Hold on. (puts candles between it) Much more romantic. (the phone rings) It's you! (on phone, in dreamy voice) Hello, Jeremyyyy!"
Candace,"No, I mean (nervous giggle) That's not my stuff! That's my Mom's. I'm shopping for my Mom. Yeah, heh... my mom has really unruly, uh, nose hair! Yeah, really bad, okay? Uh, yeah, I...I was just on my way to the, uh... (whip pan right to where Candace is looking, cut back to Candace pointing at the sign) ...the water sports section."
Candace,"(Reading) ""Sing, goddess, the anger of Peleus's son, Achilles..."" (She dozes off, then shakes herself back awake, and continues reading) ""Achilles! And it's devastation, which put pains upon the Achians..."" (She doses off again, then jolts back awake, and continues her reading) ""Upon the Achians, hurled in their multitude to Hou--"""
Candace,"See? That's my point! Stuff's disappearing! and once it goes, nobody remembers it— (Phineas and Ferb get sucked up into another portal) e-ever existed... (inhales sharply) Moooooo- (runs inside to Linda, who is vacuuming the living room) -om! It took them! (hangs on Linda) Like the spoons! (inhales) Mom, Phineas and Ferb are gone!"
Candace,"Well, I'm no help to you there. Talk to you later, Stace. Good luck. (hangs up and looks at the magazine again) I wish I knew a girl like this so I could hang out and absorb her coolness. (She puts the magazine down to see Vanessa making the same pose as the model in the magazine.) (gasps) Vanessa! Hey, Vanessa! Vanessa! Hey! Hey!"
Candace,"Mom, I know this sounds crazy. I mean, no crazier than all my other calls. You've got a gig, you're upset about losing your lucky pick. Like, you're going to come home now and see what I'm rambling on about. No, you know, I should bring the ball to you! Yeah that's a good idea. Mom, forget this call ever happened. Bye! (hangs up)"
Candace,"Phineas, puh-leez. I'm all the equipment you'll ever need. I mean, hello, let us not forget that I wrestled a ferocious alligator. (Unbeknownst to her, a giant crocodile appears behind her.) A scrappy little crocodile is nothing for a pro like me. (to the crocodile behind her) I'n' that right? (Her eyes pop in sudden realization)"
Candace,"Y'know, Stacy? This is fun. I could get used to this princess thing. (The blue ray zaps all of the chinchillas making them into giant beasts. Stacy screams first followed by Candace. They flee past a news van. The chinchilla beasts follow them, tipping the van over. Mike and the cameraman open the doors and emerge from the van.)"
Candace,"There they are! Now why are they going into an auto parts store? Alright, Watson. Here's where the deducing begins. (she gasps) They've acquired a fleet of automobiles. And they're in there buying a bunch of little air fresheners for them. Or... they're buying motor oil for their giant robot! What do you think, Stace? Stace?"
Candace,"Ooh, me! In general I thought the Greek's decoy platypus was a brilliant idea until it got smashed by the T-Rex. It's use of lasers to destroy the city of Troy really seemed unbeatable, until Paris flew down in his laser chariot. The flying chariots were all; Phew! Phew! Phew! Phew! Phew! Phew! Phew! Gak! Gak! Gak! And Eew!"
Candace,"(Laughs) I sure got you guys! You should have seen your faces! Only unsophisticated, immature brains would believe in monsters. (Laughs) Yes, it takes a mature adult, such as myself, to know that there's... no such... thing... as... (Stammering) Bigfoot! (she screams and runs inside; the other kids look but see nothing)"
Candace,"...You know what? You're right. I guess it has gotten a little old. I just get so frustrated. I always come so close to busting Phineas and Ferb, but it ends the same way every single time. I look and say there's a massive ""thing"" Phineas and Ferb built right in front of me, but every time you look, you always say..."
Candace,"...You know what? You're right. I guess it has gotten a little old. I just get so frustrated. I always come so close to busting Phineas and Ferb, but it ends the same way every single time. I look and say there's a massive ""thing"" Phineas and Ferb built right in front of me, but every time you look, you always say..."
Candace,"(at Stacy) Oh, no. I'm going to do it right this time. Even though every fiber of my being is screaming to tell you to stay here and find out the information, then run frantically out to that ATV and drive my brothers to Mom who'll bust them, I will resist! Yes! I am going to stay right here and break my old pattern!"
Candace,"Stacy, I gonna have to call you back. My new phone is here. (reveals her ""phone"" is actually her hand) Wee! Gimme, gimme, gimme, gimme! (receives her phone) So, how many apps does it run? Can I play MP3s and send texts to Stacy the same time? How 'bout... Hey, wait a minute. All this phone does is...make phone calls!"
Candace,"(from inside) So, I was looking up at the stars, thinking about Jeremy... (Close-up of her, on her cell phone.) Only I was walking down the stairs at the time. (Her foot is in a cast.) And now I'm stuck in bed! Doctor's orders! If I re-injure it, I'll have to miss the Tiny Cowboy concert tomorrow! Backstage passes!"
Future Candace,"(on the phone) Oh Stacy, every job has its problems. But there's gotta be an upside to being president of Uruguay. No, huh. Me? I'm fine, the kids are fine. Xavier and Fred are in the backyard with young Phineas and Ferb. (realizes) YOUNG Phineas and Ferb?! Gotta go, Stacy. Good luck with that llama legislation."
Candace,"(as Gary Frank) Oh, I'm so glad. Yeah, I figured you guys would like the supreme meat lover's choice. Though, I wasn't sure about the prosciutto. Sometimes, it could be rather tough. And when it gets in between your teeth, it could be really embarrassing like, (pauses) um... yeah, and that's how I feel about it."
Candace,"(puts disk in laptop and gasps) There it is! The elevator to the moon, ha! And the time they built the rollercoaster and the beach and the roller rink! Ooooooh! (grabs pillow, laughter is muffled) Can it be? Actual proof? Everything they've done over the summer? (to Perry) Oh, Perry, it's soooooooo beautiful!"
Candace,"Again, let's assume there is a Santa Claus. He's got it easy. The hard part is trying to figure out what to get people want when they don't write you a letter, telling you exactly what they want most. And by ""people"" I mean ""Jeremy"", and by ""you"", I mean ""me""... and uh, no the rest is pretty much literal."
Candace,"(She growls) I have got to get out of here. (She tries to grab a spear from a knights grip) Let go! Come on, let go! Fine! Have it your way. (She picks up the armor, and smashes through the door. However, soon after the armor becomes undone, and Candace lands in it, making her look like the Black Knight)"
Candace,"Are you kidding? Anniversaries are very important. Take June, for example. On the 3rd, Jeremy spoke to me for the first time back in the 7th grade. May 6th, he brushed up against me in the hall. Oh, and April 3rd - that's the day he laughed so hard, milk came out of his nose! (laughs) He looked so cute."
Candace,"I try and I try and I try and I try, but no matter what I do, things never work out like I planned! (Stacy is starting to fall asleep listening to her) Maybe if I knew how things were gonna turn out, I could plan for that and then do the right stuff! I know. I know. That doesn't make any sense, does it?"
Candace,"Okay, that's just freaky. And...bustable! All I gotta do is... (Pause) But it never works! No matter what I try, whatever the boys do just disappears before Mom looks! If only there was some way to guarantee Mom would see what the boys done? (Looks at the supercomputer) Ee-ee-ee-ee-ee-ee-ee-ee-ee-ee..."
Candace,"(on phone) No, Stacy, I have the whole place to myself. Mom and Dad are at the movies, and the boys are playing ping pong over at Buford's. Oh, so listen to this weird book I've been readin'. ""If one repeats this incantation in the presence of a doll, then alive it shall be!"" Ha ha! But check this out"
Candace,"Come on, come on! Yes! Mom's coming! (Linda is shown running towards the house.) I just wanna remember this moment. Relish it. Revel in it. Bask in the sunlight of pure, busting bliss! (Candace continues to hear the Baby-Cry-inator's wail and wonders where is it coming from.) What is all that racket?"
Candace,"Okay. Take the conversation I just had with Jeremy. I suggested we go to the movies later and he said ""cool"". And what does that mean? I mean, did he mean like ""Cool, I totally want to hang out with you"" or ""Cool, I really wanna see that movie"" or ""cool"" like ""I think you're being cold and distant""?"
Candace,"(In the Ducky Momo suit) Oh, that was close. (She removes the head of the costume) Why must it be so hard for a lifelong, closet Ducky Momo fan to go to a Science-Fiction and Fantasy convention, and find cool, rare Ducky Momo collectibles, without anybody discovering her dark, humiliating secret?"
Candace,"What an incredible waste of time. I mean, come on. Most of this stuff if you saw it on the sidewalk, you'd walk around– it. (She sees something) A Ducky Momo, first edition, green pupil variant, with a left handed pull cord! Heavenly light, angel chorus! I must have it. But I gotta play it cool."
Candace,"Bzzzzz! Bzzzzz! Mom! It's me! Mom!!! You need to bust the boys and get them to turn me back into me before Jeremy gets back here! (wide shot as Candace realizes she's in the car with Linda, who starts the ignition) What?! (She flies in place but not before smashing into the window) Help meeeeee!"
Candace,"(winks) You can depend on me. (answers her video phone, which rings) Hi, Stacy. Yeah, it's so cool. The first day of my first job, and the best part is Jeremy works right across the aisle! I could watch him make hot dogs all day. Any moment now, Jeremy will look over and notice how cute I look."
Candace,"Right, stay focus. (Meap next pulls out a picture of the space station) Their in a giant spaceship. But how are we supposed to get up there and save them? (Meap grabs the baseball launcher, and shoots a baseball into the sky) Oh! I get it. Duh. You're trying to tell me something. (Pause) What?"
Candace,"Listen, this thing ain't snag on a plane is just the tip of the bicuspid. It could shrink down to the size of a real tooth, and get lost in the grass. Or turn to ice, and melt into nothingness. For all you know it could turn into a giant Ducky Momo, and fly away. Are you prepared for all that?"
Candace,"(singsong) Hey Mom?! I want to show you something! (normal voice, looks back) Yep, I'm one step ahead of you boys, one step. What the heck is this (presses antenna, shrinks) THIIIIIING! (Gasps) I'm shrunk! (Crashing noise as the shrinking machine falls next to her) Where's the reverse button?"
Candace,"(After seeing Perry) No way. This is so weird. I see Perry with an eagle, and their both dressed up like secret agents and they're talking to man inside an egg. (Snickers) That is so messed up. It must be the moss. Hey, wait a minute. How did I get way up here? (Screams, Coughs; Eagle calls)"
Candace,"Perry's gone, and it's...it's just my fault. I can't take it anymore. I'm gonna have to tell the boys. (notices the silhouettes of Phineas and Ferb through a curtain) Oh, there they are. Well, I guess now's as good a time as any. Phineas, Ferb, I just have to tell you that I'm the one who..."
Candace,"Ugh! I can't believe I'm just stuck here! I can't believe I'll—I'll never get my driver's license, or—or wear my dream dress to the prom! (Sighs) And most of all, I can't believe I'll never see Jeremy again. (Draws a heart that says ""C+J"" in the dirt) How long are we supposed to sit here?!"
Candace,"So that's it! They're time-traveling again! And the best part is they have to return to this exact spot. And I'll be standing right here with mom to bust them when they do. Actually, right over here. I'll be, uh...crushed by the machine if I was standing there. And...I'm talking to nobody."
Candace,"I just thought it was the perfect day to show some Christmas spirit. Like when you were young and wrote letters to Santa... (Phineas and Ferb are seen hosting some of their thing to thank Santa) Would you keep that lame junk away from my window!? (to Jeremy) I'm sorry, what was I saying?"
Candace,"No, not nice work. You humiliate me all day long by being boring, then you think you could make up for that by giving me a super fun ride on the world's greatest crazy slide? (pause) Okay, you get a pass for saving my life. Maybe there's a little time for mom and me to get our toes done."
Candace,"Call me. Hmm. Who else do I know? Becky, this is Candace. I know we haven't talked since kindergarten, but... Hey, Wendy. This is Candace. We shared a seat on the bus to planetarium. Hello? Clarissa, this is Candace. We played volleyball at camp. Jill? Nancy? Barbara? Olga? Chicago Joe!"
Candace,"Okay, first things first. Dismantle that thingamajig of... of weirdness. Sometimes, I swear, I'm the only normal one in this family. (pause) Like I said. Weirdness. Now, let's get serious. See what I'm wearing here? Serious. This egg's not gonna hatch itself. We need to build a nursery."
Candace,"Mom, you've gotta come home right away! Phineas and Ferb...have...th-they built a...d...a thing that...that...Oh, what's the use? I'll only drive you home to find that the boys' contraption I wanna show you has inexplicably disappeared and, once again, you'll think I've lost my marbles."
Candace,"I finally found— (Notices Perry, then nudges him out from her room with a foot) Get away from him! I don't want your blandness to rub off. (Picks up Dennis, then slams the door) Aw, poor Mr. Cutie-Patootie. Don't mind him. Once I'm done making you over, you're going to be new alpha pet."
Candace,"What? I did? (She gets up to see that she pulled the plug.) Oh, what do you know? I did it! (She opens the door and smiles as she sees the snow melting.) Aw, summer. Welcome back! (The inator lands in the backyard and takes the control panel with it.) Yeah. Well, that's to be expected."
Candace,"(She calls Phineas' phone) Phineas, quick, Mom is in danger! (She screams before hanging up) And the award goes to... Oh, wait, shoot. (She calls him again) On the corner of Fourth Street and Maple Drive! (screams before hanging up again) Beautiful! Now it's all up to The Dangiraffe."
Candace,"That's obviously some big, stupid dress-up game they're playing with their little loser friends. Now, if my research is correct, the way to defeat a superhero is to come at him through what's important to him. (She holds up a picture of the boys and Linda before laughing maniacally)"
Candace,"Come on, Irving. (plugs her phone into the wall, switching the video feed to show Phineas and Ferb's ball) Yes! Everyone, can I have your attention please? (everyone turns to face Candace) My brothers and their friends will be dropping from outer space in that giant New Year's ball."
Past Candace,"Awesome! I finally have proof! I'll take my older self, bring her to mom, mom will see the boys have invented some kind of time machine, and they'll be busted! Oh I love you, me! Come on, let's go! Let's get see mom! Come on! (laughs frantically as she tries to pull Future Candace)"
Candace,"A regular old lemonade stand? That's it? Huh. That means there's, uh, nothing for me to bust today, which means...I have a free day! Phineas and Ferb, I've got to hand it to you. Finally, I can like normal mediocre kids doing normal mediocre stuff. Thanks for giving me the day off!"
Candace,"(Power tools buzzing) Oh, no. (Candace sticks her head out the window) Listen, you twerps. Sometimes your stuff messes with my stuff, and tonight I got some big stuff going on. So you leave your stuff out there, and leave my stuff alone, or you'll get some of this stuff! Get it?!"
Candace,"You know, Mom, I understand. Obviously, you're not gonna come see what Phineas and Ferb are up to until this is resolved. So here's what we're gonna do! First of all, no more calling Dad! If I don't convince you to come home to bust the boys after a couple of calls, I go get you!"
Candace,"(At phone) Hello? Lake's Cakes? I'd like a 7-tiered.... Oh no, make that 10-tiered white cake with raspberry filled... (Beep) Please hold. (Click) Yes, Flowers? Oh, yes, I need something with smell... (Beep) Oh um, please hold. (Click) I'm back. I want something with cinnamon..."
Candace,"You see, I know Jeremy likes me, but I don't know why he likes me. And if I find out what it is that he likes about me, I can make sure I don't change that about myself. Because what if I stop doing whatever he likes? And then he stops liking me because I'm not doing it anymore?"
Candace,"For your information, I'm going down to City Hall because Jeremy's working the Slushy Dawg concession stand at the food court there. And we're gonna have lunch...together. But don't worry, Isabella. I'm sure Pinky'll turn up. Perry always does. Speaking of which, where is Perry?"
Candace,"(waving while holding DVDs) Hey, Vanessa! Just came by here to return (realizing it's Candace, Perry lets Doofenshmirtz out of a headlock and hides) your DVDs. Sorry I had them so long, can't say I understand French cinema. I mean, why does that mime keep letting go of balloons?"
Candace,"(She is still in the backyard controlling one of the pillow fighting machines, unaware that the pod walker is getting tangled up in its string) Mom?! Come on out and see all the fun we're having! (The pod walker trips and yanks her and the machine to the front yard) AHHHHHH!!!!"
Supermodel Candace,"Hi, I'm Candace. I'm sure you recognize me from my countless magazine covers. You know, being a supermodel is hard work; The bright lights, the deafening applause, and all those paper cuts from counting my huge stacks of money. That's why I start every morning with Candace Os."
Candace,"(On the phone) Stacy, the bow is totally cute. It's your signature look. You have the bow, and I have (Pause) some weird metal contraption in the living room. (Runs up to it) Stace, I'll call you back. This thing was obviously made by Phineas and Ferb, so it must do something."
Candace,"When Mom and Dad left me in charge, I never took into account that we might not make it back at all! Now we're stranded, and now I'll never get my kiss from Jeremy! (She starts crying and falls to her knees) It's the end of romance! Aaagh! (She curls into a ball on the ground)"
Candace,"(looking at Ferb's outfit in the gift shop) Why is it every store sells this outfit? (notices the balloons) Mom, mom! Look what Phineas and Ferb are doing! Come quick! (points at the outfits and the head-shaped balloons behind them) Look, look! Right there! You see?! You see?!"
Candace,"Okay, fine! Okay, if pictures won't work, I'll just take you to Mom myself! I know we have an old stroller around here somewhere. (Candace finds a stroller and straps in Phineas and Ferb and they fall asleep) That's it, go right to sleep. You'll be busted in just a little bit."
Candace,"The coast is cl-- (Gasps) I don't believe it. That's the rare Ducky Momo commemorative plate where they accidentally printed the wrong the wrong saying. (The plate reads; ""I Hate People!"") Score! All I have to do is get over there without drawing too much attention to myself."
Candace,"What are you dweebs doing? Don't you get it? This is all baloney! It's just special effects. And even if it were real what good would this stuff do? Plastic blasters? Rolling dice? You think you could stop a think like that by waving a wand and saying; ""Eugie beugie weugie!""?"
Candace,(covering her mouth with her hand) Will you excuse me for a moment? (runs off to a table with an elderly couple sitting at it) Umm I just need to see this spoon for a- (uncovers her mouth and sees the mustache growing on her face and screams. She then hides under the table.)
Candace,"What's your hurry? Let's relax for a little while. You know, with Phineas and Ferb gone, I've had a blast doing things I wanted to do. But it's strange. I kind of miss the little guys. It's as if there was a whole other side to our relationship that I never noticed before."
Candace,"What's your hurry? Let's relax for a little while. You know, with Phineas and Ferb gone, I've had a blast doing things I wanted to do. But it's strange. I kind of miss the little guys. It's as if there was a whole other side to our relationship that I never noticed before."
Candace,Back back back back back! (Shoves the car backwards. She steps around the spot) There's gotta be some kind of sensor in the driveway! (Camera switches to Linda) But where is it? (Camera switches to Candace stepping around the spot) It's gotta be here somewhere! (Ray fires)
Candace,"Okay, I still got a chance! What the heck? ""FIRESIDE GIRLS ONLY! PLEASE ENTER YOUR PATCH #""? (types frantically) Gotta guess the right numbers. Gotta guess the right numbers. ""YOU HAVE EXCEEDED YOUR LOG-IN ATTEMPTS""? No, you've exceeded your log-in attempts!! PHINEAS!!!!!"
Candace,"(Walking out the front door) Hello, ladies! (Runs up to them, pushes Linda) Come on, come on, moms! (She drags Biffany offscreen, Mrs. Tjinder and Mrs. Du Bois follow.) I can't wait to see the looks on your faces when you see the spectacle that's in the backyard, come on!"
Past Candace,"Oh man! In twenty years you guys are so busted! I guess that's a hollow victory... But it proves that you can be busted, so I'm never gonna give up! Never, never, never! Did I say, ""Never?!"" Oh, yes I did! Never, never, never! Never! NEVER! NEVER!!!! NEVER!!!! (runs off)"
Candace,Yeah I know. Imagine if you had to choose between a blood-thirsty undead walking corpse and a slobbering hairy-lupine manbys for a boyfriend. (camera zooms on Candace) What could possibly be cooler? (shakes hand up knocking down the LIVE BAT from cage - Candace screams)
Candace (2nd Dimension),"(deep voice) What are you two- (coughs, normal voice) -doing here? Never mind, I'll deal with you later. (walks up to Phineas and Ferb) You two! I've been spending all these years trying to keep my brothers safe, and suddenly their faces are all over the Doofen Channel!"
Candace,"Okay, what else? Ah! (She walks up to a couple drinking outside a French café. She takes the man's mug.) 'Scuse. Hot cocoa! (Snaps the mug and sips.) Not bad, although Jeremy prefers it with a little more cinnamon. (Walks away.) I gotta make a note of that for the boys."
Candace,"No, no, I have two little brothers and all of you are best friends! But then Vanessa's dad built this machine, and now the days are repeating and things like spoons and little boys like my brothers are starting to disappear. And the worst thing is nobody remembers them!"
Candace,"From Danville Harbor I stab at thee; for busting's sake I spit my last spit at thee! (spits onto the plunger's bell) Unh! (hurls the plunger at the shark's fin, where it sticks) Make for shore, Stacy! We've got him! (the ship turns for shore, hauling the shark with it)"
Candace,"Oh, it's great. Finally, someone understands my ideas. Only, they keep bringing me crumbs and grasshopper legs. I could really go for a salad. (an ant goes to make a salad) And you think, they'd have a fancy queen dress, or something. (another ant goes to make a dress)"
Candace,"Oh, hey, Jeremy. It's Candace. Uh, just seeing what's going on today. Call me back if you want to. Okay, bye! (Closes cell phone) Oh, man, that never gets easier. Oh, well, I'll just call Stacy. (Opens cell phone) She's probably been waiting by the phone all morning."
Candace,"Jeremy? Jeremy? (groans) Oh, what a beautiful tiara... neck, uh, broach... hmm... bracelet! (gasps) Oh, it's absolutely beautiful! (flings it into the sewer) Oops! No! No! No! No! (reaches for the object) Almost got it... (water rushes in and carries the object away)"
Candace,Ugh! I guess we'll just have to get him on the next level. (looks at detergent) Did I put the..? (shrugs) Hmm. (puts in the last of the detergent) Better clean than dirty. (Closes the lid and turns the washing machine on.) I'm one totally focused multitasking genius!
Candace,"It's pronounced, ""Stay away from him!"" (The Princess hangs up and Candace gets a dial tone) Hello? Hello? Okay, that tears it! (Takes off the Princess' dress revealing her regular wardrobe underneath) That's enough princess for today! I want my life back! (runs off)"
Candace,"Oh, great and powerful Mysterious Force. I know you are just trying to protect my brothers, but I am just trying to protect them too from their dangerous inventions. Show yourself so that I may reason with you! (nothing happens) Maybe we should build a shrine to it."
Candace,"(on her new phone) Yeah, so, like, then I like had to go 38 minutes without a phone, and I was like, ""You guys better fix it, or else!"" and they were like, ""Candace, you're the best big sister we've ever had!"" and I was like ""Yeah."" and they were like ""WOOAHEEEHH!"""
Candace,"Oh, Grandma, you're gonna love this mall! I'll show you my favorite store, and there's this little dress that-- (Ding) Hmm... (Dialing) Stacy, I have a strange feeling that ground just broke in my backyard. I need you to get over there and tell me what's going on."
Candace,"What?!! No-no-no-no-no, where's the Eiffel Tower? (runs up to them and feels around) Oh, wait. I've seen this, it's invisible! I've just got to find it! (Cuts to a bored Linda and the surprised mothers, she continues offscreen.) It has to be around here somewhere!"
Candace,There's no time for that now! Mr. Random is a ruthless venture capitalist who captured all of us in his Himalayan fortress where he performed inhuman experiments on bathing suits and tried to destroy Klimpaloon in pursuit of a revolutionary swimsuit sales gimmick.
Candace,"(getting Linda out of her chair) Yes,-and-you've-got-errands-to-run-'cause-they're-not-gonna-run-themselves.-They-never-do.-They-never-do.(starts pushing Linda out of the house) Better-get-a-move-on-if-you're-gonna-be-back-in-an-hour-and-twenty-seven-minutes.-Bye!"
Candace,"You'll see! Everyone will see! (Cackles maniacally. She dumps the paint on the spot where the ride was, causing the paint to splat on the grass. Candace drops the paint can) I don't understand! I don't understand! (Tries to feel the ride) I just don't understand!"
Candace,"Now, keep in mind how Dad just made you feel, okay? Phineas and Ferb have reverse-engineered and built an exact duplicate of this thing and at this very moment, they're trying to figure out what it does by forcing it to belly dance and work in a library. (smiles)"
Candace,"Uh-huh. I was wearing this one when the boys made a giant gelatin monster. I was wearing this one when the boys split me into like 50 mes. And this one is from the whole Meap thing. And this one... Well, I just spilled grape juice on it. (Indistinct) But still..."
Candace,"I'm not here for ""Hi's"". Today is a pivotal moment in my life. You see, Jeremy's band is gonna play at the festival. Jeremy's gonna see me in the crowd. Not just because I have front row seats, but because I'm gonna be cheering harder that anyone else. Like this"
Candace,"I'm just gonna go for a walk. (A group of Martians points to a Mars Rover) Uh...uh...guys, not now, okay? (more Martians surrounds her) No, really, I would just like to got for a walk alone. (Groaning) (At Phineas and Ferb) There you are! Where've you guys been?"
Candace,"Stacy, Jeremy's going to college soon, and here I am concerned with busting my brothers to my MOMMY and living in the NURSERY. (She picks up a ceramic unicorn) A unicorn! A UNICORN, Stacy! (mockingly) ""Hi, I'm six!"" You've GOTTA help me get rid of all this junk."
Candace,"(growls, gets out of bed, and shouts out the window) And I know what I'm gonna do today! Bust you guys once and for all! Do your worst or your— you know, just make it (starts feeling the familiarity of the conversation) big and... bustable, so I can show... Mom."
Candace,"(throwing things at the window) Mom. Mom. Mom. I may as well try that dumb remote. (uses the remote several times) Oh, yeah, I'm free as a bird. (tosses the remote away; narrows eyes then grabs the box) Okay, what else? Oh, yeah, this thing and this. Big whoop."
Candace,"Cute little sundress. Cute little sundress. Cute little sundress.  (with the blinging left-sing invisible, the moth van falls into a road hole and the moths fly away and fly around at the dress) Cute little sundress. Cute little sundress. Cute little sundress."
Candace,"(Chuckling nervously) Yep. Yep, they definitely are working. I--I just bought these for my dad and was just...uh, you know, making sure that they work, and they sure do. You can see really far away or really up close. (Notices poster on counter) ""Help wanted""?"
Candace,"And I don't care. Because today, I'm going to Jeremy's family picnic in the park. I will be spending the whole day with my boyfriend and his extended family. And they are all going to love me, because today, I am Composed Candace. Confident, cool, and relaxed."
Candace,"No leaving the yard, no amusement park rides, no robots, no rocket ships, (in background) no time chairs, no remote-controlled llamas, (onscreen) no first edition issuing of commemorative coins, no asking where Perry is, no astrological planetary alignments..."
Candace-2,"But we're gonna have to be strong. Jail is a mental game. They're going to try to break us, you'll see. Seconds become hours, hours become years, until the mere thought of freedom flutters out of our consciousness like a dying butterfly. (The cell door opens.)"
Candace,"Wait! No mom, you can't! (Linda turns off the phone.) Oh, wait, wait! Uhh... (at Jeremy) Stay right there! (runs off) I've got to stop her! (Looks out the backyard gate) Oh, no, no, no, no... (Linda arrives) Mom, Mom, pleeaaasee, Mom! Go away! Don't come in!"
Candace,"Mrs. Garcia-Shapiro! It's me, Candace! Helloooo!? (Screams and falls off ledge, onto the grass) Guess I deserve this for trying to be one step ahe-- (Screams, as she bumps into a growling caterpillar, which is shown to really be harmless after she runs away)"
Candace,"Pathetic, isn't it? Some people don't have the discipline to relax on their own. They need to take a— Oh, who are you kidding? You're taking the class. A little extra serenity can't hurt. (covers herself with the serenity lotion) Oh, this stuff is slippery!"
Candace,"Cool! I'm gonna fly too! Okay, focus, and-- (Jumps off and falls, She lands with a thud on what appears to be thin air next to her bed. the whole landscape begins to crack and rumble) Oh no! I've broken my mind! Reality's shattering before my eyes! AAAARGH!"
Candace,"(Gasps) Dee Dee? (dials phone) Stacy? Who's Dee Dee? A Swedish exchange student?! I gotta go. Hey, wait for me! Let me through! Let me through! Oh, out of my way! (climbs on a ski lift Vanessa is riding on; grumbling) My brothers are just driving me crazy!"
Candace,"(sighs) It's Jeremy's birthday and I wanna do something really special to show I care and you guys are good at doing, you know, what you do, and, well, all I have is this scrapbook and I don't wanna blow it so can you help me, huh? (gives Phineas the book)"
Candace,"Good, good, good, good, good, good, good, good, good, good. Perfect! You guys built your sky-high mega-ride thingy. I just wanted to double-check, and this time, I'm not gonna call Mom. I'm gonna (starts walking backwards away from them) go get her. Ciao!"
Candace,"It's from Jeremy! He sent me a picture. (looks at picture) Aw, look at his cute, little wiener hat. Let's send him a picture of me. Make sure you get my good side. How's the lighting? (Stacy takes the picture) Wait, you took it while I was still talking!"
Candace,"(still smiling and gesturing) Me too! You wouldn't believe (stops smiling, but still has her eyes wide open) the day I'm having so far! I mean really. Like I could go on. Like I could tell you all about it. I mean there's a lot that happened and there's—"
Candace,"Of course we need to know how deep it is, so we know how scared we should be. We can use this grappling hook and rope to find out. (throws it into the pit) One...Two...Three. (The rope hits the bottom) You see? Now we know that it's three seconds deep."
Candace,"Mom! Mom! Phineas and Ferb have built outer space in our backyard! (Cut to reveal crudely drawn cardboard cutouts of Phineas and Ferb and the ""project"". Cut back to Candace to reveal ""Linda"" is just a dummy.) Nice drill, ladies. I'm-a lovin' teamwork!"
Candace,"I was wrong, Stacy, about everything. I'm not a grown-up. I can't control mysterious forces. I can't even get my mom to see what my brothers are doing! (she smiles) Stacy, that's it! I can't get my mom to see what my brothers are doing! (she runs off)"
Candace,"(Talking on the phone) ...So I said, ""You're not getting me up into the mountains on a day like this"", (She is on the couch with dozens of fans) I'm staying right here, with my beautiful air conditioning. I'm just gonna chillax right through this one."
Candace,"Listen to me, guys. Forget everything they told you. Creativity isn't bad. It's the best thing about you. (Sobbing) You two can do anything, and that's why I've always been secretly proud to be your older sister. What have I done?! What have I done?!"
Candace,"Listen to me, guys. Forget everything they told you. Creativity isn't bad. It's the best thing about you. (Sobbing) You two can do anything, and that's why I've always been secretly proud to be your older sister. What have I done?! What have I done?!"
Candace,"This could really be the answer to me busting the boys. That weird guy is gonna tell us the final step after the break! Can it be that I'll finally achieve my summer goal? (hears revving) Wait, is that...? (sees the ATV) It is, it's Phineas and Ferb!"
Candace,"This dumb block party totally is throwing off my entire day. Jeremy's stuck working the Slushy Dawg concession, my parents are busy with preparation, and the boys are so preoccupied with the party they haven't done anything remotely bustable all day."
Candace,"A while?!!? You mean we're stranded?!? That means I won't get to Jeremy's party before the sun sets!!! We'll be stuck here forever eating rocks and bugs, then I'll have to marry a monkey and have monkey kids and name them Xavier and Amanda!!! (sobs)"
Candace,"Yeah! Wait... (mutter) Why brother? With these two here, there will be no competition. They'll build a real skyscraper out of sand, with a working elevator, and window-washers, and a parking garage with flying cars! They'll totally steal my thunder!"
Candace,"(looking at the machine) A Do-Over-inator? (presses the purple button second farthest to the left, causing the Inator to make loud mechanical noises and surround her and Doofenshmirtz with a large, glowing blue-purple bubble, then emit a blue flash)"
Candace,"(through the side of her mouth) What a bunch of babies. (gasps) Wait a minute! Weird situation plus danger equals Phineas and Ferb! Okay, calm down. I'm on it! (dials her phone) Mom? Mom, I want you to check and see if the boys are creating zombies!"
Candace/Perry,"(pointing at her brothers) Wait a second. How you guys get so big? (gasps) And why is my hand green? (takes a pink mirror from a nearby box) AHHHHHHH!!! I'M AN UGLY, SMELLY PLATYPUS!!! I'm a platypus! I'm a platypus! I'm a platypus! I'm a platypus!"
Candace,"You are much more attentive than my friends on Earth, and better at building statues of me. Come on, let's walk and talk. Of course, I'll do most of the talking. Okay. To make things easier, I'll call you Good Stacy, and you, Good Jenny. And...huh?"
Candace,"Ahem. Good afternoon, Mother. Good afternoon, Dr. Hirano. Pardon the interruption, but is there any tediously responsible errand of a focused and mature nature that I can perform for you? Balance a checkbook, pay the bills, perhaps file some taxes?"
Candace,"(stops dancing) Hmmm. I don't know! But, Mom, you and Dad hafta come to the backyard with me right now and see what the boys are— (Sees the two devices rocketing over the house leaving a puff of smoke in the shape of a heart. She sighs.) Nevermind."
Candace,"Here ya go, Dad. Drink lots of water. (gets out her phone and dials) And where's Mom?! (The head of the robot opens up and Perry grabs the water bottle from the robot's hand and squirts lots of it inside.) She should have been here a long time ago!"
Candace,"Guys! Guys! I really need your help! There's this really weird thing that's happening! Days keep repeating because of a machine thingy that Vanessa's dad made, and there was this wagon, and now things are disappearing, like tigers, and spoons, and—"
Candace,"I mean, I've been a friend of Suzy's longer than Katie, so I should've been invited to that party first. I don't care if they're lab partners! We're locker neighbors. And locker neighbors trumps lab partners any day. (Gasps) Sorry Stacy. Gotta go."
Candace,"(On her cell phone, in her room) Oh, my gosh, Stacy! Oh, my gosh! Oh, my gosh! Oh, my gosh! Jeremy asked me if I could meet him at the fair later today next to the Ferris wheel. Oh, no! I almost forgot I'm scared of heights! What am I going to do?"
Candace,"Well, they've gotta come back sometime, and when they do, I'll be standing right here ready to bust them. (Three seagulls land on her head and shoulders, imitating her on the lookout. She shakes her arms to shoo them away) Would you get off of me?"
Candace,"(the final ray from the inator hits the Perrytronic, cloning it. The second Perrytronic hits the ground, causing them to flip in circles out of the backyard and down the street. Linda brings Candace out)(with her eyes closed) Say hello to Perry --"
Candace,Time to embark on my daily 500-brush-stroke marathon to manageable hair. (She gets zapped.) One...What the—? (Takes out a protractor to measure her hair.) A perfect 40º angle? (smiles) I can't believe it! A perfect hair day! I finally got my PHD!
Candace,"(coming down the stairs) Alright, boys and girls, listen up, Mom's on a walking tour of Danville and Dad's tinkering in the basement, so I'm in charge. That means no shenanigans! Hey, Spider-Man. So I'll be over at Stacy's all...d-d-d-daaay???!!!"
Candace,"Yes. Yes they are. (Stacy and Candace enter the back lot) Aha! It's crawling with clues out here! Hmm... Look at these circular indentations in the dirt. (She sniffing) And the subtle scent of rubber in the air. By Jove, Stacy! What could it be?"
Candace,"Yeah, you can drop the act. I know you didn't forget to bring coal. It's probably in that box you're sitting on. But...lesson learned, and as long as I'm no longer giving up, I'm gonna go bust Phineas and Ferb. (jumps through the window) Thanks!"
Candace,"Hey! He's- Oh no! (She searches her pockets, but is forced to throw her phone towards the bay door. It hits a red button, falls to the floor, and breaks. The door slides downward, trapping Mitch as two Meap guards surround him) Oh no you don't!"
Candace,"I have two brothers and you guys are all best friends. But now they're gone and nobody remembers them because of the space-time continuum thingy. Now, this is the part of the conversation where you tell me how you're gonna get my brothers back."
Candace,"(With a fake British accent) As the fair princess in the tower, I declare Sir Charles the winner of the tournament... (Thinks using her normal voice) Wait a second. Could this be one of those things that backfires horribly on me? (Pauses) Nah."
Candace,(Looks out the car window) I still can't believe I get to be on the Lake Nose lifeguard squad with Jeremy. The lifeguards at Lake Nose are considered the coolest of the cool. All the other kids look up to them and have to do whatever they say.
Candace,"(offscreen) And look! (Runs up) Here are Buford and Baljeet, your sons being bad! (Stretches Ferb's head) They're in disguises! Uh, really good disguises! (Grunts while stretching Phineas' head, chuckles deadpanned) It'll come off in a second."
Candace (2nd Dimension),"Look, Candace is it? No offense, but fun isn't really on my agenda. You know, since Doofenshmirtz took over the Tri-State Area, even though I was a little girl, I've been focused on one thing, and one thing only, he's going down, down, down..."
Candace's Brain,"Has it come to this? (looks closer) Just standing out in the yard, (Camera zooms out, showing Phineas and Ferb sitting by the tree) Staring at your brothers, waiting? (Zoom into Phineas and Ferb) They're gonna do something bustable, I know it."
Candace (2nd Dimension),"This is just beautiful. I decide to do the right thing, and I end up in a cell. (she looks out the barred window) Well, at least my brothers are safe... (she lays on the cot and bounces the ball) What lesson am I supposed to be learning here?"
Candace,"I am so gonna get it right today! (runs past the kitchen table) I can feel it in my— (notices Lawrence and Linda eating cereal by dumping it into their mouth or eating it with their hands and comes back to the table) Um, ever hear of a spoon?"
Candace,"Zzzzzzzzzzzz... (She takes her head out of the keyboard to reveal many keys in her face. They pop out to the music of ""Shave and a haircut, two bits"". She spits two keys out of her mouth.) Oh, still not on sale! (A crash is heard) What the?!"
Candace,"Okay, five-year-old me. Here we go. (She timidly sticks her hand into the box, only hesitating for about a second.) Gotta reach it! (The spider sticks out one of its legs.) A little...bit...further! (She grabs the fuse.) That's it! I got it!"
Candace,"What is wrong with you two? Can't you think of something normal to do like making a lemonade stand or picking your nose or something? (Ferb pulls out device) That better not be a nose picking machine! (Ferb puts it down) Yeah, that's right."
Candace,"Yep, I'm sticking to my resolution and turning over a new leaf. Fifteen whole minutes and I haven't thought of Phineas and Ferb. (her eye starts twitching) How they make those things. You know, those big, like, dangerous things they make..."
Candace,"I'm sorry we had to clean up everything destroyed and had to rebuild it, I'm especially sorry I made us miss our spa appointment, but most of all, I'm sorry for being a bad friend. I was just trying to impress Jeremy and I lost sight of..."
Candace,"Yoo-hoo! Sir Charles! They can't even hear me up here. (She yells) Yo, Chuck! (Growls) What is going on down there? (She attempts to open the door, but only manages to pull the handle off) Oh, come on! Hey, guys! I am locked in the tower!"
Candace,"(after opening the door to the garage) Listen up! Jeremy will be here any second and I wanna tell you... (notices the grilled cheese sandwich) Ooh, grilled cheese, my favorite. Might as well eat now, so I don't look like a pig on my date."
Candace,"Impression! Stacy, you're a genius. Wasn't it in one of those Holmes stories that they used pencil lead to reveal an impression on paper? Well, if my hunch is right... (She takes an impression of the missing half of the page) ""To do today"
Candace,"Oh, hey, Phineas. Oh, my gosh, you missed it. By the end everyone got their heads back and everything went back to normal. Well, sort of. The entire laboratory disappeared. But I loved it. I can't look at anything the same way ever again."
Candace,"(Echoing) Um, hello? Phineas? Ferb? You two are in big trouble? (Door slams, Wind blowing) Okay, you guys, stop fooling around. You guys better come out now. I'm getting really mad. (Skeleton cracking) What was that? (Screaming, Hissing)"
Candace,"Let's definitely eat here. But no way are we waiting in this line. I practically own the place. (To other people in line) Come on! Outta my way, people! VIP coming through! (To Buford) All right, Buford, make with the rope and let us in."
Candace,"Hey there, Jenny. As of no doubt you heard, Stacy has elected not to renew her option on being my best friend. So, as someone who has expressed interest in the past, I thought you might want to bail yourself of this exciting opportunity."
Candace,"Get back! Huh? There's no one there. But he's in the mirror. But, but, (gasps) Oh no. No no no no no no no. This cannot be happening. (gasps) Ah ha! Oh! Oh! Stacy, Phineas and Ferb have turned me into a holographic image of a pizza boy!"
Candace,Mom! Mom Mom Mom! You gotta come back to the square!! The boys' space satellite crashed down to Earth and these villains had a machine that would destroy the Tri-State Area and there's superheroes!! All in the square!! You gotta see it!
Candace,"Hear ye, hear ye! Mom has left me in charge, so I hereby demand that you do nothing crazy today. No building any whoosy-whatzits, or goozy-mahookoffs! In other words, don't be the world's most annoying brothers for one afternoon, okay?"
Candace,"I'm l-l-l-l-looking into the turn....(gasps as she sees Phineas, Ferb, and the rest of the kids with the bubble machine in the park) (just as a bus with two monsters on the side pulls up, blocking the view) Mom, look! Phineas and Ferb!"
Candace,"(runs out) Alright! Nobody move! You two! You think you can just make giant...thingys for all the world to see? Well, no, sir! I'm gonna put the bust on you, but good. (runs off) Mom! Mom! Mom! Phineas and Ferb are making some giant --"
Candace,"(as Gary Frank) (laughs) That was funny. Belching. (laughs) It's so, uh... (laughs) Male (laughs) Right, bros? But yeah, maybe we should talk about something like, I don't know, does anyone have any deep thoughts they'd like to share?"
Candace,"Oh good! Because this isn't a cell phone. It's an inter-galactic little brother buster-izer. Which I'll use on you if you don't clean up this mess. What's with the spaceship anyway? Haven't you guys, you know, been there, done that?"
Past Candace,"Mom has an antique store. Yes, it's still here! (the door opens automatically) Wow, future. Mom!! It's me, Candace from the past! I came here from the time machine that Phineas and Ferb borrowed from the museum. You gotta bust them!"
Candace,"Wait, no, mom! Grrrrr! The one time it actually could've worked! But no, they had to be boring! And we had to build a stupid, worthless, ridiculous... (steps on the object which is actually a rocket and she flies around) AAAAAAHHH!!"
Candace,"Phineas, no! No throwing. (Phineas crawls to her phone) We use our... (Phineas licks her phone) Ew! (Phineas throws it and it hits Candace) Ow! (Candace tries again on Ferb) Okay, hold this, Ferb. Now, I'll just... Where's my phone?"
Candace,"(on phone) I'm totally sunk, Stace! I've been working on Jeremy's birthday present for months, but it's not even close to as good as I want it to be. (Cut to reveal she's working on a popup book showing their first kiss.) Ugh! Lame!"
Candace,"Okay. This is your pile of buildy stuff. This is what you liked to do before you became boring. Now take this. (hands hammer to Ferb) Well? Let's get this thing going! Do your stuff! You, here! (hands a plank and spring to Phineas)"
Candace,"(Falls backward as the car disintegrates) This is a car, mom! It just needs to...uh...uh...uh...see? (puts a clump of the Nano-bots in her hand) Vroom vroom! Okay. I'll admit, this does make me look a little bit...you know...crazy."
Candace,I just wanna do something really special to show Jeremy how much I care. Something way over the top! Something that defies the laws of physics and excedes the boundaries of the imaginatio— (realizes what she's talking about) Oh no.
Candace,"Hah! You call that a beach? This is WAY below your usual standard. This isn't even worth a call to mom. You know, if you guys ever want to be popular, you're gonna have to stop playing in sandboxes. (Gets hit by a beach ball) Hey!"
Candace,"(sighs) It's okay. Earlier this morning, I wouldn't have believed me either. In fact, I was even mocking my... (gets an idea) brothers! That's it! They'll vindicate me! They're out there right now getting proof that Nosey is real!"
Candace,"And that is why we wear white shoes after Labor Day. And I.. (Sees Phineas and Ferb's invention) Oh, I knew it. Phineas and Ferb. Not very impressive, but suspicious. Stacy, I.. I got to go. Oh, and Happy Birthday! Mom! Mom! Mom!"
Candace,"It's really perfect! (The beam hits Candace.) I'm glad Mom's gone for the day 'cause my biggest fear is that this is just gonna fly away before Jeremy gets here. (car horn honks, Candace gasps) And there he is! (runs off) Woohoo!"
Candace,"There they go again... their machine mocking me... (imitating Phineas) ""Oh, hi, I'm Phineas! Ferb and I are gonna do something totally bust-worthy!"" (in her own voice) ""Yeah, like what? A submarine that'll go into my esophagus?"""
Candace,"Will you hold it down, I am trying to use the phone! (at Stacy) Mom left me in charge, so there will be no shenanigans today. What are doing right now? Why do you ask? What do you mean you can see it from your house? See what?!"
Candace,"Wait that's it! I'll trick Jeremy into writing a letter to Santa, so I can sneak a peek and learn what he wants straight from the horse's mouth. And by ""mouth"" I mean ""pen"", and by ""horse"" I mean Jeremy, and... yeah we're good."
Candace,"(on the phone) That's what going steady is, Stacy! Jeremy and I aren't really engaged. But we're totally engaged to be engaged to be engaged. And by the way, that's on a ""need-to-know"" basis. Oh, why would Jeremy need to know?"
Candace,"Yes, I actually busted Phineas and Ferb! (sighs) This is the happiest moment of my life! Woo-hoo! (Candace acts like an acrobat. Elsewhere in the sky, she skydives with two teenagers, soaring pass a meadow.) I'm finally free!"
Candace,"Yes, I actually busted Phineas and Ferb! (sighs) This is the happiest moment of my life! Woo-hoo! (Candace acts like an acrobat. Elsewhere in the sky, she skydives with two teenagers, soaring pass a meadow.) I'm finally free!"
Candace,"Any minute now... (Horn honks. Candace gasps) I can't believe it! Mom's home! (The Invis-inator's ray hits the ride) There's no way she's gonna miss the-- (Notices the ride disappeared. She screams) Phineas, what did you do?"
Candace,"Oh, really, Stacy? Well, they're not gonna bust themselves! Oh, great, a sale. Now guess who's gonna have to go in there and try stuff on? Call ya later, Stace. (hangs up and walks in) Since I have to do everything! (gasps)"
Candace,"(Puts down phone.) Ahh, Jeremy. (Presses button on phone to talk to Stacy.) Stacy, I am like so hard to get right now. It's like totally-- (Notices the construction outside her window.) Wait, what in the... Gotta go, Stacy."
Candace,"So I asked Jeremy if he was going to the festival and he's like ""Yeah, are you going to the festival?"" and then I go...(She notices Ferb, Isabella, Baljeet, and Buford staring at the blank wall that Phineas passed through)"
Candace,"(seriously) Yeah, I just have a few notes here. (Excitedly, as she reveals she drew a smiley face on the clipboard.) It's perfect! (gasps) I love it, guys! Iloveitiloveitiloveitiloveitiloveitiloveitiloveitiloveitiloveit..."
Candace,"All right! Let's blow this pop stand! (pauses) What? (another pause) Oh, fine. (at Lion-Tiger-Bear Guy (Buford)) My friends and I are going to Bustopolis to each get something from the Wizard. Do you want to come? There!"
Candace,Mom! (Runs to her) Mom! The boys are up to something huge! I just know it! But they've hidden it within a massive pile of leaves in the backyard. Come help me sort through them for a few hours to find it! (Pulls her out)
Candace,"--No giant robot groomsmen, no mechanized rice catapults, no rocket to the moon, no bringing the moon down to earth, just regular good old fashion wedding stuff like you might find at a regular everyday perfect wedding."
