Name,Dialog
Candace,"(on phone) No, Stacy, I have the whole place to myself. Mom and Dad are at the movies, and the boys are playing ping pong over at Buford's. Oh, so listen to this weird book I've been readin'. ""If one repeats this incantation in the presence of a doll, then alive it shall be!"" Ha ha! But check this out: ""The light of a full moon will make it evil."" Oh, (picks up Ducky Momo doll) I'm so totally doing it! Oh, relax, Stacy, it's funny! Ukka-samma-hi, oona-mooda-salla. I will you alive, Ducky Momo! (in a demonic voice) ""Candace, this is Ducky Momo! You must buy more of my memorabilia, like my 50th anniversary collector's item bobblehead!"" (normal voice) But, y'know, I'm really concerned about its resale value. (puts the doll on her face) Aaah! Help! Help! Ha ha ha! Sorry, okay, just havin' a little fun! (leaves her windowsill and walks to her closet and while at her closet) So, what's up? Y'know I just use this new exfoliating and moisturizing scrub in the bath, which is totally confusing (Candace changes her clothes) because why exfoliate off all the cells you just moisturized?...Weird. (hears something move) Hold on, Stacy. I thought I heard a sound coming from under the bed. (reaches under her bed and a black cat screeches and scurries from under it) Cheese and crackers! And we don't even have a cat. (reaches back under the bed and gets her Ducky Momo doll) How did you get underneath there? (picks back up the phone) Oh, it's nothing. Ducky Momo must've fallen under my bed. (to the doll) Now stay put. (lightning flash as the doll moves) Okay, so let me tell you about my day with Jeremy. So he picks me up and the same song I've been playing in my room was the same song he was playing in his car! (The doll crawls onto the bed behind her.) The same song! I mean, what are the chances of that? (Candace drops the towel onto the doll.) And then he says, ""You wanna get grilled cheeses at that place?"" And I was just thinkin' I wanted grilled cheese so he gets one!"
Candace,"Is someone there? (gasps and dials her phone) Stacy, I know you're gonna think this is crazy, but I honestly think something is in the room with me. Have you ever been in a situation where your whole body, like, senses a presence? Like, you can't see it, but it's, like...it's, like, right next to...you? (Zoom out to reveal the Ducky Momo doll on the arm of the couch. The doll quacks and stretches his arms out. Candace screams and runs off.) Upstairs! The only logical escape! (Candace runs upstairs but gets her ankle caught in a curtain. The doll approaches the stairs quacking. Candace screams and bites the curtain off. The doll climbs up the stairs. Candace frees herself from the curtain, hides behind a wall and dials her phone.) Stacy, you gotta help me! The spell from that weird book worked! Ducky Momo is alive and he's trying to get me!! No, he's downstairs. He—Would you stop laughing? Yes, you are! I can hear the milk shooting out of your nose! (She looks behind her and sees the doll and yells, dropping her phone.) My phone! (The phone lands by the doll's webbed feet. It ends the call.) Back! Stay back! Ah! (Takes down a picture) Stay away from me! (Takes down a poster and crumples it up.) You stay away! I'm serious! Uh! (She slides a table across the hall.) Oh, come on! (The doll sees the crumpled poster on the floor and walks around it.) No! He's unstoppable! (Cut to Candace pulling on her bedroom door handle.) Come on! Open! Open! Open! Oh, yeah. It's an innie. (Pushes the door open and pants.) Keep it together, Candace, think! Think think think! Block the door! Block the door! (She blocks the door with everything but the kitchen sink. She then pulls up the doll and screams and hides under her bed.) I didn't really mean to wish you to life! I was just goofing around! I don't understand! What do you want?! (The doll jumps on the bed, reaches out his arms and quacks.) Huh? It almost looks like you want a...a hug. (The doll jumps up and down excitedly.) Seriously? You just want a hug? Well, okay. (Hugs the doll.) But I don't get it. If the incantation made you alive, then the moonlight should've made you evil. (The doll shakes his head quacking and points out the window.) What? What? Oh, the moon was behind the clouds, so you're not evil. (The clouds uncover the full moon shining on Mr. Miggins, who comes to life and roars evilly.) But now Mr. Miggins is!! AAAAAAAAAHHH!!!"
Candace,"Well, I'm watching you. (walks into the house and closes the door, then opens it shortly after) And I'm in charge, conditionally! (closes the door again; looks out the window, then answers her video phone when it rings.) Hello? Oh, hi, Stacy! No, I can't go to the mall right now. Mom just went to the store, she left me in charge, well, you know, conditionally. (Phineas and Ferb walk past with lots of wooden planks.) Oh if you go, can you see if Jeremy is there? No, no, he's the cute one that works at Mr. Slushy Burger. (Phineas and Ferb walk past with steel beams.) Yeah, he totally smiled at me last time I was there. I just about died. No, I told you I can't. I'm watching my brother and stepbrother. (Phineas and Ferb walk past with sinks and toilets.) Yeah, and they never get into trouble ‘cause Mom never catches them. One of these days though, I'm going to see to it that she catches them red-handed. (Phineas and Ferb walk past with a flamingo and a lion in a cage that roars loudly.) Will you hold it down?! I am trying to use the phone! (at Stacy) Mom left me in charge, so there will be no shenanigans today. What are they doing right now? Why do you ask? What do you mean you can see it from your house? See what?! (She runs out to the backyard and stares in shock upon seeing the rollercoaster that Phineas and Ferb are building.) Phineas, what is this?!"
Candace,"Listen up, team, I'll be at the front of the house tracking Mom on my GPS device. (Cut to Stacy and Jenny asleep.) Jenny, (Jenny wakes up.) you'll guard the gate. See to it that Phineas and Ferb stay in the hot zone. Stacy, (Stacy wakes up.) you make sure whatever they built stays there 'til Mom comes home. To achieve that goal, we use the following busting jargon: When Mom comes home, the cue is ""The condor is in the nest."" When the boys are in prime busting position, it's ""The peas are in the pod."" And if what they've built somehow disappears, I want you to scream, ""The banana has split!"" Got it? (Stacy and Jenny salute.) Good. Now, in the event that any of us should be captured— (alarm blares) That's the Mom Signal! Ladies, it's go time! So move it, move it, move it!"
Candace,"Well, If they really are doing nothing, I guess I've got some time to go about my personal business. Let's see... What do I usually do? I know! I'll call Stacy and tell her how I'm busting Phineas and Ferb for—Oh yeah, can't do that 'cause they're not doing anything. Wait a minute! I know! (She sets up a video camera.) I'll put this camera in just the right spot so when Phineas and Ferb are—Ugh! (She has a rope trap set up.) And then when Phineas and Ferb walk by I'll—Ugh! (Now she is in the bathroom applying lip gloss.) Well, if there's one thing I know, I'm gonna look sooo good when I bust them for—Agh! Face it! You can't do anything unless you're trying to bust them for doing something. And if they're doing nothing, then... (Sobbing) ""Who is Candace?"""
Candace,"Okay, I was having a rotten day. One crummy thing after another kept happening and when he told me that this thing can make the day start over again, I just couldn't help myself. And then the days just kept looping and I know I should've said something sooner, but I kept coming so close to busting you guys! And I swear I had no idea it would do any of this. I thought I'd get one do-over and that would be that, but then I saw it was creating problems and making things disappear and making people forget, but by the time I tried to stop it, it was too late, and I lost you guys! And I don't know how to fix it!"
Candace,"Oooooh, what are those two up to now? (Cuts to her perspective out the window.) Okay, Phineas and Ferb are standing in the yard with two nerds, Isabella, and the Eiffel Tower. (Cut back to her.) That's nothing but trouble! Wait a sec... (She gets out binoculars, cut to her view from them.) Those aren't my brothers. (Zoom in on Buford and Baljeet) What?! Is that Buford and Baljeet?! (Cut back to her, she gets out her phone and dials it.) Oh, I am so calling Mom! (Stops) Hold on. If those aren't my brothers, why am I calling my mom? Why not call Buford and Baljeet's moms? That satisfies the Mom response, and the bust urge! I'll call that dork Irving's mom, too. And what the heck? Why leave my mom out of the party? (She laughs, plays another song on her headphones and dials numbers, humming.) Information, please. (Hums more.)"
Candace,"Me? I'm just makin' a snack. Oh I just thought I'd have, you know, somethin' healthy. What? Oh, okay, you caught me. Donuts and cheesy popcorn. (The Ducky Momo doll peers behind the door. The door handle jiggles. Cut to outside as the doll attempts to open the door. The doll reaches into its stuffing and takes out a credit card and slides it through the door. Cut to Candace getting a glass of water.) Yeah, Jeremy was so great, he took us out for mani-pedis. (The door opens.) Is someone there? Oh, the storm just blew the door open. Yeah, I know. Creepy. (The Ducky Momo doll attempts to walk between Candace's legs. Candace closes the door with her leg, slamming it on the doll.) Anyway, since Jeremy's mom is a regular at the mani-pedi place, we got special treatment. Yeah, they served us sparkling apple juice and finger sandwiches and made fun of us in Thai. It was all so classy. What can I say? (closes the fridge door with her foot) I love a well-groomed foot."
Candace,"I'm ready for this trip to be over. I'm tired of being in mobile lock-down, where I can't even call my friends because of spotty cell service! That, combined with the refrigerator door opening every time we make a left and sharing a bathroom the size of a postage stamp. The only consolation for this whole rigmarole, besides the fact we didn't stop at one of those greasy spoon road stop diners, is the fact that you two haven't done (echoing) anything bustable for a whole week! Seven solid days. Are you even listening to me?"
Candace,"Gee, Jeremy. I forgot you're a whole year older than me. A trip to college? Heh-heh.. That's, that's really great. Okay, well, I'll talk to you later. Bye. (Hangs up phone and picks up a stuffed teddy bear with a picture of Jeremy taped to its face) (to the teddy bear) Oh, Jeremy! In the blink of an eye, you'll be moving on to the next phase of your life. You'll be going to college and wearing tweed jackets with patches on the elbows! You'll be so mature! And look at me! I'm a child! Jeremy, you'll see! I can mature! Starting with taking this silly photo off. (rips off photo. gasps) Oh, Mr. Miggins! (hugs it) Have you been there the whole time?"
Candace,"Hey there, little fella. You're not such a tough guy, are you, Mr. Spider? Aw, no you're not. No, not a bit. Ah, who ya kidding, Flynn? To face your fear, you gotta at least look. (gets creeped out by the spider) Ahh! Creepy crawly, creepy crawly, creepy crawly! Get off me, get off me, get off me, get off me! Ew, ew! (Sighs) I'm sorry, 5-year-old me. I tried. I really tried. (slaps herself) Snap out of it, current me! Summer's not over yet. (looks outside the window) Hey, wait a minute, summer's over? Who did th- oh... Phineas and Ferb. (runs downstairs) Phineas and Ferb, what did you do to summer?!"
Candace,"Aw, I don't know, sweetie. I was being silly before and overreacted. Sometimes we see things that aren't really there, but don't worry. I promise I'll protect you if...I...see... (Wide shot of the lake. Nosey's head appears out of the water.) **THE LAKE NOSE MONSTER!!!** (Everyone jumps out of the water screaming.) Quick, kid, run as fast as your little legs can carry you! Follow the train tracks north! You should hit Ackerton by sundown! Blend in! It's a college town! Get a retail job and save up enough for a bus ticket to the Canadian border! Someone will get in touch with you when the coast is clear!"
Candace,"""Thanks for the old baby picture."" (Sighs) Ooh, wait! I need something with today's date on it. I could take a picture of them with one of those old-fashioned things. It's like a-a web page... printed on paper... A newspaper! Ha-ha! (Runs around trying to get Ferb to hold the paper) Okay, stop and hold the paper. Ferb, sweetie? Okay, just stand here and... No! No, don't run away! Wait! Hold it! No, no, no, no. Get back here. How about if we just sit? Then hold the paper. (Ferb throws it) We don't... We... No, don't throw it. Wait! (Candace gives up on Ferb and goes to Phineas) Okay, just hold this. Stay."
Candace,"I'm not here for ""Hi's"". Today is a pivotal moment in my life. You see, Jeremy's band is gonna play at the festival. Jeremy's gonna see me in the crowd. Not just because I have front row seats, but because I'm gonna be cheering harder that anyone else. Like this: ""WOO! YEAH! WOO! BABY! OH YEAH, SING IT!"" Then we're gonna date through high school and college, marry and have two kids: Xavier and Amanda. So don't you dare ruin it with one of your little project thingies!"
Candace,"Wait a second! I just realized something! You both make money off of people's natural insecurities. (raising both of them up close to her face, to Otter) You show people oddballs so that they'll feel better about themselves, (to Blanca) and you (pointing her left hand towards her) make beauty totally unattainable so they'll feel worse about themselves! Look at me! I'm fifty feet tall now and it's still out of reach! Well, I've had it! Making beauty the focus of my life has distracted me from the real focus of my life: Busting my brothers. Giant Candace (Putting both of them down) is out, PEACE!"
Candace,"Good! Is this house even clean enough for this? (Picking up a few magazines) Let's see, monster trucks on the bottom, book review on top. That should impress 'em. (She looks out the window and sees Phineas and Ferb's personal anti-gravity device) Oh no! No! No! That is hideous! (As she walks into the backyard) What the heck did they build out here? (Reading) ""Anti-gravity Maximus."" Oh, I have got to get rid of this thing. (She begins to haul it away, but the machine zaps her, causing her to levitate in the air) No, no. No! No- Ahhh! (Clings onto the tree) Phineas and Ferb! Not today! Not now! If Jeremy's parents see me like this, that's the end of me seeing him. Come on, there's gotta be a reverse switch on this thing."
Candace,"Phineas and Ferb, let me in! (pushes button; gets covered in ant pheromones) Ew! What the heck is wrong with this doorbell?! Hello? (pushes button again; gets covered in more pheromones) Ow! Oh, it got in my eyes! (pushes button once again; gets covered in more pheromones) Hellooooo?! (presses it three more times) Ugh, it tastes like Buford's grandmother's house! That is it! (goes inside Antius Maximus) When I lay my hands on them, aha! (while inside) Phineas and Ferb, you are soooo buuuu... (seeing giant ant) bu......bu...buggy? Yeah, you know what? (chuckles) This is the wrong giant ant farm. I'm just gonna head out, okay? But bang up job on the whole digging thing, really. Okay? (sees another ant) Oh, hello, yeah, take it easy."
Candace,"He broke up with me! Of course he broke up with me. I mean, look at me. I'm a bundle of unbridled neuroses! I'm in Africa, surrounded by natural wonders, and all I can think about is finding a cell phone. (falling from tree) I'd break up with me tooooo! Even the tree broke up with me! (gasps) Are you okay, Mr. Pockets? Jeremy's right. I shouldn't be his girlfriend. I don't belong in society. I don't deserve to be part of civilization! (sobs) Candace is out! Peace! I'm going native!"
Candace,"Size! That's it! It's got to be huge. No, wait, you built a skyscraper to the moon and pfft who knows where that went. (the camera reveals the current location of the skyscraper: the dark side of the moon) No, if this summer's taught me anything, it's not the size of the project that's important. What matters is proximity. Mom's proximity. (at herself) Think, Candace, think. This could be the most important decision of your entire summer. Something that will make Mom come and see what you are building. Hmm, what would that be? (gasps) A Mom Attractor!"
Candace,"But everything will be gone by the time Mom gets home. Isn't that right, Mr. Miggins? Unless… (she grabs a sack, an oil can, and a football helmet which she puts on, and lays a trap for a Brobot; a Ferbot walks near the oil can and drinks from it; Candace leaps from the cellar and traps the Ferbot) Aha! (She carries the sack with the Ferbot in it to the front yard and calls Stacy) Stacy? Oh my gosh! Guess what? Ugh, Stacy, I can't understand you. Why are you crying? Yeah. Crying, crying, it hurts, right. Got that. Uh-huh, Oh, hi, Mrs. Hirano! What? Stacy got her ears pierced? Gee, what a terrible thing that I had completely no idea about! Anyway, gotta run, Mrs. Hirano. Give Stacy my best! (Throughout this, a garbage truck arrives. A man takes the bag with the Ferbot in it and tosses it into the dump area. It drives away, and a Fred's Fertilizer truck pulls up. A man drops off a bag of fertilizer and the truck drives off. Candace barely notices; she walks back to the bag and kicks it) Poor, mixed-up Stacy."
Candace,"(talking on her cellphone) I'd love to come over to watch you get your ears pierced, Stacy, but my mom went to Zippy Pics and left me in charge of my brothers. (Sees a Phinedroid out the door) Oh, here they come now. (smirks, another Phinedroid walks by) Phineas and Ferrrruh, Phineas? (Gasps) I have to call you back! (she goes outside) Oh, wait till Mom finds out about Phineas and Ferb, and...Phineas and Ferb and Phineas? And Ferb? And Phineas and Ferb? Phineas?! Ferb?! Ferbias?! Phiniferb?! (Gasps) They're my brothers and they're robots! They're Brobots! (Candace screams and runs into the panic room, finally, she calls Linda.)"
Candace,"Skiddley Whiffers is the best game ever! And HA! (Rolls a double 5) That springs me out of the mud pit, into the car wash, through the terrible tower, and uh oh, Roll Again! Yes! Double kings, baby! Excuse me. And here comes the big finish. Bing! Bing! Bing! Victory bell! Unbroken winning streak. (Slaps her own rear end) Oh, that feels good! But you wouldn't know about that because YOU lost! I am the Queen of Skiddley Whiffers! Who is the queen? I am the Queen!"
Candace,"Anyway, Stacy, so I decided that from now on, I'm gonna stop always interrupting my life with all these stu... (gasps as she sees the leaves blocking the door) Stacy, I gotta call you back. Oh I see. So they think they can stop me from seeing whatever giant project they're working on today by plastering leaves all over the door, huh? Well, it's not gonna work! A-ha! ...Um, they've built a big wall of leaves to block the door! Well, I'll just dig in here and, uh..."
Candace,"First, I'm going to name you Mr. Cutie-Patootie. Then we'll give you a complete makeover, and teach you some cool tricks! You stay put while I find you a new stylish outfit. Let's see what we've got here. (While Dennis, now standing upright, uses blueprints to search for an entrance to Perry's lair) What am I doing with a scepter? Huh. Next! Leopard headbands are so last year. Ooh, here's some of my doll clothes! Eh, let's skip the tiara. What is this? Leg warmers? Who wears leg warmers? I definitely don't. (Laughs)"
Candace,"Okay, you guys are so... hey, they're not here. What's this? This stuff's way below their usually bustable level. I wonder what they're doing out here with Dad's old barbells. (Candace lifts barbells) Hey, I've never been able to... (gasps) Super strength. What if that really was a vampire bat? Candace, get a hold of yourself. I mean, it's not like I can fly. (Candace floats in air) Oh my gosh! Okay there's only one way to know for sure. A mirror. (Candace's reflection in the mirror disappears) Oh no, no reflection!"
Candace,"An animal translator? I have had it up to HERE with stupid animals today! Why would you wanna know what stupid animals are saying? Oh, I can tell you what they'll say: ""I'm an animal and I bite my own heinie!"" ""I've got a small cranial capacity!"" ""Look at me! I don't have opposable thumbs!"" (The animals start to become angry at Candace's statements and begin growling at her) ""I eat with my face!"" ""I sweat through my tongue!"" ""I'm a furry-flea bitten loser!"" LIKE ANY OTHER ANIMAL ON THIS PLANET!"
Candace,"You know what I think? I think you two found Nosey, but you didn't bring back any proof, specifically just to make me look foolish, in front of all of these— (Sees a chomped camera in the lake) Wait a minute. (Picks it up) Look at this! Only one thing could've made a bite mark this big! Yes! I have proof! Now they'll have to...believe...me... (Sees the sad expressions on her brothers' faces.) Or maybe you were specifically trying to protect Nosey. (Phineas smiles.) Oh. I'm gonna have to do the right thing here, aren't I?"
Candace,"Uh, uh, I'm not wearing this. I mean, I'm wearing it in that it's actually on my body right now, but I'm not attached to it. Not to say that I'm attached to my other clothes. I mean, I can actually take them off. No, no, no. But, I mean-- I didn't want to put these-- I-I want to put clothes on, but I-- It was a mix-up, Okay? The dry cleaners and a-- a jackalope lawnmower, and-- (Pants) Do you like it?"
Candace,"Waiting for Jeremy to call! You see, last night, at the movies, he said was going to call soon. So I calculated that ""soon"" must mean first thing in the morning since ""soon"" can't refer to a period in excess of or equal to 24 hours, give or take a 59-minute cushion of time, on either side of the event in question. (Candace holds up a notepad of her math) See? I had it all figured out right here on this notepad. I even showed my math!"
Candace,"It's not fair. Every time I try to bust Phineas and Ferb it's ""Candace, I'm shopping,"" ""Candace, I’m having root canal surgery,"" ""Candace, I'm deliberating with a sequestered jury. How did you even get in here?"" Then my-- (seeing Phineas and Ferb fly past in the super suit) Oh look, a flying man! (She suddenly stops) Wait a second. Isn't that impossible? Wait another second! Something impossible plus that thing existing in real life equals... (She gasps before pedaling toward home) Phineas and Ferb!"
Candace,"Oh, hey, boys. See you're still doing nothing. Oh, don't mind me. I'm just carrying a few construction supplies for a really huge super cool contraption. (Laughs) You know, like the ones you used to build. Well, I figured I'd get in on the fun today. Oh, pardon my reach! Just trying to get into the most convenient position to drive this stake into the ground. Oh yeah! I'm really having fun now!"
Candace,"Oh, you don't have to. (Linda takes a seat. Candace clears her throat and begins reading.) ""Smorky knew that it was wrong to steal the pie, but it looked so delicious. He knew his friend had worked hard to make the pie and bake the pie. How would Smorky's friend feel when he saw the pie was gone? He would feel sad. He would feel bad. He might even feel mad. But Smorky was so hungry. What could Smorky do? What should Smorky do? What would Smorky do?"""
Candace,"(Sighs, talking fast) Phineas and Ferb built a beach in the backyard, just like they said they were going to. But instead of just a cute little beach in their sandbox; it turned out to be this absolutely huge beach, with a coastline, and palm trees, and a pier, and hula dancers, and water skiers, and tiki huts, and dolphins, and dancing, and surfing, and everybody from the neighborhood showed up—"
Candace,"I don't know, Stacy, between busting my brothers and trying to make Jeremy my boyfriend in time for school, I just can't seem to get anything this summer. Like my ""Jeremy and Me"" scrapbook. I mean, I have cute pictures of Jeremy and cute pictures of me, but no cute pictures of both of us being cute together! It's a real problem. But time to check on Phineas and Ferb!"
Candace,"Phineas! When Mom sees that you've built a haunted house in the backyard with werewolves and vampires and a Giant Floating Baby Head? What's that even about? (Baby coos) Not now! (Baby crying) And then there was a giant Jack-in-the-Box with a suit of armor that nearly took my head off, and you--you just drive me crazy! When I tell Mom what you're doing, you are going down! Down, down, down! (walks off)"
Candace,"Okay, gonna cast that net a little wider. (going through list of names in phone, first Jeremy) Jeremy? No, I can't talk about Jeremy with Jeremy. (Then Stacy) Mad at Stacy. (Then Jenny) Jenny, pigeons. (Then Linda) Mom? No way! (Then Buford) Yuck! How did HE even get in here?! Delete! Okay, who else? (more rapidly at each turn) Jeremy, Stacy, Jenny, Mom. Jeremy, Stacy, Jenny, Mom. Jeremy, Stacy, Jenny, Mom. Jeremy, Stacy, Jenny, Mom. (Phone says “NO MORE CONTACTS”; gasps.) How can I only have four friends?! And one of them's my mom!"
Candace,"Mom! Phineas and Ferb are in the ""Gadgets Through the Ages"" exhibit, and they're doing something to this chair thing, and Ferb is using that hose thing that makes sparks, and he's wearing that mask that goes like this! (Waves hand up and down) And you have to come with me right now! Please, please, please, please, please, please, please, please, please, please, please, please, please!"
Candace,"Every day, I stress out trying to bust those guys. But every day, I fail. (pulls her hair, then face plants onto the bed) It's like the universe is punishing me for bringing attention to it. (gasps) But what if I play it cool? Maybe then the Mysterious Force won't yank the rug out from under me. I'munna play hard to get. First, the perfect blasé fit. (She goes into her closet and changes into a more casual look with her hair in a bun.) Step one to a more blasé bust. If I care. I mean, I don't. (Puts on sunglasses and walks out the door, but then goes back in.) Blasé. (Goes back out.)"
Candace,Time to take my perfect hair to a bust show. (Cut to downstairs. Her phone rings.) Hello? You're kidding! I won a random contest to sing backup for Love Händel at the Danville 24 Hour Music Awards?! Sweet! Perfect hair day? Backup singer for Love Händel? That could only mean... Wait. Lemme try one last thing. (Falls backwards. Wide shot to reveal she landed on two pillows. She gasps.) Pillows magically appear to break my fall! It's true! I'm finally having good luck!
Candace,"Hello. Is this the Johnson residence? I'd like to speak to Jeremy Johnson. This is Candace Flynn. Why am I calling, you ask? Because I have a question about our algebra assignment. Thank you, I'll hold. Okay, okay, let's see... opening jokes, opening jokes. Hey there, Jeremy! This is Candace Flynn. So what do you get when you cross a yak and a martian?"
Candace,"(on her cell phone) Stacy, you are talking to the luckiest girl in this house! Jeremy is taking me to the summer cotillion! Cotillion. It's like a dance. Yes, it's a real word. All I know is it's gonna be great. Wait a minute, I just thought of something, two somethings actually. And one of them is pointy. Stacy, I'll call you back. It's time for a little preemptive bust."
Candace,"That's great! You're completely incapacitated! That means I have the whole day to myself! I could spend all day on my Jeremy scrapbook, or I could work on Jeremy, the board game. Or I could go to the mall and watch Jeremy work from my hiding place behind the Weave and Wig. The possibilities are endless! This is gonna be the best sick day ever, for me! (Slams door)"
Candace,"Hi Mom. Phineas and Ferb have been abducted by an evil alien, and I'm here with another alien, who isn't his son, and... How does that sound so far? (Meap blinks) I agree. Craaazy! What are we going to do? (Meap walks off, and returns with one of Phineas and Ferb's baseball launchers) Play catch? Hm, well if you think it will help. (Meap begins to pull out pictures, in an attempt to explain his plan to Candace. First with Phineas and Ferb) Phineas and Ferb. (Meap pulls out a picture of Mitch) Your father. (Meap pulls out another picture of him)  No, right not your father. A bad guy. Say, where do you keep all these pictures?"
Candace,"I did, but I can't show up with an obvious, stupid present that anyone could've gotten him. The perfect gift means that you totally get the other person in the most deep and paying-attention-y way. If his gift to me is perfect and my gift to him isn't, he's gonna be so hurt and insulted, and think I'm lame and thoughtless, and he'll stop liking me! (bawling)"
Candace,"No, Mom. Y'see, later on today, which is kinda like last month to me, Vanessa's dad invents this thing which he says doesn't work but it actually does, because, well, here I am.  But it also doesn't work because they're not here, so even though every day repeats, not everyone or everything repeats, because you don't even know what Capri pants are!!"
Candace,"Telephone? Telephone? Telephone? I'll never know what Jeremy wants to tell me. This whole continent hates me. That lion, those two circus clowns in the ultra-light, the mysterious object under this tarp. (removes the tarp to reveal...) Telephone! Big, weird, wind-up telephone. (Reading) ""For best reception place unit in high location with unobstructed views."" (begins to drag the telephone towards a tree) Heeheeheeheehee, heeheehee."
Candace,"It's all about the varying degrees of authority. There's conditionally in charge; and you've got your basically in charge, your mostly in charge; and then there's just in charge, completely devoid of modifiers. That's what I'm shooting for. Huh? What are my brothers doing right now? What do you mean you can see it from where you are? See what?!"
Candace,"Sure, Mom. There's got to be something heavy in here. (She finds a wrench, and pushes it into her shoe, weighing her down somewhat) OJ, did you know that stood for Orange Juice? 'Cause I didn't. (Nervous chuckle) Well, its not fresh, but it was an impromptu brunch. Brunch: cross between breakfast and lunch. Makes you wonder what a late night snack would be. A lack? How about a dack? A Cross between dinner and snack, anyway... Haha, enjoy."
Candace,"I mean, why am I still on sock detail when Gladys from Accounting got promoted to Commander, and she doesn't even know how to hold a blaster? No, I mean, really, she failed that part of the exam four times. She held it backwards and upside-down. But no, she's a second cousin of some midlevel Darth, and so she gets a promotion? What about me?"
Candace,"(Sighs) Page one. Welcome Fireside girl. You're about to embark on a trans-formative journey that you will remember for years to come. (Later) ...and water should be boiling. Now on to part two of the introduction. (Later still) (hoarsely) Section 12, part 6. How to start a fire using only bobby pins and a hat. (Even later) Section 25, part 16. How to tell if a marshmallow is properly roasted. (Candace stumbles, and coughs dryly.)"
Candace,"(Trying on different costumes) Oh, I've got to find the perfect outfit to wear to Stacy's costume party. That's it! A disco diva! Nah. A corn dog! Nah. I know! I'll ask Jeremy! (Talking to a photo of Jeremy taped on top of a teddybear) What do you think about my costumes, Jeremy? (As Jeremy) Gee, Candace, I think you look beautiful in everything. Will you be my girlfriend? (Cell phone rings) (As herself) Oh, yes, Jeremy! I will be your girlfriend! (Ringing continues) What? The prom? (At phone) What?!"
Candace,"Stacy, it's conclusion-jumping-to-time. Strategy session, now! (both hide in bushes) She's amazing! She's all exotic and stuff! She has on the same bathing suit as me, only it's brighter and she wears it better. And she dives off rocky cliffs holding poisonous snakes into piranha-infested water! What am I going to do? She's like catnip for boys! She's boynip!"
Candace,"(offscreen) Ummumumumumum. (Cut to her.) Ummumumumum. Oh strange phenomenon, tell me why you keep making my brothers' inventions disappear! Give me a sign! (Looks to her left with her left eye and vice versa. She smacks the floor, and a book wobbles off the shelf) Ugh! Why do you toy with me? (Picks up the book) My 4th grade science book? (Opens the book) ""The scientific method has proven to be mankind's most useful tool for understanding the truth behind formerly strange phenomenon"". Hee-hee-hee-hee..."
Candace,"I mean, seriously, we've been playing this game for what, six years? And look, I've won 19 out of 24 games this year. The last 12, in a row, it's like Skiddley Whiffers wants me to win. And consequently, you to lose! [hits bell] Over, and over, and over again. Skiddley Whiffers is too easy! I need to move on to a bigger challenge. (leaves)"
Candace,"Ooh, I-- I almost forgot the coolest part. (In the backyard) Hey, guys. Guys. You're never gonna believe this. At the end, they- (ominous theme playing) (gasps) Ferb? (sees what looks like Ferb removing his head, she screams and runs to the panic room) Oh, my gosh. Ferb's an alien. Whoa, whoa, whoa. Hang on a second. I'm sure there's a perfectly good reason Ferb can remove his head. I mean, it's not like he had any of the other telltale signs, is it? Oh, no."
Candace,"Oh, I can't believe it. I'm finally going to Jeremy's house. Okay, now, what would the perfect look be? (Gasps) I know: ""Girl next door meets pop diva meets Hollywood bad girl crossed with an old school glamor goddess""! (Crash) Now I just gotta find the finishing touch. (She later goes outside dressed in a white t-shirt with a red flower on it, brown boots, a long green scarf, designer bootcut jeans with no back pockets, a white belt with a gold buckle and her bike helmet) Hey, boys! I'm off to the Johnson's book club. Jeremy invited me over."
Candace,"Ooh, me! In general, I thought the Greek's decoy platypus was a brilliant idea until it got smashed by the T-Rex. Its use of lasers to destroy the city of Troy really seemed unbeatable, until Paris flew down in his laser chariot. The flying chariots were all; Phew! Phew! Phew! Phew! Phew! Phew! Phew! Gak! Gak! Gak! And Eew!"
Candace,"...You know what? You're right. I guess it has gotten a little old. I just get so frustrated. I always come so close to busting Phineas and Ferb, but it ends up the same way every single time. I look and say there's a massive ""thing"" Phineas and Ferb built right in front of me, but every time you look, you always say..."
Candace,"Mom, I know this sounds crazy. I mean, no crazier than all my other calls. You've got a gig, you're upset about losing your lucky pick. Like, you're going to come home now and see what I'm rambling on about. No, you know, I should bring the ball to you! Yeah that's a good idea. Mom, forget this call ever happened. Bye! (hangs up)"
Candace,"Duh! (Rushes off and comes back wearing a dress) I've been planning this since I was 10! I can set up the perfect wedding, get you two kids married in a way you'll never forget, and have you on a plane to the Galapagos with time to spare. You and mom go to the salon to get up-dos, and French manicures. Then head to Tri-State Bridal and ask for Olga. Now go!"
Candace,"There they are! Now why are they going into an auto parts store? Alright, Watson. Here's where the deducing begins. (she gasps) They've acquired a fleet of automobiles. And they're in there buying a bunch of little air fresheners for them. Or... they're buying motor oil for their giant robot! What do you think, Stace? Stace?"
Candace,"(Reading the guide) Elephant, log, dolphin, driftwood, tire, driftwood, rhesus monkey wearing a powdered wig, driftwood, driftwood, you aren't old enough to know what that is, driftwood, driftwood, it's usually driftwood. (Camera zooms out) So don't go humiliating me by, I don't know, building some boat (Picks up luggage cases) to find the Lake Nose Monster or something."
Candace,"(to a posh woman) Um excuse me? May I borrow these for a moment? (The woman hands over her opera glasses) Thank you! (looks through the glasses and sees the kids) Phineas and Ferb?! (at Stacy) Stacy, I'm gonna skip over my dramatic agonizing about whether I can resist the urge to bust my brothers and, I'm just gonna give you my $70, my auction paddle, and tell you to do the best you can to get that bobble head. (gives the woman back her opera glasses) Oh, here."
Candace,"Silly BFF, Jeremy likes me for who I am. It's like we're one. When I breathe in, he breathes out. His heart says, ""Knock knock"" and my heart says, ""Who's there?"" and the answer is, ""Us!"" (giggles) Remember those days when I was always panicking about (Phineas, Ferb and Isabella pass with baseball stuff) what he thought or what he would or wouldn't like? Ancient history."
Candace,"(at Stacy) Oh, no. I'm going to do it right this time. Even though every fiber of my being is screaming to tell you to stay here and find out the information, then run frantically out to that ATV and drive my brothers to Mom who'll bust them, I will resist! Yes! I am going to stay right here and break my old pattern!"
Candace,"(Talking to Stacy on her video phone) I can't believe it! It's Phineas' birthday, and I still don't know what to get him! What do you get for the boy who can make everything? (Sighs) It's my fault. I should have been thinking about this before, but I've just been so distracted by trying to bust Phineas and-- Wait! (Notices Ferb behind a tree; The garage door opens and Ferb runs into the garage) What is he up to? T-T-Y-L, Stacy!"
Candace,"All right, all right, we've had our kicks. But Mom's still gonna flip when she sees this. (A car door shuts) That's her car! You are so busted! (she skates into the house); The Bread-inator hits the roller rink, turning into a giant loaf of bread) (coming out of the house) Mom, come on, come on! The boys built a giant roller rink in the backyard– uh...giant loaf of bread?"
Candace,"Again, let's assume there is a Santa Claus. He's got it easy. The hard part is trying to figure out what to give people when they don't write you a letter, telling you exactly what they want most. And by ""people"" I mean ""Jeremy"", and by ""you"", I mean ""me""... and uh, no the rest is pretty much literal."
Candace,"(looking at her watch) Oh, you know what? I just remembered some friends asked me to help them form a giant human pyramid and I told them that was, like, the last thing I want to do today, but it turns out I was wrong. So I-I gotta go. (leaves) The speech is great, Dad, (puts her hands on her father's shoulders) but you might want to add some visual aids. Just a little dry."
Candace,"Okay. Take the conversation I just had with Jeremy. I suggested we go to the movies later and he said ""cool"". And what does that mean? I mean, did he mean like ""Cool, I totally want to hang out with you"" or ""Cool, I really wanna see that movie"" or ""cool"" like ""I think you're being cold and distant""?"
Candace,"Listen, this thing getting snagged on a plane is just the tip of the bicuspid. It could shrink down to the size of a real tooth, and get lost in the grass. Or turn to ice, and melt into nothingness. For all you know it could turn into a giant Ducky Momo, and fly away. Are you prepared for all that?"
Candace,"(acting in her room) ""To think… To dream…"" (pause for a moment to see what was going on with her brothers outside; resumes) ""Whether 'tis nobler to love, I know not."" Ah, The Princess Sensibilities. My favorite play. (runs off) What is going on out there?! (Monster noises, Candace mashes monster set) Would you keep it down out here?! You guys ruin everything! I am trying to practice the art of acting. And I will not be disturbed by your little movies!"
Candace,"(chuckles) Jeremy and I are cool. Stacy's right. I mean there's a good reason why he didn't show up. And he probably wants to tell me he wants us to… Start wearing matching sweaters or something cute like that. (chuckles) Yeah, yeah. (Her cellphone rings) It's him! Jeremy? Hello? Jeremy? You wanted to tell me somethin- Oh, we got cut off."
Candace,"Are you kidding? Anniversaries are very important. Take June, for example. On the 3rd, Jeremy spoke to me for the first time back in the 7th grade. May 6th, he brushed up against me in the hall. Oh, and April 3rd - that's the day he laughed so hard, milk came out of his nose! (laughs) He looked so cute."
Candace,"(Climbing into Phineas and Ferb's spaceship) Brothers. Does every sister have to deal with this? No. Do I have to deal with this? Of course. You'd think I'd have better things to do and other things to worry about. Every single day, it's one thing after another. But do Mom and Dad see it? No. Do they get in trouble? No. And another thing– (She enters the cockpit, to find Phineas and Ferb aren't there)"
Candace,"Mom, you've gotta come home right away! Phineas and Ferb... have... th-they built a... d... a thing that... that... Oh, what's the use? I'll only drive you home to find that the boys' contraption I wanna show you has inexplicably disappeared and, once again, you'll think I've lost my marbles."
Candace,"It's not too late to fix this! I can still have a best friend forever! Stacy, there she is! Right next to the Phineas... and Ferb... Lemonade stand. (looks at the cup she has been drinking from, realizing she has been drinking from Phineas and Ferb Lemonade, followed by several of the P&F lemonade franchises, until finally stopping at a beauty salon where some one is doing Linda's hair.) Mom! I'll tell mom! But wait! Stacy! Mom! Stacy! Mom! Stacy! Mom! Stacy! Stom! Macy! Sassafrass! Mulberry! Shish kebab! Marmalade! Hominahaa... (mutters indistinctly)"
Candace,"You see, I know Jeremy likes me, but I don't know why he likes me. And if I find out what it is that he likes about me, I can make sure I don't change that about myself. Because what if I stop doing whatever it is that he likes? And then he stops liking me because I'm not doing it anymore?"
Candace,"Impression! Stacy, you're a genius. Wasn't it in one of those Holmes stories that they used pencil lead to reveal an impression on paper? Well, if my hunch is right... (She takes an impression of the missing half of the page) ""To do today: Big Ben race to Thames at 1600 for water slide fun""! Stacy, 1600 is 4 o'clock which is right now! Let's go!"
Candace,"So that's it! They're time-traveling again! And the best part is they have to return to this exact spot. And I'll be standing right here with mom to bust them when they do. Actually, right over here. I'd be, uh...crushed by the machine if I was standing there. And...I'm talking to nobody."
Candace,"(as Gary Frank) Oh, I'm so glad. Yeah, I figured you guys would like the supreme meat lover's choice. Though, I wasn't sure about the prosciutto. Sometimes, it could be rather tough. And when it gets in between your teeth, it could be really embarrassing like, (pauses) um... yeah, and that's how I feel about it."
Candace,"Call me. Hmm. Who else do I know? Becky, this is Candace. I know we haven't talked since kindergarten, but... Hey, Wendy. This is Candace. We shared a seat on the bus to planetarium. Hello? Clarissa, this is Candace. We played volleyball at camp. Jill? Nancy? Barbara? Olga? Chicago Joe!"
Future Candace,"(on the phone) Oh Stacy, every job has its problems. But there's gotta be an upside to being president of Uruguay. No, huh? Me? I'm fine, the kids are fine. Xavier and Fred are in the backyard with young Phineas and Ferb. (realizes) YOUNG Phineas and Ferb?! Gotta go, Stacy. Good luck with that llama legislation."
Candace,"I know we have a flashlight in here somewhere. (begins feeling around in a drawer) Oh, okay, that's a stapler, Ow! Scissors. And, what is this, an old banana? Ew. What happened to all the flashlights? Ah-ha! (The flashlight flickers out) Darn, the batteries are dying. I better conserve them. Phineas? Ferb? (trips) Oh who leaves a chair right next to a table?"
Candace,"Hey, Stacy. Yes, yes. I'm ready for Jeremy's band's outdoor concert at the summer festival! Today's gonna be amazing! (Clock ticks) (Sniffs) All right, what gives? It's already 9:00 and there's no construction noise, no delivery trucks, no-- (Bird chirps) No nothing? (She looks out the window.) They're just standing there. Like statues. Statues..."
Memory-Candaces (con't.),Are promoting a boxing match...built a beach in the backyard...built a time machine... built a ski resort! Are directing a movie...built a circus...built a haunted house... built a giant sundae maker... are getting the band back together... Phineas and Ferb are in my large intestine!
Candace,"A regular old lemonade stand? That's it? Huh. That means there's, uh, nothing for me to bust today, which means...I have a free day! Phineas and Ferb, I've got to hand it to you. Finally, I can like normal mediocre kids doing normal mediocre stuff. Thanks for giving me the day off!"
Candace,"You know, Mom, I understand. Obviously, you're not gonna come see what Phineas and Ferb are up to until this is resolved. So here's what we're gonna do! First of all, no more calling Dad! If I don't convince you to come home to bust the boys after a couple of calls, I go get you!"
Candace,"(After seeing Perry) No way. This is so weird. I see Perry with an eagle, and their both dressed up like secret agents and they're talking to man inside an egg. (Snickers) That is so messed up. It must be the moss. Hey, wait a minute. (Sees she's at the top of a tree) How did I get way up here? (Screams, Coughs; Eagle calls) Now Perry has a wetski? (Gasps) How strange can this get?"
Candace,"Okay, first things first. Dismantle that thingamajig of... of weirdness. Sometimes, I swear, I'm the only normal one in this family. (pause) Like I said. Weirdness. Now, let's get serious. See what I'm wearing here? Serious. This egg's not gonna hatch itself. We need to build a nursery."
Candace,"For your information, I'm going down to City Hall because Jeremy's working the Slushy Dawg concession stand at the food court there. And we're gonna have lunch...together. But don't worry, Isabella. I'm sure Pinky'll turn up. Perry always does. Speaking of which, where is Perry?"
Supermodel Candace,"Hi, I'm Candace. I'm sure you recognize me from my countless magazine covers. You know, being a supermodel is hard work; The bright lights, the deafening applause, and all those paper cuts from counting my huge stacks of money. That's why I start every morning with Candace Os."
Candace,"(Panting) Wait a minute! I can still give mom the one thing the boys can't! The gift of music! Played on my friend: the bass. (A wave from Shrinkspheria washes over her; the bass guitar shrinks and disappears.) Huh. Oh, well, it's a good thing I play the banjo! (Banjo disappears) It's a good thing I play the bassoon! (Bassoon disappears) It's a good thing I play the bugle! (Bugle disappears) It's a good thing I play the bongos! (Bongos disappears)"
Candace,"Mom, if there is ever a time when I need you to listen to me... (whacks some more) ...listen to me now! Mom! Remember what you... wanted for today? Remember? You wanted us all to be together as a family! (groans) For the first day of summer! (ducks) Your favorite memory! You wanted us all to be together at home!"
Candace,"What are you dweebs doing? Don't you get it? This is all baloney! It's just special effects. And even if it were real what good would this stuff do? Plastic blasters? Rolling dice? You think you could stop a thing like that by waving a wand and saying; ""Oogie boogie woogie!""?"
Candace,"No, not nice work. You humiliate me all day long by being boring, then you think you can make up for that by giving me a super fun ride on the world's greatest crazy slide?! (pause) Okay, you get a pass for saving my life. Maybe there's still time for mom and me to get our toes done."
Candace,"Oh, I changed my ringtone. That's a tangerine orangutan. Endangered animals! (looks at her phone) Oh, it's Jeremy! (she picks it up) Hi. You're uh, picking me up in ten minutes? Great! (nervous laugh) Bye. (hangs up the phone) Ten minutes! Stacy, crank this thing up. If it takes a half an hour on five it should do the trick in ten seconds on twenty."
Candace,"Oooooh! Here he comes! Oh, Jeremy. How can you even make walking to a bus stop cute? Yeah, I'm a lucky, lucky gal. (a strange object falls from Jeremy's backpack) Oh, no! He dropped something! Jeremy! Jeremy! (runs outside) Jeremy, wait! You dropped-- (bus leaves) Wait! (calls Jeremy on her cellphone) Jeremy, you dropped something outside my house, and it kind of looks, uh, artsy."
Candace,"What an incredible waste of time. I mean, come on. Most of this stuff if you saw it on the sidewalk, you'd walk around– it? (She sees something) A Ducky Momo, first edition, green pupil variant, with a left handed pull cord! Heavenly light, angel chorus! I must have it. But I gotta play it cool."
Candace,"What's your hurry? Let's relax for a little while. You know, with Phineas and Ferb gone, I've had a blast doing things I wanted to do. But it's strange. I kind of miss the little guys. It's as if there was a whole other side to our relationship that I never noticed before."
Candace,"What?! (sitting Linda back down) No no no! You sit! I'll go ask 'em. (Runs to the sliding door and imitates the sound of the door opening.) Hey, guys! Uh, do you know how the knight moves? (Doing a bad imitation of Phineas.) Uh, yeah, Candace, it moves straight up and then, uh, straight down on the same square. (normal voice) Oh, hey, yeah, that's great! Thanks! Oh, wait, what was that, Ferb? Oh, yeah, you don't talk! (Imitates the sound of the door closing and draws the curtains on the door.)"
Candace,"Okay, that's just freaky. And...bustable! All I gotta do is... (Pause) But it never works! No matter what I try, whatever the boys do just disappears before Mom looks! If only there was some way to guarantee Mom would see what the boys have done? (Looks at the supercomputer) Ee-ee-ee-ee-ee-ee-ee-ee-ee-ee..."
Candace,"Hygiene, here we are! Okay, lip wax, pimple cream, fungal cream... Wow! Running out of all my most embarrassing personal hygiene products on the same day. Ooh, right, deodorant! Oh, now, which Ducky Momo deodorant did I use? Hmmm... (Takes one off the shelf and looks around) Well, there's only one way to be sure. (Uncaps the deodorant and sniffs. She puts it back on the shelf and smells her own armpit.)"
Candace,"(hangs up) He thinks it's weird. Why is it that when Phineas and Ferb have an idea, everyone's like (deep voice) ""Oh, wow, you guys are really clever!"" (normal voice) And when I come up with something, everyone goes ""What? Did you say something, Candace?"" (picks up the baklava bear, now covered with ants) Oh you know what I'm talking about, baklava bear. Ew! (after seeing the ants, she quickly throws the bear onto the ground)"
Candace,"No, no, I have two little brothers and all of you are best friends! But then Vanessa's dad built this machine, and now the days are repeating and things like spoons and little boys like my brothers are starting to disappear. And the worst thing is nobody remembers them!"
Candace,"Stacy, I'm gonna have to call you back. My new phone is here. (reveals her ""phone"" is actually her hand) Wee! Gimme, gimme, gimme, gimme, gimme! (receives her phone) So, how many apps does it run? Can I play MP3s and send texts to Stacy at the same time? How 'bout... (realizes) Hey, wait a minute. All this phone does is...make phone calls!"
Candace,"I'm just going to sit here and enjoy -- (She sees the parade out the window.) Ooh, the parade coming by. Haha, look at that kid in the cute little car. (She notices that the kid is Phineas.) Gah! (Candace slaps both hands over her mouth.) Mom! Ah! What am I doing? (Purposefully blocks her view) I am blocking my view. What my brothers do doesn't affect me. Letting it go for just one day. (She takes a breath) Nails. Happy relaxing fun."
Candace,There's no time for that now! Mr. Random is a ruthless venture capitalist who captured all of us in his Himalayan fortress where he performed inhuman experiments on bathing suits and tried to destroy Klimpaloon in pursuit of a revolutionary swimsuit sales gimmick.
Candace,"Uh, well, back onto the important things in life, like having fun! (In a cement truck) Remember when you used to have this much fun? (In a crane) All this fun could be yours too. All you have to do is join me! (Building the contraption; jackhammer clinking) Okay, okay, I don't want to brag, but fun loves me more than it loves you right now..."
Candace,"Um, um... Excuse me! (Walks away from Jeremy to resolve her inner turmoil) Urge to bust so strong, but I need time with Jeremy to find out why he likes me! Gotta resist urge to bust! Must not spoil quality time with boyfriend! (Composes herself and returns to his side) Uh, picnic in the dangerous, unauthorized, and highly bust-worthy biosphere? Sounds great! (Giggles insincerely)"
Candace,"And I don't care. Because today, I'm going to Jeremy's family picnic in the park. I will be spending the whole day with my boyfriend and his extended family. And they are all going to love me, because today, I am Composed Candace. Confident, cool, and relaxed."
Candace,"There they are. (Phineas and Ferb get into a taxi that promptly pulls off) They dropped a notebook. The page is torn, but it says ""To big race 1600 Water S."" Water Street! The final clue! They're having a big race at 1600 Water Street! Ooh, I gotta call Mom! (To her mom through the phone) And that's why you've gotta come down to 1600 Water Street."
Candace,"Now, keep in mind how Dad just made you feel, okay? Phineas and Ferb have reverse-engineered and built an exact duplicate of this thing and at this very moment, they're trying to figure out what it does by forcing it to belly dance and work in a library. (smiles)"
Candace,"Oh, Grandma, you're gonna love this mall! I'll show you my favorite store, and there's this little dress that-- (Ding) Hmm... (Dialing) Stacy, I have a strange feeling that ground was just broken in my backyard. I need you to get over there and tell me what's going on."
Candace,"I try and I try and I try and I try, but no matter what I do, things never work out like I planned! (Stacy is starting to fall asleep listening to her. Candace gasps) Maybe if I knew how things were gonna turn out, I could plan for that and then do the right stuff! I know. I know. That doesn't make any sense, does it?"
Candace,"This dumb block party totally is throwing off my entire day. Jeremy's stuck working the Slushy Dawg concession, my parents are busy with preparations, and the boys are so preoccupied with the party they haven't done anything remotely bust-able all day."
Candace,"Ugh! I can't believe I'm just stuck here! I can't believe I'll—I'll never get to get my driver's license, or—or wear my dream dress to the prom! (Sighs) But most of all, I can't believe I'll never see Jeremy again. (Draws a heart that says ""C+J"" in the dirt) How long are we supposed to just sit here?!"
Candace,"Oh, great and powerful Mysterious Force. I know you are just trying to protect my brothers, but I am simply trying to protect them too from their dangerous inventions. Show yourself so that I may reason with you! (nothing happens) Maybe we should build a shrine to it."
Candace,"Wow, this place is just made for scientific inquiry. (spots telescope) Hey, cool telescope! (looks through it) I bet I can see my house from here. Oh, cool, it's pointed right at it! (sees trebuchet in backyard) What the heck is that? Oh, my gosh. It's another stupid invention. (patting telescope) Thank you, Mr. Scientific Instrument."
Candace,Now's my chance! (runs up to the crate) Woo! Evidence at last! Wait a minute. Let's just make sure it's really in here. (opens the crate) Here Chupa... (The Chupacabra scratches her in the face) This is the best day EVER! (she stops for a moment) Wait a minute. I'd better move this to the front lawn where Mom can see it right when she gets home. (she pushes the crate to the driveway and dials the phone) Hello? Mom?
Candace,"(Candace zips back to the computer and starts typing.) Okay, I still got a chance. (The computer beeps.) What the heck? (Computer displays:) ""FIRESIDE GIRLS ONLY! PLEASE ENTER YOUR PATCH #""? (types frantically) Gotta guess the right numbers. Gotta guess the right numbers. (Computer displays:) ""YOU HAVE EXCEEDED YOUR LOG-IN ATTEMPTS""? No, you've exceeded your log-in attempts! Phineas!!!"
Candace,"(winks) You can depend on me. (answers her video phone, which rings) Hi, Stacy. Yeah, it's so cool. The first day of my first job, and the best part is Jeremy works right across the aisle! I could watch him make hot dogs all day. Any moment now, Jeremy will look over and notice how cute I look."
Candace,"(At phone) Hello? Lake's Cakes? I'd like a 7-tiered.... Oh no, make that 10-tiered white cake with raspberry filled... (Beep) Please hold. (Click) Yes, Flowers? Oh, yes, I need something with smell... (Beep) Um, please hold. (Click) I'm back. Where was I? I want something with cinnamon..."
Candace,"Ahem. Good afternoon, Mother. Good afternoon, Dr. Hirano. Pardon the interruption, but is there any tediously responsible errand of a focused and mature nature that I can perform for you? Balance a checkbook, pay the bills, perhaps file some taxes?"
Candace,"Guys! Guys! I really need your help! There's this really weird thing that's happening! Days keep repeating because of a machine thingy that Vanessa's dad made, and there was this wagon, and now things are disappearing, like tigers, and spoons, and—"
Candace,"(Tire swing lowers) I don't know, Stacy. I think they're up to some-- (tire swing lifts the girls up) Whoa! This is so weird. I can't believe it's my old tree house. Carpets, furniture, entertainment center. I mean, look at all the bells and whistles. (She says as they walk past literal bells and whistles. Ha! Puns!) Maybe my brothers have been replaced by aliens."
Candace,"(on her new phone) Yeah, so, like, then I had to go a whole 38 minutes without a phone, and I was like, ""You guys better fix it, or else!"" and they were like, ""Candace, you're the best big sis we've ever had!"" and I was like ""Yeah."" and they were like ""WOOAHEEEHH!"""
Candace,"Oh, look! It's the boys in their UFO! And Mom is in the next room! (beat as Candace's eye twitches again) Nope! I've had a lovely day and I'm not gonna ruin it with another failed bust attempt. No way this day is gonna blow up in my— (She opens the box and the pizza explodes in her face and blocks the saucer from view.) Oh! So that's what they meant by ""exploding pizza""."
Candace,"Uh-huh. I was wearing this one when the boys made a giant gelatin monster. I was wearing this one when the boys split me into like 50 mes. This one is from the whole Meap thing. And this one... Well, I just spilled grape juice on it. (Indistinct) But still..."
Candace,"Yeah, yeah, building castles made of sand. I know it's today, Mom, but I've got bigger fish to fry. The boys are building the biggest and stupidest thing in Phineas and Ferb history. Wait till you see this ridiculous overly literal monstrosity!"
Candace,"(Inside…; sitting in the chair, talking to Stacy on her video phone) I mean, I've been a friend of Suzy's longer than Katie, so I should've been invited to that party first. ...I don't care if they're lab partners! We're locker neighbors. And locker neighbors trumps lab partners any day. (Gasps) Sorry, Stacy. Gotta go."
Candace,"I have two brothers and you guys are all best friends. But now they're gone and nobody remembers them because of the space-time continuum thingy. Now, this is the part of the conversation when you tell me how you're gonna get my brothers back."
Candace,"You are much more attentive than my friends on Earth, and better at building statues of me. Come on, let's walk and talk. Of course, I'll do most of the talking. To make things easier, I'll call you Good Stacy, and you, Good Jenny. And...huh?"
Past Candace,"Oh man! In twenty years you guys are so busted! I guess that's a hollow victory... But it proves you can be busted, so I'm never gonna give up! Never, never, never! Did I say, ""Never?!"" Yes I did! Never, never, never! Never! NEVER! NEVER!!!! (runs off)"
Candace,"Listen to me, guys. Forget everything they told you. Creativity isn't bad! It's the best thing about you! (Sobbing) You two can do anything! And that's why I've always been secretly proud to be your older sister! What have I done?! What have I done?!"
Candace,"Yeah! Wait... (scoffs) Why brother? With these two here, there will be no competition. They'll build a real skyscraper out of sand, with a working elevator, and window-washers, and a parking garage with flying cars! They'll totally steal my thunder!"
Candace,"Hey there, Jenny. As you no doubt have heard, Stacy has elected not to renew her option on being my best friend. So, as someone who has expressed interest in the past, I thought you might want to avail yourself of this exciting opportunity."
Candace,"I'm sorry we had to clean up everything destroyed and had to rebuild it, I'm especially sorry I made us miss our spa appointment, but most of all, I'm sorry for being a bad friend. I was just trying to impress Jeremy and I lost sight of..."
Candace,"Well, being a non-buster, I wouldn't bust them for making a sandwich. But I'd bust them for making a sandwich when it's 5:30 in the afternoon, and we'll all be having supper in a half-hour! They'll ruin their appetites! They are so busted!"
Candace,"(On the phone) Stacy, the bow is totally cute. It's your signature look. You have the bow, and I have (Pause) some weird metal contraption in the living room. (Runs up to it) Stace, I'll call you back. This thing was obviously made by Phineas and Ferb, so it must do something."
Candace,"Oh, hey, Phineas. Oh, my gosh, you missed it. By the end everyone got their heads back and everything went back to normal. Well, sort of. The entire laboratory disappeared. But I loved it. I can't look at anything the same way ever again."
Candace,"(from inside; Talking to Stacy on her cell phone) So, I was looking up at the stars, thinking about Jeremy… (Close-up of her.) Only I was walking down the stairs at the time. (Her foot is in a cast.) And now I'm stuck in bed! Doctor's orders! If I re-injure it, I'll have to miss the Tiny Cowboy concert tomorrow! Backstage passes!"
Candace,"(screams happily and ducks her head back into the house) Yes! The days are repeating! Which means, I still have a chance to— (notices her skates on the floor and starts talking to it) Oh, no. I'm not falling for that one again. (walks to the side) Fool me once, shame on you. Fool me twice, shame on me, but fool me three times and (steps on a third skate) whooooa! Why do I even have (steps on the skateboard) three skates? (falls off the skateboard)"
Candace,Mom! Mom Mom Mom! You gotta come back to the square!! The boys' space satellite crashed down to Earth and these villains had a machine that would destroy the Tri-State Area and there's superheroes!! All in the square!! You gotta see it!
Candace,"(cntd.) (approaches to them) Hear ye, hear ye! Mom has left me in charge, so I hereby demand that you do nothing crazy today. No building any whoosy-whatzits, or goozy-mahookoffs! In other words, don't be the world's most annoying brothers for one afternoon, okay?"
Candace,"You've just been using us this whole trip. I mean, is this how you treat your fans? It should be your fans that inspire you to make music. I mean, if you can't see that by now, then you can just drop me off at the next Betty Bus Stop. (Walks away)"
Candace,"(In the Ducky Momo suit) Oh, that was close. (She removes the head of the costume) Why must it be so hard for a lifelong, closet Ducky Momo fan to go to a Science-Fiction and Fantasy convention, and find cool, rare Ducky Momo collectibles, without anybody discovering her dark, humiliating secret? (She redons the head)"
Candace,"A while? You mean we're stranded? That means I won't get to Jeremy's party before the sun sets! We'll be stuck here forever eating rocks and bugs, then I'll have to marry a monkey and have monkey kids and name them Xavier and Amanda! (sobs)"
Candace,"No leaving the yard, no amusement park rides, no robots, no rocket ships, (in background) no time chairs, no remote-controlled llamas, (onscreen) no first edition issuing of commemorative coins, no asking where Perry is, no astrological planetary alignments..."
Candace,"Oh good! Because this isn't a cell phone. It's an inter-galactic little brother buster-izer. Which I'll use on you if you don't clean up this mess. What's with the spaceship anyway? Haven't you guys, you know, been there, done that?"
Candace,"(puts disk in laptop and gasps) There it is! The elevator to the moon, ha! (The footage shows more big ideas.) And the time they built the rollercoaster and the beach and the roller rink! Ooooooh! (She grabs pillow, laughter is muffled; Perry comes into the window behind him and sees the footage of him taking off in his hovercraft on the same day as the elevator. He sneaks in.) Can it be? Actual proof? Everything they've done over the summer? (She looks at Perry, who instantly assumes pet mode.) Oh, Perry, it's soooooooo beautiful! (Hugs him.)"
Candace,"No, I mean (nervous giggle) That's not my stuff! That's my Mom's. I was shopping for my Mom. Yeah, heh... my mom has really unruly, uh, nose hair! Yeah, really bad, okay? Uh, yeah, I...I was just on my way to the, uh... (whip pan right to where Candace is looking, cut back to Candace pointing at the sign) ...the water sports section."
Candace,"Hoist the mainsail! (Stacy does so) Swab the poop deck! (Stacy does so) Watch that jib, sailor. (the jib knocks Stacy's hat off) Now take the helm! (puts Stacy at the wheel and rides a rope onto the bowsprit) I've got a date with destiny, and it ain't gonna end with a kiss! (spots the shark through a spyglass) You've vexed me for too long. Too long! Full speed ahead, Stacy; get me in close!"
Candace,"Oh, hey, Jeremy. It's Candace. Uh, just seeing what's going on today. Call me back if you want to. Okay, bye! (Closes cell phone) Oh, man, that never gets easier. Oh, well, I'll just call Stacy. (Opens cell phone) She's probably been waiting by the phone all morning."
Candace,"Wait that's it! I'll trick Jeremy into writing a letter to Santa, so I can sneak a peek and learn what he wants straight from the horse's mouth. And by ""mouth"" I mean ""pen"", and by ""horse"" I mean Jeremy, and... yeah we're good."
Candace,"(sighs) I'm a freak! (cries) I'll never be a Flawless Girl! (Ferb takes out an umbrella to cover himself and his stepbrother from Candace's rain-like tears) There's only one place where a girl like me will fit in! The Oddball Show! It was nice knowing you boys! Tell Mom and Dad I love 'em! From now on, I'll be living amongst the carnies!"
Candace,"Yeah, and you can drop the act. I know you didn't forget to bring coal. It's probably all in that box you're sitting on. But...lesson learned, and as long as I'm no longer giving up, I'm gonna go bust Phineas and Ferb. (jumps through the window) Thanks!"
Candace,"Perry's gone, and it's… it's just my fault. I can't take it anymore. I'm gonna have to tell the boys. (notices the silhouettes of Phineas and Ferb through a curtain) Oh, there they are. Well, I guess now's as good a time as any. Phineas, Ferb, I just have to tell you that I'm the one who…"
Past Candace,"Awesome! I finally have proof! I'll take my older self, bring her to Mom, Mom will see the boys have invented some kind of time machine, and they'll be busted! Oh I love you, me! Come on, let's go! Let's go see mom! Come on! (laughs frantically as she tries to pull Future Candace, who does not move)"
Candace,"(Laughs) I sure got you guys! You should have seen your faces! Only unsophisticated, immature brains would believe in monsters. (Laughs) Yes, it takes a mature adult, such as myself, to know that there's... no such... thing... as... (Stammering) Bigfoot! (she screams and runs inside; the other kids look but see nothing)"
Memory-Candaces,"Mom, Phineas and Ferb built a rollercoaster! Phineas and Ferb are one-hit wonders? Phineas and Ferb carved my face into Mount Rushmore. Phineas and Ferb are driving cattle. Phineas and Ferb built a giant tree house robot..."
Candace,"(Chuckling nervously) Yep. Yep, they definitely are working. I--I just bought these for my dad and was just...uh, you know, making sure that they work, and they sure do. You can see really far away or really up close. Heh heh heh. (Notices poster on counter) ""Help wanted""?"
Candace,"""Appointments."" Well, all right, Dr. Six-Strings. Good luck with your ""patients"". (hangs up and giggles) ""Dr. Six-Strings."" Now that's banter. Heh. (gasps as she sees the giant frozen yogurt machine) Aha! (Steve disappears again) I finally caught you guys! That thing's not going anywhere! You guys are so busted this time! (runs out)"
Candace,"I was wrong, Stacy, about everything. I'm not a grown-up. I can't control mysterious forces. I can't even get my mom to see what my brothers are doing! (she smiles) Stacy, that's it! I can't get my mom to see what my brothers are doing! (she runs off)"
Candace,"(sighs) It's Jeremy's birthday and I wanna do something really special to show I care and you guys are good at doing, you know, what you do, and, well, all I have is this scrapbook and I don't wanna blow it so can you help me, huh? (gives Phineas the book)"
Candace,"I know, right? With Phineas and Ferb split up for the day, it's practically a vacation! (She passes by Isabella's house with the clubhouse next to it in the background.) Yes, I know we're already on summer vacation, Stacy. I was just -- (Opens her eyes and turns around, notices the clubhouse) What? A Fireside Girls mobile tactical unit? Sorry, Stace, gotta go! (Hangs up and runs off.)"
Candace,"Stacy, Jeremy's going to college soon, and here I am concerned with busting my brothers to my mommy and living in this NURSERY. (She picks up a ceramic unicorn) A unicorn! **A UNICORN**, Stacy! (mockingly) ""Hi, I'm six!"" You've GOTTA help me get rid of all this junk."
Candace,"No! Some kind of mysterious force always takes away Phineas and Ferb's inventions before Mom shows up, this time, it took it away their invention before I showed up! The mysterious force recognizes that I'm now a grown-up!"
Candace,"(coming down the stairs) Alright, boys and girls, listen up, Mom's on a walking tour of Danville and Dad's tinkering in the basement, so I'm in charge. That means no shenanigans! Hey, Spider-Man. So I'll be over at Stacy's all...d-d-d-daaay???!!!"
Candace,"--No giant robot groomsmen, no mechanized rice catapults, no rocket to the moon, no bringing the moon down to earth, just regular good old fashion wedding stuff like you might find at a regular everyday perfect wedding."
Candace,"The coast is-- (Gasps) I don't believe it. That's the rare Ducky Momo commemorative plate where they accidentally printed the wrong saying. (The plate reads; ""I Hate People!"") Score! All I have to do is get over there without drawing too much attention to myself."
Candace,"This could really be the answer to me busting the boys. That weird guy is gonna tell us the final step after the break! Can it be that I'll finally achieve my summer goal? (hears revving) Wait, is that...? (sees the ATV) It is, it's Phineas and Ferb!"
Candace,"What do you mean? He's a member of our family. Of course, I'm concerned with his health stuff. Oh, look! There's a Slushy Dawg! Gotta go! Bye! (unbuckles and gets out of the car) Jeremy, Jeremy, Jeremy, Jeremy, Jeremy, car! (stops to cross the road) Jeremy, Jeremy, Jeremy, Jeremy!"
Candace,"Oh, no. (Candace sticks her head out the window) Listen, you twerps! Sometimes your stuff messes with my stuff, and tonight I got some big stuff going on. So you leave your stuff out there, and leave my stuff alone, or you'll get some of this stuff! Get it?! (Leaves)"
Candace,"Okay, listen, you twerps. Your ridiculous efforts to thank Santa Claus are getting in the way of my ridiculous efforts to get Jeremy to writing a letter to Santa Claus. So why don't you... Hey, what's with the clouds?"
Candace,"(cntd.) Anatomically disproportionate... (gasps; Flashbacks disappears) They got to Ferrrrrb!!!! (She runs to...) Phineas, Phineas! I-- I know you're gonna think I've completely lost it, but I'm pretty sure that Ferb is an alien. I've got to find his head and re-attach it."
Candace,"Get back! Huh? There's no one there. But he's in the mirror. But, but, (gasps) Oh no. No no no no no no. This cannot be happening. (gasps) Ah ha! Oh! Oh! Stacy, Phineas and Ferb have turned me into a holographic image of a pizza boy!"
Candace,"(approaches the gang) All right, I am not dealing with you guys tonight. Stacy and Vanessa are on their way over and we're having our own sleepover with our own activities. Besides, you already built your wacky doohickey, (points to Mom) which you missed!"
Candace,(Looks out the car window) I still can't believe I get to be on the Lake Nose lifeguard squad with Jeremy. The lifeguards at Lake Nose are considered the coolest of the cool. All the other kids look up to them and have to do whatever they say.
Candace,"Not midnight yet? That's it! I've actually got an hour left to bust my brothers! (running out of City Hall) I've gotta find out what they're doing! I'll get video. Whoa! Ooh! (slips and falls on a patch of ice) Aah! Aah!! (skids down an alleyway, bounces off a pillow and goes flying) Aah!!! (swings around a street lamp's pole and lands on her feet) Ooh! Huh, that parkour training actually paid off."
Candace,"Yes! Let's show Mom. (to Perry) Oh, Perry, Perry, Perry. I will remember this night always. Just think: on this very computer are the deliciously incriminating images from that CD I borrowed that will finally bust my brothers! (Laughs maniacally)"
Candace,"Pathetic, isn't it? Some people don't have the discipline to relax on their own. They need to take a— Oh, who are you kidding? You're taking the class. A little extra serenity can't hurt. (covers herself with the serenity lotion) Oh, this stuff is slippery!"
Candace,"I didn't do anything! He's my brother, just a baby. They cry you know. (Now Baby Phineas start crying now he cried with him then puts Ferb back his stroller) I know! Toys! I'll buy you some toys; that's what makes babies stop crying! (pushes the stroller towards a store that coincidentally sells baby things) Oh, thank you. (the stroller gets stuck in the door) I'll just be a second, okay? Don't go anywhere. Stay!"
Candace,"Alright, Jeremy. Perry and I are all ears. I mean, we're not like all ears. (chuckling) I mean, imagine if we were all ears! Just covered in ears! Like, we can hear out of our elbows! (chuckles, whispers to herself) Candace, you're weird! (out loud, to Jeremy) So what's the sitch?"
Candace,"(On her cell phone, in her room) Oh, my gosh, Stacy! Oh, my gosh! Oh, my gosh! Oh, my gosh! Jeremy asked me if I could meet him at the fair later today next to the Ferris wheel. Oh, no! I almost forgot I'm scared of heights! What am I going to do?"
Candace,"Everything Phineas and Ferb build -- disappears when they're finished. So if I can keep them from finishing the thing they're building, it will never disappear! I call it Busy Bee Busting. B. B. Busting, for short."
Candace,"(runs out) Alright! Nobody move! You two! You think you can just make giant...thingys for all the world to see? Well, no, sir! I'm gonna put the bust on you, but good. (runs off) Mom! Mom! Mom! Phineas and Ferb are making some giant --"
Candace,"Yep, I'm sticking to my resolution and turning over a new leaf. Fifteen whole minutes and I haven't thought of Phineas and Ferb. (her eye starts twitching) How they make those things. You know, those big, like, dangerous things they make..."
Candace,"Good, good, good, good, good, good, good, good, good, good. Perfect! You guys built your sky-high mega-ride thingy. I just wanted to double-check, and this time, I'm not gonna call Mom. I'm gonna (starts walking backwards away from them) go get her. Ciao!"
Candace,"It's not fun, it's relaxing. Which means it's enjoyable, which means it's fun. Grown-up fun. You wouldn't understand. Besides, Le Rub de Scrub Spa is very exclusive. You can't even get in unless you know someone."
Candace,"No. If it can tell me when it will take the boys' stuff away, I can get Mom to show up right before so she can bust once and for all! O Great Mysterious Force, when will thou takest away what the boys hath built?"
Candace,It's just... Jeremy looked like he was having a really good time here. And suddenly it seemed creepy and obsessive that I came all this way. What if he doesn't wanna see me? Or came to Paris to get away from me?
Candace,"Obvious technical infractions. Go away. The player who committed the infraction is no give me that. No Ginger, I'm busy. I said give me that back. If you don't give that back to me right now, Candace, gotta go."
Candace,"Stace, the thing with boys is I just don't get them. You think they're saying one thing, but then you don't know if they really mean something else. They're like those Egyptian drawings that no one understands."
Candace,"Mr. Cutie-Patootie, I finally found— (Notices Perry, then nudges him out from her room with her foot) Get away from him! I don't want your blandness to rub off. (Picks up Dennis, then slams the door) Aw, poor Mr. Cutie-Patootie. Don't mind him. Once I'm done making you over, you're going to be the new alpha pet!"
Candace,"It's from Jeremy! He sent me a picture. (looks at picture) Aw, look at his cute, little wiener hat. Let's send him a picture of me. Make sure you get my good side. How's the lighting? (Stacy takes the picture) Wait, you took it while I was still talking!"
Candace,"That's obviously some big, stupid dress-up game they're playing with their little loser friends. Now, if my research is correct, the way to defeat a superhero is to come at him through what's important to him. (She holds up a picture of the boys and Linda before laughing maniacally)"
Candace,"(sighs) It's okay. Earlier this morning, I wouldn't have believed me either. In fact, I was even mocking my... (gets an idea) brothers! That's it! They'll vindicate me! They're out there right now getting proof that Nosey is real!"
Candace,"Stacy, it's been four days. (Rolls her chair to a picture referencing Cinderella. The faces are replaced with Candace and Jeremy's faces) I'm not expecting Prince Charming to bring me a glass slipper or anything, but-but a phone call would be nice. (Phone beeping) Hold on, I've got another call. (Gasps) (Holds up the phone, showing a heart with Jeremy's face in it) It's him! Call you back! Bye! (Phone beeps) Hello?"
Candace,My Bango-Ru. They're these adorable Japanese characters that are so in right now. Like in a kitschy way. The guitarist for The Bettys has one painted on her guitar. Stacy and I designed our own dolls online.
Candace,"(on the phone) That's what going steady is, Stacy! Jeremy and I aren't really engaged. But we're totally engaged to be engaged to be engaged. And by the way, that's on a ""need-to-know"" basis. (Scoffs) Why would Jeremy need to know?"
Candace,"That feeling you have right now: that's how I feel every single day when you don't believe me about what Phineas and Ferb are doing! Now that you finally understand, would you come with me to the backyard?"
Candace,"I just thought it was the perfect day to show some Christmas spirit. Like when you were young and wrote letters to Santa... (Out the window, Phineas and Ferb are seen lifting some of their things to thank Santa.) Would you keep that lame junk away from my window!? (to Jeremy) I'm sorry, what was I saying?"
Candace,"Oh, it's great. Finally, somebody appreciates my ideas. Only, they keep bringing me crumbs and grasshopper legs. I could really go for a salad. (an ant goes to make a salad) And you think, they'd have a fancy queen dress, or something. (another ant goes to make a dress)"
Candace,"Just wait until Mom hears about... Then again, you guys always seem to make everything disappear before Mom gets home. But if I take the evidence to her at the Bowl-A-Rama, then she'll have to believe me! (She daydreams)"
Candace,"Phineas, puh-leez. I'm all the equipment you'll ever need. I mean, hello, let us not forget that I wrestled a ferocious alligator. (Unbeknownst to her, a giant crocodile appears behind her.) A scrappy little crocodile is nothing for a pro like me. (to the crocodile behind her) I'n' that right? (Her eyes pop in sudden realization)"
Candace,"Yeah yeah, real funny. This is the official rutabaga regalia for the 100th Running of the Chinchillas from Danville to Badgertown. By wearing this, it'll entice the chinchillas to follow me, the Princess!"
Candace,"Hah! You call that a beach? This is WAY below your usual standard. This isn't even worth a call to Mom. You know, if you guys ever want to be popular, you're gonna have to stop playing in sandboxes. (Gets hit by a beach ball) Hey!"
Candace,"I don't care how buff he is. Me, hang out with one of your friends? Puh-leeze. Now run along before I take my sandwich back. And if you even think about trying something funny today, you're gonna get it!"
Past Candace,"Mom and dad's antique store.. . Yes, it's still here! (the door opens automatically) Ooh, future. Mom!! It's me, Candace from the past! I came here in a time machine that Phineas and Ferb borrowed from the museum. You gotta bust them!"
Candace,"Not officially... He's never even called me his girlfriend. We've never even kissed! That means Jeremy is single, in Paris, and surrounded by French girls. I'm no fool, Stacy, I've seen the oil paintings"
Candace,"Oh, cool, my old tiara. Ooh, sparkly! (picks up a videocassette) Hey, I don't remember this. Hmm. (reads) ""For: Future Candace!"" Hey, wait a minute! I'm Future Candace! There's gotta be a machine around here that still plays these things."
Candace,"See, Jeremy only calls me ""Candace,"" and nothing else. When a guy makes you his girlfriend, he comes up with a nickname for you. A pet name like, ""baby,"" ""honey,"" ""Peg-Leg Pete!"" His own personal stamp!"
Candace,"That's so wrong in so many ways, I don't even know where to start! An egg is like a little baby. It needs a living, breathing mother. It needs... Hold on one second. (She runs into the house, then closes the back door. After another pause, she kicks it open with a foot.; now wearing her ""mom"" suit...aka a platypus suit) Okay, let's do this thing for real!"
Candace,"So at this point I can grab Mom at her hair appointment and bring her over to where I think the boys are heading. I'm calculating they'll go by that weird looking building downtown, at exactly 4.59 pm."
Candace,"MOM! MOM! Phineas and Ferb are making a giant tape dispenser, but it's also a faucet, and a rowboat, and a baseball hat, and a lightbulb, and a gingerbread man with a fist for a head, and a pig face --"
Candace,"Okay, just breathe and relax. (Sighs) Let's try this again. (She picks up the phone.) Hi. Uh, Linda Flynn, please. But if she's too busy, uh, then maybe there's someone else who can deliver her a message. Maybe someone in their teens!"
Candace,"When Mom and Dad left me in charge, I never took into account that we might not make it back at all! And now we're stranded, and now I'll never get my kiss from Jeremy! (She sobs and falls to her knees) It's the end of romance! Aaagh! (She curls into a ball on the ground)"
Candace,"Of course we need to know how deep it is, so we know how scared we should be. We can use this grappling hook and rope to find out. (throws it into the pit) One...Two...Three. (The rope hits the bottom) You see? Now we know that it's three seconds deep."
Candace,"Ugh, Mrs. Johnson, as much as I hate to admit it, Suzy's not lying. Phineas and Ferb made a ray that makes me weightless. I might as well show you I couldn't embarrass myself more than I already have."
Candace,"(In a dream) But, your honor, how could I have robbed that bank if I was already wearing the prison jumpsuit? It just doesn't make any-- (She gasps and wakes up to the sound of Buford humming) Somehow I want to finish that dream to find out if I'm guilty or not. (She walks to the window, to see Buford in the backyard, humming and tying his shoes) What?!"
Candace,"(after a pause, speaking to Stacy on her video phone) So, he was like totally checking me out when little Miss Pants walks in front of me. Yeah, yeah! So I was like ""Uh, hello?"" and so she was like ""Oh no, you di-in't!"" and I was like ""Oh yes, I di-id!"""
Candace,"Okay, it's still here. Oh, come on, Mom! We're really coming down to the wire on this one. (Door closes) Mom! (She runs away then runs back) Oh, great and magical being who maketh all things magically vanish before Mom sees them, knock it off!!"
Candace,"Let's definitely eat here. But no way are we waiting in this line. I practically own the place. (To other people in line) Come on! Outta my way, people! VIP coming through! (To Buford) All right, Buford, make with the rope and let us in."
Candace,"A late entry. Okay, Mom, I've been dragged all over town by Phineas and Ferb's Mega Bounce House, which you'll probably never see, but the worst part is, I didn't even get my Tiny Cowboy bobble head!"
Candace,"Oh, sorry, Stace. I completely forgot I was on the phone with you. Okay, okay, okay. Okay, in the whole world, maybe one or two have in worse, but definitely in Danville, no one has it worse than me!"
Candace,"Okay, fine! Okay, if pictures won't work, I'll just take you to Mom myself! I know we have an old stroller around here somewhere. (Candace finds a stroller and straps in Phineas and Ferb and they fall asleep) That's it, go right to sleep. You'll be busted in just a little bit."
Candace,"To bust or not to bust. Eh, they're not my brothers, so I'm not sure it'd even count. But maybe if Mom sees this, it'll lend a little credence to all the other things I told her about. Yes! (She suddenly is holding two pairs of binoculars.) To bust!"
Candace,"Oh, I get it. Big lesson. Yeah, well, I guess I learned that it wouldn't be hard to ask Jeremy out if he was growing out of the back of my head. Now you find us some fuel, and let's get outta here."
Candace,"Well, I'm gonna buy Jeremy a gift. It's the anniversary of the very first time Jeremy and I went to Slushy Burger. He spilled a cheese dog on me and mustard got all over the place. He was so sweet."
Candace,"Brother? Busted? I just realized. I, like so many other elected officials, have forgotten the very promises I made that got me into office in the first place! That's it! I'm gonna bust my brothers!"
Candace,I just wanna do something really special to show Jeremy how much I care. Something way over the top! Something that defies the laws of physics and exceeds the boundaries of the imagination — (realizes what she's talking about) Oh no.
Candace,"Ugh, I'm getting outta here. Ridiculous dungeon crawl. Dumb arrows. Stupid traps. Buncha nerdy stuff. Shards and whatever, blah, blah, blah. ""Stumbleberry Finkbat"". Can't wait to bust all you guys!"
Candace,"Oh, my gosh, you guys. That was awesome. Guys? Uh, guys? (Sees they have left the couch) Wow, it's tomorrow already. I gotta find those guys and tell them how it ended. Guys, guys, guys, ugh-- (Candace runs into Linda, who's carrying a laundry basket) Sorry, Mom. Have you seen the boys?"
Candace,"What is wrong with you two? Can't you think of something normal to do like making a lemonade stand or picking your nose or something? (Ferb pulls out device) That better not be a nose picking machine! (Ferb puts it down) Yeah, that's right."
Candace,"Okay, I know it sounds crazy, Jeremy, but I saw it, I really did! I mean, not the times when I saw it and it wasn't it, but this last time, when I saw it and it was it! You believe me, don't you?"
Candace,"There they go again with their machine mocking me... (imitating Phineas with her hand) ""Oh, hi, I'm Phineas! Ferb and I are building something really bust-worthy!"" (Her other hand as her hair on it as she talks in her own voice in this...weird hand puppet show) ""Yeah, like what? Like a submarine that'll go into my esophagus?"""
Candace,"Okay, twelve o'clock. Let's get this over with. (Puts on her goggles.) Perry! Oh, there you are, Perry. Oh! And you're filthy!  This has got to be the highlight of your week, right? Y'know, cuz platypuses don't do much."
Candace,"That's it. I'm calling Mom and making her tell the boys to let us in. (On phone, to Linda) Mom, Phineas and Ferb have made an exclusive restaurant in the yard and you've got to tell them to tell Buford to let us in!"
Candace,"So, Mrs. Johnson, it's so great to talk to each other like adults. (Suzy crawls under the table, and pulls out the wrench weighing candace down) Just me and you talking all adulty and stuff, and (Candace notices her leg has floated up) WHOA! (She giggles nervously before floating up entirely, just managing to hold onto the table) Ahh! Just doin' a little yoga stretch to help this digestion, yep. Heh."
Candace,"Yeah, I've been spending all my time worrying about Phineas and Ferb. I used to have other things to worry about. Like... (dramatically) What? Jeremy's going to be there?! I just need to broaden my anxieties."
Candace,"And thank you to you, Candace, for being so good at being so laid-back, and not caring about all the whatever the boys are doing right now. Whatever it is they're doing. Flying through the air."
Candace,"And that is why I wear white shoes after Labor Day. And I.. (Sees Phineas and Ferb's invention) Oh, I knew it. Phineas and Ferb. Not very impressive, but suspicious. Stacy, I.. I got to go. Oh, and Happy Birthday! Mom! Mom! Mom!"
Young Candace,(on video) Thith ith Candathe Flynn. I'm five yearth old and it wath an awethome thummer! But I didn't get to do everything I wanted. Tho I made a litht of thingth I want Future Candathe to take care of.
Candace,"(getting Linda out of her chair) Yes,-and-you've-got-errands-to-run-'cause-they're-not-gonna-run-themselves.-They-never-do.-They-never-do.(starts pushing Linda out of the house) Better-get-a-move-on-if-you're-gonna-be-back-in-an-hour-and-twenty-seven-minutes.-Bye!"
Candace,"(taking Dad's phone) And it opens tomorrow. (gasps) I bet Sweetwater will go see it and say she read the book. And if you do something like triangulate her movements against the movie schedule, you could bust her no prob."
Candace,"Oh, really, Stacy? Well, they're not gonna bust themselves! Oh, great, a sale. Now guess who's gonna have to go in there and try stuff on? Call ya later, Stace. (hangs up and walks in) Since I have to do everything! (gasps)"
Candace,"What? On Street Fair day? Haha! No way, sister! I'll be there, and I'll be there early. Ah-haha. Yeah. Alone. Okay? Okay. (She hangs up) Oh crud. Make that molecular whatever and meet me at the coffee shop!"
Candace,"Well, I'm no help to you there. Talk to you later, Stace. Good luck. (hangs up and looks at the magazine again) I wish I knew a girl like this so that I could hang out and absorb her coolness. (She puts the magazine down to see Vanessa making the same pose as the model in the magazine.) (gasps) Vanessa! Hey, Vanessa! Vanessa! Hey! Hey!"
Candace,"(through the side of her mouth) What a bunch of babies. (gasps) Wait a minute! Weird situation plus danger equals Phineas and Ferb! Okay, calm down. I'm on it! (dials her phone) Mom? Mom, I want you to check and see if the boys are creating zombies!"
Candace,"Can, uh, can I say something? So I think I'm up to date on the whole Perry-agent thing. Strangely, that's the most normal thing that's happened this afternoon... But who exactly is this guy?"
Candace,Mom! (Runs to her) Mom! The boys are up to something huge! I just know it! But they've hidden it within a massive pile of leaves in the backyard. Come help me sort through them for a few hours to find it! (Pulls her out)
Candace,Okay. Commence Operation Concisely State What The Heck Is Going On Around Here. Notepad: check! Ducky Momo 15th Anniversary Happy Pencil: check! Keen eye and indomitable will to bust: check!
Candace,"(Reading) ""Sing, goddess, the anger of Peleus' son, Achilles..."" (She dozes off, then shakes herself back awake, and continues reading) ""Achilles! And it's devastation, which put pains upon the Achaeans..."" (She doses off again, then jolts back awake, and continues her reading) ""Upon the Achaeans, hurled in their multitude to the House of--"""
Candace,"Wait a minute wait a minute, what you're trying to say is that if Stacy is really my best friend, I should just apologize to her. And if I'm really Stacy's best friend, she'll take me back! (runs off)"
Candace,"(on phone) Ah, Stacy, I tell my mom I'm heading to the mall to get some makeup and she hands me a list of other stuff I have to get. Why do I have to do everything? Shop at the mall, bust my brothers."
Candace,"Yeah, just put it there at the end. (Guiserblint pours some more gold at the end of the rug. Candace takes off her shoes.) Okay, you can go now. (She lifts her dress up and runs gleefully through the coins in her bare feet. She stops and a record needle scratch is heard.) Wow, I've been given all this power and how I've chosen to use it is to run through gold coins barefoot....I'm a genius!! (runs back to the throne) Ha ha ha!"
Candace,"Sold! (No audio, Ding) Well, what do you know? It works! (Ding, Cows mooing) Wait, stop! Uh oh. (Screams, Blows whistle) Hey, this cow whistle doesn't work!  (Haney briefly puts up the ""Closed for Stampede"" sign) Oh, they're so going to get it. (At phone) Mom, they're driving a herd of cattle right through Downtown."
Candace,"(on her phone) You're not gonna believe this, Stacy, but when I turned around, Jeremy was standing right behind me. Well, actually he was sitting, and he was a couple blocks away, but he was right there!"
Candace,"No way, Phineas. There's no way I'm lettin' this baby out of my sight. This is the single greatest moment in my life, and there is nothing you little creeps can do to take it away from me. (Norms enters)"
Candace,That's it? That's all you're doing today? Huh. How normal. I guess my night's safe after all. Who would have guessed you two would get sucked into a video game? I'm going to go get ready.
Candace,"No big deal? I'm Jeremy's girlfriend! We have to make a good impression! Breakfast is easy! This is brunch! Brunch! That's so fancy! Mom, what does this frittata say about us as a family?"
Candace,"(on megaphone) People, people, I'm not gonna soft pedal this. That was adequate, but I think we're ready to witness the greatest architectural feat this town has ever seen! I give you Phineas and Ferb! (The boys uncover the tarp. But the crowd simply stares. Thaddeus and Mandy laugh.)"
Candace,"(enthusiastically) Aaah! Yes! Vanessa's dad's machine! It worked! Which means yesterday is today! Another chance(steps on a rollerskate) to bust the boooo- (steps on a skateboard and rolls down the stairs) -ooys! I didn't think there would be this part!– ugh! (falls off the skateboard and loses the skate, lands in a wagon, and starts rolling around the house) Har... (pauses as she rolls behind a wall) dee har har."
Candace,"I'm not speaking metaphorically! The boys' inventions disappeared every single day last summer! And, of course, Mom never sees it! It's always, ""Who wants pie? Oh, there you are, Perry."""
Candace,"""Apparently Giraffe Girl has robbed me."" ""Ferb has been working out."" ""Excuse me; my child can't see the movie over your monstrous giraffe head!"" Oh, I'll show them. I'll show them all."
Candace,"(Sighs) Well, I guess it could've been worse. (Aaand a bird poops on her) Okay, that does it. This thing is totally bad luck. Well; little amulet, this girl doesn't need any more misfortune. So bye-bye, bad luck! (tosses tiki charm into garbage can; mysterious music plays) Over it!"
Candace,"(To her phone in a panicked tone) Mom, things look pretty bleak. We may not be back after all. Phineas is in a cute trance. Mitch turned himself really adorable and defeated the entire Meap Army. There's no one left to-"
Candace,"You're so close, Candace! Don't cave now! The Mysterious Force is watching! So as long as you stay cool and casual. (to Mom) Come. Hee hee. Casually this way. MOM! (giggles) Here we go. Just walk with me."
Candace,Get my brothers to bust themselves? (in realization) Get my brothers to bust themselves. Get my brothers to bust themselves!! Get my brothers to bust themselves!!! Get my brothers to bust themselves!!!
Candace,"I'm going to the mall! I'll call Stacy. No, wait. Stacy's mad at me. And I'm mad at Stacy! But I can't go by myself. I'll look like a total dork. Okay, I'll just get a new best friend!"
Candace,"(Talking on the phone) …So I said, ""You're not getting me up into the mountains on a day like this"", (She is on the couch with dozens of fans) I'm staying right here, with my beautiful air conditioning. I'm just gonna chillax right through this one."
Candace,"You know, universe? If you were going to give me practically unbustable brothers, you could at least have made them not morning people. Yeah, I see ya down there. ""Hey, where's Perry?"""
Candace,"Imagine, a whole day of hanging with Crash and the band! And, as an added bonus, (She turns a picture of Phineas and Ferb around.) a whole day of not thinking about my goofy brothers. (Gasps) Just me, you and The Bettys! (horn honks) Ahh, they're here!!!"
Candace,"It's not their party, it's my party! And it's not a party, it's an intimate get together. (Shattering) (Gasps) What was that? Put that down, pardon me, use a napkin! What is my science teacher doing here?"
Candace,"Okay, we've gotta split up. Ferb, hide Klimpaloon under your jacket to keep him quiet and I'll lure the guards the other way with my ""Nang nang nang""! Just get him to the awards show!"
Candace,"Well, no matter, because we're driving this thing home. I'm calling Mom to make sure she's there to see this. (dials phone) You're going too slow! Give me that thing! (takes remote) So, how does this thing work? (presses button, ""I'm Lindana and I Wanna Have Fun!"" plays, presses another button, activating windshield wipers, presses another button, the ATV does a loop)"
Candace,"(as Gary Frank) (laughs) That was funny. Belching. (laughs) It's so, uh... (laughs) Male (laughs) Right, bros? But yeah, maybe we should talk about something like, I don't know, does anyone have any deep thoughts they'd like to share?"
Candace,"You're not getting me into one of those things! I'm not showin' up for my TV debut lookin' like a complete weirdo! (to Stacy) What? I said, ""Complete"". (to the gang) And now, I must leave. My public awaits."
Candace,"Wait. What? No! You guys keep working, I'll narrate the audiobook. (To Isabella) You stay here and help the boys. And not only will I finish recording your book today, I'll do it by four o'clock."
Candace,"(pacing back and forth) There's one thing I don't understand about the lost superpowers. In all the comics I've read, energy can never be destroyed. Only morphed into a different form or contained somehow."
Candace,"Okay, I know you want me to go left, but can't I technically make three rights to make a left? I mean, I know two wrongs don't make a right, but three rights do make a left, right?"
Candace,"(Gasps) Dee Dee? (dials phone) Stacy? Who's Dee Dee? A Swedish exchange student?! I gotta go. Hey, wait for me! Let me through! Let me through! Oh, out of my way! (climbs on a ski lift Vanessa is riding on; grumbling) My brothers are just driving me crazy!"
Candace,"...But then, when I bring Mom into the backyard, it's gone and Mom never sees it. So here's my question, Mr. Supercomputer: How can I get my Mom to see what my brothers have done?"
Candace,"(inhales deeply) Sisters, I know what you're thinking, but rest assured, this new Candace that you see before you will not react like the crazed little girl that crawled in here just this morning."
Candace,"So, uh, doin' some shoppin'? I mean, duh! Of course, you're shopping. You've got the items in the little basket thingy. You placed them in there with the intent to— Stop, Candace."
Candace,"No! Building big, dangerous, bustable things with their imaginations! And also power tools. They even put up flyers. How'd they even get in here? Gotta go! I'll keep ya appraised."
Candace,(Clearly overjoyed) What are you gonna do to them? No TV for a month? Or -- they have to serve me for a year. (gasps) How about confiscating their toolbox? (gasps) I know! Take away their seats on the city council!
Candace,"(nervously) Well, maybe he just wandered off. Doesn't he always wander off at some point in the day? A-And then later, when he comes back, you say, ""Oh, there you are, Perry"", and he says... (mimics Perry's chatter)"
Candace,(gasps) Then the boys' invention can't disappear before Mom sees it because she'll be in it! It's fool-proof! Phineas and Ferb will be busted once and for all! (grabs the camera) Can I borrow this? Thanks. (zips away)
Candace,"Don't worry. I can do both! (grabs a pair of binoculars) I've got a perfect view of them from where I'm sitting. Oh, yeah, that's what I'm talking about. I'm all up in their grill and they don't have a clue!"
Candace,"Omigosh! Cutie Patootie! My long-lost pet rabbit! (Picks up Dennis) Where have you been?! Oh, honey bunny, was Perry bothering you? Poor little fluffy britches patootie pants, let me get you home."
Candace,"(after dialing the phone) Oh, it's busy! I've just gotta win! Clearly I'm their biggest fan. See? (Shows her Betty merchandise) Even my Betty boombox which rests on my Betty bedside table next to my Betty bed runs on Betty batteries! (Plays the boombox)"
Candace,"(strains and groans) I can't take it anymore!! Mom, I really tried my best to give you a day, but it's… the boys. The boys! They're in the parade! With giant floats! So come on, you gotta bust them. (Grabs her and runs off)"
Candace,"Yeah! You know what? You're right. (Climbs all the way up.) If I could do that, then I should be able to walk across the attic, right? It's being silly. Heck, I don't even remember what I was afraid of."
Candace,"See? That's my point! Stuff's disappearing! and once it goes, nobody remembers it— (Phineas and Ferb get sucked up into another portal) e-ever existed... (inhales sharply) Moooooo- (runs inside to Linda, who is vacuuming the living room) -om! It took them! (hangs on Linda) Like the spoons! (inhales) Mom, Phineas and Ferb are gone!"
Candace,"You know what people take for granted? The sounds of the summer: the way ice crackles in a cold beverage, the bees buzzing on their busy way, the chirping of the summer birds..."
Candace,"So, what do you think I should wear to the fair tonight? I'm thinking my favorite red blouse with my white skirt and red matching socks. (Bowling pins crashing) Stacy, I'm gonna have to call you back."
Candace,"Right, hard to get. I'll call you back. (Presses button on phone to talk to Jeremy.) Umm, about the car and the ride, I would love to! (Candace screams. Jeremy holds the phone away from his ear as the force of Candace's scream makes his hair blow back.) Wait, I mean, I better check my schedule. (Covers phone and hums victory music to herself). You're in luck. I can just squeeze you in."
Candace,"Bwahahaha, letters to- Oh! Brilliant idea. Let's get together and write letters to Santa, and be very specific, within a reasonable price range. For fun. I'll be over in a bit."
Candace,"Oh, well, let's see. What's different this year than last year? Oh, I know! You went out and got everyone in Danville involved in one of your off-the-cuff, harebrained schemes."
Candace,"(Talking on phone while sitting in front of her computer) And then I typed LOL, but it came out LOP, and Jeremy thought I meant... (sniffs the air) What's that smell? I'll call you later, Stacy. (Hangs up and looks out window, seeing cheese delivery.) Cheese, huh? That warrants a call to Mom! (Perry flies by on his jet-pack as she begins to dial.) What was that?"
Candace,"Hm. Well, you can't do nothing forever. And when you stop doing nothing, I'll start doing something, and that something will be busting you! (She goes back inside and slams the door.) Look at them plotting my downfall. (She dials her phone.)"
Candace,"I'm, like, so looking forward to tonight. A special evening, just the two of us. So, what do you have planned? Horseback riding? I just love horseback riding. Oh, you stopped."
Candace,"No! Wait! No! Ugh! No, I've been practicing diving, not skateboarding! Ugh. Everyone stop doing things that I'm not good at! (Jeremy falls off his skateboard, launching it to the top of the pool) Oh, this is a nightmare, come on Stacy, let's go-- (Candace steps on Jeremy's skateboard, and begins skating in the pool)"
Future Candace,"Now where do I go? More importantly when? I know, I'll set it for a day I know I can bust the boys. Back to the first day of that summer. The day they built the rollercoaster. (disappears)"
Candace,Yeah I know. Imagine if you had to choose between a blood-thirsty undead walking corpse and a slobbering hairy lupine man-beast for a boyfriend. (camera zooms on Candace) What could possibly be cooler? (shakes hand up knocking down the LIVE BAT from cage - Candace screams)
Candace,"(walking towards her bedroom door) This is it, Candace – the last day of summer vacation! Your last chance to bust the (steps on a rollerskate) boooo- (steps on a skateboard and rolls down the stairs) -ooooooo – ugh! (falls off the skateboard and lands in a wagon, starts rolling around the house) Uh! Why do we have this many (pauses as she rolls behind a wall) wheeled objects lying around the house?"
Candace,"(wearing tennis rackets on her feet as if they were snowshoes) Alright. That should do it. I'll just walk all the way up to the top. Nothing will stand in my way. (falls deep in the snow) Why is it so dark out here? (A horse and sleigh ram her head) Ow! Oh, that hurts! Wait a minute. I got it! (has Buford ride her up the mountain; snickering mischievously)."
Candace,"What? Oh, no, no, no, no, no. Can't you guys just find some old nuts and bolts lying around and jerry-rig up some kind of machiney-deely-bob and get us out of this situation?"
Candace,"Stacy, I'm so sorry. I'm gonna cancel with Jeremy today. Meet me at the cafe in half an hour and we'll hit the Street Fair afterwards. It'll be just the two of us. I promise."
Candace,"(still smiling and gesturing) Me too! You wouldn't believe (stops smiling, but still has her eyes wide open) the day I'm having so far! I mean really. Like I could go on. Like I could tell you all about it. I mean there's a lot that happened and there's—"
Candace,"That is so not true. Who ever heard of something as silly as turning someone to stone...? (Looks at a statue) No, no, it can't be. (Screams) I did it again. Don't look at me! (Screams) I'm a monster! (Screams) Make it stop! (Screams) (She runs off into the distance after seeing all the statues that were already there beforehand.)"
Candace,"(With a fake British accent) As the fair princess in the tower, I declare Sir Charles the winner of the tournament... (Thinks using her normal voice) Wait a second. Could this be one of those things that backfires horribly on me? (Pauses) Nah."
Candace,"Mom, Jeremy's on his way over here right now. I've got like 5–10 minutes to get the whole ""Busting-Phineas-and-Ferb"" thing over so I can relax and we can enjoy our Saturday."
Candace,"She's talking numbers, kid. Don't get a big head. Okay, mom, now watch what happens when he has to make a choice. (to Baljeet) Baljeet, would you like some grapes, or this chocolate bar?"
Candace,"Uh, actually, it's Candace, but I guess you can call me ""Carl"". There's a zebra that calls me ""Kevin"". Mysterious Force, if this is really you, I need you to show me a sign!"
Candace,"Aha! It's crawling with clues out here! Hmm... Look at these circular indentations in the dirt. (She sniffing) And the subtle scent of rubber in the air. By Jove, Stacy! What could it be?"
Candace,"(sarcastically) Mom, if you need me, I'll be outside with Phineas and Ferb. And when you get a break from your French lesson, feel free to pop outside and check out what we're doing, okay?"
Candace,Time to embark on my daily 500-brush-stroke marathon to manageable hair. (She gets zapped.) One...What the—? (Takes out a protractor to measure her hair.) A perfect 40º angle? (smiles) I can't believe it! A perfect hair day! I finally got my PhD!
Candace,"(waving while holding DVDs) Hey, Vanessa! Just came by here to return (realizing it's Candace, Perry lets Doofenshmirtz out of a headlock and hides) your DVDs. Sorry I had them so long, can't say I understand French cinema. I mean, why does that mime keep letting go of balloons?"
Candace,"I can't help myself! MOOOOOOOOOM! PHINEAS AND FERB BUILT A RODEO IN THE BACKYARD WITH MECHANICAL BULLS AND BLEACHERS AND IS REALLY DANGEROUS! COME ON, YOU GOTTA BUST THEM! (drags Linda with her)"
Candace,"I'm a teenage girl. Nobody has to teach me how to use a cell phone. Now if you'll excuse me, me and little phonsie-wonsie have to make up for lost time. Okay? Yeah, we do."
Candace,"Come on, Candace, you can do this! What's a couple little spiders compared to the fate of the world? (climbs back down) Oh, who am I kidding?! I need support! (She dials her phone.) Stacy, I really need your help!"
Candace,"Definitely! Definitely. Just, you know, taking it easy, and not being interested in anything the boys may or may not, mayhaps be participating in or thereabouts, casually."
Candace,"Why, yes. Yes I am. Okay, I'll get this thing started. And then because they're men, they'll want to take over and show me how to do it. Then I'll call Mom and bust them!"
Candace,"(on the phone) Hehehehehehehehehehehehe... This is gonna be awesome, Stace! So when they get home, I'm gonna drag both of them into the backyard and it'll be a busting feeding frenzy!!!"
Candace,"Okay. This is your pile of buildy stuff. This is what you liked to do before you became boring. Now take this. (hands hammer to Ferb) Well? Let's get this thing going! Do your stuff! You, here! (hands a plank and spring to Phineas)"
Candace,"Huh? What are they up to today? Do they really think they can escape Mom's wrath by hiding in this fun, massive, glorious, autumnal leaf pile? Well, not if I can help it!"
Candace,"I got nothing. Every day, I wear myself out trying to bust the boys and it always blows up in my face. (throws some milk on a cat) I'm gonna take a day off from exploding face. Today is for me time."
Candace,"Can you believe how hot it is today, Jeremy? Even my dollies are sweating! Not that I play with dolls. I just happen to have a couple on my shelf next to my unicorn. Heh. (slaps her forehead in realization of what she just said)"
Candace,"I am so excited for some solid girl time with you guys tonight! I thought we could enjoy this charcuterie board, then play truth-or-dare, then watch a movie on my laptop!"
Candace,"Hmmm. The low stakes have definitely been raised. But, as always, it would be pointless to get Mom because, as always, the Mysterious Force would just take this all away."
Candace,"Hey, Stace! It's Candace. Where are you? Call me! Hmm. That's weird. Who else can I call? I know! Jenny! I haven't seen her since the boys built a beach in the backyard."
Candace,"(from inside, chuckles) Oh, Jeremy, I had no idea you felt that way about me. (she is talking to a paper mache Jeremy.) But I still have a lot to accomplish before I get married. (pause) Hold on. (puts candles between it) Much more romantic. (her video phone rings) It's you! (on phone, in dreamy voice) Hello, Jeremyyyy!"
Candace,"(She calls Phineas' phone) Phineas, quick, Mom is in danger! (She screams before hanging up) And the award goes to... Oh, wait, shoot. (She calls him again) On the corner of Fourth Street and Maple Drive! (screams before hanging up again) Beautiful! Now it's all up to The Dangiraffe."
Candace,"So, you're telling me that I could have had fun throughout this entire adventure if I had only stepped off the yellow sidewalk and joined my doofus brothers? Is that it?"
Candace,"Okay, (Scoffs) that's the dumbest thing I- (she dives out of the way as cows rush on board the space ship) Phineas and Ferb, I'm going to count backwards from 10, and when I'm done, you'd better be down here so I can bust you! (The ramp starts retracting) 10… 9… 8… 7… 6…"
Candace,"Uh, I have a confession to make. The only reason I said I liked extreme sports was because I was embarrassed that you caught me buying all that hygiene stuff for myself."
Candace,"Come out to the backyard and see what the boys have made, and I'll be your best friend! I'll only apply to local colleges. I'll put you in the nice senior care facility!"
Candace,"Well, if I get Mom to dress up as me, then the Mysterious Force will be fooled into letting what the boys built stay! (gasps) That's it! All I need is some kind of Candace suit!"
Candace,"Meh. Still lucky. (gasp) I'll actually be able to bust Phineas and Ferb today! Oh, wait. Mom's at that weekend-long plant-potting retreat. (Her phone rings.) Hi, Mom! The seminar's over already?"
Candace,"Come on, come on, come on! Mom! Hurry, hurry, hurry! Wait till you see it! Come on, come on, come on, come on! (The backyard is empty.) Uh, what?!?! Anybody needs me, then I'll be on the couch. (She walks back inside.)"
Candace,"Yeah, go ahead. Eat all you want. My dreams are smashed to pieces, and all you can think of is food! Well, just remember, Gaston said I'll always be his Cou de Crayon."
Candace,"{**Editor's Note:** Until Perry and Candace switch back, this transcript refers Perry in Candace's body as Perry/Candace and Candace in Perry's body as Candace/Perry.}"
Candace,"Ugh! Barf-aroni with cheese! Stacy, please. Phineas and Ferb are doing something totally bustable that's also mobile. We can lure them right to Mom to bust themselves."
Candace,"(gasps) Phineas and Ferb! That's absolutely beautiful. And absolutely bustable! (returns to the spa) Mom, the boys tied massive circus balloon animals to the ship and we're flying through the sky!"
Candace,"Can't gab, Stace. I'm in the middle of taking the minutes of everything my brothers do to give itemized documentation to Mom proving that the boys were building today!"
Candace,"Could it really be possible? Could Phineas and Ferb actually be doing nothing? You're right, Mom. I should just try and relax until Stacy picks me up for the concert."
Candace,"Right, stay focused. (Meap next pulls out a picture of the space station) They're in a giant spaceship. But how are we supposed to get up there and save them? (Meap grabs the baseball launcher, and shoots a baseball into the sky) Oh! I get it. Duh. You're trying to tell me something. (Pause) What?"
