Name,Dialog
Doofenshmirtz,"Hey it looks a lot bigger on the inside than it looks on the outside. Here, have some cozy gumdrop slippers. Hehehe. Now where was I? Oh yeah. I think I know why I'm having a hard time taking over the Tri-State Area It's because of dinner parties. That's right. Follow me, it-it goes somewhere. You see my brother Roger is a success, because of his amazing dinner parties, where he dazzles important guests, with his magnetic charm. But what if he were unable to charm anyone, because his fabulous dinner parties were over, before they began!? That's why I created this: the Bring-out-the-Dessert-inator! You see everyone knows that once the dessert comes out, the party's over. That's what...That's what's called a social cue. This rocket will go into a Rogercentric orbit around his house. At the wrong moment it will shoot a blast which will make Roger bring out the dessert. Ending his dinner party before it can begin. He'll lose his charming edge, and people will lose interest, in him. Bing-Bang-Boom. They'll stop voting for him, and that's when I'll slink in and takeo—You know, I-I know I'm grasping at straws here, ugh. I'll probably end up grasping at bendy-straws, and fall on my face, requiring months of rehab to learn how to monologue, all over again and then it's off to empowerment camp, where I'll have to fall backwards and hope that someone—Who wants dessert? I made this lovely tiramisu. Heeey... It works! Oh you think you're very funny Perry the Platypus, blasting me with my own Bring-out-the-Dessert-inator. Oh-ho-ho. I hope you left some room! I made a yummy double layered pumpkin cheesecake it has creamy—Oh! You got me again. Well you made me bring it to you, so you're going to eat it. Ow! Haha. Now it's your turn to bring out the--"
Doofenshmirtz,"Aw, Perry the Platypus, are you feeling tired? Take a rest! I figured you'd be exhausted after breaking down all those doors. I even put a-a mint on your pillow, and everything, though, I guess it's probably just stuck to the back of your head now heh. Sorry about that. So, let's talk about pretzels. You see Perry the Platypus, when I was younger, I did a summer internship at Master Drakkenblad's Pretzel Palace, He was the biggest pretzel wizard in Drusselstein. His disproportionately delicate hands, could turn any dough into a masterpiece. But even after months, my pretzel still lacked, polish. No matter how hard I tried, my work was never good enough. I-I don't know why he was such a stickler, I mean it's a knot. What difference does it make as long as you can't untie it? It's a knot! Anyway, I was declared unworthy. So now I despise pretzels. And any pretzel related entertainment. And now Danville is having its own Pretzel Festival! Can you even imagine how angry that makes me? Can you imagine? No? Angry enough to create the De-Twist-inator! Hahaha! We'll see how festive they feel after I turn all those stupid pretzels into boring straight tubes of baked dough, like-like breadsticks, which I also have a problem with, but I'm dealing with one neurosis at a time. And then, when I've straightened all their precious pretzels, I will waltz in, and take over the Tri-State Area. Y-Y-Yeah, I know it-it doesn't quite follow. I mean I even made a venn diagram. See, the-the pretzels are here in this circle, and we're talking about taking over the Tri-State Area here, and... Yeah, no intersection, nothing. Hmm. But I'm gonna work it out you'll see."
Doofenshmirtz,"Oh, it's you, Perry the Platypus. Wha- Oh, for me? Oh, that's a nice gesture, thanks. A-and you even used the doorbell instead of just crashing through, like you usually do. Alright, really appreciate this, Perry the Platypus, 'cause you know, money's a little tight lately, I can't even rub two nickels together. Although if I had two nickels, I don't think I would sit and rub them together. It's- Oh, oh yeah, you're-you're trapped, Perry the Platypus, it's quick hardening, non-dairy creamer. Like I said, I'm on a budget. I know what you're thinking, Perry the Platypus, how could this happen to such a with-it guy like Heinz Doofenshmirtz? Well, my ex-wife Charlene is out of the country on one of those...Extreme Eco-cultural Exploration Vacations. I -- I don't know what they do on those trips, but I imagine it's very expensive. Ugh, she's got some nerve! That's -- that's my alimony she's throwing away! And the worst is, she keeps texting me these pics! Oh, come on, really?! Anyway, the problem is I've already spent this month's alimony on my new -inator and -- and now I don't have enough money left to send Vanessa to the Grievance movie marathon she wants to see, and they're playing all the Grievance movies in order. They've got The Grievance, they've got Grievance 2: The Gripe, Grievance 3: Bone To Pick, and Grievance 4: The Revenge of the Italian Jug Band. You know, I don't think that last one is canon. Oh, what kind of father am I? Oh, oh, the shame is overwhelming, I can't even enjoy using my new Teleport-inator! Nah, nah, I'm just not in the mood. Maybe tomorrow."
Doofenshmirtz,"Just a minute, I'm mopping. Oh, hello, Perry the Platypus, long time, no see. Say, that was some morning we had, huh? Too bad about Major Monogram, but the show must go on or a bird in the bush, eh-eh, I dunno. Ha! You like that? It's a gift...foam-a me to you! Get it? As much as I like our little visits, you didn't need to come over. Actually, I'm not even trying to take over the Tri-State Area today. Y-You see, I have a problem. I am very fair-skinned. I don't know if you've noticed. I always have to use SPF 120 sunscreen even on a cloudy day or I'll burn. I mean, I-I'll actually burst into flames. And I got this whole crate on sale, and, and look, it's all 110 SPF! I thought I was getting 120! This is not gonna work. So rather than return this whole mess, which means I'd have to get in a car, drive down there, wait in line, then answer a bunch of questions about the delicacy of my epidermis, I'm just gonna move the Earth away from the sun just enough that the 110 will work. Simple. And to that end, I have created, tada!, my Shift-The-Earth's-Position-Further-Away-From-The-Sun-inator! Eh? I-I know. The-The name's a little cumbersome, but it's basically a tractor beam that uses the mass of Jupiter as an anchor to pull the Earth just slightly away from the sun to render my sunscreen effective. Eh. I guess my fortune cookie was right. I do tend to overcomplicate things. I wonder if that means these lottery numbers are--"
Dr. Doofenshmirtz,"...then the Ambassador's wife filed a complaint... Long story short, I am never welcome in Albania ever again. But the point is, I ended up alone in Italy, and it was lunch time, so I went to the Leaning Tower of Pizza, and you know what? They don't even make pizza there! I said, ""What do they mean?"" It's-It's the Leaning Tower of Pizza! It's got "" pizza"" actually in the name! But they were adamant. ""No pizza for me!"" L-L-Like I'm the idiot. And I was like, ""You're not so great. You're not so special. What? Just-Just 'cause you're leaning?"" Then it hit me. I'll just lean my own building, and then it will become a big tourist attraction, and I'll sell all this merchandise, I'll make millions. Which I will then use to finance phase two of my maniacal plan: Tilting every building in the world! And the Leaning Tower of Pizza will no long be special. Ooh, ooh, and then I'll straighten my own building, and it will still be a tourist attraction, 'cause you know, it'll be the only straight building. I just now thought of that. Just now. See that's how genius happens. It's a lot of leaning and straightening, you get the idea. I'm going to use this Tilt-inator, and do it all from space! There! There it was again! You—you heard that? My next to last echo is broken. I'm going to have to have that checked."
Doofenshmirtz,"Perry the Platypus? No way! What a coincidence! Excuse me, if you and your mullet would just take one step to the... Thank you. Oh, look! You brought your little dog, too! How cute! Oh, FYI, I don't think they allow dogs in here. So, y'know, watch out for that. Anyway, I bet you're wondering why I'm in City Hall, right? Well, I plan to go down into the secret City Hall vault and steal the— Oh, you-you knew that, right. Right, right, of course. 'Cause that's probably why you're here. To stop me, right? What you probably don't know is how I will get into the vault without being noticed. Behold! My Blend-Into-The-Background-inator. I will be able to search the vault and steal the hidden deed, because, like they say, it's easier to find a hidden object when you're hidden as well. What? Th-Th-That's a thing. They say that. Anyway, I place the inator on my head, like so, I press this button and, I-I'm here and now I'm blended in I'm here, I'm gone! I'm here, I'm go— Oh, my head! I-I-I hope there's no long-term damage from this, but—ugh! Anyway, I bet you think I forgot to trap you. Well, surprise! You're already trapped... by bureaucracy! You see, you don't have a number, Perry the Platypus, so by the time you and your little dog get into the archives, I will already be ruler of the Tri-State Area!!"
Doofenshmirtz,"I got them very cheap from a wax museum that went bankrupt. Ha ha! Ha ha ha! I love it when dreams fail. As you know, I've been trying to take over the Tri-State Area for quite some time now, and I realized this Tri-State area's filled with things I detest, so many things, like— like blinking traffic arrows. Stop blinking at me, telling me where to go. Point. Point. Point. Ooh, I hate you. Let's see—what else? Ear hair. Oh, yes, I've always hated you. Pelicans. Terrible creatures. What—what are you, a bird or a garbage disposal? Ugh, musical instruments that start with the letter ""B"". You get the idea. It's a long list. I've been working on it for a while. Anyway, I realized I should build something that would make all those awful things disappear. Behold, Perry the Platypus — Shrink-spheria! You like it? I was going to call it a Shrinkinator, but I've done that whole ""inator"" thing before. It's just been done to death. Bring him over here! I want to show him how it works. I enter the name of something I hate. P-e-l-i-c-a-n. Pelican. And Shrink-spheria homes in on its molecular structure and then turns all the particles into sparticles, thereby shrinking it into a teeny, tiny speck so small I never have to see it again. So good-bye to you, Perry the Platypus. Enjoy your presidential suite!"
Doofenshmirtz,"Gotcha. And you don't even know it yet. That's the beauty part. Watch this prolonged unnecessary series of events. W-w-w-watch this. Here it goes, here it goes. Yeah, yeah, yeah… Yes! Ha! I win! I know it's a little over the top, but I was inspired by this board game I loved when I was a kid. Well actually, it was Roger's board game. But I would sneak a peek of it, through the keyhole of his door. You know it looked like I would love it. But, I borderline backstory. You see, I have so much evil energy from the soy venti latte extra-caf-and-a-half quadruple sugar, blood pressure bomberino. Love it! So I spent the whole morning building this complex, giant version of the game. Really I'm surprised you didn't see it flying in. Okay, beholding time! Behold my Luff-Flex-Dill-Pickle-inator! What does it do, you ask? Well it will launch all of my enemies into orbit, and keep them floating there so far into the atmosphere, that they won't bother me anymore. Cool, huh? Yeah I know the name's a little weird, but hey, I bought it off the internet, and my rights to it expire tomorrow, so I was kinda forced to use it today. I have so much energy from just that one cup of coffee, I just keep rambling and rambling-- Ooh. you know that trap was always the lamest part of the game. I always though--"
Doofenshmirtz,"Oh for crying out loud! Fine. Alright, what was that? 15 bucks? Okay, here's 10, 11, I got more in here. Hold on. 1, 2, 3, 4, there! $15! And don't forget your tip! Pretty good, huh? So, Perry the Platypus... I bet you're wondering why I'm sitting down here at the bottom of a lake. Well, the answer is simple. Mmm-mmm! This is really good, man. You want some? Here, here. Take the blue cheese. Do you mind, I-- I prefer the ranch. Take the blue cheese. Here's a napkin. Anyway, the answer to why I'm here is simple. Zinc. Lake Nose has a ton of zinc in it, and this machine goes around and filters all the zinc from the water. See, see? Zinc! So I figured I'd go around collecting all the zinc, and then use that zinc in some evil way to rule the world! You know, with zinc. Just think of all the evil uses there are for zinc! I mean, seriously, can you think of some? Cause I-I got nothing. I mean, look over here at all the good uses for zinc. Huh? All this good stuff, and over here? Nothing. All I got is ""Some evil ""Zinc Ray-Inator"" or something, and, and, and look here! I-I wrote ""Big laundry"". I-- I don't even remember what the reason was, so I guess I assumed I'd remember like it was some big genius Idea. Big laundry. Big laundry. I, it—It's crazy! I'm a crazy person."
Doofenshmirtz,"Ah, Perry the Platypus, won't you join me for a picnic? Ah! Ah! Ow, my duodenum. Oh, oh, did you see your face?! You were like, ""Oh, maybe I shouldn't,"" but then, ""Well, I am hungry"" and then BOOM! down you went! Ha-ha! And are you hungry, Perry the Platypus? Well, too bad, it's not for you. It's for them. Behold! My Feed-the-Pigeons-inator! Okay, Snobby the Snobapus, I know it doesn't sound like much, but it is technically evil. I'm breaking the law. See? There? There. ""Do not feed the pigeons"". And I am going to feed the pigeons, therefore I am breaking the law. ""Do not feed the pigeons"". It's a-it's a metal sign with......big red letters on it and that-that makes it.......legally binding. Okay, here's the truth: I've got evil scientist's block, alright? Seriously, I got—I got nothing. I—I was going to make a Good-Idea-inator, but I thought it would be counterproductive because it already had ""good"" in the title. So then I invented a Bad-Idea-inator, which...just...gave me this. And see where that got me. Ah, I'm telling ya, I'm dry, Perry the Platypus. Dry! And the summer just keeps going on and on and it feels like it's been goin' on for, like, four years! I'm asking you man to monotreme, can you help me? See? Even my trap design has become...lackluster."
Doofenshmirtz,"Thanks, Cheryl! My real estate agent. So, my evil plan. As you may know, the Montevillebad Grand Prix is a goodwill event with all the prize money awarded to the winner's favorite charity. So, I entered the race for my favorite charity, Doofenshmirtz Evil Incorporated...namely me! I'm the Doofenshmirtz...in Doofenshmirtz Evil...Well, y-y-you get it. And check it out! I re-engineered my Boomshlaka 320-I to meet the Grand Prix specs. I also added some extras that should take care of, like, 99% of the playing field. Th-There's still that 1%, Paolo Vanderbeek. But, uh, I got something else to take care of him. Behold, my I-Don't-Care-inator! It's not that I don't care. It creates apathy in whoever it hits. It's a little esoteric, I know, but, trust me, it'll work. I'll just zap Paolo with this baby and suddenly he won't care about anything and, uh, least of all, racing. I'll turn the King of Care into the King of I Couldn't Care Less, which will pave the way for me to win the race and the prize money for my favorite charity, which, I think I said before, is me. Now, before I go, lest you try to escape, I'll show you one more feature of this place. Look, it's got its own shark tank! Okay, then, I'm off to the races...literally! Hasta la pasta, baby!"
Doofenshmirtz,"Perry the Platypus? HERE? How could this be? I'm shocked. I mean, it would have taken a total evil mastermind to have guessed that you'd track me to this point, find the secret hide-out, glide in under the radar and infiltrate through this access vent, make your way over to this crate, activating my automatic arm and leg restraints. Oh, right here? This is the part where I get all sarcastic and pretend you surprise me. ""OH, PERRY THE PLATYPUS?!? HOW? WHAT THE? WHO THE? WHY THE..."" Oh! ...Finally ending here, when I finish showing you my brilliant plan. You see Perry the Platypus, this secret hideout doesn't actually belong to me. It belonged to my mentor, Professor Destructicon, Kevin, to his friends. Sadly, he was just captured in the midst of his latest plan to set fire to the sun! Redundant, perhaps. But before they locked him away, Kevin asked a favor of me: To prevent them from discovering his hidden lair and all its secrets, would I please SET FIRE TO THE SUN! And I was like, dude, you really got to let that one go, it's-it's a ball of fire! It makes no sense. So he asked me instead to simply destroy his hide-out, which I will now do, using my new Disintevaporator. And you, Perry the Platypus, will now be disintevaporated along with it!"
Doofenshmirtz,"Oh, Perry the Platypus, I was hoping you would come. Wh-Wh... this? Yeah, I had to place myself in restraints. There's a perfectly good explanation though. It all started a couple of days ago, when I declared war on grass, i-it's not important why exactly. Le-Let's say grass got on my bad side. Grass and me, we're on the outs, big time, so I got myself a cow, the natural predator of grass, it was slow going. What I needed was cow that was motivated not by hunger, but by a powerful hatred of grass like, like my own. Burning antipathy, so I invented the Mind-transfer Inator to give that cow a piece of my mind! And as it turns out, cow brain? Not a lot of room in there for new ideas. That would have been it, but I started having these gaps in my memory. I had a strange craving to lick salt and I found myself watching the nightly farm report and the Pasture Channel way more than usual. . . I-I began to get a sense that I was not quite human anymore, which is-which is why I'm in the restraints and actually it stinks 'cause tonight's Halloween, you know, that's totally my thing, you know, the only holiday to celebrate evil, and here I am in these... Oh no! It's happening again! It's happening! Argh! Mooo! Moooo! Moooo!"
Doofenshmirtz,"Thank goodness for old reliable traps, huh? I'm so glad you're going to hang around. Anyway, you've arrived just in time to witness the unveiling of my latest invention. Let me introduce to you the Mountain-out-of-a-Molehill-inator. All my life, I was told, ""Don't make a mountain out of a molehill,"" ""Don't make a mountain out of a molehill,"" ""Don't make a mountain out of a molehill."" Well now I intend to do just that. This machine will infuse electricity into a small little sphere of compressed nitrogen molecules, which I will then drop into the earth and it will make all the tiny little molehill molecules grow and grow into enormous mo-- You know, it's kind of complicated. I learned about it on some kid's website. Oh, oh, and you know what else I found on the web? It's these pictures of cats and they write these—oh, l-l-l-look at this one, ""Invisible Cheeseburger"". No, huh? Well, it's not for everyone, I just think they're funny. Anyway, so I take the sphere, electrify it, drop it in the ground, ta-da! Mountains! Out of molehills! I know when people say that, they usually mean it figuratively, it's an analogy, bu-bu-but I'm making a point, I can do whatever I want."
Doofenshmirtz,"So, let me tell you my evil scheme. Not too long ago, I used to sit right over there and watch free movies on the drive-in movie screen across the street. Of course, I didn't get the sound, so I'd make up my own dialogue. It was fun. ""Sheila, I love you, but now I have to defuse this bomb."" See? Good stuff! Gripping! But now look! They built a giant condominium blocking my view. I tried to make up dialogue for it... ""I'm a condominium. I'm just standing there."" See? The-The- Where's the fun in that? It's always the same, ""I'm a building."" There's no story. And I know what you're thinking, why not just move my chair over to that window over there with the unblocked view? Well, then I'd have to move this little table, too, and the-and the lamp, and this is the only electrical outlet. It just seems easier to get rid of the building. So, that is why I've invented this: the Go-Away-inator! One blast of this ray, and that building, and everyone in it, will instantly be transported somewhere else. Here on this wheel, I've written many undesirable locations. With one pull of the string, a site is randomly chosen, and good-bye low-rent condo, hello Hollywood high-budgets!"
Doofenshmirtz,"Balloony!! When I was a boy, the smell of pork emanating from me was so bad because of, well, the reason's unimportant, it was part of a different emotionally-scarring backstory; I'm not getting into... regardless, the smell of pork was so bad that no one would come near me. So one day the carnival came to town and I needed money because of, well yet another back story that... basically, my parents disowned me, I was being raised by ocelots. The point is, I had to get a job at the carnival, but the only work was at the dunking booth, and not as the guy who got dunked though, I-I-I was what they threw to dunk him, which-which is again a whole other backstory. Okay, look- long backstory short, I got a balloon at the carnival, I drew a face on him, I sprayed him with special ""Lifelong-Lasting"" spray I created, and I named him ""Balloony."" He became my best friend in the whole world, yadda yadda yadda. Then one tragic day, when I was protecting our garden as a lawn gnome, Balloony started floating away. And then I didn't see him for a long time; it wasn't 'til... well, there was this whole thing with an alien ship, it was really improbable."
Doofenshmirtz,"Ha ha ha, welcome, Perry the Platypus! I never thought you'd fall for the old ""distract Perry the Platypus with a weird bird"" trap. I gotta say though, it's uh...it's quite an ugly bird. And now, for something a little more confining. You like it? It's biodegradable. A biodegradable trap. You know how everyone says, ""if you don't like meatloaf, it's probably because you haven't tasted my meatloaf""? Well, it's true, because mine really is the best! In fact, I come from a long line of great meatloaf chefs. The recipe was first created by my great grandmother Gretel Doofenshmirtz, who passed it down to my grandpa, José Doofenshmirtz, weird story there. Then he passed it down to my mom, who passed it down to...Roger. Ugh! Naturally, I had to steal it from him. And when I did, I finally found out what the secret ingredient was. The secret ingredient was hate. Usually it's love, but Great Grandma Gretel had some issues. With this recipe, I'm sure to win the Danville Meatloaf Festival! But just in case, I have the Rotten-inator! With a quick blast of this, my competitors' meatloaves will be completely rotten! My victory is guaranteed!"
Doofenshmirtz,"Okay, lessee, what do we have here? Class dunce with a fake scar, and you must be the Princess of Meatland… and… uh, oh, an Upset Rooster Head. And what are you supposed to be, a kid in a sheet? A platypus in a sheet? Perry the Platypus in a sheet?! Do I -- well, uh, that's perfect! Wait, wait, I was hoping you would— Ow!! Whoa whoa whoa whoa, I-I'm being sincere! There's no trap, no inator, just come over here, you gotta see this. It was delivered today. I had to sign for it and everything! It's a real castle with… with a moat! Who delivers a moat?! How did they even get that on the plane? It's from my Great Aunt Henrietta Hawkenschpit. She left it to me in her will. Look listen to this. ""To Heinz Doofenshmirtz, You are my only nephew, except for Roger and I hated him."" See? See why I liked her? ""Therefore, I leave you my castle, and hidden inside is a very large treasure!"" Huh? And look! There's a little treasure map with clues! Wanna help me? Oh, come on! It'll be fun! Take off your secret agent hat just for tonight and put on your adventure hat! That's my guy! Treasure ho! This is gonna be fun!"
Doofenshmirtz,"Ugh, where is Perry the Platypus? He should have been here hours ago. Ah, Perry the Platypus. Well, y'know, I had a trap for you, but no time. This one's a little complicated, okay? You remember a few schemes ago when I couldn't figure out what ""Big Laundry"" meant? Well, this! This is what I meant! I am nefariously planning to provide the entire population of the Tri-State Area with free laundry, which will drive out of business all of the local laundromats, freeing up prime real estate locations for my newest franchise: the Doofenshmirtz Institute of Evilology, wherein only six weeks, students can earn a certificate in mayhem, larceny, or Ponzi schemes. And I'm here in this volcano on this deserted island 'cause I get all this free monkey labor. I control them all with my Monkey-Enslave-inator helmet. And all I had to do was build one of them, because, you know, monkey see, monkey do. Hey hey! Yeah, you can't put the red clothes in with the whitewash! You'll turn the whole batch into a big pink mess! Bright colors over there, you incompetent baboon! Literally. Okay, now what was I talking about?"
Doofenshmirtz on TV,"La, la, la, la, la. Topeka, Kansas. Topeka, Kansas. Okay. So, Perry the Platypus, I bet you're wondering why I trapped you in this soundproof capsule? Wait, Wait. If it's soundproof he won't be able to hear me...expl-Oh. For generations philosophers have asked, ""If a tree falls in the forest, and no one is around to hear it, does it make a sound?"" The answer, by the way obviously is ""Of course it does."" I mean, duh! Right? Philosophers. Get a job thinky-boy! Now see, the question they should be asking is, ""What sound does the falling tree make?"" Behold! The If-a-Tree-Fell-In-The-Forest-Inator! Dun dun dun! One blast from this puppy will knock over a tree or anything else for that matter, and the sound it will make will be: Doofenshmirtz... I will have eternal fame as the answer to that one philosophical question! I'm also working on a Sound-of-One-Hand-Clapping-Inator. Doo-Fen-Shmirtz. Hehe. I'll CORNER the markets! And speaking of markets, I'm out of vitamins. I should really get some before they close... Eh. So I skipped my Vitamin C for one day. What's the worst thing that could happen?"
Doofenshmirtz,"When I was a boy, the smell of pork emanating from me was so bad because of well, well, the reason's unimportant, it was part of a-a different emotionally scarring backstory. I'm not getting into... regardless, the smell of pork was so bad that no one would come near me. So one day the carnival came to town and I needed money because of, well, yet another backstory that, well- basically my parents disowned me, I was being raised by ocelots. The point is, I had to get a job at the carnival, but the only work was at the dunking booth, and not as the guy who got dunked though, I-I was what they threw to dunk him, whi-which is, again, a whole other backstory. Okay okay okay, long backstory short, I got a balloon at the carnival, I drew a face on him, I sprayed him with special ""Life-Long-Lasting"" spray I created, and I named him Balloony. He became my best friend in the whole world, yadda yadda yadda. Then one tragic day, when I was protecting our garden a-as a lawn gnome, wha-whatever, you remember that backstory. Balloony started floating away. I tried to reach out and grab him, but..."
Doofenshmirtz,"Eh, y'know what I mean? So-So I invented the Eye Fog-inator. It will temporarily blur the vision of whomever it hits. It will then force people to go out and get their eyes checked, and then I'll get even more money, which I can then spend on EEEEEEEEE-VIL! So, y'know I, it kinda evens out. And you, Perry the Platypus, will be my first test subject! Okay, put your little chin on the thing. Oh, oh, l-let me wipe that off for you. Gets so greasy. Okay, lift your head a bit, there-there we go. Perfect. Okay, now here's my zinger: You'll be lucky to see anything after the eye fog-inat—Uch! It, y'know, it worked before when it was in context, but-but it just sounds silly now. N— Okay. Now, now you'll feel a slight puff of air. Okay, and a blinding ray. So d-did it work? Well, why are you giving me the stink eye? Did it work or not? Huh, uh, I guess I'll just have to try it on myself. Okay, three steps back and... Wooooah! Woah I can see... ...that I cannot see. This... It... It works! It works! I consider this a success, Perry... Perry the Platypus, where are you? Did you say something?"
Doofenshmirtz,"Perry the Platypus. What? Oh yes, the green? I can explain. It started two days ago when I was watering my plant. I noticed a beautiful garden on my neighbor's balcony. Oooh, I got so jealous. So the guy at the store told me—among other things—that my plant wouldn't grow because I didn't have a green thumb. A-and that I should stop bothering with all these plant questions and that my mere presence in the store was destroying his plants. So I got a big bucket of green paint, and I poured it on myself. Then I was green everywhere, except strangely my thumbs, I think it was the way I was holding the bucket. Anyhoo, I came up with another great idea, I created the Moisture Suck-Inator! See? See? I don't know why I built it here when I was gonna use it on the balcony… That wasn't- anyhoo, this device will suck all the moisture out of my neighbor's plants, which will turn them brown, making my plants look greener by comparison. And I will finally have a green thumb! You know not actually—metaphorically! I'll have a gre- Oh! It's a metaphor! And I wasted all that money on green paint."
Doofenshmirtz,"Sorry, Perry the Platypus, I didn't want you to find out this way. Okay, here it is. Peter the Panda is my new nemesis. We met at an evil genius expo in Seattle, and, well, me and Peter, we just instantly disliked each other. And then, he foiled a little evil scheme of mine. And, I didn't plan it that way, it just happened. Peter the Panda, be a dear and go get us a soda. It's not that I don't hate you anymore. I do, but look, I-- I just think it's time for us to, you know, take a break and start fighting other people. Thank you, Peter the Panda. I'd offer you one, Perry the Platypus, but I-- I think it's better if we just have a clean break. Don't you? So, where was I? Oh, yes. So, Peter the Panda, you think you have outwitted me! Perry the Platypus, you're—you're making this harder than it needs to be. Go on, it's over now. Oh, that? That's a Freeze-inator ray but, uh, I-- I don't want to explain it again. I just gave the whole spiel to Peter. But, don't worry. He's stopping me. He's-- He's got it well in hand. Goodbye. Curse you, Peter the Panda!"
Doofenshmirtz,"Awww, congratulations, it's a platypus! What do you think of my new Nanny-inator? Nice, huh? You know what time it is? Evil story time! See, I wrote my new evil scheme in pop-up book format. Once upon a time, yesterday, like a quarter to six, I was watching a nature documentary, and I learned how before a baby's born, its constant companion is the soothing, steady beat of its mother's heart. Even after it's born, the sound of the mother's heartbeat continues to be a safe, calming beacon to a growing child, in some cases up until their early thirties. Suddenly, I was struck with a brilliant idea: to project the sound of my own heartbeat across the city, causing all the babies to believe that I am their leader! Like the Pied Piper, except... with babies, I will have a mighty baby army, a-and no one would fight back, 'cause, you know... they're babies! Finally, the time came for me to tell you my evil plan in pop-up book form, and I- Oh, I- I'm sorry, the- the book seems to have caught up to us in real time, heh-heh. Anyway, behold! The Bum-Bum-inator!"
Doofenshmirtz,"As soon as he walks through that front door, no more Perry the Platypus. It's genius, right? Oh—Oh, I told Nancy to keep the back door locked! Note to self; My evil deed for tomorrow. Fire the maid. What are you looking at? Not so fast, Perry the Platypus. Don't worry, it's not what you think. It's my special recipe for quick-hardening chocolate! Between you and me, my popularity has plummeted to an all-time low. But everybody loves chocolate! What if I could recreate chocolate in my own image? Behold! The Melt-inator 6500! Powered by thousands of laser pointers! It has a melting capacity...of 7. That's on a scale of 1–5, so that's a big number. Here. Watch this. Collect my harvest through the city streets, where it will be processed with my secret ingredients to produce the most irresistible confection in the Tri-State Area. Now do you understand what you are up against? Come on, you didn't get any of that? You didn't get any of that? Okay, I will start again. First of all, my popularity is an all-time low. You got that, right? Okay. Then--"
Doofenshmirtz,"Oh this is terrible, look at her, look what I've done. She's been giving me the cold shoulder ever since she overheard something out of context. Oh, this is like one of those sitcoms where somebody says something that's misconstrued and the snoopy next door neighbor gets the wrong package delivered after his in-laws come to visit, somebody has two dates on the same night and they have to paint a white line down the middle of the room, but this isn't a sitcom, Perry the Platypus. This is real life. And... I'm... And I'm the father, and I have to treat her with the respect that she deserves in a caring fatherly fashion. I'll blast her with one of my inators! Wait here You like it, Perry the Platypus? I built it for the 170th anniversary of the Alamo, but I forgot to use it! It makes people forget about what they're thinking right at that moment, I call it the Forget-About-It-inator! Heheh, I love that name. Forget about it. Forget about it. Forget about it! Haha, forget about it! Forget about it! Yeah, how 'bout a handshake, forget about it!"
Doofenshmirtz,"It's the surf n' turf n' pus special. Y'see, you're the turf, and the lobster's the surf and... I guess you're also the surf, 'cause you're... you're semiaquatic and... Oh, never mind. Y'see, I'm stuck here waiting for my oven repairman who gave me a ridiculous window. And not this ridiculous window of me kicking an orange. Long story, don't even ask. I'm talking about a ridiculous window of time. From 5:00 a.m. this morning until a week from Tuesday. I've gotta wait around. I'm stuck here and I can't go out to get any food, so I invented... the Fork-It-Over-inator! I type in the kind of food I want here, which sends a message to a decommissioned Cold War spy satellite, which then bounces the signal right back here. An unnecessary step, I am still very proud of. That signal fires off this surprisingly expensive fork harpoon into said food wherever the inator finds it, and reels said food right back here to me. If the world can't be my oyster, then the Tri-State Area will be my buffet! Everyone's food will be my food! I am so lazy!"
Doofenshmirtz,"Pick up the phone! Pick up, pick up! Pick up, pick up! Oh, why won't you pick up? Oh, hi, Perry the Platypus. Thank you for using the key I gave you. It's much more civilized than crashing through my ceiling, don't you think? Yes, eh. Anyway, I-I don't know why you're here, but you can tell Monogram that I'm not, eh, you know, ""up to anything."" Anyways, all I've been doing here is calling my new girlfriend. We're having, what I call, a relationship bump. And now, she won't pick up the phone, and I'm tired of leaving messages. I'm tired! I've—I left, like, 57 messages and, I won't leave anymore. It starts to look a little desperate. Hmm? Oh, no, that's-that's not an evil scheme. That's just a giant magnet. I'm going to wave it over my girlfriend's house and erase all the messages I left. Because, some of them were really long and rambly. I mean, I know there's an ordinance against it, but- What? Oh, come on, Perry the Platypus! Oh well, too bad for you! Too bad you don't believe in love! Too bad!"
Doofenshmirtz,"The name is Doofenshmirtz! Like, like in Doofenshmirtz! Now what? Oh, it's you. I'm sorry, Perry the Platypus, I'm going to have to take a rain check. You see, I'm having a bit of a financial crisis and I'm afraid I won't have time for our evil scheme today. Yep. Next time we fight, it could be in a cardboard box, 'cause that's where I'll be living. Can't you see I'm trying to wallow? What? That? Oh, it's a nice picture of Charlene, isn't it? But I-I-I don't think I could get much cash for it. I mean, who wants a picture... Oh, you mean call her and ask her for money? Never! Y'know what she'll say if I call? She'll say, ""I told you so!"" And you know why? Because she told me so! She said, ""Don't get the gargoyles, Heinz!"" But what does she know? Gargoyles are a good investment. Name a cheap building with gargoyles. No way am I asking her for money! I—I—I'll just, uh, make this place unsellable! Then they'll have to let me stay here no matter how broke I am! Psst! Indian burial ground. True story."
Doofenshmirtz,"It's a 12-part mini-series running all day long; nothing but propaganda. He can't really fly, they did that with wires. So that's why I invented the Video-Beam-Hijack-Non-inator; ""non""-inator, mind you, for reasons we've already discussed. With this, I will preempt the biography of my brother so he can't rely on that 14-karat smile and his freakish ability to not be despised. I mean, look at this city, look at all that urban blight that, uh... that isn't there anymore, and the... and the public transportation, all... uh, clean and... efficient and... running on time eh... Okay, let's just say I'm gonna let Roger warm up the room for me, then I'll preempt his ridiculous documentary with live video of me announcing my take-over of the Tri-State Area. A-And maybe I'll put on these glasses like he wears. I don't know. What am I, gonna throw away my best stuff on a clip show? Forget it. Now let's light this pop stand. Could take a while, though. It's gotta... it's gotta warm up... vacuum tubes."
Doofenshmirtz,"Ah, Perry the Platypus. How predictable. And by ""predictable,"" I mean completely...dictable, I guess uh. Anyway... Hehehehe. Oh, don't bother trying to escape. The walls are made of a super-slick alloy and treated with a few dozen coats of non-stick cooking spray. I'm sure you've noticed my impressive collection of aerosol spray cans. Every can of aerosol deodorant, hair spray and bug repellent from the Tri-State area. All mine. I'm tapping into their ozone-depleting propellants to fuel my latest evil scheme: The Aerosol-Propelled Ozone-Deplete-Inator! The citizens of Danville will definitely learn the name of Heinz Doofenshmirtz, when I spell it out in the sky in hundred-foot-tall letters made of atmosphere-destroying aerosol gasses, thereby depleting the protective ozone layer. And the resulting radiation will burn my name right through town! Then they'll remember. And if they don't, they can just look outside. I need a little drink of water after a tirade like that."
Doofenshmirtz,"Will you cool it with the noise, Perry the Platypus? I've got a splitting headache. I was at this evil mixer until late last night, it was crazy. Can you hang out for just one moment? I'm almost there. Hold on. Ow! Oh, I've got to get a quieter trap. Now that you're trapped, I will tell you my evil plan. I'm miserable because I can't grow facial hair. It all started when I was about 15. Oh, you know, my head hurts too much for a flashback. Anyway, I've tried everything to grow facial hair. It's all so painful. I hate people with beards, et cetera, et cetera. So, who do they erect a statue of right next door? Rutherford B. Hayes, our 19th president! Only the president with the best facial hair of all! Just look at that thing. There's no beard like 19th century beard, Perry the Platypus. Anyway, that horrible statue must be destroyed as it is a constant reminder of my follicular failure! Oh. Give me just a moment, Perry. This hurts me more that it hurts you. Literally."
Doofenshmirtz,"Perry the Platypus? It's no use trying to break through my protective bubble. It's platyproof-poof. I mean - oh, you know what I mean. Anyway, you're probably wondering what I am doing, driving this evil bug bus around town. I just got to thinking about all the things that bug me. Like, portable outhouses, high voltage signs. ""Danger High Voltage"" - I'll decide how much voltage I can take! That's why I created the Bugs-me-inator. It turns whatever bugs me into bugs. And, since I can't stand bugs, I'm protected from them inside this bubble. Huh? Oh, that's on the outs-- Ow! Get it off! Get it off! Get it off! Get it off! Wait I'm not ready! Whoa, whoa, whoa. Right to the point huh? You know Perry the Platypus, more than anything, you bug me. Ah! My shoe! Ow Get off! Get off! Get off! Ow! Whoa. Whoa. Whoa. Boy, I really got to rethink the design on this thing. By the way, you know that we're on a runaway bus careening at high speed with no one at the wheel, right?"
Doofenshmirtz,"Almost done, just this one more little bit! Perry the Platypus! As usual, your timing is incredible! And by ""Incredible"", of course I mean: COMPLETELY CREDIBLE! No use, Perry the Platypus! I made this out of something that cannot be penetrated! Pure evil! And a blend of space-age polymers. You see, Perry the Platypus, I'm going to unleash the water being held by this dam into that huge drainage pipe that leads directly to the ocean. The additional water will raise the sea level by 2%, and then my property one block from the shoreline will become beachfront property! And to release the water from the dam, I've invented a ray, which attracts wood like a magnet attracts metal: The Wood-inator! Which was almost complete until you rudely interrupted me. Oh, look at this, Perry. It's my paintbrush. You know, the one you knocked out of my hand a few moments ago. Maybe you want to try to take it back from me now, huh? Huh, you want to try? Goodbye, Perry the Platypus!"
Doofenshmirtz,"Struggle all you want, Perry the Platypus, you're not getting out of that! It's hydraulic! I don't know if you're aware of this, but my brother, Roger, is the mayor. Alright, I may have touched upon the subject from time to time, but, y'know, I figured why not mention it again just for clarity? Anyway, that job gives him all these cool mayoral powers. So I created the Power-Drain-inator to drain all his powers into this canister, and then I, Heinz Doofenshmirtz, get to wield them! Just think, I will have the power to raise taxes, pass legislation and-and even cut the ceremonial ribbon at openings! Where I'll finally be able to use these! You like them? I-I got 'em at a garage sale. Ah, see? Th-th-that's one of those hydraulic lines that, uh, goes to your— Aw, come on!!! One kick and you destroy my inator? What? W-W-And what? You're just gonna thwart and run? I thought this was going to be a special extended episode! Curse you, Perry the Platypus! Aaah! Uh-oh."
Doofenshmirtz,"So, Perry the Platypus, do you like your trap? It's called the stocks! I read about it in this book, Ten Greatest Historical Traps of All Time. Look, it's a pop-up! It also came with this bonus pamphlet, The Ten Greatest Historical Armies of All Time. And according to this, the Spartan Army was fierce, unstoppable, and followed every order without hesitation. Which is why I got this! Huh? It's a Spartan General costume. Yeah, it must have been...warmer in Ancient Greece. Anyway, once the Spartan Army sees me in this, they'll obey my every command! And help me take over the Tri-State Area! And how will I acquire the Spartan Army, gone lo these many millennia? With my Historical-Army-Retrieve-inator! I-it's potato-powered because I spent this month's alimony check on my last inator. You remember that, the Made-of-Gold-inator. And you know, I wore out three pairs of shoes buying up all these potatoes, but...on the good side, it smells like French fries in here."
Doofenshmirtz,"There's my guy. Why the Thanksgiving-themed trap, you may ask? You know how you get all tired and lethargic after you eat Thanksgiving dinner? Well, it's not because you're really full and, you know, slightly out of shape. But because of all the tryptophan in the turkey. Now imagine, if the turkey were say the size of...a car or a building, there would be no resisting the tryptophaniacal level of nature's little sleeping potion. That—is why—I created: the Turkey-inator! Wait, can you—can you see it from that little door, or do I have to move the hat, or—you're good? You're good. With this, I will fly over the city turning things into turkey all willy nilly, then—no one will be able to resist all of that perfectly cooked turkey goodness. And once the tryptophan kicks in, I'll take over the Tri-State Area with ease! Won't that be trypto-fun? Heeheeheehee. You know, ""tryptophan"", trypto...it's...you know, like...I'm wasting all this wordsmithing on a platypus."
Doofenshmirtz,"Lots of me. Lots of me... Naw, I'm just kidding! It's...It's me! But those guys are annoying, aren't they? Anyway, welcome to my Startle Space. I wanted a panic room, but it was just prohibitively expensive. I just had to get to a place where I could clear my head, man. Those other me's, they're really workin' my last nerve. ""Lots of me... Lots of me..."" One of me is fine, but, eh, I can really be annoying en masse. I'll admit it. So, uh, are y-you hungry? I got plenty of food. Or maybe you wanna play a game. I got some old Drusselstein board games here, like, ooh, ""Kleptocracy""! Vanessa used to love this game when she was a— Vanessa! Oh no! She's still in the building! We need to stop those me's before they get to her or, or she could turn into me! That's every child's worst nightmare! Well, n-n-n-not me, specifically, other children aren't afraid of turning into me. It's just that I'm saying turning into your parent. That's what's scary. Vanessa! Vanessa!"
Doofenshmirtz,"Ah, Perry the Platypus! Come in! How do you like my evil igloo hideout up in the Danville Mountains? Would you like some hot cocoa? No? Then, how about a marshmallow! Ha! Trapped you again! I think I figured out why I haven't been able to take over the Tri-State Area. I've been too much of a nice guy. Nice guys can't take over large metropolitan areas, except for Roger. But, we're not talking about Roger. I've got to get mean. I've got to get ugly and possibly hairy. I've got to learn to be more like the abominable snowman. So, I decided to build this! Behold, the Abominable-nat... The, the Abominama... The A-bom-in-a-ble-i-nat-or. See, I can only say it if I speak slowly. The Abominable... Inator. Oh look, if I, if I separate it, it works. The Abominable Inator! It makes whatever it hits bigger and scarier and hairier. Anyhoo, behold. Okay, I know what you're thinking: ""Why the silly little stocking cap and scarf?"" The truth is, I, uh... I had some yarn."
Doofenshmirtz,"Basically, I shoot someone with the machine, and whatever they are afraid of actually appears...in real life! Whaddya say, Perry the Platypus? Ya like being a guinea pig? Actually, you'd look kinda cute as a guinea pig. I mean, I wonder if you'd be teal. I bet you would. I bet you'd be a cute little teal guinea pig. Something to think about for the future. Anyway, Perry the Platypus, let's fire this baby up and see what scares you. 'Cause, y'know, it's gonna materialize right over there. Alright, so what are you afraid of, where is it? What the hey? Nothing? ""Perry the Platypus: O.W.C.A. agent - Fearless."" Huh. That figures. I guess you'll just hafta... hang around! Ha ha ha! Oh, wait, this one's better. I'll just leave you here because you're all tied up! Ha ha ha! O-O-One last one, you're gonna love it. See ya later, because it isn't my tail that's upside down! No? No, no, I-I shoulda stuck with the first two, you're right."
Doofenshmirtz,"So, I had to build a whole new trap to catch you. And of course, I'll have to buy a new plastic skeleton for Halloween. It-It's a pitiable existence I lead, Perry the Platypus. Do- Do you pity me? You should 'cause I'm pitiable. Everyone should pity me. Eh, you don't have to say pity too many times before it stops sounding like a word. Pity. Pity. Pit- See? That's only like two times and it's already just gobbledygook. Gobbledygook, too. I can't- I can't even get through that once. Gobbledy- See, I-I'm not even to the last syllable and it's already... Great. Now, I'm forgetting what I was talking about... Which is another reason to pity me! YEAH! Back on topic, baby! You see, I- I figured if I get myself big sad eyes, people would pity me and give me whatever I want. And to that end, behold! The Big-Sad-Eye-inator! You like it? It sucks up a lot of juice, so I'm running it at night when the electricity's cheaper."
Doofenshmirtz,"You remember my goody two-shoes brother, Roger, the mayor? It is a well-known fact that no politician can pass up kissing a baby for fear of alienating the electorate. This can be risky, though, because if the baby cries, you can alienate the electorate even worse than if you refuse to kiss the baby in the first place. This has never really been a problem for Roger, though, everybody loves Roger! Babies, voters, dogs, cats, guys with shovels, giant squid, you name it. But this little baby, and by ""little baby"", I mean enormous baby, is gonna change all of that! Today, when my brother is campaigning, every time he kisses a baby, I will uncork the Baby-Cry-inator, releasing such a wail that the voters will think he's universally hated by babies, and therefore, untrustworthy. I know it sounds complicated but I've thought this one through. Babies cry, everyone's unhappy, and I somehow take over. It's foolproof!"
Doofenshmirtz,"Ha ha! Betcha never dreamt you'd get caught in a dream catcher. Actually, Norm made that this morning. Who knew he was so crafty? Anyway, my astrologer believes that when Mercury is in retrograde, anything can go wrong and usually does. And, you know, she's always right, she has dark hair and bangs, and you know, as it turns out, Mercury has been in retrograde all summer. No wonder my evil schemes keep failing! And that is why I invented the Unretrograde-inator! You know, to reverse my bad luck. You know, I know that 'Unretrograde' is sort of a double negative. It sounds like I'm making Mercury go forwards but I'm actually sending it backwards from going backwards which happens to look forward but it isn't. You know what? Basically, it's a Reverse-inator but... Unretrograde-inator! It sounded more astrology-y. Look. You know, I-I'll just show you how it works. Oh Norm! Could you come over here for a moment?"
Doofenshmirtz,"Annoying musician. C-Come on. Come on. Come to papa. Ah! Bingo! Eh- Hey what's with the waffle? Oh very funny Perry the Platypus, very funny. If-If you'll just be so kind as to move your tail out of the way. Thank you, thank you. There we go. That's good, an-uh- See now you're just being childish. Look, I promise you. I'm not even being marginally evil. I just want to stop that guy from playing his bagpipes everyday, 24-hours a day. I mean look at him. On what planet is that racket considered music? Ugh! I cannot take it anymore, so I'm gonna hit his bagpipe with my Inflate-inator! Yeah, I-I know, It's basically the opposite of my old Deflate-inator. But I can't concentrate with all that noise! I was lucky to come up with that. But when that bagpipe blows up I will once again be able to hear the usual din ringing through the city streets. Like, uh, car alarms, and babies crying, and -inators blowing up."
Doofenshmirtz,"Vanessa's having some friends over for a little get-together, but I digress. Behold! The Repulse-inator! Whoever I hit with this inator will automatically become repulsive. And, wouldn't you know it, my brother, Roger, is dedicating a new Danville water tower right below my ledge! Once he's hit by a beam from this baby, he'll become so abominable, so disgusting, so hideous, so noxious, so grotesque, so ghastly... Uh, anyway, Roger will become so repulsive that his popularity will plunge and mine will skyrocket by comparison, facilitating moi to take over the entire Tri-State Area! Don't look at me like that! I got a good feeling about today! It's gonna happen. The only trouble with it is that this particular inator requires a lot more power than any other inator I've created for some bizarre reason. And, uh, I only have one functioning wall outlet in the lab. So, I'm gonna put a lot of strain on that."
Doofenshmirtz,"Well, hello, Perry the Platypus! Over here. No, here. Look a-- L-Look a-Look a little more this way. What do you think? Huh? I've joined you in the genus Ornithorhynchus. That's right, I am a platypus! Yeah, hang on. Let me turn off the dramatic lighting. How did this come to be? Well I'll tell you, since you didn't ask. After years of being bested by you in battle, I decided to fight fire with fire, and in both cases, fire means platypus, and with just means with. It was simple; the best way to beat a platypus was to become a platypus. That way, our skills would be evenly matched. So, after a couple of promising experiments and some intricate designs, I finally created the Platyp-inator! Pretty cool, huh? Now, before I defeat you, I figured I should further level the playing field. There, now I'm trapped, too. And go! Y-You're not struggling, I said go. We should both be-- Yeah, like that. Okay."
Doofenshmirtz,"Gotcha! Ha-ha! I know what you're thinking. Why the snazzy getup? Why the boots? Well, ya see, I met this girl, Rosie, on a square-dancing website and I may have led her to believe that I'm...an expert square dancer. Hey, don't give me that self-righteous look! It's the web, man! Everybody stretches the truth! You don't think that cat really eats cheeseburgers, do you? Anyway, that's why I made these boots to help me dance. See? They have these little microphones that hear all the commands of the square dance caller and they move exactly to those commands, making me the perfect square dancer! So I really want to make a good impression. Maybe you can come along and, you know, make me look good. What do you say? Will you be my wingman? There's my guy! Oh, yeah, and by the way, she also thinks I'm a champion bull rider, so if it comes up, you, y-, h-hey, don't look at me like that!"
Doofenshmirtz,"Just because we're stranded on a desert island, doesn't mean we should abandon our normal lives, don't you think? Because then the Tiki gods would win! So, I made myself supreme ruler of the Tri-Coconut Area when no one was looking. It stretches all the way from that big rock over there where I'm drying my socks and undies to those three coconut trees at the end of the beach. And I have my minions. Look, if they don't obey, I eat them. What's that look? Oh, you're looking at the De-Evolutionator. Is that why you're here? Well, don't worry about that. I had to disable it. It was doing bad things to my head, man. I keep it around for the crabs. They really seem to like it. I know. Weird, huh? They get all Kubrick-y on it. Hey! Okay, fine! Go it alone! See if I care, but keep your little webbed feet away from my... Ow! Ohh! Oh, you're so going to be crab cocktail."
Doofenshmirtz,"Back in Gimmelshtump, one day, when I was walking through the Claw Machine District, something caught my eye. In this machine that usually just has rocks in it, there was an actual teddy bear! Fortunately, I had with me my allowance, which I'd been saving for a whole year: one three-cent coin. I dropped it into a slot, and carefully maneuvered the claw toward the beckoning fuzzy grail! Odds were against me, but then it happened! The miracle! The claw grabbed the stuffed animal; it was mine! Then, like a knight of yore, I gallantly gave the prize to my beloved mother... who immediately turned around and gave it to my brother, Roger. I was crushed as I watched Roger produce a big red marker and write his name on the toy. And then afterwards proceed to do the same to my mother, claiming both as his own, and effectively shutting me out of the family dynamic."
Doofenshmirtz,"Keys, keys, keys! Master keys, skeleton keys, latch keys, skate keys, I love keys! And you know, take it from me, once you've accidentally locked yourself in a milk can full of cockroaches for a couple of hours, you'll—you'll develop a real appreciation. But uh, collecting keys one at a time takes forever! That's why I've invented: THE KEY-FIND-INATOR! Or the Find-a-Key-inator! I -- I haven't quite figured out what I want to call it. Cool, huh? Soon, I will be able to open any door in the Tri-State Area, it's -- it's brilliant. Uh, but my key chain is enormous. And it—it weighs a ton and everyone can hear me coming. What I really need is one key that opens everything! The Key to the City! My pompous brother, the mayor, is always handing it out to some yokel of dubious qualifications. Well, today, it's going to be this yokel of dubious qualifications."
Doofenshmirtz,"Now, Perry the Platypus, when I press this button, whatever I'm thinking about, whatever is on this screen right here, will be erased from every mind in the Tri-State Area. Because again, to make myself perfectly clear, when I- when I press this delete button right here, whatever I'm thinking of, which will be displayed on this screen, will be deleted from every computer and- and every mind in the entire Tri-State Area. And, uh, not to put too fine a point on it, but people who haven't seen, or- or don't remember my video will be completely unaffected. So, you know, I'm not doing any real harm. You understand, right? Good. Oh. Oh well, that kind of, killed the moment, didn't it? Oh, shoot. My- my shoelace is all frayed. I- I'm going to have to replace the aglet. I-I always keep extras on hand. Just- just a few. Anyway, here's mud in your eye!"
Doofenshmirtz,"So I never touched an iguana again. Actually, that's not entirely true. There was one time, back in a—oh! Ooh ooh ooh! Look, Perry the Platypus, look! Yeah yeah you see? Two tires and an axle! Ahh, pretty soon we'll be rolling out of here! We're just gotta-gotta hop this fence. What do you mean no?! No trespassing! Oh-oh you gotta be kidding! You know what Perry the Platypus? I just had my third realization of the day, I had two earlier but I didn't share them with you. I've realized that the thing that's kept me from succeeding all this years isn't my parents not showing up for my birth, it isn't my eight month stint as organ grinder monkey, it isn't the time I got my arm stuck under that boulder, also titanium see? , it isn't any of those things. You know what it is? It's you! You are what's been holding me back all these years."
Doofenshmirtz,"Hmm, that's funny. I don't remember you saying ""spec"" so many times. Dr. Wexler, you're a platypus. Perry the Platypus! I want to say that I knew it was you all along, but I can't because I didn't. So now, I guess I'm supposed to surrender, which I might do if we weren't standing in the middle of an evil weapons expo! Ah-ha! Perry the Platypus, your giant robot dragon is no match for my giant robot... Queen Elizabeth I. Hmmm. W- Would you mind switching robots with me? Would you mind too terribly? Please? Thanks. Thank you very much. I just prefer this one. Thanks. Now, Perry the Platypus, your silly, girly Queen Elizabeth I robot is no match for my giant, fire-breathing... Ow! Ow! Wait! I didn't know she had laser eyes. I want to trade back. Oof! Well, yours may have laser eyes, but mine breathes f- That was a stupid design."
Doofenshmirtz,"So, I bet you're wondering why did I cause all this rain. You see, while perusing local garage sales, I came upon a big screen TV from 1985. But when I went to turn it on, it was stuck on the Spanish channel! All it played was crazy variety shows and Mexican soap operas. I really got hooked on one of them, though: El Matador de Amor. It has three simultaneous story lines that interconnect... Genius! Anyway, the last episode was a cliffhanger... ...in which Esmerelda is going to find out why Juan loves her. At least, I think that's what's going to happen... But the show got preempted by a soccer game! Oh, I hate soccer! It makes no sense whatsoever! The clock runs up instead of counting down, what is that?! So with the help of my Rain-inator I-I rained the game out. And now, back to our regularly scheduled programming."
Doofenshmirtz,"So go ahead, laugh it up. I will say this, it was considerably cheaper than Skull Island and look! I get to keep the robe! Oh, where are my manners! Aloha! That's Hawaiian for... you're trapped! And why am I here, you ask? See these little, mini volcanoes? They contain a certain primordial ooze that I need for my latest evil device. Behold, the De-Evolutionator! I-I-I... don't know why it kind of looks like a giant fish bone. That's just how it came in the kit. When I unleash this baby on the Tri-State Area, it will make every man, woman, and child moonwalk backwards down the evolutionary chain, finally stopping at a wimpy little Pliopithecus. Ooo, I'm Pliopithecus. I'm not evolved enough to stop a modern man like Doofenshmirtz. And that's when I will swoop back into town and take over. Isn't that just Darwin?"
Doofenshmirtz,"But I have been able to restore his car. The 1957 Drusselstein Boomshlaka 320-I! Mmmwah! Ain't she a honey? I'm sure to win first prize with this. And here's the good part! Trapper cables! I needed to restrain you for this next part because it does get a little bit evil. Just to ensure there's no real competition, I built a little gadget called the Rustinator. At the push of a button, it will reduce every other car into red dust! Or rust. Wait, red dust, rust. I wonder if that's where that word came from. I'm gonna go look up its entomology. Yeah, I looked it up. It turns out ""entomology"" is the study of insects. Go figure. Anyway, uh, in you go! I'll just get in the normal way. How's it goin' down there? Cozy in your steel cables? Careful with the Rustinator, Norm! We wouldn't want it to go off inadvertently."
Doofenshmirtz,"Oh, just come in! Into my trap! Yes! Sticky flypaper, Perry the Platypus! Quick story? Back in Druselstein in the days of my youth, there was a bully named Boris, who always wore big, black boots. They called him ""Big Black Boots Boris the Bully"". He was always kicking sand in my face. When I was in the sandbox; Sand. My first date; Sand! Balancing my checkbook; Sand! The beach-- Oddly enough nothing. But I couldn't relax, because I kept waiting for it. Now, though, he will be the one doing the waiting. Behold! The Now who's blinded by sand-inator! Or maybe the Who's crying now-inator or, something like...something with the ""Inator"" suffix. In any case, it's a giant sand kicking machine! You see, Perry the Platypus, Boris has moved to the Tri-State Area, so now, I am going to cover his entire house in sand!"
Doofenshmirtz,"Oh, what now?! A banjo-playing platypus? Perry the Banjo-Playing Platypus?! Uh, take five, guys. Not you, Perry the Platypus, i—if I can just have a word with you. Ha ha ha! It's a cute little trap, isn't it? I got the idea at my cousin Gertrude's baby shower. Well, don't judge me, men go to baby showers these days! It was fun. Presents, blindfolded diapering... I'm sorry, I-I'm off-topic, aren't I? It's this darn midsummer's festival! With the laughing and the music and the constant ringing on my bell to use my bathroom! Well, I'm going to put an end it once and for all! You see, I have created a device that will cover the entire midsummer's festival with the worst smell in the history of mankind: Dirty diapers! And, yeah, I got all that from a baby shower. How do you like me now, Perry the Judge-ya-pus?"
Doofenshmirtz,"Ah, Seattle. My home away from home. And to think, Perry the Platypus has no idea. He's, he's completely clueless about my little excursions up here. Ha, ha. That poor, blind, trusting pla- AH! I'm not here! You are not seeing me! Oh Perry the Platypus, how-how long have you been... errr and look at that, it's, it's Peter the Panda, my ex-nemesis, what a coincidence, huh? I mean what is he doing here, in Seattle... his... hometown? *Ahem* And look he's got, he's got two coffees, one of which for sure, is not for me... it's not mine... because mine's right here. Look. See? Ugh, ugh, that is not coffee. That's just great. What kind of a world are we living in, where a guy can't down the contents of a mysterious urn found in a trench, without undergoing major physical transmogrification? Really?"
Doofenshmirtz,"Let me get this straight. If I set you free, you'll give me the keys, right? Oh, for Pete's sake, why didn't you say that, like, an hour ago? Oh, look, they were under your cute little platypus foot the whole time. Hurry, open, open, open. Now I grab my stuff. Hurry, hurry, hurry, must hurry. Seat belt, and ignition! Whew! That was close! Now, let's just make sure I didn't forget anything in my haste. Got my old basketball, the lamp, Christmas lights, the umbrella, Perry the Platypus, the Disintevaporator, my golf -- PERRY THE PLATYPUS? THE DISINTEVAPORATOR?! MY GOLF CLUBS?!? I don't even play golf! Oof! How do you like it, huh? Agh! Wait, wait, wait. Hold on. Time, time, time. I got a hair caught in my mouth. Blagh. Since you saved me the trouble of opening the hatch, let me show you out!"
Doofenshmirtz,"Ah, Perry the Platypus. Right on time. It seems like you've got quite a chill there! I want you to meet my latest creation: the Giant Robotic Penguin Icy-Freeze-Your-Socks-Off Breath-inator...thingy! First, I will unleash my giant penguins at the fair today, so they may begin freezing the entire city! Then I will sell all the citizens of Danville my organic, yet highly addictive, Doof brand hot chocolate. Because, you know, who doesn't enjoy a nice cup of hot chocolate when it's so cold out? The first cup will be free, of course. But then the second... will also be free. But then the third... will cost a million dollars! That way, I only have to sell three, and I will already be a millionaire. So, Perry the Platypus, as they say in Mexico, dos svidanya! Down there, that's two vidanyas."
Doofenshmirtz,"I wanted to gain my mother's affection somehow, so I went to the claw machine district in hopes of winning her a gift. Fortunately, I had with me my allowance, which I'd been saving for a whole year: one three-cent coin. I dropped it into a slot, then carefully maneuvered the claw toward the beckoning fuzzy grail! Odds were against me, but then it happened! The miracle! The claw grabbed the stuffed animal; it was mine! Then, like a knight of yore, I gallantly gave the prize to my beloved mother... who immediately turned around and gave it to my brother, Roger. I was crushed as I watched Roger produce a big red marker and write his name on the toy. And then afterwards proceeded to do the same to my mother, claiming both as his own, and effectively shutting me out of the family dynamic."
Doofenshmirtz,"Over here, Perry the Platypus. I'm just having a little lunch. Why don't you pull up a chair and join me? Whadaya think? Pretty clever, right? It's my new high chair trap! I thought of a high chair cuz you're just a little guy. Aren't you? Yes you are you're just a lil' guy. Hey, you're not getting outta this so why don't you enjoy the food. It's All-You-Can-Eat, you know. Oh, y-you're good? You're already full, right? Me, too. I barely touched my plate. That's how these all-you-can-eat places make their money. They charge you like you're gonna eat a week's worth, but then, when you fill up after, like, two plates, then they've really made a profit. That's why I'm opening up my own All-You-Can-Eat Drusselsteinian buffet! Look. I've already made a commercial for it."
Doofenshmirtz,"You're probably wondering why I suddenly decided to quit evil and become a good guy. Well you see, I'd just built an inator. I called it the Babe-inator! No, it's not what you think. It's purpose was to transform my brother, the Mayor, and all of his cronies into a bunch of crying babies. That way I could take City Hall like babies taking candy away from... whatever they take candy... Aw, you know what I mean. Anyway, the Babe-inator was ready to go, so I took aim at my brother's office and pressed the button, but it didn't work! It didn't work for, like, the hundredth time! My evil plan did not work! And I thought to myself, ""Maybe I'm just not good at being evil."" That's when I had my epiphany. From now on, I'm going to be a good guy! So, here I am!"
Doofenshmirtz,"Ah waiter, you mind if I tell you my evil scheme? My-My nemesis didn't show up today and I still have to get it out. I figured since I'm getting nowhere with the older Tri-State population, maybe I should go for the younger demographic. So, behold! The Cool-inator! Well, you can't really behold it, it's...it's out in the car. But trust me, it's behold-worthy. First, I will suck all the cool out of this place, it being the hippest coffee house in town. Then, I will blast myself with the cool concentrate, transforming into such an ""awesome dude"" that you, disaffected youth, will have no choice but to follow me blindly and help me, you know, take over the Tri-State Area! Anyway, the Cool-inator is so hip, it only runs on espresso, so let's fill her up."
Doofenshmirtz,"Ah, this is nice, eh? But, you know, I don't think suburban life is for me. I'm thinking of just adding a breakfast nook and flipping the property. The main problem is my neighbor, Phil. He is truly diabolical. His fruit falls into my yard, his dog poops on my lawn, he leaves his trash cans out too long, and... Oh, I'm at my wit's end! And the worst, the absolute worst, is his leaf blower. Okay, that's it! Time to end this once and for all! And no one is stopping me! Behold, Perry the Platypus! The ultimate suburban weapon: the Atomic Leaf Blower-inator! This will be the last time his stray leaves blow onto my lawn. Yah! Aahh! Turn it off! Turn it off! Good, just like I planned. Now, I'll blow every leaf onto his property! Ha-ha-ha-ha--ha-ha!"
Doofenshmirtz,"Oh, there you are Perry the Platypus - Hey, great costume, that's the bee's knees or you know, wings in this case. Ha! Swats happening, Perry the platypus? Swats up? Swats goin- Oof! Puh, hey, swats your problem? Oh, I'm sorry, I-I can't help it, I got bees on the brain, especially the queen bee. She's all you hear about- queen bee this, queen bee that. You never hear about the 'king bee', do you? That means there's a power vacuum that I need to exploit. Behold! The Aroma-inator. Like the queen bee, I have acquired mass quantities of pheromones. See? Right here in the tank. Once I spray myself, the bees will be attracted to me and I will be crowned King Bee! After that, it's just a hop, skip, and a jump to ruling the entire Tri-State Area."
Doofenshmirtz,"Isn't that always the way? Right at the exciting part, that's when the doorbell rings...or, y'know, a platypus breaks it down. Anyway, behold the Worst-Fear-inator! What? Oh, yeah, I-I guess from your point of view, it's a little difficult to see. Lemme just get this outta the way for you. There we go. Now, in my never-ending pursuit of domination, I discovered that the best evil rulers used fear to keep people in line. So to get into the right headspace, I did what any logical evil scientist would do: rented all the scary movies in Danville for research. Even the lousy ones like Dead Batteries, which is actually better than its prequel, Batteries That Work, which was...just a bunch of...portable electronic devices...functioning properly."
Doofenshmirtz,"You could have at least gotten into your trap. It's on the table. You know, I appreciate you trying to mix it up, but I do have a schedule to keep. Ready? Let me show you my latest project. The Junk Food-inator! It sprays my special mix of boiling hot high-fructose corn syrup and hydrogenated coconut oil. Turning all healthy food into toasty warm junk food! Soon, everyone will become lethargic overweight blobs. Easily controlled by me! Because I will be the only one left eating healthy food, like these delicious broccolis! Mm, eh, the only problem is, I'm not quite used to the taste—- I'm used to eating the uh the junk. I'll just dip it in here and Mmm, Oh that's much better! I could eat this all day. I can feel myself getting healthier."
Doofenshmirtz,"Oh, hello. You must be here about the ad, right? Well, come on in. It's right over here. Behold the Wrapped-Up-in-a-Nice-Little-Bow-Inator. I bet you're wondering what it does, huh? Well, let's just say your nemesis is arriving sooner than expected and- A-And your place is a complete mess. Tidying up is a snap with the press of this large, red button. See? Wrapped up in a nice little bow. You can also use it to hang your clothes on. Just like a treadmill. So although my ad said firm, I am flexible, so make me an offer. Wow, you're a good negotiator. Okay, half price. And I'll throw in my Druselstein minor-league baseball collection. Perry the Platypus? Well, it's a good thing I still have my Druselstein minor-league bat. Have at you! Aw."
Doofenshmirtz,"Now, before I let you loose on the O.W.C.A., this should make you much more formidable. I like to call it my...my...my my my mymmymy I guess the escalator wasn't such a good idea after all. Oh, well. Live and learn. Anyway, I like to call it my Transmogrification-Backpack-inator! It'll give you a robotic exoskeleton that can transform into almost anything. And it's perfect to wear undercover, no one will ever suspect. Except, maybe, to say, ""Hey, look, there's a rabbit wearing a backpack."" Go ahead! Give it a try! Hey! What the heck, man?! I live here! You can't go blowing holes in my stuff! Now, try it again. Uh, okay. Also, no smashing things in here! I'm gonna have to make a list for you, aren't I? Hey! Wait! Let me open the— roof."
Doofenshmirtz,"Ah, Perry the Platypus. You like my scale model? I even put my own little building here, look. Look, there it is! Ah, yes, my home. I can still remember the day I bought it. Flashback! My real estate agent had already shown me hundreds of other places within my budget... ...but none of them were acceptable. That is until he showed me this magnificent building, with a view all the way to the ocean! But the first night I realized why the price was so cheap. All night long, foghorns from passing ships would sound. I couldn't understand why all these ships were there... ...until one day, I turned my neck to the right about forty-five degrees, and there, I saw it. The Danville Lighthouse! It was attracting the ships like moths to a flame."
Doofenshmirtz,"Perry the Platypus! Oh, your persistence is insufferable. And by that, I mean completely sufferable. You're just in time, though, to watch me rid the Tri-State Area of one of my biggest pet peeves: People who dress as sandwiches to promote restaurants. You see? You see what I mean? What is this? Are-Are you a person or are you a food? For some reason, I don't mind the taco guy so much. Look at his cute little hat. Anyway, the whole thing sickens me to no end, which is why I created the Sandwich-Suit-Remove-inator. It sucks all sandwich suits up into the air and then shreds them to teensy, weensy pieces. Today I will fly all over the city and strip anyone dressed as a sandwich right down to their skivvies! Ugh… I've become my mother."
Doofenshmirtz,"Perry the Platypus, don't start anything because I'm driving and it's really unsafe. Quit goofing around and sit down! Besides, you should really have your seat belts on. Yeah! Ah, you're probably wondering what I'm doing driving this big rig. As you know, every inator of mine has a self-destruct feature, all of which rely on a little formula top scientists refer to as ""Boom Juice"". I found a cheap deal on a whole truckload of the stuff out here in the sticks. But I had to drive it home myself because, well, the shipment's a little old and unstable. Oh, pay no attention to that. That's just the mandatory early warning explosion alert. I'll just turn down the sound so we can talk. Then I can tell you some of my truck driving tales."
Doofenshmirtz,"Oh. Perry the Platypus, why do you rush over here just to get trapped? It makes no sense. Ya like that? It's a space helmet. I got a bunch of them used. They still smell like astronaut. I think that's what that is. Anyway, since you're here, let me tell you about my new hobby; making charts and graphs. See here? This is a chart of my canteen usage! Which has plummeted since childhood. And this is my evil. I noticed that in any given month, my evilness--that's the red part--stays perfectly constant. Evenly evil. But around the same time each month, there's a spike in background evil, see that, see right here? And during that part of the month I actually seem less evil by comparison! And why? Why is it? It's the full moon!"
Doofenshmirtz,"Oh, Perry the Platypus! You must have noticed how I reinforced the locks, but, you know, not the door. Well, let's just get you out of... You're... You're really trapped in here, just... Just like I planned, obviously. So let me tell you my latest scheme. I'm so tired of all these happy couples around me, romantic and laughing, mocking me with their happiness. Well, not anymore. My De Love-inator satellite will eliminate the feeling of love in the entire Tri-State Area. All I have to do is press this button. It would be so easy to press it right now. It would be so simple, but, you know, I've got a date tonight, and I like to stay optimistic. But if we don't hit it off, I'm definitely gonna ruin it for everyone else."
Doofenshmirtz,"This beautiful device replaces anything it hits with a chicken! How funny will that be? Roger gets handed the award, and suddenly, it's a chicken! Ha ha! And not just any chicken, but the nearest chicken! Which, when you think about it, saves a lot of energy. I mean, why pull some chicken from halfway around the world when, uh, there might be one available right around the cornerrrrrrruh? Ah, this is much better. Anyway, like I was saying, all I have to do is point this at Roger just as they're handing him his award, and zap! He goes from prestigious mayor with a major award to just some guy holding a chicken. I mean, have you ever seen anyone not laugh at a chicken? Chicken laugh! Chicken laugh! It's obligatory."
Doofenshmirtz,"Okay, back off, Lennie, you're creepin' me out! And you, you're not fooling anybody with that cutesy stuff! I happen to know that you are a very bad bunny. And I am...like, totally cool with that! See, I want to defeat Perry the Platypus and take over the Tri-State Area, and what I think I'm lacking is a certain animal instinct to get the job done. You have animal instincts, but what you lack is the evil scientist technology. And that is something that I have. So using my evil scientist skills, I'll make it possible for you to defeat Perry the Platypus while I watch from a safe distance. And together, we'll take over THE TRI-STATE AREA!! Whadaya say? Are you with me? Great! I always wanted a rodent for a partner."
Doofenshmirtz,"Coming, hold on. Just hold your horses. Wait. Hello? Ha! you missed me, Perry the Platypus. I got you. You see, I was just doing a little inventory and reorganization of all the stuff that I've collected over the last forty years. Yeah, I know it's gotten a little... out of hand. I kinda let it go, and Norm's been in Maui for like, a month, so I made a Declutter-inator. I was actually gonna shoot myself with it, which would make me want to un-clutter everything, and-and then I lost it, 'cause, you know, it's-it's really cluttered in here. So then I hired a nice young lady named Doreen, to help me get organized, and well, I think she may have gotten lost, too. I haven't see her in days. Doreen? Are you out there?"
Doofenshmirtz,"Perry the Platypus? I mean, I wasn't crying... And what are you doing here anyway? What, destroying my Dull-and-Boring Inator once wasn't enough for you? W-Wait, what are you... Wait, you're fixing it? You ARE fixing it... Oh, you've had a change of heart! How wonderful! Go ahead, rebuild it, Perry the Platypus. Of course, you're doing it all wrong, if you put it together that way, it will be the reverse of a Dull-and-Boring Inator. It would be a Dynamic-inator which would make people more interesting. Oh, I get it! We shoot me with the Dynamic-inator, I become more interesting and everyone else becomes duller by comparison. Oh, that's brilliant! I'm so glad I thought of it! Let's build it, come on, let's go."
Doofenshmirtz,"So, you fell for the old 'hat rack disguised as your nemesis' ploy, eh? Well anyway, that was a very efficient use of my time. I demonstrated my latest inator, and trapped you all in one. Trap Perry the Platypus. Check. Demonstrate inator. Check. And now, that just leaves backstory, light lunch, take over the Tri-State Area, and schedule painters. Only seventy-five percent of my list left. I am on fire today! All right, so let's get down to business. Ever since I switched pizza places, y-you remember that whole pizza day debacle, right? Okay. Well anyway, my orders now are all showing up cold. Nothing I can do to change that, because, you know, I'm a lousy tipper, so I invented this. The Impersonator-inator!"
Doofenshmirtz,"Let's see, bandages, bug spray, shoulder pads, Oh, hey man, nice threads. Sorry, no scheme today, I'm just here secretly overprotecting my daughter while she's camping with some friends. It's dangerous out here, Perry the Platypus, and I should know. You see, back in Gimmelshtump in my youth... When I was camping, I had this incident with a swarm of bees. I only got one sting, but it did a lot of damage. I still have a hydrant stuck in my leg, see? I'd have it removed, but the doctors say it's too close to an artery to operate. That kind of thing happens all the time in the woods! Alright, maybe I'm over reacting. Actually, it's really just a beautiful pastoral setting. There's probably nothing to--"
Doofenshmirtz,"Ah, Perry the Platypus! Come in, get trapped, listen to my back-story. When I was a child, I grew flabby, which made me want to make the Fitness-Equipment-Lock-inator. Bum bum bum. I just run on this treadmill, and out comes a sonic beam that locks every other piece of fitness equipment in the Tri-State Area. Blah, blah, blah. Everyone's fat and tired. I sprint into city hall and take over. No! Perry the Platypus, don't do it. Don't push this self-destruct button. This one right here… Oopsie daisies! Pushed it myself. Grr. Boo. Hiss. That's right, I'm a loser. Alright, go on now, you won fair and square. Curse you, Perry the… and he's gone. Haha, I can't believe he fell for that decoy -inator. Norm?"
Doofenshmirtz,"A blackout? Oh, Perry the Platypus, isn't this wonderful? Now people can't see anything but my pitiful eyes. Look at them, Perry the Platypus, don't you feel sorry for me? Don't my sad, lugubrious eyes illicit compassion and mercy? Your secret agent training has taught you to squint well, my nemesis. But you can't fight the power of these pathetic, pleading eyes. I guess you can, 'cause you're heartless, Perry the Platypus. You know that? Where your heart should be, a big empty sack of nothing. But the common man will not be able to. I'm gonna go find someone on the street and test these babies out. And you're coming with me. Here come on. It's a good thing I put wheels on this trap. Try to keep up."
Doofenshmirtz,"Perry the Platypus? How did you get stuck in my double Dutch machine? That's not even a trap. Anyway what are you doing here? Oh, that. The-The beam that I shot through my roof? Well that was just an accidental misfire from my Sphere-attract-inator. Luckily it was pointed up, so it didn't hit anything. Anyway, I started thinking, and realized the true measure of a man is having a world-famous roadside attraction. But which one to choose? Which one would be the most spectacular? Then it hit me, nothing brings them in like a big ball of twine. So that's why I built the Sphere-Attract-inator. To steal the world's largest ball of twine! Then all I need is some sort of road to put it beside. Right?"
Doofenshmirtz,"You really think I need aluminum siding? Oh, oops, gotta go, I got a guest. Well, Perry the Platypus. Oh, hey, nice landing pose. See, that would kill my knees. Haha!! You're trapped! Let's talk about what you've been up to, Perry the Platypus. You've been sneaking into my lair secretly and building inators in the middle of the night! Oh-Oh-Oh, don't act all so innocent. Every morning when I wake up, there's a new inator. Look! See? Three of 'em! Re-Really, you-you didn't do it? If it wasn't you, then who was it? I mean, you and I are the only ones who are ever here, which is sad in and of itself. But I'm not building them in my sleep! Wait, that's it! I'm sleep-inventing! That's fabulous!"
Doofenshmirtz,"Perry the Platypus! Let me show you something, ""Mr. I Break Through Walls Whenever I Want""! There you go. Oh, one more thing! Oh, look! I have captured the rare ""DUCK-Taped Platypus""! You know, like duck-billed... Never mind. Anyway, let me show you my evil plan. I call it the Copy and Paste-Inator! There's nothing I hate more than waiting in line. All the time wasted in stores, and amusement parks, where I could be spreading more evil in the Tri-State Area! I will make copies of myself, and they will do the waiting for me. I know, it sounds a little bit crazy but, look. You're all tied up. And And I am stepping into a giant copy machine to make duplicates of myself. Who's crazy now?"
Doofenshmirtz,"Perry the Platypus! I've trapped you in a giant bowl filled to the brim with Doonkelberry cake mix. You see, today is my birthday! Struggle all you want, Perry the Platypus. But in 30 to 40 minutes, the yeast will rise, and you'll be buried alive! Here, have some. Unfortunately, my birthday has always been the lousiest day of the year. It all began on the day of my actual birth... Both of my parents failed to show up. By the age of 5, I was forced to throw my own surprise party... at Gunther Goat Cheese's: The goat-cheesiest place in all of Drusselstein. Many of my closest friends were there: Count Wolfgang, Betty the She-Boar, Ratputin, and the Licekins, Olga and Chicago Joe."
Doofenshmirtz,"Hold on, Perry the Platypus, I'm just getting the mail. Oh, goody! It's my order from the Power Tool and Skeleton Key Warehouse. I was wondering when this was gonna—OH! Look! At! This! Every week, the mailman makes the same mistake and I end up getting my neighbor's HS Weekly. Here, hold this, Perry the Platypus, I need to rant. I hate all these good-looking models on the cover of Handsome and Symmetrical Magazine, mocking me with their manly perfection. Their perfect hair, their perfect skin, I hate it! And this, is why I created...the De-Handsome-inator! Soon, all these good looking faces will be hideous! Ow! Wait, did you use the skeleton key or was it the power tools?"
Doofenshmirtz,"And the Stumblegimp Humiliating Dance of Contrition is just as much a tradition now as it was in the '40s...when this newsreel was made about the 1600s. You see, Perry the Platypus, my brother, the Mayor's gonna meet the present day Mayor of Stumblegimp. And I plan to zap Roger with my 90-Degree-Turn-inator. It will turn him 90 degrees, which will insult Mayor...uh...Whatshisname. Something with waffles. He'll have to sing that whole song, and when the people of Danville see him eat a featherbed or put a donut in his pants, he'll be forced to step down as mayor and I will step into his place, 100% donut-pant-free! Unless, you know, something like last week happens again."
Doofenshmirtz,"I got it. Oh man, why didn't I put wheels on this thing? There. I'll just aim it… Ah there perfect. Now, you will witness the dehydrating effect of my Moisture-Suck-Inator on my neighbor's garden! And Fire! Oh, that doesn't seem to be working. Let me try it on something else. Hmm… This is gonna hurt you more than it's gonna hurt me, Perry the Platypus. Fire! Oh look at you, you're Pruny the Dehydra-pus. Hm. I wonder why it didn't do that to my neighbor's plants. Maybe it's too far away- maybe- argh. I'm just- I've gotta try it again. I-I'm not gonna let that guy make me look like a nincomp-- Oh poop. I'm going to go get a glass of water. You want one Perry the Platypus?"
Doofenshmirtz,"Wow, I set up this whole thing with lasers and flypaper, falling cages, spinning platforms, on the way to a trapdoor... And you just come and slip on a chair, and waste a day's worth of work. Eh. But it's gonna look great on the Christmas party gag reel, hehehe! Of course, it'll just be me at the party, Yeah. uh...yeah. I need a laugh at the holidays. Anyway, gotcha! Go ahead, try to climb out of it. It's greased! So, now that you're all comfy cozy I can introduce you to my Rain-inator! I've been using it to pour millions of gallons of water into these clouds, causing it to rain all over the Tri-State Area! I-I can't believe nobody's noticed it. I-It's kind of obvious."
Doofenshmirtz,"Ah, so you beat up a bunch of snacks. Big deal. But you forget, Perry the Platypus, I still have one wish left and I've learned from my past two mistakes. I'm going to do this one right! You know what it is I want, Perry the Platypus? I want to be the biggest ruler of the...What? Oh, you're right. I say ""ruler"" and I could end up being like a big wooden yardstick or something. G-Good catch. Good, good catch, Perry the Platypus. Let me rephrase that. I want to be, specifically, the monarch of—No, no. No, you're right, that's a butterfly. Well, how about, the super-inten—no, no. Wait, I-I know! I wish to be the head of the Tri-State Area! Oh, shoot, I just heard that!"
Doofenshmirtz,"Of course, by then my soup was cold and it was too late for a refund. But now, I will wash Tony's Deli off the face of the Tri-State Area with my new Chicken Soup-inator! It blasts out a super-concentrated rocket-like bolt of boiling hot chicken soup powerful enough to demolish an entire city block! You wouldn't believe how much chicken soup that baby takes, though! Luckily, Aaron's Deli was having a sale! Half a gallon of chicken soup free with every $40 purchase. All that chicken soup and it didn't cost me a nickel. Ha-ha! Of course, I had to buy a lot of food, mostly deli meats. They're piled up in the halls. It's… kind of warm in there. I hope they keep."
Doofenshmirtz,"Hehheh, I think we lost him, you can slow down now. I just said ""slow down"", I didn't say ""stop"". What are you looking at? Oh no, we are NOT going- Hoo! That's cold! Wow, you're like a little motorboat there, Steven. Wow, Steven, that was sweet! You're really good at that-that barb thing. What? Why are you turning around? Don't go back that way, that put-me-on-the trophy-wall guy is back there. Oh, I see, a waterfall. Just in time for commercial. Isn't that convenient. What's that all about, anyway? It's not a clifffaller, it's called a cliffhanger, and here we are, falling, and-watch watch watch, here we go, wait, yup yup see? There you go! Fading to black!"
Doofenshmirtz,"But I guess my dreams faded into sepia tone somewhere along the way. Oh, Perry the Platypus, your shoes are untied. Psyche! Before you go, I'd like to introduce you to the Gloominator 3000... inator! Hmm? What's that? Could it be Morse code for ""That evil gadget looks so manly and threatening. What on Earth does it do?"" All right, I'll tell you. Sheesh! Stop bugging me! With this, I will launch thousands of weather pellets into the atmosphere, thereby plunging the Tri-State Area into a new ice age! But before I do that, I shall finally make Perry the Platypus disappear! Voila! Ha-ha. It really worked! Maybe I should have stuck with the magic business, hmm?"
Doofenshmirtz,"Looks... Looks like their orbits are tightening faster than I thought. Maybe... maybe we should wrap this up. I'm just feeling a little claustrophobic is what I'm saying. It's... It's... It's... It's okay. Okay. Just... Just a little too close for comfort. Hoo, boy. Is it getting hot in here or is it just thermonuclear puffy vest strapped to my person? Uh, maybe, Perry the Platypus, could you give me a little, eensy-weensy, itty-bitty cup of water? I'm just so hot. Okay, this is getting weird. I guess I didn't understand the... the literal gravity of the situation. I think I'm just gonna hit the self-destruct button on— Oh, no! Oh, no, my arm! Bad planet!"
Doofenshmirtz,"Now, Perry the Platypus, watch carefully as I demonstrate the Age Accelerator-Inator. Hooray, it works! And now to make some perfectly aged cheese! Ah, perfect! You can actually see the pungent aroma. Here you go, Perry the Platypus. But I'm warning you. Once you start, you won't be able to stop. I'll go get some crackers. We're in luck! I still have some leftover Melba Toa-- Oh no! The cheese! What happened to the stinky cheese?! Perry the Platypus, you ate all the cheese?! Noooooo! I created this for peaceful, cheese-loving purposes, but now you've forced me to wield it in anger! Perry the- Perry the Platypus, hold still! Hold still so I can blast you!"
Doofenshmirtz,"Perry the Platypus? Eh, is it Thursday already? Hmm, well, let-let me go get my shoes and my ball and then... Wait, where's your stuff? Huh? Oh, no that's not evil, so, so I don't think it counts. Oh, wait a minute. Did I set off the Inator Alert? Oh, that is so funny. Probably scared the heck out of Commander Carl, huh? Oh, well I-I know it can look intimidating, but the-there's no reason to be afraid. It isn't evil. It isn't even the -inator. The -inator is this gold chain. Once it's charged, I'm going to put it around my neck, and it will activate the insecurity parts of my brain, and trigger a full-blown mid-life crisis. Allow me to explain in song."
Doofenshmirtz,"Perry the Platypus? Don't be shy, It's just me. Come here. You like my new cage? I got it from a second-hand shark supply store. It was half off, because you know, something bit half of it off. So, here's my evil plan: With this remote, I will open the Danville Dam, flooding all the streets and creating beautiful waterways! Like the canals in Venice, Italy! Or to a lesser extent, Venice, California. But how will people get around? They will have to buy my latest invention! It's like a car, but it can drive on the surface of water. Behold! You like it? I call it the Buoyancy Operated Aquatic Transport, or BO-AT for short. Everyone will want one!"
Doofenshmirtz,"Okay, okay, okay, just this once I failed and you had nothing to do with it, but did you have to let me trip **all** three bear traps? I mean c'mon! I'm out here in the hot sun working on ways to get us back to Danville and you've never even offered me so much as a glass of water or a-or a tetanus shot! I'm going it alone. As a matter of fact, I'm sick of you and your smug face! I don't wanna see it any more. I'm going to close my eyes and count to 3, and when I'm done, you'd better be gone. And it'll be just like when you're here except you won't **be** here! 1...2...3! Hey! He really.... FINE THEN! I can find the bus station on my own."
Doofenshmirtz,"Well, it was when I was sixteen, or thereabouts; I had stopped celebrating birthdays at that point for... you know, obvious reasons. And then one day, my parents sent me out to the Schtor to get some doozenbratt. You know, I've always had trouble distinguishing between a Schtor and a- a painting of a Schtor, but- but it started me off on the greatest adventure of my life! I decided to seize the day with both hands! Aaand a mop. I was heading to a golden land of opportunity; a land with a pioneering spirit which welcomed misfits like me! But I ended up in America instead. I just knew that I was home! In the sense that it was... familiar."
Doofenshmirtz,"Lunchtime, my little plant friends! Yes, you like your water, don't you! Everyone gets H2O, even you little... Oh, Perry the Platypus! You landed in my fertilizer trap! Look at you. You've potting soiled yourself! So, I got to thinking, why use animals or insects to aid in my evil scheme, when there are all these shiftless do-nothing-plants just laying around? So, I've created a super evil growth formula, that when sprayed on my plants, will turn them into thorny, prickly minions! With them under my control, I will rule the Tri-State Area with an iron fist, and a green thumb! Hahahaha... And, if you don't mind, I'm going upwind of you."
Doofenshmirtz,"...With my Melt-inator 6500. There. Did you get it that time? Well- Well, I'm not going over it again. Time to get started. At this very moment, the world's largest chocolate bar is passing through town on the way to The Smithsonian, but it will never arrive! In 5, 4, 3-- 2 1/2, 2 1/4. Is that it? Is that—you're not going to do anything? You're just going to stand there like a dead fish? I'm giving you a chance to do something here! Oh, this used to be more fun. 1 1/2, 1 1/4! You know, in some cultures, it's considered rude not to particip-- Ugh! Perry the Platypus? But how did you-- You ate your own heinie? I must aim it quickly!"
Doofenshmirtz,"One moment, please. Perry the Platypus? What are you looking at? Oh, these. Yes, these are my latest invention - steak specs. I came up with the idea after your last little visit. With these on, you don't have to constantly hold a piece of steak to your black eye. See? See? I plan on mass-producing these. I'll make millions. Let me show you. I've stolen all the steaks in the Tri-State Area, and I keep them here in my steak containment unit or SCU , for short, or maybe it should be SCU . I'm a little on the fence about - Wait. What are you doing? Oh, that? That's just a giant heat ray in case I want to do something evil later."
Doofenshmirtz,"Do you like it Perry the Platypus? It's my new Tell-the-Truth-inator! One blast from this baby, and people will be forced to tell the truth. It features an Abe Lincoln robot. He doesn't actually serve any functional purpose, he just decoration. But he's-he's thematically linked to honesty. Y-You know through his-his nickname ""Honest Abe"". But enough about me, let me ask you this. Have you ever wondered what it is that holds the fabric of society together? No it's not cooperation, or trust or any of that stuff hippies want you to believe, it's lies. All the little white lies we tell each other. You see Perry the Platypus..."
Doofenshmirtz,"Dear Perry the Platypus, I know Major Monogram will ignore my letter and send you to stop me. That's why you are now trapped. Best wishes, your nemesis, Heinz. Come to think of it, it wouldn't have made much sense until now, it's probably good that you didn't get it earlier. It would have just been confusing, and I would have been stuck with having to explain it to you. Speaking of stuck, you've landed on a square of the stickiest surface known to man. It's a tile from the floor of the Danville Multiplex. I discovered it when I went to go see that teen vampire movie. Loved it! And now... Behold, the Gimmelshtump-inator!"
Doofenshmirtz,"Ha! You want to be a bird? Is that what you want? Well, this is what we do with birds, we put them in a cage. Can you speak, little birdy? Hello? Say, ""Hello, Perry want a cracker."" Ow! Bad bird! That would not have happened to me if I was smarter, which brings me to my new inator. The Duplicator-inator 2! You know what they say about two heads are better than one, right? Well, I will duplicate my head, and become twice as smart! And look, I even did some recycling by using my old microwave oven. Baked potato? Eh, maybe later. All my life I've been a zero, but when I have two heads, I'm gonna be twice that! You'll see!"
Doofenshmirtz,"Well, I guess it is what it looks like. So, I'm-I'm having some trouble. Little help? Ha ha! Improvised trap! Anyway, I'm here to teach Vanessa a lesson. Here, look. She thinks Roger is her role model. And aside from the strong jaw and the dazzling smile, what does he got? Just a sparkling personality, that's all. And it got me thinking: What if I made an inator to give Roger my personality? 'Cause my personality doesn't sparkle, not even a little bit. Behold, my Dooflicate-inator! With this, I'll make Roger a cheap imitation of me, therefore, I'll be Vanessa's role model by default! By default, my favorite way to win!"
Doofenshmirtz,"But by some wonderful twist of fate, she has moved here to Danville! See? Grulinda Boubenweir moves to Danville, party being held in her honor at Danville Park. And the party just started, I don't know how they got this picture in the magazine so quick. Eh, I guess they're trying to compete with the internet. But, I digress! I can finally have my revenge! With this! The Sog-inator! Now I will fly over her party, and douse her, with a lifetime of soggy humiliation! What? Oh, you think that it's petty that I held onto this grudge for so long. Well-Well, it's not petty. It's not. It's evil or something; it's not petty."
Doofenshmirtz,"Ah, Perry the Platypus, I'm so glad you're here. I-I-I did get the invite to your birthday party over the internet, and naturally, I-I couldn't go, since it was most likely a trap. Anyway, I got you this. It's just a card, but here, look. Surprise! Haha! I finally figured out why my evil schemes always fail. You see, I am completely and totally, unlikeable. No, really, so I asked myself, ""what are the two most popular things on this planet?"" Country music and western music. So now, I am bringing them together for the very first time. I'm calling it ""Country and Western Music."" I know, I know. I'm brilliant, right?"
Doofenshmirtz,"My Slow Motion-inator! This way, you're too slow to foil my evil scheme and I don't have to worry about capturing you. Problem solved. Anyway, let's get down to business. I don't know if you've ever noticed, but I'm not exactly very... Mmm, what do the kids call it these days? Handsome. My doctor says it's genetic, but I don't blame my parents. I blame everyone else in the entire Tri-State Area for being better-looking that me. So, I invented this. My Ugly-Inator! It harnesses the horned frog's unpleasant appearance to render it's target ugly! Let me give you a demonstration on handsome movie actor Vance Ward."
Doofenshmirtz,"Who is it? Oh, Perry the Platypus, come on up. Aha! Okay, I chalk that up to poor planning...again. Anyhow, look at this. Can you believe it? My goody two-shoes brother is getting an award for being the best Danville mayor ever for the second year in a row! And he's only been mayor for one year! I am going to make sure he never gets that award! Uh, you see, people used to laugh at me all the time. I-I know it's hard to believe now, but it's true. They would laugh at me. And would they laugh at my brother? No! Never! Of course not! Well, things are about to change. Thanks to my brand new Chicken-Replace-inator!"
Doofenshmirtz,"Perry the Platypus? I... You know, we always do the same thing. I have a scheme, you try to stop me, I trap you, I tell you my scheme, you escape, then we fight, and I'm defeated. Let's mix it up a little. Let me tell you what. I will tell you my scheme first and then I will trap you! What do you say, huh? Yes, this is much better. Okay, so here it is. The Make-Up-Your-Mind-inator! You know, when you're waiting to order a pizza and the person in front of you can't decide on a topping. Ohh, I hate that! I hate it! I will destroy anyone who can't make up their mind! Destroy anyone who can't make up their mind!"
Doofenshmirtz,"Maaaybe.....but-but it also helps me visualize my scheme, it doesn't have to be used with dolls.....all the time. A-anyway, this is our headquarters, larger for the sake of clarity, and this, see this right here? This is my Sculptinator. This part will scan my body, and this part will shoot a beam which will then carve Danville Mountain into a lifelike statue of me! Visible for literally miles in every direction! Not scale miles, real miles. Then, when people see this splendid tower of manliness, they will just assume that I should be their leader. Look! Look how it captures the manly thickness of my neck."
Doofenshmirtz,"And I was crowned King Pretty Pretty Princess. Which, now that I think of it, is a contradiction in terms, but it was the first time I ever won anything. So it's gotten me all obsessed about entering contests. But the only thing I'm good at is baking peach cobbler, so I, I invented... Oh, yeah. I told you, Be-""Behold the Peach-Cobbler-inator."" What it does is it makes everyone want peach cobbler more than anything else in the world. So whether it's a chili cook-off or a dancing competition or a quilting bee, or whatever, the-the judges will be compelled to choose peach cobbler as the winner every time."
Doofenshmirtz,"Now we're cookin' with gas! Watch, Perry the Platypus, as I shpritz myself right into ruling the Tri-State Area! Uh-oh. Oh! Ow! I think it might be time for Plan Bee!! Ow! Ow! Hey! Stop it, stop it! Ah! Ow! They're all over me! Ahhhhh!!! Get 'em off! Get 'em off!!!! Thank you for saving me, Perry the Platypus! And on the bright side, with all those bees, not one sting! Ow! Oh, man! I thould've ekthpected thith. At leatht my inator ith intact. Ah, thhoot! Curth you, Perry the Platyputh! Curth you! I thaid, ""Curth you, Perry the Platyputh!"" Yeah, well, thee, you thould be able to get it from contektht."
Doofenshmirtz,"Norm figured out how to get the Drusselsteinian VPN feed so I can watch it early. I'll find out the ending and then I'll go over to that giant megaphone and yell out all the spoilers to everyone! Who's the evil one now, Tyler? I know what you're thinking: How I, a middle-aged man who's never made it through an entire movie without falling asleep and who also coincidentally just ate a full turkey dinner, how am I going to stay awake for a two-hour show? Well, well, behold! The awake-inator! It will sense me dozing and zap me awake. Settle in, the show's starting! So are you team Ryan or team Antonio?"
Doofenshmirtz,"Perry the Platypus? Why do you keep breaking down my doors? Why don't you knock first? It's not even locked! This time, you'll pay. That's right, work it over. What? Are you kidding me? This is not just drywall, you know! It's solid oak! That's more like it. You can't just go busting into people's houses for no reason, you know. Besides, I've given up evil to pursue the art of cheese making. Do you like stinky Limburger? It's a Doofenshmirtz family recipe. It's not ready yet. It still has to age for 58 1/2 years. But who's got that kind of time? Which is why I created: The Age Accelerator...Inator."
Doofenshmirtz,"And it was such a stellar plan, too. I was gonna use it to send City Hall, and consequently my brother Roger, back to Drusselstein, and out of his mayoral jurisdiction. No fuss, no muss, just bzzt, and he's gone, instantly. Ugh, if only if it were that easy to get Vanessa to the movie theater, wait -- hey, wait a second! I could just add another setting to my Teleport-inator and send Vanessa directly to the theater, and completely bypass those ridiculously inflated movie ticket prices. Oh man, am I good! That deserves a victory sip. Egh! Wait—what is this, decaf? It's like you don't even know me!"
Doofenshmirtz,"Ha ha ha! I, Dr. Heinz Doofenshmirtz, have covered the entire eastern seaboard in tin foil...again. But this time when I put my giant magnet next to my ingenious Magnetism Magnifinator, I will pull the East in a westerly direction, thereby reversing rotation of the Earth! I-I know I tried this before but that was with a Magnifier this is a Magnifinator. I added the suffix –inator. It's a completely different ball game. I know you're probably expecting some tragic back story, to explain why I want to reverse the rotation of the Earth. But I'm not gonna go there. You know why? Well, I'll tell ya."
Von Doofenshmirtz,"Yeah, whatever, think of something. Anyway, like I was saying before you bit my thumb, down at the fair they have all these neat new steam-powered gizmos that they plan to use for ""progress."" Normally I wouldn't mind, but they're also attaching a lot of ""hope"" and ""optimism"" to progress. And that's something I will not put up with. So I've built a big monster machine to smash their World's Fair to bits! Behold! It's an evil swan! It's a-- it's a big swan. It's like you, but, you know, bigger, and... hammer-y-er. It's got more hammers than you do. Plus, it runs on the new technology of steam!"
Doofenshmirtz,"Ah, my Serve-O-Mat! See, this is what I'm talking about, I don't even know what a Serve-O-Mat is and now I own five. These infomercials are taking time away from my evil. People ask, ""Doof, if you have unwanted infomercials, how do you get rid of them?"" My solution is easy, simple, and it starts working the same day. With my Scorch-inator, I will target TV towers and melt, smelt, and render them into their basic components, thereby eliminating infomercials! And how much would I pay for this? Nothing, it's free! But wait! There's more! N-Th-There's not really any more, that's about it."
Doofenshmirtz,"You get back! Back, you tiger! Ow! Where-- Where are you? So I can-So I can snap my whip at you! Get in there! Get back, get back! In there! I'm gonna chalk that up to poor planning. If I had the tiger door inside your cage, you would have been in big-- Now, Perry the Platypus, you can never be sure where the final strike will come from. I am an imperceptible enigma. I move in silence-- Ow! Oh you followed the sound of my voice, maybe I should stop talk-- Ow, ow, ow! Quit it! Interesting! If you're already invisible, it turns you visible again-- Ow! Oh well that came out of nowhere."
Doofenshmirtz,"Get ready, Perry the Platypus! The Tri-State Area's about to confront its fears! Aaah! Ow ow! I landed on my jawbone, right on that weird...sticky-outy part under your ear! I-And my jawbone landed on the remote. Ah, Doof. Okay, nothing bad will happen as long as I don't think about anything scary or... Oh no! I couldn't help it, it just popped in there. It can't be! Vending machines are taking over! I said it could happen! No! Stay back! Stay back! Back! Flee! Flee! No no no! I'm not really hungry! Really! No no, not the tiny vanilla cookies. How long have those been in there?!"
Doofenshmirtz,"Perry the Platypus! So what am I doing out here? Well I'll tell you. One day, while I was perusing my collection of 19th-century almanacs, I learned that the leading cause of tooth decay is saltwater taffy! And that's why I invented the Saltwater Taffy-inator! Y-you can't see it from here; I built it on the bottom of the ocean where I have an unlimited supply of salt water for free. I-I'm going to make the sweetest, gooiest, stickiest saltwater taffy in the world!! In the world. Enough to give cavities to every kid in the Tri-State Area! Ha-HA-ha-ha-ha! Now where's my wetsuit?"
Doofenshmirtz,"Yes, I ate... Perry the Platypus, look. Could-could you just use the front door from now on? Could you just do that for me? I mean, ""Yes I ate your last nectarine. You got a problem with that?"" Sounds tough, huh? But not tough enough! You see; ever since I was a child, I had a high, squeaky voice! But not anymore. Behold: the Voice-inator! It bio-mechanically transforms normal air into Doofelium, which will make everyone else's voice higher, making my voice deeper by comparison. I was going to lower my own voice, but, you know, it seemed like too much trouble. Oh, come on!!!!"
Doofenshmirtz,"Don't touch! Anyway I've got a little math quiz for the both of you. If a train carrying Precious Albert the Moose left British Columbia at eight o'clock in the morning, going eighty miles per hour, what time would it arrive at the Canada Day celebration? Answer? Never! Because I've tied up the conductor, and taken control of the train using my remote control Train-Operator-inator! Right now we are all headed to my scheme exchange partner's secret fortress. Hey cut it out, those are mine. Se-Seriously, I can get the waiter over here if you want to order your own, but please."
Doofenshmirtz,"What's the matter, Perry the Platypus? You don't like my little plan? Think about it this way: Since infomercials are almost universally hated, I will actually be doing a civic good by destroying them! Huh? You see? You like that? W— Oof! Aha, yes, the E-Z Automatic Trap Escaper. I must've left it out where you could reach it. Well, I was able to reach this! It's the Swapotron-Smash-o-Matic! I got it for only $99.95. Ah, the Labco Pocket Tennis Ball Launcher provides exquisite Oof!—accuracy. Face the hideous might of my Burgerizer 2100 hamburger patty air cannon! Eat patty!"
Doofenshmirtz,"Ah, Perry the Platypus. Well, I guess it serves me right for bringing work on vacation with me. Aaand there it is. Man, are we in a rut. Anyway, this is my Dodo-Bird-Incubator... you know... -inator. With this amazing device I can transform any egg to a Dodo egg. Once they hatch I will march my terrifying Dodo bird army across the Tri-State Area. You know, I don't really know what they look like, but they're extinct like dinosaurs, so just imagine! Giant, extinct dinosaur-like monsters laying waste to the city! Ah, you know, you, you really picked me up out of my doldrums."
Doofenshmirtz,"That should do it. Excellent. Perry the Platypus? Oh. Sorry you had to see that. It's just that...this one button. Aaanyway, you are just in time to witness as I activate the Kinderlumperinator and transform myself into a real live Kinderlumper! What? Don't tell me you've never heard of the Kinderlumper. Y'know, a gigantic troll with sharp teeth, nose like a broom handle, he grabs children, puts 'em in a gundersack if they...You've never heard of this? My mother used to sing me this lovely song about it right before I went to bed. And it goes a little something like this."
Doofenshmirtz,"Oh, there he is. Impressive! Y'know, as, as evil lairs go, I give that, like, an eight. It looks like a classic mid-'60s megalomaniacal design. And the water feature is very nice. Fortunately, I know a thing or two about... Sheesh! Oh, heh. Yeah, w-way to get the ball rolling there, Perry the Platypus. I-I see you're gonna use the... Standard Evil Fortress Infiltration Technique, or SEFIT. Man, these guys are really bad at acronyms. Good choice, though. Wh-What do I get to do? What's my part? Oh, I'm the coffee guy. Good start. We're gonna need to stay sharp on this one."
Doofenshmirtz,"Ha-ha! You've heard of the Internet? Well, this is uh... well, it's-it's just a net. But you're caught. In exactly thirty minutes, the Tutti McFrutti ice cream man will park his truck in front of my building. I know, because I was standing there yesterday when HE RAN OVER MY FOOT! But today, I will reek my horrible vengeance! Behold, the Re-tire-Inator! Because, you know, he ran over my foot with the tire, and I'm going to hit him with a giant tire. Re-tire. It's-It's not like a retire, like stop working. It's not that Retire-Inator. That's-that's actually over there."
Doofenshmirtz,"Ha! You're too late, Perry the Platypus! Buffet number two is history! I am starting to feel a little full though. Hmm, I thought it would last more than a few minutes. Better give myself a little boost. That's more like it! Wow, I am so hungry, I could eat everything at Buffet Number Three, baby! Yeah! Oh, give up, Perry the Platypus, those chairs are— Huh? Oh, man, I swallowed my inator. Oh, well, at least you can't destroy it now, because it's inside my stomach. So, today, I win! Okay, you broke it. I can feel all the little pieces just rumbling around in there."
Doofenshmirtz,"Well, if it isn't Perry the Platypus! You've arrived precisely on cue. Allow me to explain. Voila! A precise 1/100th scale replica of the Tri-State Area! You'd be surprised how much free time I have. Now, with all the bricks that I've, uh... collected, I'll construct... the Great Wall of the Tri-State Area! Thereby cutting off the citizens from the rest of the world! And how do people get in and out of the city, you ask? With this! Official Doofenshmirtz-approved toll booth! I haven't really worked out a price point yet, but it won't be cheap, I can tell you that!"
Doofenshmirtz (cont'd),"I would get my revenge. Behold, the Hot-Dog-Vendor-Revenge-inator! Or my H.D.V.R.....ina...I...I have to work on my acronyms. Here's how it works. The Revenge-inator sends off a freon blast to an unsuspecting hot dog vendor encasing their hot water boilers in a sheet of ice and rendering their hot dogs cold and soggy. And once I've taken the hot out of the dog, they'll be forced to sell my bratwursts instead! Don't roll your eyes at me! It's a good plan! Sorry to go off on you like that, Perry the Platypus, but sometimes you just, oh, really push my buttons!"
Doofenshmirtz,"Thanks to my pupa-inator. See I saw this documentary on how butterflies evolved from the pupa and they get their wings and become their best selves! So I made myself a pupa-inator so that I can become my best self and therefore take over the Tri-State Area! What, what, what? it's not good? It's... It's no bueno? What? I guess I haven't looked at myself in the mirror. Lemme... Oh! Oh, man, I'm not a beautiful butterfly at all! I'm a big gross moth thingy! Well, I guess that explains the strange urge to eat clothes. Maybe I should just turn myself back into a—"
Doofenshmirtz,"Ah, Perry the Platypus, so good of you to volunteer for my cause! Since the cost of evil went up, my alimony checks barely cover my overhead. So, I've come up with a brilliant idea. The Telethon of Evil! With lights and a camera and uh, ooh, and a tote board, look. People will call in and send me money. Uh you can help man the phones. I had trouble finding a station that would put it on, so I invented this: the Preempt-inator. With this machine, I can preempt all the other TV programs! As soon as I can figure out if I plug in the red wire or the green wire."
Doofenshmirtz,"Ah, Perry the Platypus, what an unexpected surprise. And by unexpected, I mean: Completely expected! I, Dr. Heinz Doofenshmirtz, have covered the entire eastern seaboard in tinfoil, and when I put my giant magnet next to my ingenious Magnetism Magnifier, I will pull the East in a westerly direction, thereby reversing the rotation of the Earth. You may well ask yourself, why would he do this? What could he possibly have to gain? Well, let me just answer that by saying I haven't really worked out all the bugs yet. I mean, you know, tinfoil alone costs a lot."
Doofenshmirtz,"I don't want to be ungrateful or anything, but is there any way to speed this up? I gotta be in the make-up chair at 4 o'clock. Hey, what about this turbo switch? That oughta shave off some time, huh? right? yeah? Some pilot you are. Oh sure, blame the victim. Like you didn't know about my switch-flipping compulsion. Oh, now you're mad, sure, I don't know why I tried to be nice, I should have just trapped you, I could have been out of the hospital and on my way to the theater by now. Instead they'll end up using my understudy. Ughh, I hate that guy!"
Doofenshmirtz,"I'm a failure. Two bus tickets? Oh Perry the Platypus, you're a mensch. I-I know I can be testy and unpleasant, I know I tend to ramble on and on, to be fair, the-the burden of conversation is kinda all on me in our relationship. And I know that I haven't always given you the respect you deserve, anyway, I want you to know that you are appreciated Perry the Platypus. You. Are. Appreciated. Oh, hey now, check it out. Look, see? A tear. The universal secretion for sincerity. I-I'll just save that for next time. Come on. You can have a window seat."
Doofenshmirtz,"Now I'll just load up a few things that Professor Destructicon let me store here. If there's one thing Kevin understood, it was closet space. Now, I'll just, uh, grab my keys to the escape jet, and, uh... Hmm. I could've sworn I put them in my lab coat. Oh, they're probably over here on the computer console...no. Ah, the kitchen. Hello? Keys? This is a little bit awkward, but have you seen my escape jet keys? What? You have? Well, that's great! Where are they? You won't tell me? Is this because you don't speak, or are you just being a jerk?"
Doofenshmirtz,"Mmmm... Ooh, wow! Time out, man, I need a breather. Oh! I wish I didn't eat the hot and spicy right after the honey glazed. Speaking of wishes, you know what I never understood? Genies. They tell you to wish for anything you want and then they add some terrible twist. Like you-you wish to jump high, so he turns you into a frog. What—? Why? Who gains from this? The genie? I— Where's the benefit? You should be fighting genies, man, not me. I'm not the problem. Genies. Genies are the problem. I got it! Zinc foil! Eh, not really evil, is it?"
Doofenshmirtz,"I don't know. Why are raspberry icicle-pops blue? And I know what you are doing, Norm! You're a sick, sick robot! I need a really evil scheme. But—Oh, it's so hard to create when I'm in one of my moods. Maybe I can borrow someone else's plans from the Internet. Blueprints, and...search. Ooh, an Anti-Gravity Fun Launcher! How about the Anti-Gravity Evil Launch-inator? There. I changed the name, that makes it mine. This could be the greatest scheme ever! Although, I'm not quite sure of the evil applications. Eh, something will come to me."
Doofenshmirtz,"So anyway, I remembered this little island timeshare that I bought on a free trip to Vegas. And, I realized that if I were to combine my tiny island with the Capitol of the Tri-State Area like so, ta-da! Then, legally, under our local property laws, I will be sovereign ruler of the Tri-State Area! A-As long as I file the appropriate paperwork and get it in by the end of business today so I can declare eminent domain before the time-share reverts to the co-owners, making them de facto rulers of the Tri-State Area. It's foolproof really."
Doofenshmirtz,"Well, duh, the trap only needs to hold him for just enough time for you to get through your evil scheme monologue. At that point, your nemesis escapes and the race is on! Who will win, good or evil? No one can say, except, of course, if you go by recent statistics which, it's pretty much good who wins every single time. No matter what. But, hey, if it was easy, everyone would take over the Tri-State Area, right? Every single person would be in charge and we'd be forced to, I don't know, decide the rules together by voting or something."
Doofenshmirtz,"It should be flying off the shelves. I-I just don't get it. Anyway that is about to change. Behold, the Switch-Place-inator. Wha- Why do you look so unimpressed? I-I'll explain. I simply fly over town in my biplane, write-off! And I look for someone with a receding airline, standing next to someone with a full head of hair. I fire, and presto! The hairdos switches places. The person who was formally hairline challenged, is thrilled, and the other guy is- well he's gonna spend a lot of money to get his hair back. Thus, Get Back Hair!"
Doofenshmirtz,"Oh, hi, Perry the Platypus. Welcome to the Doofenshmirtz family reunion. They're just about to start the dreaded kickball game that my mother organizes every year. The one my brother's team always wins. You see, I'm not very coordinated with my feet. But with my hands...Hey, watch this. See? I hold the cup-stacking world record. But does my mother care? No! You see, Perry the Platypus, throughout my childhood, my mother's love was always inexplicably linked to kickball. You know, I think—I think this is best expressed through song."
Doofenshmirtz,"Let me just say it, will you? Ugh, you know, Perry the Platypus never interrupts me like this. Just saying. -From which all OWCA goodness flows, Major Monogram. There, see? See? You ruined it. You ruin everything. Just like I always say. Anyway, with this I'll blast Major Monogram, turning him evil! And then he'll, you know, join me as my sidekick. And give me access to the OWCA's vast computer network. Thus assuring my Tri-State Area domination. Every afternoon at this time, Major Monogram goes up to the OWCA's roof to sunbathe."
Doofenshmirtz,"Aha! Perry the Platypus, your timing is incredible! And by that, I mean, ""Completely credible!!"" But you've found yourself in a hairy situation! Because of the trap, it's...Which is a wig. Stop me if you've already made the connection. Anyway, you're just in time for my latest inator. Behold! I know what you're thinking. And, no, I did not invent a spray bottle, Perry the Platypus. Just stay with me through my backstory, alright? You see, I was reading The Danville City Charter...again, when I learned an interesting fact."
Doofenshmirtz,"I guess it is summer and we're in the desert, but I-I feel like it's unseasonably warm out here. I feel warm. Do you feel warm? Why do we always see cow skulls in the desert? And why do you only see the skull? Did the body die somewhere else? It-It makes no sense. Oh, I'm sorry, am I talking too much for you? Fine. I'll be quiet. I can shut up. I don't have to talk all the time. It's not like I have to fill the space.... If you want silence, I'll give you silence! You watch!... And it's gonna be deafening! Mark my words!"
Doofenshmirtz,"…When I really make all my money back, I-I-I could buy a bunch of east-facing real estate, and sell it again with a- Ha! You missed! Oowwww! Ow, ow, ow, owwww! Owww! Now, you are too late! Quake in your boots and watch helplessly, as the unimaginable electromagnetic forces pull the eastern seaboard, thereby reversing rotation of the- Well, that didn't work. And now, we have a two-ton ball of tinfoil traveling 200 miles an hour directly at us! Quickly! We must separate the magnet from the Magnifier before it's too late!"
Doofenshmirtz,"An inator so nice, I had to name it twice. Rather than move or shell out extra cash, I can use this device to create a holographic field around myself, impersonate the pizza delivery boy, and pick up my own pizza. It'll still be warm, but then I said ""Heinz, Heinz, you're-you're thinking too small. Why not be the pizza boy's boss?"", but then I said ""Heinz, Heinz,"" and-and I said ""what? I'm right here. Stop saying my name!"" And then I said ""why be the pizza boy's boss when you can be the pizza franchise owner?"" Uh-oh."
Doofenshmirtz,"Okay, Doofy-boy, time to govern-innate! Right on time, Perry the Platypus! This concerns you. I have just made it illegal to thwart the Tri-Governor of the Tri-State Area, which, ipso facto, is me. Go ahead, read it. It's all perfectly legal. Looks like your thwarting days are over, Perry the Platypus. Y'know, I-I-I really miss our good old thwarting days already. I-In fact, your presence here is making me far too sad and nostalgic. So maybe you better go. Just leave the way you came in. I'll bill ya for the carpet."
Doofenshmirtz,"Oh, poor little regular platypus. Did mean old Perry the Platypus stick you in there? Hey, why did you do… Perry the Platypus! I don't know how you escaped or what you did with the other platypus but here, these two-day-old bagels are harder than Bessemer steel! Have a nosh! And how about some potato salad! Take this marble rye! And here's some braunschweiger! And some pickled herring! And, ooh, a red onion! A Gunter Flagendorf? But how do you know that sandwich? He only made one movie and that was back in Gimmel…"
Doofenshmirtz,"So what am I gonna do with the Least-Likely-inator, you ask? Make my daughter obey me? Make my father love me? No, and double no! ...Well, maybe later. But first, I'm gonna aim this bad boy at City Hall and zap my brother the mayor. And he'll make a fool of himself in front of the legislature, which is the least likely thing he'd ever do. And the city will be forced to give the Tri-State Area to me, his next of kin! And don't tell me democracy doesn't work like that, Perry the Platypus. I don't wanna hear it."
Doofenshmirtz,"This backup of yours is taking forever. I have a travel chess set in my bag over there. Do you play chess? Over there, actually. Ha ha ha ha! I tricked you, Perry the Platypus! Do you like my Any-Flat-Surface-Magnet-Belt? It sticks to any flat surface. Hee hee hee hee. Guess what? There's no travel chess set in this bag, either. There was one of these in both bags, so whichever one you chose, you would be stuck. Just like I'm... stuck... right now. What, uh... wh-what time is that backup getting here again?"
Doofenshmirtz,"Behold, my Kind-of-a-Big-Deal-inator! You see, my ex-wife always says, ""Heinz, the world doesn't revolve around you,"" which I-I got to thinking, what if it did? So I created this gravity vest. These planets just coalesced from, I don't know, pencil shavings and dust and skin flakes, whatever was lying around, which, at first, was sort of cool, but, now it's becoming a bit of a problem, Perry the Platypus. Look, I quickly realized that being the center of the universe isn't really all it's cracked up to be."
Doofenshmirtz,"Okay, time to fill the void in the power vacuum. 'Cause you see, it's a-it's a real vacuum cleaner. No? Wow, e-either I'm off my game or you're just being stubborn. Ha ha! Sucks to bee you! We're back in business! Now, lemme just shut this baby—Oops! I almost hit the self-destruct button here! What? I-I install one on everything. It's my thing. I-I put one on my coffee machine, on my TV, I have one everywhere. Look, I even put one on my underwear. See? Look. Oof! Alright, that, uh...that was not pleasant."
Doofenshmirtz,"Y'know, come to think of it, it really should be called ""the All You Can Stand"", because Drusselsteinian food is terrible! That's the beauty of it. Nobody will be able to finish even one plate's worth! My profit margin will be HUGE! But, first, I've got to eliminate the competition, with this, the Eat-It-All-Inator! You see, it gives people a huge appetite so everyone will eat so much that all of these All You Can Eat places will go out of business! Then my restaurant will be packed! Maniacal laughter!"
Doofenshmirtz,"That's what I'm talkin' about! Yeah! P-Perry the Platypus, what are you doin' here? Y-You're not supposed to be here 'til step 3. You'll have to excuse me while I confer with my visual aid. I'm on stage, so I'm going to have to forego the long backstory. Suffice it to say, there was a judge's ruling involved, okay? Anyway, just take a seat in the back and I'll cue you when you're on. Perry the Platypus, ladies and gentlemen! You'll be seeing more of him later during the nemesis portion of the seminar."
Doofenshmirtz,"Okay, I'm back. Eh, who had the double espresso? There you go. And a caramel macchiato. Maggie. And I guess that means that Perry the Platypus had the... Yes, the oolong tea, of course. And I got a scone, but it was like, five dollars. So I only got one. Oh, you got little figurines. There's Harry, and Maggie, and eh, where's my little guy? Ah, that's sorta nice, it's... Oh, wh-wh-while you guys do that, I'll just be back...over... Alright, well, I guess I'll just be over... over here if you need me."
Dr. Doofenshmirtz,"Well, obviously, something's amiss. Uhh, let's review: The Go-away inator which missed the condo, should've zapped whatever it hit to an undesirable location. Let me check my undesirable location wheel. ""Stonehenge"", ""Burbank""... ""My Pants""?! Why would I even write that there?! Oh, I see, I got it confused with my dry-cleaning wheel. Oh, okay, but...why do I have a dry-cleaning wheel? ""I am a dry-cleaning wheel. Why do I exist?"" Perry the Platypus, be a mensch and push the reverse button, would you?"
Doofenshmirtz,"Hmm, I wonder who that could be. Perry the Platypus? Well, come on in. Wipe your feet if you don't mind. I just mopped the floor. Ha ha! Gotcha! That's what you get for having manners! Hee hee hee! Now, I bet you're wondering why my building has been turning 90 degrees every now and then. Well, that's because I was just testing out my 90-Degree-Turn-inator!! Eh, you like it? Y'know, it turns things. But only 90 degrees at a time. You see, back in Drusselste—y'know what? Just watch this documentary."
Doofenshmirtz,"Aw, looks like you might need my help after all! Lucky for you I brought a rope, with a dreamcatcher on the end! That's what you call style! Anyway, alright, here, catch. Uh, Karen, I don't think you're grasping this whole ""grab the rope"" concept. Can someone else get this one? Oh, great, now it's tangled in the... AAAAAHHHH!!! Wow! Did you guys see that? I almost got— Alright, minor setback. No problem. I'm just gonna have to come down there and get you myself. See, this is why I brought the raft."
Doofenshmirtz,"Ah, Perry the Platypus. How do you like my new Shoelace-inator? It's the perfect match for my new Carbon-Footprint-inator! I made it entirely out of carbon paper I kept from the 1970s. I always thought it was going to come back. Tsk. Shame. Anyway, people are always talking 'bout reducing their carbon footprint. I don't really know what that means, but it sounds evil. ""Carbon footprint."" So, my plan is to leave giant carbon footprints all over the Tri-State Area! Don't bother, it's double-knotted."
Doofenshmirtz,"Oh, great! Now I'm in the middle of nowhere! Now I'll never be able to take over the Tri-State Area before- The play. Wait, wait, d-don't leave me here! Uh, Perry the Platypus, please! It's important to me! A-And if this works out, I might give up evil for acting! Won't you give me that chance, to succeed at something that might very well turn my life away from the evil path? Do it for the kids. Do it for the orphans.... that I might perform in front of someday if I ever do a show in an orphanage."
Doofenshmirtz,"And he was really specific, too. He made me memorize the serial number of that particular lawn gnome. DAEHM23. If only there was some way to reunite him with, y'know, that specific lawn gnome, maybe he and I could start again. DAEHM23?! You found him with an online gnome tracker? Wow, there really is an app for everything now, isn't there? Well, let's see. It says it's still in Drusselstein! Now I can heal the old wounds between my father and me! Oh, man that is one of my most brilliant ideas yet!"
Doofenshmirtz,"Aha! Consider yourself marked down! Handy little shopping device, isn't it? Anyway, you're gonna love this segue, Perry the Platypus! All of my broken inator parts were messing up the feng shui of my apartment. Thanks, Larry! My feng shui consultant. To keep my chi in balance, I came up with this. Behold! The Back-to-the-Store-inator! Now instead of waiting in those ridiculously long lines at the return counter, I scan each item and presto! It's transported back to the store where I bought it!"
Doofenshmirtz,"And that's just my kitchen. What's this? A Universal Delete Button? Thank you, Perry the Platypus. Sorry, but deleting the video from every computer in the world isn't good enough. I have to erase it from people's minds too. Behold! The Read My Mind-inator! You see, whatever I think of appears on this screen in front. See? See? If I just hook it up to your Universal Delete Button like this… Voilà! Whatever I think of, I can push this button and delete it from every mind in the Tri-State Area!"
Doofenshmirtz,"Alright, Perry the Platypus, let's start by placing you right here. There you go. And then, I'll set the timer here. Mustn't forget to open the roof; a little something we learned from the Diarrhea-inator debacle. Right, Perry the Platypus? And set the timer for ten minutes so I can get to the steps of the Tri-State Capital building in time to lead my alien army! Ha! Oh, and don't get any bright ideas about thwarting me while I'm gone, because this inator, it's got a few tricks up its sleeve."
Doofenshmirtz,"But you know what? He turned it into a special! He actually charged more for it! And that is why I created... ...the Dough-Blow-Inator! You wear it! You see, this baby generates a powerful current of air which can hold pizza dough aloft indefinitely! Ha-ha! So now, I will challenge pizza boy to a pie-spinning duel at the Pizza Day Festival in Danville Park today. I'm gonna humiliate him in front of tens of people! And you are gonna have a front row seat. Plus, you really complete the look."
Doofenshmirtz,"Perry the Platypus! Oh, I-I-I didn't want you to se me like this either. Back! Back! No biting! No biting! Down. All my leftovers were wilted and soggy. Down! So I invented the leftover-revive-inator. It's over there. See? Behold. Behold. Ow! But I think the setting was too high because my leftover potato salad wasn't just revived, it was literally alive and aggressive. Ooh, Perry the Platypus, you can help! Keep this thing busy while I install a reverse switch. Ow! The celery chunks hurt!"
Doofenshmirtz,"Good to see you, Perry the Platypus! But you'll be lucky to see anything after y—Oop! Oh! I almost used my final zinger before I even told you my evil plan! Just put it out of your mind. Bzzt! It's gone like...like you've been zapped by a mind zap-inator....zapperinator or something. Hmmm. Anyway, you may be wondering why you're in an ophthalmologist's chair. Well, it seems that I've come into a bit of good fortuuuuune! Some technology of mine is being used in eye examination equipment..."
Doofenshmirtz,"Ah, Perry the Platypus: snared in my trap. Ha! Drum pun! I realized that all this time I was planning to become ruler of the Tri-State Area, never took into account the fact there is no actual position. I should have spent my time creating one. And, if I create it, no one will know about it. I will run unoppo whoooa! That was close. Then I'll easily win, and take over the Tri-State Area. With that in mind, be- hooooooooo... Behold: The Tri-Governor-inator! Wow, an actual drum roll. Ay-ah!"
Doofenshmirtz,"Ah, Perry the Platypus, as you can see I've been struck by hooping fever. Go ahead, try it. Like this, yeah. Now do this, with your arms down. Oh, finally! My hips were about to fall off. Behold, the Alien-inator! It's a projector that will transmit holographic images of space aliens onto the steps of the Tri-State Capital. Then, when everyone is scared witless, I will emerge in my king of the aliens costume and seize control of the entire Tri-State Area. Hee hee! I'm gonna go put it on."
Doofenshmirtz,"Uhh. Oh, wow, Perry the Platypus, I just had the freakiest dream. You know those dreams that seem logical while you're having them but are total nonsense when you wake up? I-I think I was some kind of 1940s business beaver, oh, and, uh... Oh, I might as well get these three useless things out of my lab and push them out onto the balcony and... Wait a minute! I've seen this before! In my dream! That's right! It's only really effective if I put them all together! Hey, hey, Perry the Platy—"
Doofenshmirtz,"But here in the new world, we embrace change! Apparently. And that's why I came up with the Resolution Changer-inator! Cleverly disguised as a bow tie! When I turn it on at the stroke of midnight, it will make everyone change their resolution from whatever it was, like, I don't know, ""I-I'm gonna lose weight,"" or, ""gain a limb,"" or whatever, to, ""I'm going to make Heinz Doofenshmirtz my leader and obey his every command."" That will be their new resolution. All right, Norm, how do I look?"
Doofenshmirtz,"How do you like that, Perry the Platypus? Love Händel, in my flashback! I know people. This year, it's going to be different! W-W-Wait right here, I'll show you! Behold, the Kickinator 5000! Could you help me practice, please, please? Just take the ball and go over there and then just roll it to me. Go ahead. Any time. I'm ready. Well, you—you threw it too early! Couldn't you tell I wasn't ready? Come on, try again. O-Okay, do it right this time. It's, uh, you know, it's a process."
Doofenshmirtz,"Perry the Platypus! Oh, this is perfect, I want you to meet my new friend, Steven the platypus! You guys- Huh? He's gone! I- I didn't even get a chance to say goodbye... Steven! We were just talking about you! Hey, I'd like you to meet Pe- Now where did he go? Oh, I really wanted you to meet him. Hey, maybe you know him! It's...not that I think platypuses all know each other or anything, It's just that I thought that maybe you might, you know, run in the same crowd or something."
Doofenshmirtz,"Waah! Oof! Perry the Platypus! You scared the dunkelschtup out of me! Don't you know it's rude to bust in on someone's new home unannounced and... A housewarming gift? Oh, how thoughtful! How thoughtful. Thank you. Look, Perry the Platypus, as much as I hate to admit it, I'm not really up to anything terribly nasty today. So, you're welcome to chill out here for the day. It's nice, huh? Huh? What do you think? If you need, I'll even sign something that says I was up to no good."
Doofenshmirtz,"Hey! I was talking! Take that, and that! Hey let's see if you can take a couple of hits, from the 70's! Ahh, that takes me back... Hey where'd you go? Yow! Wh-Wh- Is that a shark's head? Are you trying to make me cry? Wait-wait-wait hold on one second here, just a second. It occurs to me that all this machine does is open and close a lobster cage so, you know it's not even evil, much less illegal. Besides, I've run out of clever fighting puns so... Curse you Perry the Platypus."
Doofenshmirtz,"You see, Perry the Platypus? Your efforts to stop me have been fruitless. Heh fruitless. Y-you like that? Yeah, that's a good one! Fruitless? Next time you'll ""leaf"" me alone! Heh heh heh. Yes, Perry the Platypus, I sure can be a ""fungi"". Get it? Fungi? Plural of fungus? Heheh... it's a... Heh...Yeah... Anyway, grow my green minions and get him! Hey, wait not me, not me... Hey, wait, don't- don't be fresh... I gotta shut this thing off... this has become a thorny situation I..."
Doofenshmirtz,"It can't miss! Anywho, I'm going to enter it in the Danville Film Festival today. There's...Th-There's only one small hitch, turns out it's Danville's Young Filmmakers Festival. You have to be less than fifteen years old, but no matter. Because, behold, my De-Age-inator. With this I'll turn myself into a fourteen-year-old boy, submit my film to the festival, and sit back as the people of Danville are convinced that I must be installed as the leader of the entire Tri-State Area!"
Doofenshmirtz,"R-I-D-E, colon. Password? Oh, good! I'm r-really good at passwords! Okay, let's see...Uh, how about, uh, ""Reindeer flotilla"", ah, and send. Ha ha! Yes! Now, I'll just take this deed outside and I'll be the ruler of the— Perry the Platypus?! And your little dog, too?! You're both persistent, I'll give ya that, but the security system is offline and there's nothing you or your little dog friend can do about it! Y'know, unless, one of you happens to be really good with computers."
Doofenshmirtz,"So with my weakness for high-carb sweets, there's really no other choice but to get rid of the bridge to the Fireside cupcake factory. And my Metal-Destructinator can turn any metal object into broccoli. I know what you're thinking, why broccoli? But, w-well, y'know, it's healthy. It's like the opposite of what I'm trying to get— It's—It's poetic justice. It's—Well, it's not—not justice, exactly... Poetic evil. It's poetically evil. Now, to make some last-minute adjustments…"
Doofenshmirtz,"So, to recap, I rotate the dark side of the lunar surface towards the Earth, eliminating the full moon, and corner the market on evil! What? It's genius. Why are you looking at me like I'm an idiot? Would an idiot build...THIS? Oh wait wait, not that, that's just a cork with a jellybean taped to it...but don't judge it, it's a layered idea. Now behold, the Lunar Rotat-inator! Oh wait, wait, it's not up there yet, hold on. wait, almost there. Okay, there! Now you can behold!"
Doofenshmirtz,"Behold, the vaporizer-inator! I know it's a chicken balloon, but it was on clearance, and it has nothing to do with the scheme. Unless... Unless you wanna vaporize chickens for some reason, which I am not opposed to. Anyway, the vaporizer-inator, you point, you click, whatever annoys you is gone, vaporized. Because, as you well know, a lot of things annoy me, Perry the Platypus. I'll show you. Cell towers that look like trees? Vaporized! Mannequins with no hands? Vaporized!"
Doofenshmirtz,"For a time, I was happy. It was a short time, it was... riiight... there. It was like five seconds when I was pushing the thing back and forth on the rug. And soon I learned my parents were expecting a brand new baby girl. My mother spent months knitting pretty dresses. U-Unfortunately, the baby turned out to be a boy, and because we were out of material, I was forced to wear those same dresses for an entire year! Drawing mockery and scorn from all of my manly classmates."
Doofenshmirtz,"Oh, don't be a baby. You've got plenty. At least for the next ten years. Let's see genetics at work, shall we? Now, all of the information that makes this young man who and what he is is stored in these DNA strands in every cell of his body. The-The genetic code is very delicate. See, now, if we move this base pair over to here, he would have been a gorilla, or you know, maybe a lizard. Y'see, there's this whole world of things going on, too small for us to even notice."
Doofenshmirtz,"Y'know, maybe I should've thought before blurring my own vision. It was very short sighted of me. Hey-Hey, can you make that ""digga-digga-digga-digga-digga"" sound for me? That was a lucky kick, Perry t— Wait, I just need to blast myself again and I'll clear my vision and get the jump on him. Hey, hey, you jumped on me! You used my own turn of phrasing against me! Wow, irony! Really? A stack of buckets? That'll teach me to randomly stack buckets in the center of my lab."
Doofenshmirtz,"Gentlemen, I have a unique investment opportunity for you. I'm sure you're all aware of the popularity of monster trucks, right But you know, they are not really monsters, just big, stupid trucks! So, I came up with my own line of monster trucks! Behold! Very evil, don't you think? And there's even one that looks like me! Look, look! We'll corner the markets! And just to be sure, I have created: The Monster Truck Away-inator! You know, to do away with the competition."
Doofenshmirtz,"PYRAMIDS OF EGYPT! I traveled there to, you know, discover the hidden secrets of the PYRAMIDS OF EGYPT! And then it hit me! The answer to my quest was staring me in the face. Hidden in those hieroglyphics was a seemingly random series of musical notes. You see, the PYRAMIDS OF EGYPT! were built with the help of alien intelligence. The Egyptians learned how to play a cryptic guitar solo that would summon an alien armada to help them perform feats of mind-blowing power."
Doofenshmirtz,"Perry the Platypus, what are you do- Okay, playtime's over! Norm? Behold, the Backstory-inator! You see, evil is born from pain and loss, but reliving one story at a time was not getting me anywhere! Now with this, I can collect the liquid essence of all my pain and suffering! And when it's all full, I can re-inject it into myself, making me the most powerfully evil person that has ever lived. Then nothing can stop me from taking over the entire Tri-State Are-aaugh!!"
Doofenshmirtz,"It was called Night of the Felis. I knew right away that the old masters were onto something. Imagine taking something cute, and enlarging it to frightening proportions. Brilliant! But in order to take over the Tri-State Area, I had to start with some other type of small animals, preferably, something that could fly. And I vowed to get right to work...as soon as the movie was over. The first thing I needed to do was create an inator that would make things larger."
Doofenshmirtz,"Okay, fair enough. Whooa!! Wow! You know, I really shouldn't have ignored the ninety-seven percent of customer feedback that says he tends to go rogue. So, I g- I guess we should introduce ourselves. My name is Dr. Heinz Doofenshmirtz and you being a platypus, you can't talk to tell me your. . . y-you know, I'm just gonna call you Steven, is that alright? You look like a Steven to me. Bacon! What luck! I have really worked up an appetite with all this eluding."
Doofenshmirtz,"Ha-ha! Oh-ho, Perry the Platypus. I can't believe you fell for that old fake window trick. Ha-ha-ha. Whoo! Wait a second, how did you...? Oh, I can't believe I fell for the old fake Perry the Platypus bit. That was pretty good, Perry the Platypus. I gotta give you props on that one. I know, I know. You're wondering about the hat, right? It's part of my new magic kit. Ever since the seventh grade, I have wanted to be a magician. But it was a pretty tough road."
Doofenshmirtz,"Yes, yes, it was just a dream. I... I'll explain. Have you ever noticed that everyone always wants to tell you their dreams, and... and they're so boring? They just go on and on and on and on. And... And there's no character development. There's nothing that's hooking me into the story. I'd rather just wait for the movie. And to that end, behold, my Dream-Project-inator! Y-You'll never guess what it does. It projects people's drea— I-I guess it's in the name."
Doofenshmirtz,"See? It duplicates everything eight times. When I zap those streets there will be eight times the traffic, and Danville will come to a standstill! That's where I will make out like a bandit. See I bought this tow-truck off the internet, I'm going to call it the ""Tow-inator"" or something. And open a service, and then I'll go and… 'Course it'll be hard for me to drive anywhere, with all that traffic. But you know- T-that's a bridge I'll cross when I get there."
Doofenshmirtz,"Yeah, no, we already had the trial. The judge gave me a choice of doing hard time or community service. So, here I am, ready to impart upon these young, sponge-like minds all my vast knowledge of evil sci—I-I mean science. That's right. Regular old science. No evil at all. In fact, I've crossed out the word ""Evil"" whenever it appears in my old textbooks. So, this should be a piece of cake. Hi, sweetie-kins! Thank you, Principal Lang. I can take it from here."
Doofenshmirtz,"Oh, why do I do this to myself? I'm not even thinking about hot dogs and I just walked by this place and it's like I lose all control. Ich! But by the third bite, you're committed. Wait, is that—Is that Perry the Platypus? Well, he is an animal. Maybe he's got worms or something. He should watch what he eats. Hmmm. What is he doing? Look at him over there, protagonizing. Now I have to go over there and antagonize! Eugh! Oh, one more bite. Oh, I hate myself."
Doofenshmirtz,"That was me! Th-Th-That was me! I drained the power from those superheroes! Winning! Ooh, ooh, I-I should update my evil blog on the L.O.V.E.M.U.F.F.I.N. site! OMG!! I drained all the powers from a group of superheroes all the way in New York, and those powers belong to me now! Happy Emoticon And send! Norm, let's get the powers out of the canister so I can start wielding them! I-I can't wait to fly and run fast and carry a big hammer around for no reason!"
Doofenshmirtz,"Yes, yes! Just look at my bounty of gnome riches! Oh, this is a strange one. Wait, who are you? ... A platypus? ... PERRY THE PLATYPUS?! You are mine now! Oh no, wait, wait, wait. That was the garage door opener. You are mine now! And that was the TV remote. I've got to start labeling these things. Aha! You are mine now! Finally, I will rid myself of you! But first, turn your attention to the giant screen and… Hmm, maybe I need to turn the cable on first?"
Doofenshmirtz,"Ah, Perry the Platypus, you are too late. W-Wait, is it eleven o'clock yet? Wait. Now! Now you are too late. So Perry the Platypus, tremble in fear before the most twisted, nightmarish creation the world has ever known! The Ball gown-inator. You see? It's hard to fight when you're in a ball gown. It's portable too. Ooh, you look so elegant, like you're going to a cotillion. It's a word, it means dance. So, why would I create such a device as this? Hm? Hm?"
Doofenshmirtz,"Hold on, I'm coming! Another gift basket? ""**We regret to inform you that due to The Regurgitator's recent evil behavior, you have been downgraded to a minor threat. If you believe this to be a mistake, please fill out the included appeal.**"" A minor threat?! Regurgitator. Ugh, well there's a lot of weirdos out there. Oh, here we go. He has his own blog. ""The World's Most Evil Villain""?! Who does this upstart think he is? It's time to show him who's boss!"
Doofenshmirtz,"Oh that's ridiculous, Rodney. What you'd have me believe is that daughters are useless, and if only I had a son instead of a daughter, I'd be much more successful, and my life would be so much better. Wait—No, Vanessa— No, wait—Wait! How long have you been standing there—Vanessa? Vanessa, honey! Oh I can't believe that she would think that I— I mean, sure it would be nice to have a son in addition. You know, someone to have a nice game of catch with, but—"
Doofenshmirtz,"I just realized something about myself; apparently I run faster than a panda bear, but not quite as fast as a platypus. Eh, who knew? You really do learn things about yourself in times of crisis. Wait, wait, turn left up here. That door must be the way out. Balloony, it's you! Oh boy am I glad to see you. Uh chill guys, Balloony and I go way back. So Balloony it's a good thin- Well it's been nice catching up, but uh- RUN! I think I misjudged his devotion!"
Doofenshmirtz,"Oh, wait, wait, ho-hold that thought, sweetie-peeps. A-as long as my Do-Over-Inator is on, this day could start all over again. I could lose it all. So, so, you know. Go 'head and start packing your stuff. I'm just gonna run over and turn off my Inator. We're, we're movin' on up, Kiddo! Hey! Well, uh, I didn't see that coming, but it's gone, so I guess that's the end of the looping! And now, everything's gonna be hunky-dory, 'cause I'm in charge, baby!"
Doofenshmirtz,"It's the box those flea collars came in. And there's his return address. ""The Bottom of the Grand Canyon."" Hey, hold on a second. Parenthesis! I know that guy! I met him at an evil convention about three years ago. Walks around in those pink slippers pushing his screenplay on everyone. Sure. And now we got his home address! Perry the Platypus, we should go to your secret lair and get your hover car... Okay, fine, just... Just remember it was my idea!"
Doofenshmirtz,"Oh, man, how many different kinds of on-off switches can there be? I mean, look-look at this. An octagon? One shaped like the Statue of Liberty? That doesn't even make sense. Oh, and here's one. The exact same size and shape that I'm looking for except it's upside-down. I mean, the words are actually printed upside-down. What kind of a dummkopf would invent an upside-down... switch...that... I did it! Time to find out what this bad boy can do! On."
Doofenshmirtz,"Aha, a gelatin monster. I knew there was going to be something fun. Get him! Now you can bow down before my cartilaginous creation. It's so corrupt and cantankerous and carnivorous and, uh... Uh, low in calories and ca– Ca– Cow– Couch. Hm. Ah, that's all I got. My Turn-Everything-Evil-Inator! My monster! No! My beautiful, fruit flavored monster! You come back here, Perry the Platy- Whoa! Oof! Mm. This isn't the toothbrush I use to brush my teeth."
Doofenshmirtz,"My new nemesis toy! Go run my bubble bath while I open it. I wonder which one it is. Oh, not another platypus. I was hoping for something more like Manny the Mongoose or something. Hey, let's see if it lays eggs. PERRY THE PLATYPUS?!?! Say hello to my little friend! My new Straitjacket-inator! Haha! it was tailor-made just for you by my other little friend. It may be small, but it's stronger and smarter than Norm and it's so much more efficient."
Doofenshmirtz,"Who's tap tap tapping? Is that that pesky raven again? Oh, big surprise! Perry the Platypus! And by ""surprise"", I mean completely... Uhhh... uhhh, I got nothin'. I was really expecting the raven. I'll be honest. And by the way, you're trapped in an invisible box! Yes, I know, I trapped you before in an invisible cage, but this is different! It's a box! It's all part of my evil plan to rid the world of annoying mimes! You see, recently, I was..."
Doofenshmirtz,"And when the chickens hatch, that's when the marshmallows kick in. Oh, oh boy, this one really taxed my brain. I-I'm telling you, I am pooped. Anyway, forget the details, the circles are touching so the plan can't miss. Now, I've got a pretzel problem, and I'm about to straighten it out. Hahaha, you see? 'Cause they're-they're pretzels, they're twisted, they're not straight. It's- You like that one Perry the Platypus? I've been saving it up."
Doofenshmirtz,"Bingo! City Hall! The first step of my conquest of the Tri-State Area! No longer will I be made fun of by small children and their silly jokes that mock me! Like, ""Knock knock!"" ""Who's there?"" ""Doofus in a lab coat!"" ""Doofus in a lab coat who?"" And then they hold up a mirror. That-That's not even a punchline! It's this—Uh, nevermind. They will all soon learn to fear the name of Dr. Heinz Doofenshm— Hey, come back here! You guys are my army!"
Doofenshmirtz,"Now that I'm old enough to buy my own, I'm disappointed by the shabby quality of the cheap model reproductions. Which is why I'm going to travel the globe and shrink the world's greatest architectural treasures. Just to put them in my train set, see? The Shrink-inator ray is for the shrinking, the cardboard box is for holding the shrunken treasures, and the bicarbonate of soda is for my motion sickness. First stop: Cairo, Egypt. Wrong way."
Doofenshmirtz,"I came upon an online auction for a Super Multi-inator. I wasn't even sure what it did, but you know Zupermuhltienator was my grandmother's maiden name. It was a sign. I had to have it, but then something terrible happened. A pop-up ad kept me from hitting the ""Bid now"" button. It really hit me where I lived too. You see, I always hated advertising ever since the early '80s when I did a little product modeling to finance my first -Inator."
Doofenshmirtz,"Am I getting warmer? Hmm? The sofa. My keys fell between the cushions, right? Uh, no. Oh, come on! I defeated you fair and square, Perry the Platypus! Why can't you accept your death with dignity and maturity and play ""You're getting hot or cold"" with me? Fine, be that way. I'll find my keys myself and teach you the meaning of grace under fire. Please! I'll do anything! Oh, for the love of Great Caesar's ghost, what would you have me do?"
Doofenshmirtz,"When I was young, I entered a science fair with my very first Inator. I-- I wasn't very clever with names yet. It was just, you know, Inator. Just as I was about to demonstrate my invention to the judges, a kid with a baking soda volcano stole the show! The next year, I tried again with my even bigger Inator. And again, my thunder was stolen by a baking soda volcano! I had enough of science. I decided to devote my life to poetry instead."
Doofenshmirtz-2,"Oh, no, you don't! Ha ha! Now the baseball is on the other foot! Or however that saying goes. I'm not-not really sure... Hey, hey! Where are you going? You know, all that's going to happen from you guys coming up here is that I'm going to have a brand new Platyborg! Hehehe! And maybe even a Boyborg too, huh? Try saying that five times fast: boyborg, boyborg, boyborg, boyborg, boyborg, boyborg... eh, I guess its not that hard. Never mind."
Doofenshmirtz,"Hey, I think you're eh -- Heh heh, see, this isn't me. This is just the superhumanly attractive male model that came with the frame. I mean, really, look at this guy, right? That's funny, he's wearing a lab coat just like me -- Oh, this is horrible! I can't be handsome! It's -- it's everything I despise! Don't you understand? Beautiful people, they—they just get everything they want in the world. I mean, watch this. Hey, lady, nice baby."
Doofenshmirtz,"Don't close that door! Oh, that's just great! The storms made my security system go all cuckoo, and you just locked us in. Well, you might as well make yourself comfy, 'cause we're stuck in here till the power comes back on. Ooh, quite a storm, huh? Reminds me of a story Papa Doofenshmirtz used to tell me to scare me into wetting the bed. That prankster! It began a long time ago with my great-great grandfather, Dr. Jekyll Doofenshmirtz!"
Doofenshmirtz,"Phew! This whole evenly matched thing is exhausting. How about we take a short break? Do you ever get tired of lugging this big tail around? I mean, sure, it's great for fighting, but it's kinda weird for sitting and stuff. I just figure I'd ask you 'cause you know, you would know. Uh, sugar or agave syrup? Here. I don't know if this is fur or really tiny feathers. I can't tell. It's so warm, but it breathes. Well, back at it, I guess."
Doofenshmirtz,"So, Perry the Platypus, I hope you didn't come here because of all the holes, because the Metal-Unearth-inator is not even my final plan. May I present to you my real plan? It's the All-Purpose-inator! You've heard of a man's man? Well, this is an inator's inator. It does everything! Of course, once I activate it, it will make all my other inators obsolete, but, uh... I guess that's progress. Unfortunately, I ran into a little snag..."
Doofenshmirtz,"It takes a long time to clean out a chicken coop with a spoon. And I still don't see how that was rude. I mean, th-that thing was gargantuan. If anything, I was showing restraint. Anyway, today, it is International Good Manners Day, and we've got a visiting dignitary. She's the ambassador from England! Only the most etiquetty country in the whole world, hello! And when Roger's introducing her, I'm going to zap him with my Rude-inator!"
Doofenshmirtz,"I was young and in love with a beautiful girl. She taught me how to see the beauty of life, and I taught her how to hold a petty grudge. She was very interested in whales, for some reason. In retrospect, it was probably more of an unhealthy obsession, but to win her heart, I created the Whale-Translator-inator! I rented the best oceanographic vessel that I could afford, and we headed out. But when I turned the Translator-inator on..."
Doofenshmirtz,"This is nice, huh? You know, I was thinking the other day about how much better you would be as an ally. So I created this. I call it my Turn-Everything-Evil-inator. Now, you just sit still. Okay, great. You know, after I turn you evil, we can use it to create a whole army of evil minions. Won't that be fun? Hold still. Hey. Stop it! Wait! I'm beginning to think you don't want to be allies at all. I'm not trying to make it personal!"
Doofenshmirtz,"We should study up, Perry the Platypus. It's like they say, ""Know thy enemy."" I don't know who says that. Bu-but look, mantises have long necks, triangular heads, and bulging eyes. Ooh, kinda like me! Mantis fact! Did you know that mantises are the only insects who can see in 3D? Mantis fact! Look, my inator! Ugh, the battery's dead. Ooh, Perry the Platypus, you've got to try my homegrown rhubarb. Here, I'll break you off a piece."
Doofenshmirtz,"I am not kidding, leave those alone. I-I just don't understand it, why would you take my lunch, when you're in the dining car and you can have your own lunch. Oh it makes me crazy when people pick at my food. Seriously, why is your hand out like that? You-I'm seriously going to lose it. I'm-I'm- Aw, now you're both doing it!? Stop it! Stop it! Oh no, not even taking now but squishing! I can't take it! Wha- **Get your own lunch!**"
Doofenshmirtz,"Hello? Oh, Perry the Platypus. What do you want? Oh, a gift for me? Oh, how sweet of you! Oh, what's this note attached? ""Congratulations, Dr. Heinz Doofenshmirtz, on defecting to the good side""? Oh no, not you, too! The-The TV's been repeating that news footage all day! First of all, I'm not going to the good side. Second, I'm going to keep this basket. There's a lot of goodies here. Third, let me tell you what really happened."
Doofenshmirtz,"Enjoy your little welcome-to-Danville luncheon, ladies. For soon, Grulinda, you shall taste the wrath of my-- Perry the Platypus?! Oh, before I forget, I got you a little lair-warming gift. Ha ha! You fell for the old spring-loaded-cable-trap-hidden-in-a-ring-box trick. What? Th-Th-that's a thing. Obviously. I bet you're wondering why I'm spying on a garden party. OK, maybe you're not wondering, but I'm going to tell you anyway."
Doofenshmirtz,"Ha! Close, but no... Cigar! See, Perry the Platypus, my new jet rocket skiff has more hidden traps than... Um, uh—What's something with a lot of hidden traps? Huh, wow, I felt so confident going into that sentence. Man, okay. Anyway, you might be wondering why I got such an early start on my evil scheme today. You see, my dating life has been a seemingly endless series of disappointments. And it all started at a drive-in movie."
Doofenshmirtz,"Everything is going— Everything is going according to my plan! Soon, Danville will know what it is to be trodden upon by true genius! I think I'll start with a pond or some bushes or something. You know, to-to beef up the whole anti-environmental theme I've been dancing around. Wait, where was that from? How did you get out of that double knot? Hey, you like the window? I just had it installed! Sayonara, Perry the Platypus!"
Doofenshmirtz,"Okay, technically, it's my fault. But if you weren't sitting around in a cold alley whining to rats and feeling sorry for yourself, this whole situation wouldn't have gotten so out of control! Before, I was a regular evil scientist, and now, suddenly, I'm part of this big organization of supervillains bent on world domination! I'm not comfortable with that! The point is you should've been there to stop me! And you weren't!"
Doofenshmirtz,"Ah, Perry the Platypus. I'm glad you're here. Actually, I was just getting ready to serve some **platypus under glass!** You're just in time to witness my latest invention... my Deflate-inator Ray! Which I will demonstrate by deflating all the tires of the Jefferson County Motor Speedway! After which, I will deflate everything in the Tri-State Area! That way, if anyone want's anything flated, they will have to talk to me."
Doofenshmirtz,"So, Perry the Platypus, in order to rid myself of that horrid, bearded statue, I've invented the... Ugh. Perry the Platypus, this is so heavy. Can you just step out for a sec? I've invented the Bread-inator! Not only will this machine emit a ray that will turn Mr. President into whole-grain bread, it will also release a flock of hungry magpies that will devour the doughy statue! Beard go bye-bye! Ow, ow. Aw, my evil head."
Doofenshmirtz,"Whoa...check it out, Perry the Platypus, I...I'm totally beating you inadvertently. And when I say inadvertently, I... I mean completely vertently...ha ha...you know, fighting you makes me feel a little better. It's a... it's a good feeling. Like a comfy old sweater or something...like an old friend. Yes... like a comfy old big woolen friend named Joy C. Terrific from the hinterlands... I'm literally just blathering now."
Doofenshmirtz,"Ah-hu, hah! I can see by the confused and somewhat annoyed look on your face that your little mammal brain is working overtime trying to figure out how I anticipated your every move, not to mention the purpose of this... hamster ball. Well, it's simple! See, this protects me from when you eventually escape from that! Like, like that, but you can't punch, kick, or otherwise bruise me, because I'm safe inside of thii-oooo"
Doofenshmirtz,"Ha ha, everything is ready! Oh, what is it now? Oh, are you my new temp? Well, let me just get you up to speed. I know it's bit of a mess. I'm just putting the finishing touches on my latest maniacal plan. You see, in a few minutes, I will unleash an unprecedented reign of terror upon the entire... ...Tri-State Area! And Perry the Platypus will never be the wiser. Perry the Platypus? You're a temp? Are times that hard?"
Doofenshmirtz,"I know what you're thinking, ""But Doof, you have a terrible singing voice!"" Well, feast your eyes on this little baby! Ta-da! I call it the Yodelinator! Pretty cool, huh? Oh-Oh, right. You just think it's a big cowboy hat. It is so much more! See? Huh? See? It's designed to make my singing voice sweet and mellifluous. So, my first gig is in an hour. Come on, you can help me hand out fliers. Everyone's going to love me!"
Doofenshmirtz,"See, during my teen years, I was very adept at hand shadows. It was great for entertaining at parties, and for meeting Fräuleins. But then one day, there was a new puppeteer in town. His name was Hans, and his hands were huge. We called him ""Huge Hands Hans"". His puppetry was garbage, but unfortunately, it was good enough for my Fräulein. I lost her to a boy with bigger fingers, and I never did a shadow puppet again."
Doofenshmirtz,"Of course, that was just a toy. Let's try it out on a real monster truck. Huh? Which brings me to my next invention. The Monster Truck Locate-Inator! Perry the Platypus? Guess what? That's not a monster truck locate-inator at all! It's a Chinese platypus trap! I got you. Here's the real Locate-inator! Okay, now, where is the nearest monster truck? Yes! Right here in Danville! Okay, everybody, get in me and we'll go."
Doofenshmirtz,"Hey! For Pete's sake, I'm pontificating here! Sheesh! Okay, okay. Long evil plan short, I wanted to ruin Roger's day. You see, he's officiating at an ""Everyone's A Winner"" beauty pageant. Ugh! That's so him. Uh, my scheme involved domesticated squirrels, paper doilies, and those containers that pantyhose used to come in. You know, about this big? But, uh, I couldn't figure out a way to make them all work together..."
Doofenshmirtz,"Okay, I think I finally got the right one. Now, Perry the Platypus, you will finally understand… my PAIN! Back in Gimmelshtump in the days of my youth, the Doofenshmirtzes were a proud family. But those were lean times for my father and our beloved lawn gnome was repossessed. Who would protect our zatzenfruit garden from witches, spells, and wood trolls? From a tender age, my father decided that it would be me."
Doofenshmirtz,"I can't believe how lucky I was at that garage sale, someone's personal collection of on-off switches. Score! Hmm, looks like this one doesn't fit, more where that came from. Nope. How 'bout this? Come on, Papa needs a brand new -inator. Oh! what the--? Perry the Platypus, are you making your own keys now? Oh, you like all the stuff I got at the garage sale huh? Want to know what else I got? This lobster trap!"
Doofenshmirtz,"Jump. Jump. Jump. Jump. Jump. Jump. Jump. Jump. Aww. Oh, sugar crash. Oh! The Bring-out-the-Dessert-inator. it must be almost time for Roger's dinner party to begin. Haha! Sugar crash! There she goes! And you can't do anything about it, 'cause you're on a sugar crash. Wait! What-what's that? Protein, and carbohydrates? No, well don't eat that! No! Okay, but, but let's do that jumping thing again sometime huh?"
Doofenshmirtz,"Welcome Perry the Platypus. What took you so long? I'm speaking to you through this amplifier right next to the self-destruct button. The rocket will soon be in orbit around my brother's house, ready for the next dinner party. And you can ride that rocket until your tail falls off, I don't care. Or until you find the self-destruct button which is right next to Aw, dang it! Curse you Perry the Plat-- ...typus."
Doofenshmirtz,"Alright! Put your pseudopods down. Hey, what's that? My De-Evolutionator. Right here on the ocean floor. If it's still working, I can throw it into fast forward, and evolvinate back into my former wickedness! Ah, it's a good thing I installed this molecular scale control panel. It seemed frivolous at the time, but I'm glad I did it. And... Ugh. Phew. It's strange that my underwear and socks evolved with me."
Doofenshmirtz,"She's new. Anyway, at this very moment, termites from all over the Tri-State Area are being controlled by me! Using my Termite Controlling Helmet. See? See? They have cute little helmets just like me. I don't want to tell you how long it took to put them all on. So, watch this! Soon I will have them devour all of the wood in the entire Tri-State Area. Then everyone will have to buy Aluminum Siding from me!"
Doofenshmirtz,"My cellphone alert says there's a new platypus video online that's trending. Perry the Platypus! And Agent Lyla? On an old time-y-- Oh! Ha! Bet you can't do that. I learned that in the 80's. I also learned how to back away slowly on a newly installed escape platform! Haha! So long suckers! And now to watch my evil plan play out from the observat-- This, this is an observation deck? Chairs nailed to a roof?"
Doofenshmirtz,"Here, I'll show you how it works. Okay, Perry the Platypus, how'd you like to trade places with a hungry, man eating shark? Oh yeah, you're semi-aquatic. Well, I've got some other tricks up my sleeve. Like switching places with a- Ow, aw man, I did not see that coming. Okay Señor pantalones inteligente, that's, Mr. Smarty Pants... Spanish. ""Tanks"" for playing Perry the Platypus. See ya' around. Hehahaha!"
Doofenshmirtz,"What are you looking at, Perry the Platypus? This is a great job! And look at all I've accomplished. I mean, just today, I organized his evil invoices, swept his evil lair, picked up his evil dry cleaning. A-A-And look, I even had the time to do this, see? ""Best Boss."" And if I do a good job, I could be promoted to head assistant in just three months! Where are you gonna be in three months, huh, huh?"
Doofenshmirtz,"Ahh, Perry the Platypus, welcome to my evil space station! Wait, did you hear that? That ""cookie"" part? I think my echo is broken, I really do. Any who...have a seat. I've set up a presentation for you. Ten years ago I was backpacking across Europe, when I came across a group of Canadian college students. Dylan was the most popular among the group, but-but I was the oldest, so rivalry was inevitable."
Doofenshmirtz,"That's your emotionally scarring backstory? That's your great tragedy? Dude, I wa-I was raised by ocelots. I mean, literally. Disowned by my parents and raised by Central American wildcats, and-and you're telling me you lost a toy train? That's it? That's all you got? Really? I had to work as a lawn gnome, I was forced to wear hand-me-up girl's clothing, neither of my parents showed up for my birth!"
Doofenshmirtz,"Oh, man, if I wasn't so hungry, this would be horrifying. Well, you may have shredded it, but you haven't stopped it! Oh, I see. I don't know how I forgot that cheese was edible. By the way, I believe you're over the five-second rule there, Perry the Platy— Ow! Well, I hope you didn't leave room for crackers! Crackers, go get 'im! Why do I have six boxes of oyster crackers? Must've been on sale. Eh?"
Doofenshmirtz,"What? I said, ""pseudo."" Anyway, once I collected enough elixir, I put it in this: my Warthog-Sprayer-inator! See? There's a method to my lameness. I'm gonna find out when Roger's on stage and then I'm gonna turn him into a warthog in front of everybody! That will remove him from power because of the aforementioned Warthog Nepotism Act. But, y'know, the embarrassment is just a...it's a cherry on top."
Doofenshmirtz,"And I never saw Balloony again. He's still out there, somewhere. Not to put too fine a point on it, but I put that Long Lasting spray on him. So he's still around. And I plan to bring him to me! Balloons, you see, are drawn to static electricity, so I created this. Behold the Static Electro-Amplif-Inator! Upupup! Keep-Keep beholding, keep beholding, beholding, and we're still beholding, and scene."
Doofenshmirtz,"Perry the Platypus? Hahaha! You like that? I call it my ""Indoors-inator"". I got the idea from the Perry-shaped hole you left in my wall, and in my bathroom door, a-and in my fridge. Man you were hungry that day. Anyway, here's my evil plan. Ta-da! I'm calling it the ""Duplic-8-inator"". Get it? Duplic-, then the number ""8"", then -inator. I bet you're wondering what it does, huh? Here I'll show you."
Doofenshmirtz,"I could eat this health food all day. Just look at this lifelike glow I've acquired. I'm the picture of health! And all from eating nothing but this... ah, I don't know what's under here, but I think it's a vegetable. I'm as strong as an ox! But nobody else will be after I fire off my Junk Food-inator. I should really refill this. But you know I'm- I'm so tired. I should really take a nap first."
Doofenshmirtz,"Ha-ah-ha! Perry the Platypus is out of the picture. I'm Perry-free for the rest of the day. I'm sans-Perry. I am platypus-less. And now, because I still need to get it out of my system, behold! The Ultimate-Evil-inator! Isn't it ugly? You see Norm, it occurred to me that fighting underlings like Perry the Platypus is a waste of time. Why not go straight to the top? Why not take out the big boss?"
Doofenshmirtz,"I just told him his macaroni and cheese recipe is too cheesy and not macaroni-y enough! Wait, wait, Perry the Platypus. Where are you... Where are you going? Wait! Wait! My evil plan isn't evil enough for you to foil? Is that it? Really? I've just insulted the macaroni and cheese recipe of a whale! What part of that is not evil? Perry the Platypus, you get back here and thwart me this instant!"
Doofenshmirtz,"Who never actually wore any pants. Come to think of it, I don't know why we called him that. Hmm. Anyway, I just love giving people nicknames. For instance, you're Mr. Duck-Bill Face. And Major Monogram, I call him ""Monobrow"". That's a good one, you know, because he's... He's got the one, you know? And his little friend, the intern, is Dr. Coconut. Yeah. Sometimes I wish I didn't know so much."
Doofenshmirtz,"This is great! The best inator I've ever made! And you know what, Perry the Platypus? There's no self-destruct button on this, so there's no way you can stop me from taking over the entire Tri-State— Huh. Well, like my Uncle Boris used to say, ""When life's goin' well, a giant tire comes along and smashes your inator."" We all thought he was crazy at the time, but now it seems rather prophetic."
Doofenshmirtz,"Perry the Platypus! That's right, take it in, Perry the Platypus. No traps. And, no, telling you that there are no traps is not part of a trap. Though that would have been genius. Oh, I missed that one. I'm actually not doing any evil today! Seriously. I promise. So, whadaya say, how 'bout lending an old nemesis a hand, huh, Perry the Platypus? Your eyes say, ""No!"" but your hands say, ""Yes!"""
Doofenshmirtz,"Funny, I've never thought about you shopping. Aw, your little cart with your little groceries! You're... You're a complete mystery to me. You can relate to this big problem I have. Don't you hate it when you get stuck in traffic coming home from the store and you have ice cream and other perishables? Don't ask why I don't have any bags. Anyway, then everything starts melting and... hold on."
Doofenshmirtz,"Ah, Perry the Platypus! Yes, yes, I've acquired a few more things that need to get somewhere fast. There's an expectant mother, a magician holding his breath, and an ice sculpture of a pregnant magician holding her breath. Don't ask. It's been a weird day. Perry the Platypus, I'm not even breaking any laws, the lights are green. You're trying to get me to break the law. This is entrapment!"
Doofenshmirtz,"Well then, what does she mean, ""turn the corner""? It's just a flat wall, it's a— What are you doing, Perry the Platypus? Oh, the corner of her picture! Give it a turn with your little platypus hands there! At last!! Wahoo!! I'm rich! I am rich! I am comfortably well off! Don't worry, Perry the Platypus, I won't forget about you. You'll be the first person I invite to my next piñata party!"
Doofenshmirtz,"Yeah, yeah, th-that'll be covered in the thwarting portion of our seminar. Don't...Don't get ahead of yourself. Okay, step four is the big reveal! Behold: the Motivate-inator! The music sting. That totally ups the drama. So what does it do? I'm glad you asked! You, come on up here, I'll sh-I'll show ya. Let's give him a big hand for being such a sport, shall we? Alright, what's your name?"
Doofenshmirtz,"Already they fear me, listen to their screams, huh? Imagine the mayhem once my Deflate-inator ray is fully charged. Run! Run like the wind, my little indentured rodent. And I will give you some cheese. Heh, I know I had some around here somewhere. I think there's some- There used to be some Roquefort in the back here. I don't... Hmm? Agh! Oof! Hmm. I suppose I should've seen that coming."
Doofenshmirtz,"How dare you! No one barges into my home and demands desserts. What sort of plan is that anyway? Let's go to a stranger's house and in song form refuse to leave unless he hands over a fruit dish no one's prepared since the 16th century. Well, if that's how things are, I have my reason to push this button. So long, Christmas, you're Feliz Navi-dead to me! See? It's...Uh, that was Spanish."
Doofenshmirtz,"Ha-ha! What, what? A Mongol army? Really? Huh, I must have had the dial set for...""Hun"". Oh, well, you don't look a gift horde in the mouth, so...hello! Hi there, me, yeah. Welcome to the future, my ruthless Mongol Army. I realize you can't understand what I'm saying, and you're probably confused a bit by the Spartan General's uniform, uh, but together, we will rule the Tri-State Area..."
Doofenshmirtz,"So I... I guess I'll go with you then. Wait up Perry the Platypus, my-my shoe's untied. Just hang on a second. You can't be too careful when you're running across a moving train. There we go. W-Wait-Wait-Wait, On second thought, I'll double knot this. Okay let's go! Ahh! Aww, gross some joker left the seat up. Would you guys mind bringing me some paper towels, or something? Is that a no?"
Doofenshmirtz,"But I digress. E-Every day I digress. I go off-topic and just ramble... Look-look-look, I'm doing it right now. Right now, I'm digressing! Anyway, behold! My Droogen-Chocolate-swap-inator! With this, I'll swap out all the droogens in a one-mile radius for chocolate! Then all those little droogen lovers will finally know my pain— Whoa, hey! Tampering with the yellow tab is a safety viola—"
Doofenshmirtz,"I know, right? Behold, my Tableturn-inator! Wait, uh... it's actually just a diagram. I put the real table in the restaurant... ""Behold, this diagram of my Tableturn-inator"" is what I'm trying to say. So y'know how these fancy restaurants are so overpriced and they serve these tiny little portions? Well, with this, if I sit in the red chair and spin the table, I'll get all the good food!"
Doofenshmirtz,"This looks like a good spot to fire up the Really Bad-inator. I can't wait to see what it does. Guess we'll have to wait. Ooh I brought snacks. Let me see what I have here. I brought some baby carrots, and some grapes, and a- ooh, peanut butter! Ooh, and some honey! See, Perry the Platypus, most people like peanut butter and jelly sandwiches but I really prefer peanut butter and honey."
Doofenshmirtz,"...so conspicuous. So it was decided never to allow another warthog to be in a position of authority. Pe-Perry the Platypus, are you texting while I'm monologuing?! Y'know, I'm just gonna hold onto this until I'm done, 'cause I-I can get your full attention. Anyway, I'm thinking, ""Nepotism. City Hall. My brother, Roger."" And suddenly, I know what to do! Turn my brother into a warthog!"
Doofenshmirtz,"FINE-ally! The plumber. The garbage disposal is stuck again. The-The same one you fixed last week, by the way! And while you're at it-- Oh! Oh, who needs to see that?! Yeesh! Oh, I'll be in the other room. I mean, oh, for crying out loud-- What, y-you're done already? You've only been here for, like 15 seconds. And I was talking for, like half of that. What kind of a plumber are you?"
Doofenshmirtz,"Oh, hello, Perry the Platypus. I'm sure you're getting this. I– I was hoping you would stop by today for some tea. See, I've got all these little tea things set out and ready and, um... Uh, please use the front entrance, Perry the Platypus, because– Uh, because, uh, all the other entrances don't work today. So bye-bye. I'll see you later today! Coming in through the front entrance."
Doofenshmirtz,"Wow. Cuttin' deep, man. Well, I'm off to our annual evil potluck and press conference. I'll just leave you here to, you know, meet your doom. Look, I saw this in a movie once. I didn't catch the ending, because I had other things to do, but I-it seemed pretty foolproof. Well, gotta run! Can't be in two places at the same time, but of course, soon you'll be able to! Norm, let's go."
Doofenshmirtz,"Ooh yes. Peanut butter and honey sandwiches. The trick is the honey, and you get to use one of these weird honey-spoony things. It's- Perry the Platypus, did you just say gungalingdung? Aww, great! Now I'm all sticky. Oh, now this was my last clean lab coat too. Ugh, it's on now! Hey! Hey, hey! What are you doing? Oh, oh I get. Payback. Very funny, Perry the Platypus. Very mature."
Doofenshmirtz,"You've heard of a ship in a bottle? Well, you're a Perry the Platypus in a bottle. Anyway, today is the day I become the supreme leader of L.O.V.E.M.U.F.F.I.N.! You remember L.O.V.E.M.U.F.F.I.N., the League Of Villainous Evildoers Maniacally... Whatever? Huh? Remember them? Well, we gotta get moving. Maybe we'll get some hot dogs or something on the way. You like hot dogs, right?"
Doofenshmirtz,"Perry the Platypus! How noel-y of you! For some reason, Christmas seemed to have snuck up on me this year, and I'm a bit behind on my shopping. But I have a solution: The Transport-inator! To instantly transport me to the stores while everyone else is circling around looking for a parking spot. I-It's not exactly evil, but it's slightly unfair. Let the last minute shopping begin!"
Doofenshmirtz,"Meevil, steevil, cleavil.... heevil. As soon as I get this done, lunchtime will never again be fun. Oh, great! There's a rhyme! There's a rhyme, but sure, everything rhymes with ""fun."" Ha! You don't have a tail anymore. Now you are no match for me! But wait a minute. I-I-I can't hit a girl. Oof! Did you have that purse when you came in? Well, I'm out of here. What just happened?"
Doofenshmirtz,"Perry the Platypus, you really are quite the mime! It really looks like you are inside an invisible b— Oh, that's right! You really are inside an invisible box! Ha ha ha! I'm already tired of that joke, but I can't stop saying it. You know, it works so well with the mimes, I've decided to put everyone in the Tri-State Area in an invisible box! Ha ha ha! Oh, for crying out loud!"
Doofenshmirtz,"Can I get you a sports drink, Perry the Platypus? No? All right. Suit yourself. Say, as long as you're tied up, I'll tell you the evil plan I just thought of while we were working out. See, I figured my Pick'em up-inator works so well; I could mass-produce them and pick up everyone in the Tri-State Area! Then, they would have to do what I tell them. Man, what is in this stuff?"
Doofenshmirtz,"What the--? That's my- Suddenly I feel like a glass of sparkling apple cider. I don't know how you did that, but get ready to pay, Perry the Platypus! Uh, can you-can you hold on one mo- one second? Okay. Okay, here we are, let's do this thi-- Uh, uh, you know, just uh just hold on. Uh you know Perry the Platypus, uh, you-you can just let yourself out. I...I may be a while."
Doofenshmirtz,"...strolling through the park, when suddenly, I had the strangest feeling that people were looking at me. And laughing! Probably because people were actually looking at me and laughing! And I couldn't figure out what was going on until I turned around and saw a mime! He was mocking me: my walk, my incessant hand-wringing, my mantis-like posture! Then I decided to get even."
Doofenshmirtz,"Back in 1805, Danville actually elected a warthog as mayor. The public was fed up with the previous administration and thought, ""Hey, what's the worst that could happen?"" Nepotism, that's what. He filled the cabinet with his uncles and brothers and distant cousins and all of City Hall was full of swine. Except for one chair that they kept empty, so y'know it wouldn't be..."
Doofenshmirtz,"Perry the Platypus, I'm so glad you're here. L-L-Lemme catch you up via monologue. I've recently gotten into home gardening, y'know, fruits and veggies, and the... Anyway, the garden was doing well, and it even attracted a colony of praying mantises. All female. Go figure. Vanessa got me this books of facts about them. See? They naturally prey on garden pests. Mantis fact!"
Doofenshmirtz,"And now he's getting a rep as the most evil guy in our building! A title that should rightly go to me! It's my name on the sign! It's my name up there! So it got me thinking, if he's the most evil by spoiling things to people in the building, what if I spoiled things to the entire Tri-State Area? Y'see, tonight is the two-hour finale of a very popular show, Acquaintances."
Doofenshmirtz,"Hey fellas! Look who decided to make an appearance. You see, it occurred to me that what I should really be doing is fighting fire with fire. And by fire, I mean Perry the Platypus. And by fire, I ALSO mean Perry the Platypus. It occurred to me while I was on fire. I made a bunch of doppelgangers to discredit and totally destroy you. Behold the Plata-Proliferator-inator!"
Doofenshmirtz,"Here we go. Ow! Oh, okay, that hurt. All right, better just, uh... Okay, I'm good. Now I will activate my Saltwater Taffy-inator. At last! Now nothing can prevent me from promoting tooth decay! Ha-HA-ha-ha-ha-ha-ha... Aw, I fogged up my mask again! Perry the Platypus? How did you get out? Ha! I grabbed you while you were flashing back to your escape! Hee-hee-hee... drbt!"
Doofenshmirtz,"Also, you owe me $40. Now, you may be confused about why I have an industrial-sized vat of Doonkelberry oil. Back in Drusselstein, we used Doonkelberry oil for everything: skin care, verb conjugation, making scented candles, but strangely not Doonkelberry-scented candles, vanilla mango for some reason. Anyway, so when I saw it on sale, I may have gone a little overboard."
Doofenshmirtz,"Perry the Platypus, how did you escape? Hmm… I probably should have used cement. Ah, no matter. You'll never catch me! You can't stop me, Perry the Platypus! You couldn't stop me with a billion Perry the Platypuses! Because I am unstoppabl- -llllllllllllle! Finally, I lost you, Perry the Platypus! I'm free of you! Get 'em off of me! Get 'em off of me! Get 'em off of me!"
Doofenshmirtz,"Not only will I defeat you with this Flab Crusher, but I'm simultaneously getting a good burn on my delts. $10.99! Hmm? The Tornado Vac only needs one setting because of its painfully awesome suction power! Shrinkinator, why haven't I unplugged this thing? I keep leaving myself notes, and I keep forgetting. ""Shrinkinator. Unplug Shrinkinator."" Ugh! I'll do it tomorrow."
Doofenshmirtz,"And so, Perry the Platypus, to recap what I said mere moments ago before I was so rudely and painfully interrupted, once I have charged my Backstory-inator, the tragedy of it all will be re-injected back into me, and I will be transformed into the ultimate creature of evil! And look, we're almost there! One more backstory should do it! Let's see... remember the time..."
Doofenshmirtz,"Oh, I hate that song so much, I've stolen all the clowns, and I'm going to rip their tape boxes out. You know, like you do. And I'm going to replace it with my own evil jingle. I just have to finish writing it. I'm having a hard time finding a good rhyme for ""evil,"" though, you know. Believe me, I've tried. Keevil, deevil, feevil... You know, none of these are words."
Doofenshmirtz,"Should I go with Make-Up-Your-Mind-inator? Or is that too-on-the-nose? It's funny. Now I can't make up my mind. Oof! Perry the Platypus! What are... Well, I--I did not see that coming. Calling headquarters, huh? Hmm. Yes, you—you didn't even give me a chance to trap you. See? I was going to put you in that giant snow globe over there, and... now I have to return it."
Doofenshmirtz,"W-W-What does this mean? W-When I'm awake I build evil inators that fail, and when I'm asleep, I build nice inators that work? Ah, what is my subconscious trying to tell me? It's just so exhausting. Ugh, I feel like I've been up all night, which, I, I guess I have, building nice inators, apparently. It's just... Yeah, I'm getting sleepy. Ripple dissolve imminent."
Doofenshmirtz,"Well, hello, Perry the Platypus. You like the new Bi-plane? Pretty sweet huh? Uh, I got it off the internet. Don't worry about your hat; the heat is really good for the felt. Look what I invented... It grows your hair back. I got it in all the stores, but it's not selling as well as I thought it would. I don't know why, it's even got a catchy name: Get Back Hair."
Doofenshmirtz,"Thanks for that, Mr. Norm-It-All. I've installed a switch back here that prints out propaganda leaflets. All I have to do is speak my evil message into this microphone, err let's see... eh, ""slap yourself""! Push this button and, whatever I say comes printed out on a leaflet. It's gonna work! I'm using a very convincing font. It's bold and it has a lot of serifs!"
Doofenshmirtz,"Did you ever have an old box of junk that's just been sitting in the attic forever, and you think: ""I bet I could just get rid of this whole box, and my life would go on completely unaffected by the loss of whatever may be inside like, for instance, an old forgotten video tape made in high school"". Look in the box, Perry the Platypus. Always. Look. In. The box."
Doofenshmirtz,"You see, back in Gimmelshtump in the depths of my childhood, my parents were expecting a brand new baby girl. My mother spent months knitting pretty dresses. U-Unfortunately, the baby turned out to be a boy, and because we were out of material, I was forced to wear those same dresses for an entire year. Drawing mockery and scorn from all of my manly classmates."
Doofenshmirtz,"Ah, Perry the Platypus. It's ironic that you look like a stuffed animal in one of those claw machine games. And by ""ironic""... I mean ""totally flat-out ronic."" And speaking of claw machines, I've gathered up all the arcade claw machines in the Tri-State Area to make one giant Super Claw ....inator. My fascination with these started when I was just a little boy."
Doofenshmirtz,"And I was... Use the door! Yeah, that was, uh, hmm, not... Not, uh, good. Oh well. There, that's better! I much prefer you trussed up in my happy Jump-inator! Which goes with the theme of my new scheme, the Baby-Cry-inator! I know what you're saying. ""But, Heinz, you've already done a baby-themed evil plot."" But this time, I've really nailed it. Let me explain."
Doofenshmirtz,"Can you do this, Perry the Platypus? Can you jump really fast, up and down, up and down, up and down, up and down? Yeah, that's it, Perry the Platypus! Doesn't it feel good? Let's be jumping buddies. Let's just eat dessert and jump up and down and up and down and up and down all day. It'll be our thing. Just remember: I-I invented it. Because I am the inventor."
Doofenshmirtz,"And you forgot to close your shades, so they come to the front door, and they can see you! They can see you, right in there watching TV or whatever, and you can't pretend that you're not home because they can see you! And they have those big, pleading eyes making you feel guilty, and-- So, I-I'm just gonna shoot them with a ray so I don't have to look at them."
Doofenshmirtz,"Ooh, that was exhausting. Ah. I have one last surprise for our lovely guest. This will be the grand finale of Vanessa's party - the world's largest firecracker! All we need now is a victim to be tied to the rocket so they'll explode up in the sky in a grand display! So, here's the awkward part. Uh… And when I say ""awkward,"" I mean for you, not so much for me."
Doofenshmirtz,"Ahh, look at you. So evil. I wonder what you do. Le-Le-Let's see. Wait, how is confetti evil? I-I mean, it makes a mess, sure, but i-is it really evil? I- Alright, let's try this one. A big cupcake? Well, maybe it tastes evil. Yes. Mmm, yes, chocolate!!! The most evil flavor in— Who am I kidding? This is delicious. Ugh! Let's see what this one does. Oh, Norm!"
Doofenshmirtz,"Nope. First, I'm gonna do a little pre-gloating. I'm goin' to wipe the floor with you. I'm goin' to make you scream for mercy and there will be none! Men will weep. Children will wail! Whales will wail! Like...like-like this... Like they do, except they'll be doing it on your behalf! And women will look away as you walk the hall of shame! Okay, now I'm ready."
Doofenshmirtz,"Ah, the award ceremony. And there's my insipid brother Roger. What? Oh, let's see if I've got another coin. Now, what was I saying-- Oh! I despise him so much. You are about to witness a truly petty act of vengeance, Perry the Platypus, brought on by my own mindless jealously. Vanessa, fire the harpoon! Perfect. The time has come! Do not fail me, my pigeons!"
Doofenshmirtz,"Hmm, that's peculiar. I suppose it could be some type of anomaly caused by messing with the space time continuum. Might even be dangerous. Oh well, I'll have to... ignore that in my payroll, because now that I've gotten a full thirty steps ahead of Perry the Platypus, I'm free to take over the Tri-State Ar— Vanessa, where are you going? Don't you wanna talk?"
Doofenshmirtz,"I didn't even create the Naughty-inator myself because I compulsively, obsessively, just couldn't be bothered. Nah, the plans were mailed to me from Borneo where my Uncle Justin is rumored to be in hiding. It's really a sweet gift, but how can I destroy Christmas without having a good reason? Well, I guess I have no choice. But to sit and wait for a reason."
Doofenshmirtz,"Norm, I told you: You don't celebrate 'til midnight, not all day. What if midnight never comes? Then you've squandered a whole day celebrating. Ever think of that, tough guy? Perry the Platypus? Ha-ha! It's a bottle of sparkling cider trap, and you're the cork! Which makes you Perry the Cork-apus! Ha-ha, you got a funny name. Anyway, it's New Year's-themed!"
Doofenshmirtz,"Okay, so we have the Great Wall of China, oh, excuse me, I mean the Great Small of China, and the, uh—The Shrinx , and the Teeny Tower of Pisa , and the Roman Coliseum—The Coliseum—Coli—I'll have to think about that one. No matter. Because last but not least, the Taj Ma-Small . Ha-ha, oh, that's a good one. Back to the Tri-State Area and let the fun begin."
Doofenshmirtz,"Wait, thi-this doesn't make any sense. The moon is rotating, but the dark side isn't moving. Ohhh, I bet you had something to do with this. Didn't you, Perry the Platypus? You're always messing me up. Y-You're just mean. Mean, Perry the Platypus, born mean, that's all. Wait, what are you doing? Making magic fingers at me? Wha--are you even listening to me?"
Doofenshmirtz,"See, Perry the Platypus, I've been setting my sights too high, I think. Trying to subdue a modern city, I need to conquer a backward land where people are superstitious. That's why I'm going to turn the Tri-State Area into a reasonable facsimile of Gimmelshtump. The buildings, the clothing, the more easily conquered backward mindset. Here's a sample, look."
Doofenshmirtz,"Yeah! Everything is repeating! Th-that bang on my head, that-that thing with Norm and the stupid cake, a-and you! I-it works! My Do-Over-Inator must work! Ah-your little friend must have activated it yesterday! A-and by ""yesterday"" I mean ""today"". Later today, your-uh little friend will activa– and the days will probably keep repeating until I shut it off!"
Doofenshmirtz,"But Charlene, I'm waiting for my exercise show to start, so I can't go get Vanessa from class. Well, why can't you pick her up? Well, how long does knee surgery take? What about afterwards? Okay, okay. All right, I'll do it. I'll figure something out. Yes, yes, I promise. Good bye. Sheesh. Maybe I can make some sort of Inator that will pick her up for me!"
Doofenshmirtz,"Okay, okay. See that, Perry the Platypus? Compromise. Who am I kidding? Grrr. You can do it, you can do it, you can do it. Okay, Regurgitator! I've done everything for you. I- You see those hard-to-reach files up there? Well I invented these rocket shoes just so you can reach them! And look at this! I even put in the self-destruct button that you forgot!"
Doofenshmirtz,"Perry the Platypus, come out, come out, wherever you are. You've got an appointment with the nearest chicken. I've got something that I need to— Now, prepare to be turned into a— Huh, what is that? A rubber chicken? What are you gonna do with- Actually, that's kinda funny. No matter! Prepare to meet your chicken! What the heck's wrong with this? Oh boy."
Doofenshmirtz,"She doesn't like the party. I can't believe I failed again. Well, at least I can watch you explode. Hey, that's not fair! Well, then have a taste of my ray gun, Perry the Platypus! Take that! And that! Help me, Vanessa! Stay still, you obnoxious - Aah! Perry the Platypus, wait - My hand is stuck in here. Hold on. Hold on. Wait, wait, don't go anywhere."
Doofenshmirtz,"Ah, you see, Perry the Platypus? For years I've been trying to rid myself of you with traps and bombs and poisonous gas and automatic tennis ball machines. I--I don't even know what I was thinking back then, but now I have the ultimate platypus elimination weapon. Perry the Platypus, recoil in horror at my new creation! A giant...killer...robot...man."
Doofenshmirtz,"Thank you! Thank you for my making my point for me! Now, I'll cover it with an irresistible gravy coating, and then it will take off and soar through town, getting all the dogs to chase after it until they follow it right off the edge of the Tri-State area! Well, Planty the Potted Plant. Pretty clever, eh? Don't give me that look. Prepare to launch..."
Doofenshmirtz,"Oh, I hate golf! It's boring to watch and tedious to play. That's why I came prepared. You think this is a normal golf bag, don't you? But when I twist this club here... Behold, the Accelerate-inator! With the Accelerate-inator, I can fast-forward my brother through this boring golf game in seconds. Ah, there he is. Let's give it a shot. Fast forward!"
Doofenshmirtz,"Balloony, please help me. Balloony! Oh, don't let me go like I did with you. Balloony, what ever happened to us? Balloony! I knew deep down inside you were still my best friend. Think of all the good times we can have, now that we- Nooo! No. Balloony. Stay with me, I- I'm not going to let you go a second time. Balloony! I can feel my heart... popping."
Doofenshmirtz,"Well, hello, Perry the Platypus! Sorry I couldn't be there to capture you personally. I was called in for jury duty. But no big deal, I've got the perfect ""get out of jury duty free"" card! Relax, it's totally legit. Meanwhile, I'm leaving Norm in charge, the big lump. Hey, try to make yourself useful, Norm! Would it kill you to show some initiative?"
Doofenshmirtz,"And see, it takes four orbs of mundanium finite to power it. I-It would only take one orb of Pizzazium Infinionite but that's so hard to find. Oh, don't get me started! So we just lock the module in here and...Viola! Yeah, I know, it's a large violin. I-I don't know why people say that. Anyhoo, what did you guys need a second Power-Drain-inator for?"
Doofenshmirtz,"There he is, Norm! Down there! O- top of the puppet! Lower! Perfect! Aah! Gotcha! Heh heh! Give up, Perry the Platypus! You know nothing of puppetry— Ow! Okay, I-I admit it, y-you do have a certain knack for it. Okay. Well, maybe, ""knack"" wasn't the right word. Oh no. No no! Whoa! Curse you, Perry the—blub! Platypus. I was trying to say, ""Platypus."""
Doofenshmirtz,"Ow! Hey, what are you... Oh, you're hungry! I-I guess it has been 1,200 years since you've eaten. Well I suppose we could call out... Oh, you ruined my helmet. Now I've gotta get a new costum... Wait a second, that's it! I'm in the wrong outfit! All I have to do is hit the costume shop, then round up my Mongols, and the Tri-State Area will be mine!"
Doofenshmirtz,"That's right. It- it was my very first -inator! Just as I was about to demonstrate my invention to the judges, a kid with a baking soda volcano stole the show! The next year, I tried again with my even bigger -inator. And again, my thunder was stolen by a baking soda volcano! I'd had enough of science. I decided to devote my life to poetry instead."
Doofenshmirtz,"Thank you, Perry the Platypus. Now, I can't believe that worked! You know, Peter the Panda thought that he had disassembled my Freeze-inator ray, but that was just a decoy! Bring in the real one, boys! You see, my plan was simple; assemble all the best secret agents in one room, and then turn them all into statues for my giant chess board! Hit it!"
Doofenshmirtz,"I can't believe it's Perry the Platypus. Hohohohoho Perry the Platypus, what are you doing here? I thought you guys were having budget cuts. Well, it just shows to go ya. Hey, let's walk and talk. So, you're probably wondering why my space station has two enormous arms. Well, what you should be wondering is why it has two giant hands! Ha ha ha ha!"
Doofenshmirtz,"Perry the Platypus? Hello? It's for you, Perry the Platypus. Haha, prank call! Now say hello to my new evil weapon: My Evaporator-inator! It's made completely out of recycled materials. It's green… …and evil! I call it, ""Greevil."" Backstory time! You see Perry the Platypus when I was a young boy, my mother would never let me swim in public pools."
Doofenshmirtz,"Hello? Monogram...are you home? If you're home, please pick it up. Pick it up. Hello? Oh, I-I-I hate these machines. Okay, listen. I'm being evil and I need Perry the Platypus to come over and stop me. Wait-- wait, did-did I hear a beep? Did the machine just cut me off? Oh-ah-oh I don't know what to do. You know what, I'm just going to call back."
Doofenshmirtz,"Uh… Perry the Platypus? Yeah, I'm uh… I'm over here. Yeah I uh… I forgot my keys so I thought that uh— you know, I could just fit through the uh... Oh good, you're gonna… You're gonna go get the building super? Maybe tell him that I'm up here, and uh... Wait, what's that? That better not be a ""Do not disturb"" sign. Curse you, Perry the Platypus!!"
Doofenshmirtz,"Is that the cable company? So, Mr. Cable Man, you don't carry the Evil Science Channel? What's up with— Perry the Platypus?! Oh, give me a break! I-I'm moving, legally. I bought this place, and cheap too. It's supposed to be haunted by a terrifying old sea hag. Look, Perry the Platypus, just because I'm evil doesn't mean everything I do is evil."
Doofenshmirtz,"At last, my efforts have come to fruition! And nothing can stop me! Hmm. I told Vanessa if she takes out the big head, she has to fill it up. Ah, yes. All zeroes make it so much easier to balance my check-- Perry the Platypus, are you asleep? Sometimes I wonder why I even bother to soliloquize. Where was I? At last-- Well, you remember the rest."
Doofenshmirtz,"Hey! Hang on there, Steven. I'm tired of running. And I don't mean tired like, I need to sit down for a while, I-I mean although I am tired and I do need to sit down for a- I mean- I'm fed up with that guy! And with your animal instincts and my vast knowledge of science, I think we can make a stand. What-What do you say? Are you with me? Groovy!"
Doofenshmirtz,"Vaness— ugh. Well, you'll see. This is going to be my moment to take over the Tri-State Area and then that will prove to you I'm not as big a loser as you think I am. Okay, no pressure. Tri-State governor's mansion, here I come! Sa-weet! Now I've just gotta get someone to vote for me— anyone, actually, 'cause I'm running unopposed. Voting today!"
Doofenshmirtz,"I put an energy whatchamacallit in here and... Nice. Wow, these things go fast. I guess I need a new battery. Nope. Nope. Uh-uh. Not here. Nope. Ah! Nope. Nope. Nope. No. Finally! Ah, dangit!! Oh, sorry, Perry, I didn't mean to get all street there. But now it's probably got all that grease and refrigerator fluff on it. Oh, there's my retainer!"
Doofenshmirtz,"Oh, Perry the Platypus, you caught me. I've been putting recyclable trash in the regular trash bin; I am so bad! You've taught me a valuable lesson. From now on, I'll be green. I'll be all the shades of green. They will call me El Verde, and tell my tale in Greenland. Goodbye now, drive safe, and thanks for busting down my door. I deserved it!"
Doofenshmirtz,"Who'd have though we'd be such a good team? My daughter, my nemesis, and my hot beverage. Hmm. Counter-clockwise on that jib bolt, Perry the Platypus. Okay, stop. Perfect, it's done. The days won't loop anymore and I'll have my daughter back! My life will be on a new path and the world will be saved, thanks to brand new good guy, Heinz Doofen—"
Doofenshmirtz,"Ah, the Grand Canyon. It's nice. You got the Colorado River, you got the giant robot fleas. you got these nice red rocks right h— Wait a second! The Colorado River?! I thought we were in Arizona! And wait another second! Giant robot fleas?!? Yeah, those are definitely the attack drones of an evil scientist. Yeah, y-you're gonna wanna punch it."
Doofenshmirtz,"No? Okay, fine! The L.O.V.E.M.U.F.F.I.N. team will still be unstoppable! As you know, kicking a ball is now my forte. Behold, my Bring-Me-A-Ringer-inator, which, as may have deduced, will bring me a superstar soccer player, because, let's be honest, we are athletes of the mind, not the body, obviously. So, our team, y'know, needs a little— Ow!"
Doofenshmirtz,"You may think that I am defeated, Perry the Platypus. But I still have my Termite controlling Helmet! Save us, Perry the Platypus! Woah. Oh, I survived! Wait, what was that? Did-did you just hit the reverse switch? Oh, why do I even put that on there? I can't even reach it! What is wrong with me, anyway? Wait! Go away! Stop! Help me! Help me!"
Doofenshmirtz,"Perry the Platypus. Quick, could you hand me that staple gun right over there? Thank you. Ahh… So what do you think? It's for my daughter Vanessa's birthday. I try to throw her a party every year. I know we usually go about our daily battle of good versus evil, but instead, could you maybe help me set up the party for my little girl? Please?"
Doofenshmirtz,"It makes whoever it zaps intolerably rude! He'll cause an international incident and in all the confusion, I'll just waltz in and take over. So, why the catsuit? Well, we're going to be at City Hall to watch the fireworks, you and me, and I figured a platypus in a fedora might attract too much attention! Smart, huh? See, me, always thinking."
Doofenshmirtz,"Perry the Platypus? You know, you could've waited till I put my pants on, that would've...at least been polite. And do you know what we do to rude people around here? We put them in a water-soluble capsule. Ha ha! And there's not enough platypus spit in the world to get you out of it. Yeah, hop this way, let me show you what I've been up to."
