Name,Dialog
Buford,"I'm gonna do some prop comedy for you, and you're gonna like it! Okay, what have we got? (reaches into the box and gets a house) Here's a...here's a house. For, uh...I don't know. A mouse or something. (drops and breaks house; gets a book from his box) Here's a book. Hey, what am I...what am I supposed to do? Read? (throws book) Next! All right, let's see what else we've got! Um, and here's, uh, um... (gets out an oyster shell) Oh! An oyster shell, look! My...my mom went to a seafood restaurant...I don't have any...it's just...to me, it's just interesting. I'll put that one back in the box. (puts shell back in box) What else we got? Oh, here we go. Look! (pulls out Baljeet) A nerd to go with the book!"
Buford,"I got this. Back in the day where men wore miniskirts (Flashback) ...wiggle wiggle wiggle...wiggle wiggle wiggle... (In this flashback, the role of Alexander the Great will be played by Buford; narrates) ...Alexander the Great was vacationing in Gordion, when he came upon a celebrated oxcart that was tied to a post using a knot that was so complicated, it was impossible to untie. So he just sliced it in half in one bold stroke. (End flashback) A simple solution to a complicated problem, hence the phrase, ""Cutting the Gordian Knot."""
Buford,"I do! You see, for generations and generations, the Van Stomm family has been the guardian of the secret knowledge and protectors of the mystery capsule. We made the thirteenth-century Templars look like a bunch of wusses. And throughout the ages, our family has pledged our lives to conceal it from the unenlightened. And in doing so, we were entrusted with the only key that can unlock the capsule secrets."
Buford,"Yeah, we met, in Paris. (He flashes back) It was a year ago, and I was taking in some of the local color, when I saw her, Brigitte. She was a beautiful French girl, and I was an ugly American. Which of course holds a certain mystique. With her I completely forgot myself. I read poetry, I wept at beauty, I clipped my toenails. For Brigitte, I even learned to speak the language of love, French talk."
Buford,"Nah, nah! Don't try and confuse me with your sorcerous ways. There's nothin' I've ever seen that would make me believe you could pull this off. Except for that time-machine thing, and oh, and the rollercoaster! But other than that, nothin'! Oh, and the time you played that song when the platypus came back, oh... Man, nature just bends to your will, doesn't it?"
Buford,"(offscreen) Okay. Today's the big day of the Danville Fish Show. (Cut to Buford's bedroom to reveal he's talking to Biff) Are ya nervous? (Close up on Biff who bubbles.) Don't worry about it. It's normal. Just remember today is your day to shine! So we gonna be scared? (as Biff) No, Bufie! (as himself) Are we gonna be tough? (as Biff) Yes, Bufie! (as himself) So let's see whatcha got! (holding a small hoop) Just like we practiced, jump through the hoop. You can do it, buddy! (He moves the hoop around the fish) Jump through the hoop! (He holds up the bowl) Victory!"
Buford,"(voiceover, translating) ""I tried fitting myself with a raccoon. I stumbled through the world, seeking connection, but found only fear and scorn. I was so confused, til I saw my own reflection. I was a monster. I tried fillin' myself with garbage. I tried everything to change my appearance. To fit in. Nothin' worked. Until I tried a human host."""
Buford,"After that, I became the bully. And I wasn't afraid of anything or anybody. Except, you know, maybe a giant squid, cause-- Come on, those are freaky, right? All suction cuppy and beaky. (Waves splashing) But then, today...Biff and I decided to go for a swim. After a while, I couldn't hear him anymore. I got worried."
Buford,"It was easy actually. A lot of the root words are the same in Latin. But I can't let anyone know I have a heart, it'll ruin my tough-guy image. And believe me, the irony is not lost on me in this suit. Aw man, don't you see, if I get all gushy now, I'll be totally exposed! I can't stand it! (He pushes Baljeet aside, and flees the cage)"
Buford,"I'm sure you're wondering why I, Buford, have taken a leadership role in such a geek-centered enterprise. Well, take a look around! This place is crawling with nerds! I'm like a kid in a candy store! Plus, I relate to the character of Odaf Underhump and his complex emotional inner journey."
Buford,"Yeah, I bet you! And if you lose, you're gonna have to stand up in front of everyone and say that you are governed by the laws of physics and summer's not whatever you want to make of it. And what's more, you gotta spend the rest of your summer doin' nothin'!"
Buford,"No, no, no! Ohh, I actually thought we were gonna make it! I thought we were gonna do the impossible. For one shining moment...summer was whatever I wanted to make of it! Wait...this is my house! Hold on one second! I'm givin' everybody back their bikes!!"
Buford,"Well, excuse me, but that adjacent area was founded by my great-uncle Otto H. Adjacent! He didn't wanna be no part of no Tri-State unification, and neither do I! The blood of Otto H. Adjacent runs through these veins, and blood is thicker than water! (leaves)"
Buford,"Well, I don't know how we got here, but my stomach is rumbling. (He gets out of the tub.) Now don't wander off, Chowdina. I'm gonna call ya ""Chowdina"", cuz, y'know, ya got chowdah in ya. And plus, you look like a Chowdina. Anyway, I'm gonna go bully up somethin' to eat."
Buford,"I don't see what everyone's so worried about. I got this system, see? You act any way you want all year long, but then right before Christmas, you do one big selfless act of kindness and Santa will wipe your slate clean. Works like a charm."
Buford,"(He sighs heavily) Oh, Brigitte, I've spent years building up my tough-guy street cred. I can bounce back from the fuzzy bear suit, but being in love with a beautiful, sweet, exotic girl like yourself… If people found out about that, my image would be fini"
Buford,"Yeah, they weren't selling anyway. Not on my watch. (Another beam hits the helium tank, and it floats away) Ah! The helium tank! Actually it's kinda ironic when you think about it. (He sees another beam heading towards him, and in slow motions blocks the beam with his body) Not on my watch! (He begins floating upward) Yes! The human shield tactic never fails. (He notices his shoe laces are caught on the tooth) man, I knew I should have hung onto that laser."
Buford,"And you might wanna rethink that! I mean, it would be a shame if this double-Dutch chocolate mocha espresso you've been drinking, were to, say, I don't know, splishy-splash on all those pristine white lab coats you got back there."
Buford,"Yeah, and Helen could launch a thousand ships with her face! My favorite character was Achilles, the greatest Greek warrior of all time. He had this big fight with Hector. He was all, 'Wham! Bam! Stab! Stab! Stab!'"
Buford,That was amazing! I never thought quilting could be so much fun! Think of the possibilities! Needlepoint! Embroidery! Tapestry! I'm headin' down to the fabric store right now! (walks away) Broquet! Taffeta! Saddle stitch!
Buford,"Oh, and I made gourd helmets, by the way. (Buford starts giving the gourd helmets to his friends.) Here. Here. No, wait, Baljeet, this is yours. Phineas. I like to think each individual's gourd helmet captures their unique essence in some way, you know, in gourd."
Buford,"So you lost your best friend, huh? Yeah, I know how you feel. I lost my best friend once. Little guy, all yellow-y and scaly. His name was Biff, turned into this whole brouhaha. I had to fight a squid."
Buford,"So you lost your best friend, huh? Yeah, I know how you feel. I lost my best friend once. Little guy, all yellow-y and scaly. His name was Biff, turned into this whole brouhaha. I had to fight a squid."
Buford,"I can see how helping you take over the Tri-State Area would afford me many new bullying opportunities. But what's with the back-story, dude? I mean, who needs a special reason to boss people around?"
Buford,"Like I said before, losing to a girl doesn't count. (gets zapped by Doofenshmirtz's -inator) What I meant to say was I had a wonderful time. I guess you were right. Girls are just as good as boys. Thanks again. Woo-hoo! The F-Games rock."
Buford,"Yeah, we're out of credit at the emergency room. My mom said if I break one more bone, she's gonna break the rest of them! Fairly sure that was hyperbole, besides, look how hard that hydrant is!"
Buford,"It doesn't matter anyway! Sooner or later, they're gonna figure out we're in here; then they're gonna come in here! They're gonna come in here and they're gonna come in here and they're gonna—"
Buford,"Guys, can you settle an argument for us? Preferably in my favor? If a vegetarian becomes a zombie, would they start eatin' people? (referring to Baljeet) Mr. Smartyunderpants thinks they just keep eatin' vegetables."
Buford,"There are two things you should know about the Van Stomms. One, we always set our alarms on time, and two, if we don't, we show up early and take our lumps. We've even got a **song** about it."
Buford,"If becomin' one with nature means havin' to leave you behind, I want none of that! Hey, you, trash birds! That's right, ya dirty sky-rats! I've had it with yer stupid squawkin'! Shame! Shame!"
Buford,"Aw man! Random green rays from the sky! I forgot about random green rays from the sky! Oh, no, not on my watch. (He throws assorted objects in the path of a green rays) Oh, man, I've run out of conveniently placed objects. Bingo. (He runs, and grabs Irving's helium balloon) Coming through!"
Buford,"Oh, sure, two vegetable samosas! Why don't we all just dress like vegetable samosas? In fact, why don't we just all dress like mashed potatoes and take the word exotic right off the sign?!"
Buford,"What? I didn't take nothing out of nowhere. But, uhm, just as a hypothetical. Uh... What do you think would happen if say you took that goofy doohickey-thing out of the thingamawhatsit?"
Buford,"Look, some people tend to think I'm a bit harsh with these guys. But here's how I see it. DISGUSTING! UTTER GARBAGE! RAW SEWAGE ON A PLATE! It's really all about nurturing the talent."
Buford,"Don't get too excited. I'm goin' to film school. I'm concentrating on tragedies. The story of a struggling orphan's transcendental search, for meaning in a post-apocalyptic society."
Buford,"You know it's kinda nice to sit back and relax after all that manual labor. (The floating effect wears off of him and the other objects hit by the -inator) Uh-oh. (He plunges downward) Ahhhhhh! I've got a song about how Van Stomms fall from the sky too, but, it doesn't end well."
Buford,"What? No! I'm not gonna eat my friend. You're the best thing that's ever happened to me! And the third best thing that's happened to Volley-Baljeet, right? (imitating Baljeet) ""My face is blood."""
Buford,"And if by ""zoetrope"", ya mean a 19th century optical toy consisting of a cylinder with pictures on the inner servers that produce the illusion of motion, I'm not impressed."
Buford,"I've completely protected their invention from airplane snags, stray balloons, meteorites, flocks of wild gazelles, and giant cracks that form in the crust of the Earth."
Buford,"Tristan is not a flamingo, he's from outer space, and he's a whalemingo. But then he had to go home, and I never saw him again. Hey! What are you doin' with your hands?"
Buford,"(demonstrating how to add in the picture, tilting the game controller and wildly pushing buttons) And then you do this, and this, and this and this and this and this and this, and this, and this, and this, and this and this, and then this and this, and then that."
Buford,"Okay, the throwin' was good! But when you grabbed my shirt, you didn't twist!! I swear, it's like in one ear and right out the other! Oh, oh! Baljeet, wait up! (goes after him)"
Buford,"And that's how I won my goldfish. I named it Biff, after my mother. It was the happiest day of my life. I finally had a friend. But then I met the local bully."
Buford,"Not hardly. I swiped this bad-boy (His rivet gun) from the orthodontist's section, to cut off stuff sticking out of the ride that could snag a passing plane as they go along."
Buford,"I always knew it would end like this. Like, specifically like this. Me being dragged off by the tentacles of giant sentient brains that used to be my friends!"
Buford,"I think about you often, whalemingo. Especially when I've had spicy tacos just before bed. And your feathers, they tickle me in my dreams. Tristan! Tristan..."
Buford,"You got this, Candace! Don't get nervous and make a series of bad decisions that cause you to fail your driver's test and haunt ya for the rest of yer life!"
Buford,"What's wrong with him? I feel like we've been hanging here for weeks. I mean, I got the brawn for it, but it's not like I don't have other stuff to do."
Buford,"(translating) ""I only wanted a life, friends, family. And when I saw your friends, Candace, I saw you had everything anyone could want. I didn't wanna give that up."""
Buford,"So then the seamstress walks back into the stateroom and says, "" 'Titanium'? I thought she said 'cranium'!"" Hahaha, yeah. Pretty good punch line, huh?"
Buford,"That's good, 'cause I still got ya number! Or would that be 'numbers'? I don't know. (Candace enters, grabs both Baljeets and leaves.) Hey, Baljeet, which one would be grammatically correct? (Gasps as he suddenly notices that both Baljeets have disappeared.) How rude."
Buford,"How should I know? They never showed up for me to return serve. That's considered a forfeit in catapult badminton, so I went to get some Victory Gum."
Buford,Ya know what I hate about The Unclimbable Mountain of Unclimbableness? Just to get there you have to cross the Uncrossable River of Uncrossableness.
Buford,"(happily) Teddy Boo Boo! (angrily) Where have you been, you bad bear?! I bet you've been on the road again, haven't you?! Well, you're grounded, mister! (happily) Oh, I love you!"
Buford,"Oh, sweet, sweet closure. Maybe we'll even find the last shard, or face the Puzzle Master, or discover the identity of the man in really dark grey!"
Buford,"Now they're headed for the junkyard. From whose gravitational pull, it'll be impossible to escape. Am I thinkin' of a junkyard, or something else?"
Buford,"It's an interesting question you pose, as it reveals not only one's impulses and desires but one's deepest fears as well. I'll go with Belchman."
Buford,"Fooled ya'! It's me, Buford! And my voice isn't horrible, it's raspy! You gotta spend hours screamin' in the closet to get it like this. Hours!"
Buford,"Wait a minute! Okay, stay with me on this. She's empty and all alone in this world, right? Well, I know someone else who's empty and all alone."
Buford,"With the hurly-burly of my busy social calendar, I often forget to have quality time with my pet goldfish, Biff. (bows) So I shall smell...you later. (he exits)"
Buford,"And if you follow me now, you'll see Candace's recurring nightmares. Come on, people. Try and stay with the group. (they see everyone running from the id) Hey, where are they going? (he sees the id and screams)"
Buford,"Aaah, fine! I was feeling creatively stifled by you anyway! (at grocer) And you! You just cost me a perfectly good nerd! Maybe I'll make you my new nerd."
Buford,"(Still floating on the balloon, and seeing the Tri-State area) Wow, it's all just one, big place. No Bi-State area. No Adjacent Area, It's all just one big Tri-State Area, right over there! (The string he was holding onto rips off the balloon, opening a hole on the balloon) Uh-oh. Mamma!"
Buford,"Farewell, Chowdina. Farewell. Chowdina, won't you say goodbye? Oh, that's right. Your voice was just a coping mechanism. ""Farewell, Buford."""
Buford,"Alright, you two, let's get somethin' straight here. There'll be NO messin' with the Buford. Don't make no diff how many of you there are!"
Buford,"Oh, oh! Can I blow a super huge one? So I can crawl inside it and float around like a little woodland pixie? (stops, realizing his mistake) Did I just say that out loud?"
Buford,"Nah, just messin' with ya. I found it on the other side of the fence. I saw it fall out of the lock when the capsule dropped from the sky."
Buford,"Suddenly, from out of the shadows, (making a shadow puppet) the zombie bunny rabbit appeared and then he...ate up all the marshmallows!!! Numnumnumnumnumnunmnum!!!"
Buford,"(in background) The sun is on the meridian and the wind is blowing out of the southeast (onscreen; he too is ""hypnotized"".) and temperature is the perfect balmy 75°. (Isabella slaps him; he comes to.) Whoa! Thanks, Isabella."
Buford,"So what you're sayin' is that it advocates a mixed economy, where significant roles are played by the private sector, and the government?"
Buford,"We were just...at the bounce house...down at the Meatloaf Festival...and...and I was there, you know, having a good time, and suddenly..."
Buford,"(Cracks his fingers) Excusez-moi mon bon monsieur. Auriez-vous par hazard un soupçon d'huile de cuisson que nous pourrions utiliser sans nous démerder un sou? (Excuse me, good sir. Would you by chance have a touch of cooking oil that we could use without losing a penny?)"
Buford,"I don't want your life story. Grab a shield, come back with it, or on it. Irving, go get some more baklava, come back with it, or on it."
Buford,My mom always just throws all our leftovers into a pot and makes a giant casserole. (to Isabella) It's best to just eat first and ask questions later.
Buford,"Chowdina! What happened to the magic? Did I do something wrong? It's okay, Chowdina. Even if I have to carry you back, we'll find a way."
Buford,"Yes! (Sobbing) He changed my life, you know. I used to be a wimp, like you. But then, one day, at the carnival, I was somehow drawn to this game."
Buford,This is it! This is how Stumbleberry Finkbat ends! The Man in Really Dark Grey swings in to rescue the Freakishly Long-Necked Princess!
Buford,"You gotta be kiddin' me! Who looked at this idea and said, ""Yeah, that'd be fun""?! Y'see?! This is what happens when we have no intro!"
Buford,"Y'know, some days you're flyin' high on a green cloud of friendship magic, while others, you're fish food in the bottom of the ocean."
Buford,"And my eyes hurt from watchin' ya do it. Hey! What if we grew a giant banana, and made a giant peeler, so we'll only hafta peel once?"
Buford,"Ladies, I was lookin' for some makeup to prank Baljeet, but I see now we're playin' truth-or-dare. Dare me anythin'. I only do dares."
Buford,"What gets me is, why did the Trojan War take so long? If I were Achilles, I could've taken the city of Troy, like, in one afternoon."
Buford,"Well, we finally got to the musical part of the story. We all decided it was high time to teach the squirrels how to be squirrels."
Buford,"Argh! One day somebody's gonna ask me for some obscure musical instrument, and it ain't gonna be there. What's gonna happen then? (Pulls out the piccolo and plays the Eb above high C)"
Buford,"(to Baljeet) Okay, Sleepmaster General, it's 9:29. Hand over the skin-safe nontoxic markers so I can draw on your face when you fall asleep."
Buford,"Eh, I'm more of a lingonberry kind of guy. (Candace returns to the backyard as Gary Frank) Hey, you're back. I'll take a large pie with andouille sausage and chocolate chips."
Buford,"(voiceover) ...to string up our Christmas lights, but she always forgets to take 'em down! So, year after year, he hangs up more, until..."
Buford,"Hey, Baljeet! (Hulkjeet roars and picks Buford up by the shirt.) Heh heh heh...heh...I'm so happy that I found you! I worry about you, you know. Because...you're my best friend."
Buford,"Has it only been three months? 'Cause I've been adding up all of the things we built this summer, and we're way over one-fif—"
Buford,"Yeah, yeah, main title, whatever. But I think I see the potential. Like, you could use them to make a giant birthday paddle."
Buford,"I'm just sayin', ev'rything the guy owns is black! You think maybe... (Candace signals for them to stop) What? (Cut to Leia putting the disc in R2-D2) Oh, there's somebody doin' somethin' over there."
Buford,"Yeah! Couch! I couldn't think of the word! There's also this big metal device labeled ""vaporizer-inator"". But it's broken."
Buford,"Sorry, Dr. Doothenasia. But there comes a time when you don't wanna bully everyone. (He looks back dramatically, with a single tear falling from his eye) You just wanna bully someone you love."
Buford,"We could tie each of you to a monster truck and drive in opposite directions. Worst-case scenario, someone loses a torso."
Buford,"(walking over to Phineas and Ferb) Yeah, it's pretty mega, but is it really grand finale material worthy (hugs Phineas and Ferb) of these two guys? (pausing and realizing what he did) I just made it weird, didn't I?"
Buford,"Ah, no can do, Dinner Bell! It's family day, and the Van Stomms from the low countries are visiting. (walks away) Buford is outie, G!"
Buford,"Found this perfectly good robe just lying around. Has one hole, right here. Hey, look what else I just found! My hoagie!"
Buford,"I'll be the judge of that, step aside. This better be worth a quarter. (Sarcastically, as the ride shakes back and forth) Ooh. This is so exciting. Let me catch my breath."
Buford,"Oh, come on! It was so obvious! She came over to your house every day for eleven years, just to see what you were doin'!"
Buford,"Good job, cadets! Now, back down the tree. No, not like that! Head first! Sheesh, it's like I'm talking to myself here."
Buford,"Her loss. The Van Stomm's ""Accept a Challenge"" song has a killer bridge. It goes to an F sharp minor, in the key of G!"
Buford,"And even though it was funny, I still kinda wish that the bounce house was still there. You know, for the little kids."
Buford,"No! Listen up, wave! You're not takin' her! For Chowdina, I'll bully the laws of nature into submission! Shame! Shame!"
Buford,"Well, I'm no scientist, but dere's a big rectangular upholstered object... I'm gonna say mid-century modern, kinda..."
Buford,"Well, you're the only one here to talk to. Except for Volley-Baljeet. (He picks up a Wilson-type ball, imitating Baljeet.) ""I do not use contractions."" (stomach growls) Buford so hungry."
Buford,"Brain teasers, huh? Alright you do all the ones that rely on brains, and I'll do all the ones that rely on teasin'."
Buford,Look at what Baljeet did to my candy bar. He got his peanut butter on my chocolate. Look at this mess! Look at it! (shoves the candy bar in Phineas's face)
Buford,"(grabbing a ladder) Hey, everybody, what say we put aside our differences long enough to enjoy this unexpected, comically large wheel?"
Buford,"There they are. I thought we'd never catch up. Goin' old school this year, I see. Sweet. No costume, huh, Candace?"
Buford,"That was cool! I didn't have to do anything! The outfit did all the work! Whoa Phineas, which way are you facing?"
Buford,"First, let's get one thing straight: I'm not crying. I'm just sweating through my eyes. And second...I lost Biff! (Sobbing)"
Buford,I've got his right arm. (Perry is forced to slap himself again) Why are you hitting yourself? Why are you hitting yourself? Why are you hitting yourself? (Laughs)
Buford,(turns on lights) I'm workin' my way through everyone in Danville. It's a callin'. Here ya go. (opens a cabinet door) I gotta buncha Candaces right here.
Buford,"Hold your words, outlander! Once Odaf Underhump has made a hasty and ill-informed decision, he cannot be swayed."
Buford,"No, no, no, no, no! Ya gotta have pranks! Prank calls, Prank Sinatra, prank hand in warm water, stuff like that."
Buford,"What does it look like? I'm running away, hoping that while the monster is busy eating my friends, I can escape."
Buford,"I wuz just thinkin', wouldn't it be cathartic ta pound a buncha carnivorous plants inta submission with a book?"
Buford,"Oh, look at the little guys, they're like little bullies! I am both proud and ready to soil my pants in terror."
Buford,"Hey, I got the legs for it. (takes off wig) Ah, New Mexico. My great grandfather once saw something mysterious in New Mexico..."
Buford,"I know what we're gonna do today! We're gonna build a stick-throwing target practice arena! Hey, where's Perry?"
Buford,"Of all the clearings, in all the woods, in all the world, she had to walk into mine. (Buford's phone rings) Tell me she was deported!"
Buford,"You know, this smoothie isn't really unusual or exotic. It's about as exotic as a stay-cation with Aunt Meryl!"
Buford,"Fine, for the record though, it's the ""Be Prepared for Every Eventuality"" song. It's in the imperative tense. (walks away angrily)"
Buford,The forest is crawlin' with patch-crazed Europeans and I'm a bear in the woods. What do you think I'm doing?
Buford,"No! No, you should not! (he is wearing the helmet) I used my now vastly superior intellect to build the world's largest wedgie machine!"
Buford,"Oh, Ferb says I should tell you we're about to start washing the house, and you can help us out if you want!"
Buford,"Wait a second. (slaps self) I coulda eaten the coconut! Eh, too much work. Sorry, stomach. Turns out I'm a poor provider."
Buford,"Took a few tries there! If I were thinking, I woulda just pressed this ""fly"" button. (He presses the fly button, causing the giant tire swing to launch, taking the pedestal with it) Oh, that kind of fly!"
Buford,"(From atop a building, overlook the parade) If that parade makes it to the end, my hopes for the Adjacent Area secession are through. I gotta stop it."
Buford,"Whoa, that's weird. I could throw balls no problem. (gets out a baseball) Watch dis! Dat can! Dat mosquito! Dat Hadron collider!"
Buford,"You're lucky the gross factor outweighs the science factor, or you'd have a one-way ticket to wedgie town!"
Buford,"Sorry to come back empty-handed, Chowdina. This whole food chain thing is more complicated than I thought."
Buford,"Huh, that's Swiss-picious! Well, I did it! A hundred cheese puns! (Seeing Perry walk up to them) Oh, and look, there's Perry! (Buford looks at the audience and bows.) And, scene."
Buford,Thanks! I'm gonna put Biff's prize money in a scholarship fund for that fancy fish school in the Maldives!
Lion-Tiger-Bear Guy (Buford),"I see you're into spider webs. Sure, they're classic, but overdone. We see you as more of a modern witch."
Buford,"(chewing gum) My chiropractor recommended it. It's just as humiliating as a half-nelson, and easier on my tennis elbow. (crunching loudly)"
Buford,"I got a pail of water, and a nest to make comfortable. I figure I can keep him in my garage 'till spring."
Buford,"Man, these family reunions with our traditional custom of felling a tree together can get awfully tense."
Buford,"There are no friends in these halls, Phineas. There are only my people, and those who must be destroyed."
Buford,"(gets out a book labeled ""Baljeet Chronicles, Volume V"") All right, fine. (opens the book and puts on his reading glasses) Let's see. Tuesday, 9:00 am, Phineas and Ferb's backyard. He's late, but it's on here."
Buford,Singular goodness. (To Baljeet) Why don't you grab your peanut butter and your swimsuit and meet me at the flagpole. (He and Baljeet walk away.)
Buford,"I thought they only served subpoenas! (pause) Oh, come on! What's a guy gotta do to get a rimshot around here?!"
Buford,"Little Master, Little Master, I finished color-coding all of your overalls. Whadaya want me to do next?"
Buford,No girl has ever beaten Buford. Watch and learn. It takes a highly trained eye and a quick wrist to... (Isabella beats Buford at Foosball before he can even finish)
Buford,"Uh...wait a minute. I got an idea. (holds up a sock puppet, in high voice) Hello, folks! I'm Mr. Sock! Hey! Who turned out the lights? (Buford draws eyes on the puppet) Thanks!"
Buford,"Stop! Knock it off! She's a semi-sentient, rubber, livin' thing! And who are we to take her life away?"
Buford,"Oh, yeah, it's the perfect romantic setting out there. It'll be like love kicked 'em both in the face!"
Buford,"In fact, it was the ancient Tunisians who actually developed many of the techniques still used today."
Buford,"Ha, I bet you didn't see a Trojan T-rex with laser cannon mouth, and laser cannon eyes comin'. Didja?"
Buford,"Okay, okay! You're strong and cocky and dominatin' like Captain Dirk. Just play the next one. Please?"
Buford,"(voiceover) People would come from miles around to see 'em. Or at least they would have, if he ever finished one."
Buford,"(Gang laughs) Oh! Oh, oh, hah, and funny! (Everyone stares at him blankly) Hahahahaha! And funny! Heh. You know, 'cause, 'cause, the funnies! Hehe…"
Buford,"You're wastin' your time. There's nothin' here but grass. Grass and this...key! (He uses the key as a hair scratcher.) Ah. Oh, that's good."
Buford,"Yeah, who would've thought that three completely disparate elements would go together so seamlessly?"
Buford,"You know, my horoscope said I would be riding an ox today. But I thought it was a figure of speech!"
Buford,"If you diss aglets one more time, I'll fray your head so bad, it won't fit through your shirt hole!"
Buford,"A quilt?! No way! I mean, I know it's been a long summer and you guys are running out of ideas and-"
Buford-2,"So far, I'd rather be breakin' rocks for the state. But, in all fairness, I do love breakin' stuff."
Buford,"Well, why don't you ask it, Kierkegaard? (They stare) What? Existentialist Trading Cards. (Holds up a pack) It came with the gum."
Buford,"Yeah, it's every girl's wish to have her backyard covered in litter. Let's go you two. Next event."
Buford,Is that a challenge?! Because you should know that we Van Stomms never back down from a challenge.
Buford,"I've carried a lot of squirmin' bags in my time, but this is the first time I knew who was in it. (He walks off)"
Buford,"Oh, come on! You're totally green! (No pun intended.) For example, when you grab somebody's shirt (grabs Baljeet's shirt) and lift 'em up..."
Buford,"There's a control doohickey on its head. If we smash it, it should be lights out for the big guy."
Buford,"Okay-okay! How 'bout a super-super duper-duper-duper Rollercoaster? What, too much or not enough?"
Buford,"I don't get why this stuff is called ""sorbet""? Ain't it just a fancy people word for ""ice cream""?"
Buford,It's like makin' pancakes. Ya gotta make more than one to get some good ones. Duh. Dat one dere.
Buford,To heck with this game! I'm just gonna chill here for a while. (gets pulled into the knot) Hey!!! Who's pullin' on my rope?!
Buford,My people have much to learn from your people. You must tell me how to shoot a blaster someday.
Buford,"Whoa, dudes, what's with all the junk in your backyard? It's like an obstacle course back here!"
Buford,"Lemme talk to her, guys. I speak sullen. (He and Candace have a conversation in mumbled gibberish.) Candace messed up and now Jeremy's birthday is ruined."
Buford,"What kind of person hands out these weird, orange peanuts? We gotta find a better neighborhood."
Buford,"Well, I don't believe and therefore it's impossible. And what's more, I'll bet you can't do it!"
Buford,What we're doin' is never gettin' the ending of Stumbleberry Finkbat! That's what we're doin'!
Buford,I've been burned one too many a time. Maybe it's the universe telling me it's not meant to be.
Buford,(to id) I don't care what Freud said about your selfish need for satisfaction. You're alright with me.
Buford,"Help, my nerd is stuck in a tree! (Clicks his tongue holding up a piece of paper and a calculator) Look, it's your favorite calculator and some math problems!"
Buford,"Hey, guys, I just realized somethin'! I'm the only fly in a prison full of frogs and lizards!"
Buford,Why are we building this thing again? Pretty sure the prevailing wisdom is reading is boring.
Buford,"I don't know much about the food chain, but I do know that Van Stomms always come out on top. (Cracks knuckles.)"
Buford,"If by ""catchy"", you mean ""sucks the life outta the room and makes me wanna puke""...then yeah."
Buford,"Ta-da! I switched my body for a dummy of myself, that Ferb climbed into when you looked away."
Buford,"Here, put these on. They'll help me remember your names while we're workin' on my invention."
Buford,"Here's Ferb's, here's Phineas's, here's Isabella's... And here's, uh... A recumbent? Really?"
Buford,I've always told her: Don't ever make Phineas angry. You wouldn't like him when he's angry.
Buford,"Not a pharmacist in sight. Now's as good a time as any to rush in blindly, don't you think?"
Buford,"Uhhh...oh no! If I catch the mug what did this...Yeah I'm on it! (he walks to the control panel) Okay, if I just pull on... (he activates something and a yellow ray shoots out)"
Buford,"It's okay, Chowdina. We're gonna make it through, somehow. This should help with the rain."
Buford,"Yeah, like for dinner. Little bit of garlic, a little bit of butter, brains are delicious."
Buford,"Spread out, you two! Spread out! Right here is where I do my best commenting and quipping."
Buford,"(translating, voiceover) ""My first memory is waking up, alone and limp, and cold. I was an empty shell, literally."""
Buford,I'm in! Can we shoot Perry with it and bounce him around the backyard like a plat-a-ball?
Buford,"(looking in the fridge) Why do parents buy such weird food? Everything's 'lite', 'low', 'non', 'free', or 'diet'."
Buford,"I dub thee ""The Buford van Stomm Time Catapult"". I won the naming rights fair and square."
Buford,"Yeah, I don't remember imbuing the suit with the gift of life. I think I'd remember that."
Buford,"He didn't bribe me. He just caught my attention in a monetary fashion. Now, back in line."
Buford,"Hey, remember how we did that super Rollercoaster? How 'bout a super duper Rollercoaster?"
Buford,I found these catering trays from the giant picnic and this parachute from the drag race.
Buford,"Great. It's boys against girls. And to give ya a fair shot, I'll even take Shrimpy here."
Buford,Watch this trick. (Covers the cell phone with a cloth and smashes it with a hammer) Voila! One cell phone transformed into miscellaneous electronic parts!
Buford,You guys do chores?! I'd think you'd build a small army of drones to do the work for ya!
Buford,"Leave me my simple pleasures. Now Ferb, destroy Troy! This is why I got Ferb on my team."
Buford,"Woah woah woah! We're just startin'?! No—no intro, nothin'?! Just gettin' right into it?"
Buford,"Good luck, little guys. I'll think of you whenever I get a rabies shot! Which is often."
Buford,"Well, if this thing's the problem, maybe we should press this big self-destruct button."
Buford,"You created me, Garbage-zilla! And now, puny humans, Prepare to be trashed! (trips and makes a loud noise) Whoa! Whoa!"
Buford,"Little Master, I've washed all your dust jackets and dusted all your cold knick-knacks."
Buford-2,"I used to be in the Resistance, but I got so good at it, that I started resisting them."
Buford,(Drusselsteinian accent) Let me explain through a brief flashback and not-so-brief monologue about my childhood!
Buford,"Ugh! Hey, this is butterscotch ripple! (A small door slides up on the truck with a lit arrow. Perry spits out his fedora, puts it on and zips into it.) Is this your first day on the job or somethin'?! (The truck speeds out.)"
Buford,"Nice? Ah, now I gotta go do some'in' to balance out the universe. See ya' on the news. (He walks off)"
Buford,"Yeah, I was walkin' out in the middle of the woods one night with my lucky tambourine."
Buford,You think your machine can find my long lost teddy bear? (flips the photo) I got his picture right here.
Buford,"Hey, if anyone's gonna ride this thing, it's gonna be me. Not one of you lousy extras."
Buford,"Nope. It'll only make me wanna hurt you, which will counteract my one act of kindness."
Buford,"Knew it! Prime for drawin'! (gasps) Even better, maybe I can borrow some makeup from Candace!"
Buford,"So, where's Klimpy? Don't tell me he ditched us for one of those swanky afterparties."
Buford,"No, it's-- Oh no, it is desertion. Irving get over here. It's time to execute Plan B."
Buford,Ya didn't think it was weird when I used it to save ya after ya turned into a liquid.
Buford,(Laughs) Ice cream fell on you! (Laughs) Now we're both humiliated in public! (holds out his hand) Whaddya say? Even Steven?
Buford,Of course! So I'm puttin' an end to this before it breaks into song! Where's Perry??
Buford,"Yeah, that's toothalloons. And I'll lock it all down, and make sure it doesn't move."
Buford,Wow! I never thought the process of growin' a berry that big would be so disgusting!
Buford,Whatever. (to Baljeet) Have you come around yet to appreciate the rustic beauty of the Wild West?
Buford,"Didja try kissin' both of 'em? What? That's what I'd do. Heck, I'll do it right now!"
Buford,"Oh come on, couldn't a gathering just as easily turn into a shindig or a hootenanny?"
Buford,Are you tellin' Irving about how you're the unsung intellectual giant of the group?!
Buford,"Isabella, I'm all puppeted out! Let's say we take a little break and get some eats?"
Buford,"Baljeet and I tried to untangle all these Christmas lights, but it was to no avail."
Buford,Hey you guys! I can see my thoughts! They're all sparkly and spread out around us.
Buford,"Yeah, we're gonna need a bigger army. Irving, break out my recruitment fustanella."
Buford,I told ya we shoulda made 'em outta bricks! Did those three pigs teach us nothing?
Buford,"Yeah, yeah yeah, you're in. Get a shield. Come back with it, or on it. Next! Name?"
Buford,"Hey Baljeet, check this out! It's a kite, but it totally looks like a pirate ship!"
Buford,Oh. Zoom in on the swirly thing. my gut tells me that's where the whalemingos are.
Buford,Cool! It actually worked! (sticking a finger out) Who's my little platypus clone? (The clone snarls at Buford.) What was that all about?
Buford,"(stripping down to his underdrawers) Come on, you freaks! Fresh meat! (screams) Yippee-ki-yay, you pharmacist freaks! Yippee-ki—"
Buford,"Physics camp? Yeah, you're better off. Hey, Candace, why did you join the Empire?"
Buford,Sorry we're late. We went through the car wash 13 times with my Crazy Uncle Oslo.
Buford,"Gimme that thing! I got an opener that can open anything! (He hits himself on the head with the safe, which opens.) ¡Para usted, señorita!"
Buford,Life's not fair. Earlier today I just missed hitting this kid with a basketball.
Buford,It's a nerd carrier. I had a heck of a time getting him in. Scratched me all up!
Buford,Mmmm. I am to metaphor cheese as metaphor cheese is to transitive verb crackers.
Buford,"Well, Hurry up and think of somethin', I'm gettin' tired of hanging around here."
Lion-Tiger-Bear Guy (Buford),"Hey! What are you doin'? Ow, ow, ow! I can't believe I'm doin' this for nothin'!"
Buford,I'm filling in for Isabella while she's visitin' her grandparents in New Mexico.
Buford,"'Cause cheese is cool no matter how you slice it! (Sees no one is reacting.) What, am I provolone on this?"
Buford,Wait a minute! What happened to that spiky thing?! What happened to the Earth?!
Buford,And I'll be the great Achilles. And I'll be all; 'Wham! Zam! Stab! Stab! Stab!' (He stabs Baljeet again)
Buford,"(oiling the feet) Sure, you get the fun part. If I wanted to oil feet, I could've stayed at home."
Buford,"Yeah! And when you're hungry, you crack your knuckles! (cracks knuckles) Oh, baby, that's good..."
Buford,"I'd better not taste any chicken then, loser. (eats it) All right, you survive. For now."
Buford,"You can use it for your audition, and I can use it for my reel. (An assistant gives him a cup of coffee.) Thanks, Shane."
Buford,YEAAAAAAAHHHHH!! WHOA! YEAH YEAH YEAH YEAH!!!! DREAMS DO COME TRUE!!! WOOHOO!!
Buford,Leg of carrot! (Baljeet looks up questionably) What? Your carrots don't have legs? Where do your parents shop?
Buford,A poor man's Edgar Allan Poe. Who added bugs to mask all the borrowed imagery.
Buford,"Regardless of how got here, we gotta eat to survive. So it's back to the hunt!"
Buford,"I will empty my mind of all thought, except for Baljeet. (stares at the ceiling for a moment) There, that was easy."
Buford,"Hey, the epic struggle of a triangle-headed boy to choose between two schools."
Buford,Does anyone else get the feelin' we're really takin' our time with this thing?
Buford,"Yeah. Because it's boring. Whereas a Bread Bowl Hot Tub, on the other hand..."
Buford,"It's okay. I can speak a little ""Candace Suit"". I'll do my best to translate."
Buford,"Well, that didn't really count, 'cause it's just a dainty little girls' game."
Buford,I guess my pizza orders isn't goin' in. WON'T SOMEONE THINK OF THE BUFORD?!?!
Buford,"As much as I'd like a tearful reunion, we gotta get off this mountain pronto!"
Buford,"Yeah, right next to a box of scorpions, which is what I wanted to bring over."
Buford,"Chowdina, you're never gonna believe it! I was so communin' with nature, and—"
Buford,"Sure, it's like when you have two sets of keys. And you keep one in your car."
Buford,"Hey, I got my costume all set. Be sure to introduce me as The Amazing Baggo."
Buford,"I think Brain Boy's had enough stimulation for one day. (tries to touch the control unit but gets shocked) Ow! Hey, that hurts!"
Buford,"Oh, I got that handled. (He picks up an Isabella suit.) Check it out! It's reversible! (He turns the suit inside out) Tada! A goat costume!"
Buford,"Aw nuts, I'm standing on Baljeet's shoulders and I still can't see anything!"
Buford,"Hey, I can work the velvet rope. (holds it out) I never leave home without my velvet rope."
Buford,"Don't feel bad, when we got out of here, I was gonna do that to you anyway."
Buford,"Oh, I'm a dumb bird! That's what you sound like! Eat coconut, ya dumb bird!"
Buford,"Just confirmin' it's not real. Besides, I categorically deny I'm flyin' it."
Buford,And then uses the last shard of Darkling Tower to defeat the Puzzle Knight!
Lion-Tiger-Bear Guy (Buford),"He's right. There's a zipper right back here. Hey, let me get that for you.  (unzips the tree-suit)"
Buford,This would've never happened if we gave a monkey a shower! I'm just sayin'.
Buford,"Alright, guys, let's do this! **BUFORD VAN STOOOOOOOOOOOOOOMMMMMMMM!!!!!!**"
Buford,"Let's just say if you want a neck like mine, you gotta start lifting young."
Buford,"(in happy tears) Oh, man! I've never been so happy when it wasn't at someone else's expense!"
Buford,(waving goodbye) It is the ephemeral nature of things (wiping away a tear) that make them all the more beautiful.
Buford,"Hey, uh, Hector? Why don't you come on down here, I got something for ya'."
Buford-2,Wait a sec. What do you call those things that eat nuts and live in trees?
Buford,"Look, I just lost my nerd! I'm not gonna lose the rest of my friends, too! (takes off his rubber duckies)"
Buford,All right. How about I give you back your bike I took when we were little?
Buford,I am to metaphor cheese as metaphor cheese is to transitive verb crackers.
Buford,"I don't know, I kinda like her like that. She looks like Cand-berry sauce."
Buford,"I got something I need to do. (to the kids from earlier) Hey, shrimplets! I've got something for you."
Buford,"(After untying himself from the giant tooth) Well, I hope that lands in the backyard of a giant who needs a fake tooth."
Buford,It can't be done! There's only twenty-four hours in a day and that's that!
Buford,"No no, I'm in! I'm in! I don't wanna play alone. I'll turn into a cat-kid."
Buford,"""Love is a canvas furnished by nature and embroidered by the imagination."""
Buford,I'll bet he's hungry. I totally sound like that when my blood sugar's low.
Buford,"(throws calendar away, sarcastically) Oh, okay. Let's focus on what Phineas and Ferb wanna do. We never do that."
Buford,"But, Chowdina, you cant't go! You're my bread bowl hot tub! And my friend."
Buford,(covers Ferb's mouth) Lemme say it! Lemme say it! Bread! Bowl! Hot tub! It's finally happening!
Buford,"Baljeet's already out! (elbowing Baljeet) Wake up, will ya! You're drooling all over my arm!"
Buford,"Uh, if dis is an intervention, I don't think you guys are doin' it right."
Buford,"Oh, all right. (takes it out and sticks it onto the faucet) But I'll be back for that bad boy. Alright, let's do this! (He turns the wheel, and the water comes out of the faucet. The gang fall down the waterfall in their barrel.)"
Buford,"Actually, this is way too tame. (to someone offscreen) Hey, crank it up to double black diamond!"
Buford,I told ya I was comin' out first! Biff and I have some catchin' up to do.
Buford,"That's it! The other accents were amusing, but that one's just offensive. (He hops onto one of the passing floats)"
Buford,"Ohh, I have disappointed you, Little Master. I will strive to do better."
Buford,"Buford is doing great! I just hope we'll be able to find my friend Biff. (Points at bowl, Sobbing)"
Buford,We need to find a guy who knows how to get things. Every prison has one.
Buford,You're gonna hafta wait for my tell-all memoir just like everyone else.
Buford,"Whadaya mean, ""fine""? I've got no bounce left! I'm totally unprotected!"
Buford,I'd like to see a shark! I hear they're the toughest fish in the ocean.
Buford,Whoa! That's funky! Doze are da weirdest-lookin' plants I've ever seen!
Buford,"Okay, I'll rephrase it. What kind of fun can we have when it's raining?"
Buford,And that's what would happen if we grew magnets under the Earth's core.
Buford,"Come to think of it, maybe your point would be better made standing up."
Buford,"(Puts fishbowl through Biff) There you go, little buddy. You're all safe now. Let's get out of here."
Buford,(Sighing) I don't know if this is working out. Can you talk in an Indian accent?
Buford,"(puts arm around Baljeet) I knew you'd rise to the occasion, pal. You just needed a little push. (shoves Baljeet)"
Buford,How come you guys are making something special for her? What about me?
Buford,"Actually I was gonna say focus group testing, (starts running to catch up to the others) but ""ride it"" works too."
Buford,What? Your Mom wants a super computer? What is she? Some kind of nerd?
Buford,"I bet that right about now that Hot Tub doesn't sound so bad, does it?"
Buford,"Yeah, and ours has red pepper flakes and little tubs of grated cheese."
Buford,"Well, there's so many people behind the scenes that deserve a mention."
Buford,(appearing over the Random Swimwear card) Wow! I totally thought that shadowy figure was gonna be Slamm Hammer!
Buford,"I'm just workshoppin' this okay? (Takes out a figurine of Phineas wearing a tuxedo.) Here, for scale. (Drops the figurine into the soup.) Bread Bowl Hot Tub."
Buford,"Um, if yer done starin' into the distance, we gotta lotta work to do."
Buford,You're not on the list. You should have made a reservation yesterday.
Buford,What about that cave up there with the weird Klimpaloon-shaped totem?
Buford,"Eh, could use a little somethin' more. (more blueprint rolls out above the first one) Dere it is, but where's Perry?"
Buford,Why don't you just buy him a new one? They won't know the difference.
Buford,And I'm down to my last potato chip! Better make this bad boy last...
Buford,He's still in the garage lookin' fer a wrench wit' an English accent.
Buford,"Hey, Dinnerbell, that was the best battle ever. Same thing tomorrow?"
Buford,Now those are some transportational logistics that I can get behind!
Buford,"No, no! This is Buford's moment to shine! (jumps into the pit of mud) Hey, everybody, over here! (All cheer)"
Buford,"Hey, guys, the only thing that would make this show better? Popcorn!"
Buford,Isn't the house a little small to play a good game of hide and seek?
Buford,"Hey, maybe you could make an hourglass and watch the time slip away."
Buford,"Beatrice, no! You gotta stop doin' that! You're making this so hard!"
Buford,Whoa! Is it there even gonna be enough wind for something like that?
Buford,"I gotta say, this is a really non-traditional use of interior space."
Lion-Tiger-Bear Guy (Buford),"Alright!! I'll take something! (grabs a sandwich from the bag) Ooo, a ham sandwich. I did want that. (Eats it and leaves)"
Buford,"(bleats) Hey! Hey! Watches the cactuses. Ow! Ah! Hey, who's driving up there?"
Buford,"Dis is awesome! I feel Mom power! (angrily, to Candace) Go to your room! Oh, what a rush!"
Buford,"I'll just fluff up your pillow, then! (Baljeet runs away) Little Master? Little Master?"
Buford,"Just remember, Baljeet, the captain always goes down with the ship. (gives hat to Baljeet)"
Buford,Wait! They got away undetected?! Why would he come back like that?!
Buford,"(sarcastically) Great, an activity that takes seventeen seconds, den I'm hot again!"
Buford,"Yeah, and maybe we can pick up some Greek frozen yogurt on the way."
Buford,"Funny, I noticed none of the ladies in your family like to look up."
Buford,"Don't worry, little ducky thing, we're gonna take good care of you. (Perry then sticks his tongue out with the wristwatch communicator on it)"
Buford,"Either way, you might want to put on some waterproof undergarments."
Buford,I just got the 21G and the software won't be ready for two months.
Buford,"Right here! Right here, he—What? (takes off his helmet) He should be right here! Oh, man!"
Buford,"It doesn't hafta be chowder. Could be a bisque, broth, a consommé."
Buford,"Fine, it'll be back. Odaf Underhump has a healing factor of eight!"
Buford,"It better, or we're getting a VIP tour of that Necroslug's bowels!"
Buford,It ain't gonna be easy without ruinin' the feng shui of the lobby.
Buford,"Move over, nerd. This is a job for brash, unthinking muscle. (He pulls off the control for the legs) Oops."
Buford,"Hey, I never got my metaphor cheese! (Echo: Cheese cheese wombat cheese) Huh. My echo must be broken."
Buford,Orange! (dramatic music; suddenly winds down) Eh...not really gettin' a big rush of emotions over this.
Buford,"Thanks, but it ain't the same if Buford don't rip 'em off of you."
Buford,I'm kinda lovin' bein' Candace. I'munna take myself for a stroll.
Buford,Hey Dinner Bell! I'm goin' with you to make sure you don't cheat.
Buford,"Nah, nah. I'll go. You stay here, little girl, it might get ugly."
Buford,"""And I'm Phineas, and my head doesn't make any biological sense!"""
Buford,"Hulk's gamma-ray concentration beam. Brawn first, right, big guy?"
Buford,See? Isn't this the coolest game ever? It's called Jump and Duck.
Buford,This must be a special episode. He's yelling at his sister again.
Buford,Why not just use fireworks? Isn't that traditional for a finale?
Buford,"Okay, But I don't know what you're gonna do with half of a vine."
Buford,"Check it out, dweebs! Betcha can't shoot this apple off my head."
Buford,"You know, you should really find a new hobby. You got no skills."
Buford,"Yeah, you know the one where you climb into the decoy, and uh..."
Buford,What? Ya think I keep a detailed schedule of everything he does?
Buford,So how do we get up The Unclimbable Mountain of Unclimbableness?
Buford,I'm sticking to my guns on this one. It's a matter of principle.
Buford,No! No way! I'm not puttin' that stupid cupid costume on again.
Buford,"Yes! I did it! I hit that thing with a stick! Take that, thing!"
Buford,"(weakly) Not quenching... fading... (He falls down and tumbles on the treadmill.) But, y'know, this is kinda fun, too."
Buford,"SURPRISE! (pulls Baljeet's helmet off and sees his giant brain.) OH! OH! Oh, that is SO GROSS! But it's kinda awesome."
Buford,"Wait! Don't go! I'm not hunting ya! ""Commune with nature"", huh?"
Buford,Hey! Dinner bell! Where do you want this crate of hoojimagawas?
Buford,I dunno what happened here and I'm pretty sure I don't want to.
Buford,Do my ears deceive me? Are you sayin' we should work together?!
Buford,"We all did. You're not the only one with a book club, you know."
Buford,There's the emotional attachment to oranges I've been lackin'! (He gives Isabella a high eight.)
Buford,"Bring it on, Speckies! We're gonna go all Hyborian age on you!"
Buford,"Wow, it's like your mom was hit by a Dynamic Ray or something."
Buford,"Hey, where're you guys... We're comin' back after this, right?"
Buford,"Hey, let's not be too hasty with Beatrice. Run, Beatrice, run!"
Buford,I can't be a pharmacist! I know nothing about pharmaceuticals!
Buford,Hey! Shouldn't you be ridin' off into the sunset or somethin'?
Buford,"Find a nerd, take his underpants, and run 'em up the flagpole."
Buford,Bland sports terms. That's what's keeping the Canadians down.
Buford,Or a giant birthday paddle and a regular-sized cheese grater.
Buford,"Psst, I understand you're a guy that knows how to get things."
Buford,My uncle Oslo from Oslo used to make huge marionette puppets!
Buford,"So, then, Phineas was all like... (Phineas reappears) I'll finish my story later."
Buford,"Hey, let's take this baby for a spin, and see what she'll do!"
Buford,I don't wanna taste two things at one time! That's unnatural.
Buford,"Danish Head ran off, but the droids are over there. (His blaster accidentally goes off.) Whoopsie!"
Buford,I said that back in the Himalayas! Does no one listen to me?!
Buford,But we're so close to home! You can't do this to me! Not now!
Buford,Christmas is coming! Christmas is coming! Turn the lights on!
Buford,"Alright, there's nothing to see here. Everybody back inside."
Buford,"Yes. Yes, they are. But some people...don't APPRECIATE THAT!"
Buford,Big deal! So this summer's over. There's always next summer.
Buford,(rowing a boat past a lighthouse) I knew I should've gotten the down payment on the elephants.
Buford,Why do I have to paint? Painting is for babies and beatniks!
Buford,"Alright, gang's all here. Let's get this pool party started!"
Buford,Last one at the top of the mountain is a stinky dish sponge!
Buford,"Oh, sure. Ya like this bread-related activity, but not mine!"
Buford,"I knew I had to defend my friend, so I did what I had to do."
Buford,Wow. I had no idea that was so uncomfortable. I am so sorry.
Buford,"Ooh! Let's throw a tarp over it, y'know, for the big reveal!"
Buford,What's that supposed to mean? (Grabs Phineas) You think I was a wimp before?
Buford,How do you know what the inside of a steamroller looks like?
Buford,"Why do you disturb my brooding on the eve of war, stumpling?"
Buford,(sighs) Not that lame sci-fi show you obsess over. Space Adventure?
Buford,"Hyah! Now hold still, ya stupid fishface! (sticks head in stream) Swim in my mouth!"
Buford,"That guy over there, The Redundant Scribe of Redundantness."
Buford,"(in the Mom suit) Full disclosure, dis isn't da first time I've tried dis on."
Buford,How are we all supposed to see thought that puny telescope?
Buford,"(To Baljeet) And you can be Hector, now get over there. I'm taking Ferb."
Buford,"It looks like the planet's growing. Planets do that, right?"
Buford,Perhaps a heartfelt ditty will clarify that for ya. Hit it!
Buford,"You guys get ice cream? (A pork loin lands in his hands.) Pork loin? Eh, I can work wit' dat."
Buford,"Okay, your loss! Now this is how we shoulda started summer!"
Buford,And I'm never going to get to my one great act of kindness.
Buford,Then I guess I'll just find a nerd and take his underpants.
Buford,No. I'm sorry for putting the GPS on you. Consider it gone!
Buford,Hmmm. How do I put this delicately? It's not our best work.
Buford,Hey! We're over the Meatloaf Festival! Anybody else hungry?
Buford,"Hey, hey hey hey! What the heck, man?! Ya bringin' us down!"
Buford,"The lenses are good, but all the blood's rushed to my head."
Buford,The light under his chin makes his story pretty convincing.
Buford,(sighs) You know who would like this? Perry. I wonder where he is.
Buford,"(While backing away from the Baljeets) Now, take it easy, buddies. This is really a bad decision!"
Buford,"I'd wear a door. Heck, I'd even wear a window if it'd fit."
Buford,"Mariana Trench? Then we're gonna need trench coats, right?"
Buford,One chili dog. And yer shirt color really suits your eyes.
Buford,"Hey, squid! (Jumps off) Drop the goldfish! You and me are gonna dance!"
Buford,I thought there was more furniture here than I remembered.
Buford,I'll bet you a fried pickle I can change your perspective!
Buford,"We made a hat for your brain, Slowy. (at Isabella) Boy, he is slippin'."
Buford,I'll just stay here and fiddle with stuff so I look busy.
Buford,(Angrily) In what universe would a piece of paper ever beat a rock?
Buford,"It's a little preach-y for my taste, but count me in too."
Buford,The juiciest treasures usually have the beefiest defense!
Buford,"That reminds me, I could use a little help with my chore!"
Buford,Seriously! Why don't they put safeties on these blasters?
Buford,You should put it on. Take it from me. Black is slimming.
Buford,"Oh, fine. And I just get an eye-roll for Anti-Climaximus?"
Buford,"Gee, thanks a lot! Wait till my friends get a load of me!"
Buford,"Okay, I agree. It's a combo, but it's gotta have quench! (slams pitcher on table)"
Buford,Well it's simple then. Just don't choose the strawberry.
Buford,Uh-oh. I've a feelin' we're not in the backyard anymore.
Buford,"(sarcastically) Great, just what I always wanted: to fully sense Jeremy."
Buford,"I toldja, man! She's probably wearin' a lab coat by now!"
Buford,Don't tell me you're playing with that lame kiddie ride.
Buford,"(Runs back into backyard) Phineas! Ferb! Ya gotta save me! (cowers behind Phineas) They've all gone crazy! (The Baljeet replicas return, marching into the backyard)"
Buford,Ah! Left again! Everything keeps goin' left! I'm cursed!
Buford,I think there must be somethin' wrong with this program.
Buford,"Yeah, but in the one-point wedge. Three points, Baljeet."
Buford,I'm havin' the time of my life! Is anybody else hungry?!
Buford,"(offscreen) You're visualizing numbers in the air again, aren't you? (Buford pushes the floating graphics into the ground.)"
Buford,I think the cut of your lab coat is working against you.
Buford,"Oh I get it, we're in space. AAAAAGHAAGH! I heard that."
Buford,"Okay, there might be somethin' to this whole UFO thing."
Buford-2,I thought you told us he was just using you as a cover?
Buford,"(puts helmet on the floor) Yeah, you guys do that. I'm gonna go get a Slushy Dawg."
Buford,I'm gonna hug you and squeeze you and never let you go.
Buford,You now they've got a word for what you guys are doing.
Buford,What the...? No fair! You've got that aerodynamic head!
Buford,"And where's that breakfast burrito? (Baljeet plays a rimshot on the drums.) Ah, there's my guy!"
Buford,We can't go out there unprotected! We're sittin' ducks!
Buford-2,Now this is as much fun as bustin' rocks for the state!
Buford,"Yeah, I'll catch yous later. I'm keeping my hoagie dry."
Buford,Fine! We all build our own thing! May the best man win!
Buford,"Yeah, people need to be ""avant-guarded"" from your food! (kicks plate)"
Buford,"Oh! Oh! Say ""Where's Perry?"" now. I've been practicing."
Buford,...ya gotta twist it first! (demonstrates) And you yell REALLY LOUD!!!
Buford,It's workin'! I totally changed your perspective! Draw!
Buford,"(falsetto) ""Well, I guess we can test the pools! Hey, look at me!"""
Buford,Don't do much? The beak bite on my butt begs to differ.
Buford,"(writes in the Baljeet Chronicles) Already ahead of ya! Yeah, he's free Wednesday at 8:00."
Buford,Isn't anyone gonna talk about how we got here so fast?
Buford,"How do I know what adults like? What am I, a computer?"
Buford,"Hey, Isabella. About that ""Whatcha doin'?"" back there…"
Buford,"What's next? Stacy shows up and asks, ""Whatcha doin'?"""
Buford,"They keep the bulls from knockin' you over, like this! (knocks Baljeet over)"
Buford,(coming back in) And a pool! That's hot! Filled with soup! I'm back in!
Buford,"You're still gonna lose, but do I like scaring things."
Buford,"Hey, you guys wanna hit Slushy Dawg before we go home?"
Buford,I'm glad. Because you weren't very good at it anyway!!
Buford,"What, like in a metaphysical sense? Nothing. I'm good."
Buford,I'll take that! Giant worms can do whatever they want! (They disappear.)
Buford,Woo-hoo-hoo! Yeah! The power of friendship is amazing!
Buford,But then the scope is on the bottom! That's not right!
Buford,"(runs into the store and gives Baljeet a wedgie) Wedgie time! Thanks for savin' my place in line, nerd!"
Buford,"Y'know, I think we have the best castle party costume."
Buford,(whispering) I think he's taken this camera thing to a weird level.
Buford,"I got my Biff back. Thank you, guys! How about a hug?"
Buford,"You dweebs, that's a soccer ball. This is a football!"
Buford,"Yeah, all that nature stuff was gettin' stale anyway."
Buford,Wanna see what I got behind my ear? (Pulls a large ear from behind his ear.) It's another ear!
"Isabella, Baljeet and Buford","(at different times) Come on, guys! Let's go! You can do it! Come on guys!"
Buford,I agree. It's nice to have you back. One of you back.
Buford,"Fine, but we're doin' Demolition Derby G-48 tomorrow!"
Buford,"Chowdina, you can fly! I don't believe it! I'm magic!"
Buford,"Give Dr. Toothenhurtz here his lab coat, Bright Eyes!"
Buford,Hey! How'd they get that big horse in that tiny door?
Buford,"Gimme a second. If I eat nine, the tenth one is free!"
Buford,"Oh, here we go! Li'l Miss Safety Patch strikes again!"
Buford,"I think it was my stomach. I told you, I'm starving."
Buford,"Not if you scoop up a whole bunch of them! (He scoops up school of seahorses, and rides seahorses) Giddy up!"
Buford,"Good times! Yeah, I still have da mold. Entrez-vous."
Buford,"What, with like a super growth formula or somethin'?"
Buford,(appearing onscreen) It was! You look stupid! (laughs) It works on so many levels. (feed gets cut off)
Buford,"Oh, I can't help it. Paris does it to me every time."
Buford,Did I just hear we're building something we can eat?
Buford,"Look, there's Baljeet's house! I'm gonna spit on it."
Buford,"(voiceover) There he was, happily plying his trade, cowpunching."
Buford,How come I don't have to stand in line to bully you?
Buford,"And where does that rate on the... ""good-bad"" scale?"
Buford,"(offscreen) But I'm tellin' ya, the sun's rays'll make ya crazy."
Buford,"(Buford walks up, and is also dressed up.) I thought I was supposed to be the vegetable samosa!"
Buford,"(starts pushing people out of line) Out of my way, melonheads! Move it, or never use it!"
Buford,"(eating a donut) Ya had me at ""donuts"", lost me with everything else."
Buford,Why do you sound like you're in a 1970s road comedy?
Buford,That'd better not be insignificant bags of peanuts.
Buford,"(pushes Baljeet out of the way) Step aside, weiner! One Windmill Dog, hold the bun."
Buford,"If this keeps up, you're gettin' back in the shirt!"
Buford,It's like they were hit with a Dull-and-Boring Ray.
Buford,I don't want him to go. I want him to stay with us.
Buford,"You make puns when the other guy is down, dumbbell!"
Buford,Yeah! I'm gonna be soakin' in soup!! WOOHOOOOOO!!!!
Buford,"Alright, how about two Kafka's for your Dostoevsky?"
Buford,"Well, ya see, every year, my mom pays Uncle Oslo..."
Buford,"I don't know, something's making my bull go whacko!"
Buford,(drawing an eye on the sticky note) How come you guys didn't tell me about this before?
Buford,"No, man. It's over! I'm gonna go find another nerd!"
Buford,"Yeah, It'll probably all make sense in the morning."
Buford,Whoa...whoa...whoa.....whoa!! Totally unbelievable!
Buford,"""Oh, I'm Baljeet, and I am bein' real judgy today."""
Buford,"Plus, the other one is six feet tall and slouchin'!"
Buford,"She's gone, but she'll live on in my heart forever."
Buford,And you got your vindaloo all over my bitterballen!
Buford,"We got it covered, just watch out for booby traps."
Buford,"Chihuahuas, that's the first thing zombies go for."
Buford,"(belches, giving a thumbs up) Carbonation. Makes me belch. That's why I like it."
Buford,"(playing a DDR-equse game with Baljeet as Perry walks past) Oh, get with the beat. You're messing up my score."
Buford,"You're never gonna let me live that down, are you?"
Buford-2,I was helping Candace's brothers cross the street.
Buford,"Way to go, Tropey! Hey, look at me! I'm a hamster!"
Buford,"(Gasps) Biff! He looks so sweet! (Sobbing, Puts picture in fish bowl) How about a hug? (Ferb puts hand up) Come on!"
Buford,You checked the atmospheric pressure this morning?
Buford,"Well, my calendar says it's Bread Bowl Hot Tub da—"
Buford,Is all this worth it just to spot some dumb birds?
Buford,Actually the word I was looking for is 'decimate'!
Buford,I'm gonna give those orange peanuts a second look.
Buford,"Ah, still lame. (walks to the power source) Maybe I can liven things up a bit."
Buford,"Hey, Dinnerbell, where do you want the clown head?"
Buford,"Well use your head and think of something, genius!"
Buford,That's nothin'. I havarti got a whole list of 'em.
Buford,You'd better have some decent grub on this bucket.
Buford,"(After a slight pause) If that wasn't such a good idea, I'd flatten you."
Buford,Judge? Cool! Do I get one of those powdered wigs?
Buford,"Look, everyone! It's Baljeet's cowboy life coach!"
Buford,So that's why I got up early. What's your excuse?
Buford-2,And the snack bar is on Level 5! (2nd Dimension Candace glares) If there's time!
Buford,"Don't be so dramatic, all these books are online."
Buford,"""Buford, chill out. You're fine."" I'm vindicated."
Buford,"Wait, is that bread?! (slaps himself repeatedly) No way! No way! No way! No! (screams)"
Buford,Only you can nerdify a great sport like baseball!
Buford,"Alright, I'd be angry, but I admire your honesty."
Buford,That's what they told us durin' the brainwashin'.
Buford,"Look at me, I'm a shark! I can poop in the ocean!"
Buford,Anyone else get the feelin' we're bein' followed?
Buford,"Buford wants cake! Buford wants cake! Me, me, me!"
Buford,What flashback? (They all run off) I'm just rippling! It relaxes me.
Buford,And you're showin' me boring math equations why?
Buford,"(pants) It's... I can't tell 'em! You tell 'em, Baljeet!"
Buford,I have another act that'll bring the house down.
Buford,"If I wanted nerd facts, I would've kept Baljeet."
Buford,"Yeah, Dinner Bell. What if there is no treasure?"
Buford,"(falsetto) Oh, hi. I'm Candace, and you guys are so busted!"
Buford,"Hey, am I the only one wondering where Perry is?"
Buford,Watch it! Long underwear makes the best wedgies!
Buford,Gourds. Gourds are great ...What? I like gourds.
Buford,"(pause) No, I'm just cryiiiiiing! (Sobbing) (Ferb lands on him) Thanks. I needed that."
Buford,Just putting my new laysizz through their paces.
Lion-Tiger-Bear Guy (Buford),If I had a nickel for every time I heard that...
Buford,Maybe it would help if your puppets were bigger.
Buford,"(Coming down from his balloon, then releasing them) Happy...Tri-State...Unification...Day! Woo-Yeah!"
Buford,Am I on speaker phone? Get me off speaker phone!
Buford,And that one looks just like Tropey McTropeFace!
Buford,I don't get it. How were you able to hold me up?
Buford,Is that the first place your brain goes? Really?
Buford,That was the best thing we've done this morning!
Buford,"Come on, already! Let's start lookin' for stuff."
Buford,"And when we get there, let's talk about Candace."
Buford,Really? You guys would do that? How about a hug?
Buford,"Hey, guys, I landed up here. Should I come down?"
Buford,Who cares? Let's just fight that old pharmacist!
Buford,What? I don't like reading. Bread Bowl Hot Tub!
Buford,"If ya need me, I'll be over here on the thingy."
Buford,What kind of fun can we have when it's raining?
Buford,Then it was all; 'Wham! Zam! Stab! Stab! Stab!' (Buford stabs Baljeet again)
Buford,"Well, why didn't you say so in the first place?"
Buford,They can also copy sounds and voices and stuff.
Buford,Sorry I'm late! I was busy doing some rewrites.
Buford,"(Distantly) He's stuck in a tree, and I can't get him down!"
Buford,Only if I can still smack around Baljeet's hat!
Buford,It's a trap! Remember to smile for the picture! (evil laugh)
Buford,"Ah, he still gets de-pantsed one leg at a time."
Buford,See? They're playing music! It is a hootenanny!
Buford,"It's a looooong summer, and I am a patient man."
Buford,"Aw, man, pay attention. You're embarrassing me."
Buford,"Heh, more like the Anti-Cli-maximus. (elbows Baljeet) Hehhyeah?"
Buford,So what you're saying is it's not a clubhouse.
Buford,Wait! I've got an idea! Release the Necroslug!
Lion-Tiger-Bear Guy (Buford),"Nope, I'm a combination lion, tiger, and bear."
Buford,"(as Ferb) 'Ello, I'm from England and I don't talk much."
Buford,Exactly what time did you get up this morning?
Buford,"No, no. Try our Van Stomm family bitterballen!"
Buford,We were all here. You don't hafta describe it.
Buford,(drops Phineas) Don't be late. My mom's pickin' me up at 4:00.
Buford,We're never gonna know how the story finishes!
Buford,"Yeah, that's an annoying break in the pattern!"
Buford,It's kinda weird that we're doin' it at night.
Buford,You say that like it doesn't happen every day.
Buford,I'm gettin' tired of runnin' from these jerks! (The platypuses attack Buford and Ferb.)
Buford,"(wearing a monocle and beard) Hey guys, how much longer do I wear the beard?"
Buford,We saw a giant planet filled with whalemingos.
Buford,Whoa. It's like there's thousands of you guys.
Buford,"Hey, where you guys going? We're not done yet."
Buford,"Not today, ya lousy brain bags! (laughs as he jumps on the brains) I'm born free!"
Buford,How long you been carryin' around that poster?
Buford,Sentimentality or leaves. You can't have both.
Buford,Whoops. My bad. That wedgie was unintentional.
Buford,This town ain't big enough for the both of us.
Buford,(Lifting the ox) This is the only way he likes you to hold him.
Buford,"Hey, I don't have balloons to lighten my load."
Buford,"You know, fights crimes with different burps."
Buford,(as he walks by a dismayed Candace) You've inspired me; I'm growing out my bangs.
Buford,"Hold on! I'll try to lose 'em! Feet up, Ferb!"
Buford,I'm not cryin'! I'm sweatin' through my eyes! (Sobbing)
Buford,(lifting up his shirt) And various sores I'll be nursing for months.
Isabella/Buford/Baljeet,Oh no...I mean how could...well I guess it...
Buford,"Well, just be careful. Cuz I worry about you."
Buford,"This time I want an air siren, and tap shoes."
Buford,"(As Mr. Sock) Hey, Mr. Other Sock! What are you doing here?"
Buford,"(pause) No, no it's not. He'd never run from a fight."
Buford,"Angry wall of meat, huh? Yeah, I can do that."
Buford,"Nah, I don't think so. It's for bullies only."
Buford,"Yeah, I don't really get how it works either."
Buford,**BUFORD VAN STOOOOOOOOOOOOOOMMMMMMMM!!!!!!**
Buford,"The early bully catches the nerd, my friends."
Buford,Not to mention... You're never gonna make it!
Buford,Let me show you around. This place is a riot!
Buford,I can't hold on much longer! The one day my—
Buford,Yeah! Remember the time we went into space??
Buford,You killed her! You monster! Don't touch me!
Buford,"Yeah. Hey, Windsor, your drawbridge is down!"
Buford,"(Scowling) You know, eventually I'm getting out of here"
Buford,"It wasn't an abduction, it was an encounter."
Buford,I've highlighted your parts; now sing along!
Buford,"Little bit of garlic, a little bit a butter…"
Buford,Huh? Oh! That had better not be the mailman!
Buford,I know the secret of how to open that hatch!
Buford,"Chowdina, I'm gonna sail ya back to society!"
Buford,Archers! Regroup and protect the left flank.
Buford,I can't believe we tricked the un-trickable.
Buford,"Let's just say the initials are G, P, and S."
Buford,"Wow, minty! (Cut to him) Ahoy! And avast ye swarthy dogs!"
Buford,"She is scary, man. She gives me the willies."
Buford-2,I don't remember it being so dark down here.
Buford,I have a weird craving for something stinky.
Buford,"Hey, we're falling behind! What's happening?"
Buford,"Don't worry, I'll get you out in just a sec."
Buford,"But I still got my apple here, William Tell!"
Buford,I smell somethin'! (sniffs) I smell... (sniffs and runs off) I smell bacon!
Buford,Wash away the horror. Wash away the horror.
Buford,"Quit it, Ferb! You're creeping me out, man."
Buford,(to Baljeet) And you thought we were gonna die in space.
Buford,I'm afraid that information is proprietary.
Buford,"Oh, okay. Hang on. (Buford pauses to imagine a larger door) Oh, yeah, that's better."
Buford,I knew we shouldn't have let Baljeet drive.
Buford,(attempts to bounce but falls) I DIDN'T BOUNCE!!! AAAAAAAAAAAAAAHHHHHH!!!!
Buford,"Guys? Guys? (takes crackers off) Hello, hello? Wait, where am I?"
Buford,How d'ya know how long a football field is?
Buford,"Hey, twerp, I brought the props for my act."
Buford,This is a chariot race. There are no rules.
Buford,"Man, that pet of yours gives me the creeps."
Buford,Yep. It couldn't get any cheddar than this.
Buford,"Hey, what happened to Ferb? Who's this guy?"
Buford,Who's magicin'? I'm just givin' away cards.
Buford,"(handing up his items) A pack of Tuff Gum, and this cheese grater."
Buford,"(Still hanging on the rope above the table) Hey, can you pass me one of those bad boys?"
Buford,I fly into mud with a paper bag on my head.
Buford,Silent and invisible!? What am I? A ninja?
Buford,You found my friend? How about a hug? (Sobs) Hug!
Buford,"Yeah, you better fly away, wings-for-arms!"
Buford,Let's all pretend like we understood that!
Buford,I can't wait 'till they get here. Tristan!
Buford,So what color socks do you think he wants?
Buford,(Dreamily) She said she was vaguely interested in me.
Buford,"Yeah, are you sure that's not a clubhouse?"
Buford-2,C'mon. Isabella's house is right through--
Buford,Woohoo! (does a cannonball into the tub) Now you guys gonna hop in or what?
Buford-2,"(getting a fedora out of a bag) Look, we sewed 'em into these little hats."
Buford,"He's right! Uh, what size pants do I wear?"
Buford,"Wow, that was at least three seconds deep."
Buford,"Wait, let me interrupt you! Where's Perry?"
Buford,"Come on, Fanboy, you want to live forever?"
Lion-Tiger-Bear Guy (Buford),Looks like a squadron of flying squirrels!
Buford,(throws Baljeet off stage and onto Ferb's drum set) Thank you! Buford's still in the building!
Buford,It's the Bully Code. I live my life by it. (produces a card and gives it to Baljeet)
Buford,"Well, you did hit it with a lot of pianos."
Buford,"Eh, probably like my fifth favorite ocean."
Buford,"Yeah, I've been in the mood for a rom-com."
Buford,(takes it from her) Now that's a decision we can all agree on.
Buford,That balloon! It's making the bulls angry!
Buford,That's crazy! So crazy it just might work!
Buford,"Hey, wait a second. (Ferb rolls the backdrop up) Where the heck are we?"
Buford,"No kidding. Ladies and Gentlemen, brains."
Buford,I'll take care of it. Just get me in low.
Buford,"Nah, it's definitely a busting obsession."
Buford,You guys go ahead. I'll catch up with ya.
Buford,"Yeah, gunge is actually quite refreshing."
Buford,Yeah! Talk about your unlightful endings.
Buford,"Hey, he didn't charge me! Rookie mistake."
Buford,That's how I style my hair. Think bigger!
Buford,"(runs off) You're on your own, Jeet! I'm outta here!"
Buford,I got life-sized molds of all my friends.
Buford,"(as Ferb) Um, I can turn my head completely around."
Buford,I've always thought of myself as layered.
Buford,I don't know. What are you asking me for?
Buford,"At a respectable distance, little master."
Buford,I saved your life. Now you're my servant.
Buford,"Heads up, platy-posterior coming through!"
Buford,Yeah! Afristralia's probably full of 'em!
Buford,I knew these would come in handy one day.
Buford,"I still get to eat the bug though, right?"
Buford,"I didn't think it was spelled with a ""k""."
Buford,"So, fellas, what's on the menu for today?"
Buford,My only regret is that I ate that hoagie.
Buford,I have never been so sick to my stomach!!
Buford,"And if I did, would that be...actionable?"
Buford,"(at the camera) Hmm, not really what I meant. But, okay."
Buford,"Well, I ain't cleaning their litter box."
Buford,"They asked, but they couldn't afford me."
Buford,"You know, these suits are equipped with—"
Buford,What? I'm racin' 'em against each other. (Spins it again.)
Buford,(Looking at the Troy Castle) And they say Rome wasn't built in a day.
Buford,"No, guys, he looks like a nice guy. Oww!"
Buford,We should use Baljeet's weather balloon!
Buford,"Okay, Biffy, we're up! (The ground starts to shake) Jump through the—"
Buford,"I'm not usually a crier, But isn't that-"
Buford,Dis has not made anything clearer to me.
Buford,And I was gonna bury you on the fairway.
Buford,"There, we're done. I guess that was fun."
Buford,"Quiet, you! Go back to being vanquished!"
Buford,(he pulls Baljeet inside) Get in here! I know that girl out there!
Buford,How wide are we willing to open this up?
Buford,I like my version better. It's about me!
Buford,I knew she'd come back for the slimming.
Buford,I hate to say you're right...so I won't.
Buford,Hmmm... Feels like somethin' is missin'.
Buford-2,Man. I had my heart set on those nachos.
Buford,"Hey, guys, come on in. The soup is fine."
Buford,(Watching) AHHHH! Otto H. Adjacent will be avenged!
Buford,We could go to Panama and start diggin'.
Buford,I already did that when I came in. Next!
Buford,I sprayed it with space-harpy repellent.
Buford,I have no idea where my destination is.
Buford,Look! I found these nifty hand puppets!
Buford,"Mmm, I'd rather give a monkey a shower."
Buford,(offscreen) I just wanted to see what would happen.
Buford,That's not clearing anything up for me.
Buford,"Well, you know, the sun was in my eyes."
Buford,"But then again, you look kind of tired."
Buford,"Phineas, your kind is not welcome here."
Buford,"Ladies, to what do I owe this pleasure? (""smokes"" his bubble pipe)"
Buford,"I'm complex! Really, I'm like an onion."
Isabella/Buford/Baljeet,"Well, no, but...nobody ever told... (sighs) no."
Buford,This table's taken. Sit somewhere else.
Buford,"Are you kiddin'? (Flips his sign, stands on his hands, and holds it with his feet.) I make this look good."
Buford,My tongue's still like sandpaper. Pass!
Buford-2,"Hey, guys! I think I stepped on a slug."
Buford,"Yeah, but it was obvious in retrospect."
Buford,Hard pass! I'd rather wallow in misery.
Buford,"(picks up Baljeet) You better, man! My face is my fortune!"
Buford,"Moo-na. Two syllables cow, two. Moo-na."
Buford,"Don't be a baby, you're wearin' armor!"
Buford,"Uh, oh! Big round wet thing comin' up!"
Buford,"Yeah, and what's your secret identity?"
Buford,You do realize I'm holding a pie here.
Buford,The landline? That was my first trick! (Holds up broken landline phone pieces)
Buford,"Hey, look at us. We're glidin' on air."
Buford,Yeah. Why are they called the F-Games?
Buford,It seemed bigger when we were singin'.
Buford,(Raises eyebrow) Is that a fact? You'd better sit down.
Buford,A tradition as old as the game itself.
Buford,Your mom? I got one of her right here.
Buford,Just like my ma's homemade toothpaste!
Buford,(to Baljeet) Not one word about this to the others.
Buford,"We're your only contestants, dillweed."
Buford,"I still get to land in the mud, right?"
Buford,What? Is that what this parade is for?
Buford,"All right, Buford, here's your chance."
Buford,"Ha-ha. Ha. Well, what are ya gonna do? (Crowd cheering)"
Buford,Wow. I can't believe he's a platypus.
Buford,"Well, it was never apropos until now."
Buford,"Well, not with an attitude like that!"
Buford,"Aw, come on, really? Totally covered."
Buford,I still think we should get a ladder.
Buford,Wow! What is with all the negativity?
Buford,"Phineas, why don't you just go there?"
Buford,"All right, next party, step this way."
Buford,"Plastic. Pay the man, propeller-head."
Buford,Why would you have a weather balloon?
Buford,"I think it's comin' from his stomach. (He picks up Perry, and put onto his shoulder)"
Buford,"Oh, man. I even brought my own plate!"
Buford,"It's gonna be the bookcase, isn't it?"
Buford,"""Tropey McTropeFace!"" There, move on."
Buford,He's going after the royal... thingy!
Buford,"And... cut! Good work, today, Sluggy!"
Buford,"Hold on, Chowdina! We're almost home!"
Buford-2,I got nachos! Who wants some? (they stare) Nobody?
Buford,It's a name followed by a big number!
Buford,"Quick! Somebody say ""Where's Perry?""."
Buford,I don't wanna stew with just you two.
Buford,I'm fighting a girl? This'll be easy!
Buford,"You know, that could be just a duck."
Buford,Bullying's never let me down before.
Buford,"I don't care, I'm winning! (He laughs some more) I'm done."
Buford,Nothing but jungle from here on out.
Buford,"(looking at the Danville Cinemas website on his tablet) All right, let's see what's playin'."
Buford,Candace found the wood chipper guys.
Buford,Don't worry. I'll get the duct tape. (He leaves)
Buford,Hey! How did I get into that crate?!
Buford,"Hey, get that camera out of my face!"
Buford,"Well, they only make mallets so big."
Buford,"It's an affectation, leave it alone."
Buford,The time we made the ice cream! Duh!
Buford,Prepare to feel the wrath of Buford.
Buford,"Well, that's the end of this diaper."
Buford,"Thanks for that, Captain Bring-Down."
Buford,Have you ever seen one in real life?
Buford,Wow! I thought I had a bad attitude.
Buford,"I got two words for you: ""Cli. Ché."""
Buford,"Look over there, something's moving!"
Buford,"Hey, everyone. I'm wearing a diaper."
Buford,"You don't know, man. You don't know!"
Buford,And I suppose that makes it special?
Buford,What do you know? You're a daffodil!
Buford,"What are you trying to do, scare us?"
Buford,"Well, that sure wiggles my biscuits."
Buford,(looks at Baljeet disapprovingly) Do other nerds erect statues to you?
Buford,(He comes to the end of the super sprinkler) It just stops? How is that possible?
Buford,"Yep, that sounds like science to me."
Buford,"Hey, guys! I think we got somethin'!"
Buford,"I got a card. (He pulls out a stack of cards) Pick a card, any card."
Buford,What? (comes down) I thought I'd shake things up.
Buford,And what's the science behind this?
Buford,Someone dare me to lick this thing!
Buford,I am so in love with her right now.
Buford,(Screaming) I got it. (grabs the steering wheel and pulls the ride to the other direction) Woo-hoo! This is awesome!
Buford,"(As he digs) Wait, it's not a nail! It's a coin!"
Buford,Biff! Biff! Biff! Buford love Biff!
Buford,(beat) I am so in love with her right now.
Buford,"You all signed the releases, right?"
Buford,Aaaaah! I guess they ain't called--
Buford/Isabella/Baljeet,"Oh, me!/Me, me, me!/Me, me, me!/Me!"
Buford,What about this machine right here?
Buford,(carrying the ox) How often do you get to lift an ox?
Buford,Nah. We should kill this with fire.
Buford,Now this is what I'm talkin' about!
Buford,Hey look! It's one of those things!
Buford,"Yeeeah, uh, that was in my balloon."
Buford,How come he ain't split in two yet?
Buford,"Yeah, my pants are way ahead of ya."
Buford,"Well, looks like you're gonna lose!"
Buford,"Hey, dinner bell! Help us! Phineas!"
Buford,Not me. This is about where I peak.
Buford,"You did it, Biff! We're number one!"
Buford,Nice touch! Smells like my grandma!
Buford,"Huh. (beat, to Baljeet) He thinks he's better than us."
Buford,Good thing they left the door open!
Buford,You brush your teeth every morning?
Buford,"Heh, heh. Um, I- I'll, just uh, go."
Buford,It's the kid version of a cat lady.
Buford-2,I am so in love with her right now.
Buford,"Oh, I meant to say chili cook off."
Buford,"Okay Birthday girl, onto the next. (He throws a bag over her, and deposits her at her pool)"
Buford,I forgot all about Canadian bacon.
Buford,"Wait, how can we do something not?"
Buford,And there's only one way to do it.
Buford,Don't ya have anywhere else ta be?
Buford,"Phineas, this thing ain't budgin'!"
Buford,No! I'm not me! I'm somebody else!
Buford,"Nah, they don't look like anybody."
Buford,Witchcraft! What trickery is this?
Buford,Your dad's really great at tricks!
Buford,It smells like my grandma's house!
Buford,Tuff Gum! Like the **song** sez...
Buford,At 1% interest?! Are you kiddin'?!
Buford,But the code! You've got no honor!
Buford,I am ready for summer shenanigans!
Buford,That one looks strangely familiar.
Buford,I've heard you. It's a small loss.
Buford,It's like we're all little wishes!
Buford,We must never speak of this again.
Buford,Easy. I just use this camera. See? (takes picture of Phineas)
Buford,(Laughs) WOO-HOO-HOO! OH BUFORD LOVES THIS!
Buford,Do I still get to smash the tower?
Buford,"Hey, get back on your own chariot!"
Buford,"Aaaah! Wait, that actually worked?"
Buford-2,"Oh, you wanna climb the building!"
Buford,I told you sight gags were cheap.
Buford,No problem. What are friends for?
Buford,"(letting go of them and looking at Ferb) Okay, now you just made it weird."
Buford,"Form a line, people. Form a line."
Buford,She's gone. Let's talk about her.
Buford,Nobody thought to take a picture?
Buford,I want it to smell like licorice!
Buford,Ya just gotta out-boogie the man!
Buford,"Please say, ""Bread Bowl Hot Tub""."
Buford,"Whatever, dude. It's not gonna --"
Buford,This is gonna be worth a quarter.
Buford,So then you can get us the stuff?
Buford,What do you got against westerns?
Buford,So we're just plagiarizin' them?!
Buford,Alright! This is the tie-breaker.
Buford,(Gasps) It's all suction cuppy and beaky! (Whimpering)
Buford,"Hey, Isabella. You just get here?"
Buford,Hey! Why is everything all fuzzy?
Buford,That's nothing. Watch this. Fire! (A cannon in the ship shoots out cannonballs.)
Buford,"This is just busy work, isn't it?"
Buford,Stop 'splainin'! Stop 'splainin'!
Buford,"Uh, hello! We left him back home!"
Buford,What? Like on a clip show? (Crosses his arms) Lame.
Buford,"Yeah, but I totally nailed Ferb."
Buford,I dunno. Seems to have vanished.
Buford,"Yeah, man, she was in the house!"
Buford,"Yeah, we gotta lighten the load. (throws Baljeet out of the basket)"
Buford,He's totally better than Irving.
Buford,It was the elusive Chompy-cobra.
Buford,I'm sure nature will find a way.
Buford,"I don't know, maybe a car alarm? (Perry stands up and puts the wristwatch communicator into his mouth)"
Buford,(offscreen) And I was right! Until I wasn't!
Buford,Now I can look down on everyone.
Buford,Fine. How does this work anyway?
Buford,What? I told her not to do that!
Buford,I bet those flies are power-ups.
Buford,It's not as bad when he does it.
Buford,Aaand they're lost in the crowd.
Buford,I've been sayin' that for years.
Buford,"Chowdina, you can talk! But how?"
Buford,My sequins are already dancin'.
Buford,"Now how're ya feeling, Baljeet?"
Buford,Oh boy! It's the ice-cream guy!
Buford,How many jellybeans in the jar?
Buford,See? Nature always finds a way.
Buford,"Go home, you losers, we're dry!"
Buford,"Right, like that's not obvious."
Buford,"No, it's me. And I'm so sweaty. (wipes his forehead with his arm)"
Buford,But Phineas gets all the lines!
Buford,"All right, that one was for me."
Buford,Duh! It was written by bullies.
Buford,I wanna float around! (again realizing his mistake) Like men.
Buford,I think it's pretty convincing.
Buford,Maybe he needs some motivation. (Swings a baseball bat)
Buford,I think I can smell the future!
Buford,Oh! Oh! In here! Follow Buford!
Buford,Now lemme try this stick again.
Buford,It's called Jump and Duck. Duh.
Buford,Your left or doonkelberry left?
Buford,"Were we on ""brains"" or ""brawn""?"
Buford,We got this big doonkelberry...
Buford,I don't understand your pauses.
Buford,Yeah. That's borderline creepy.
Buford,So when are we going on safari?
Buford,Then you're goin' down with me!
Buford-2,I'm just gonna get some nachos.
Buford,You should stay out of the sun!
Buford,I toldja ta go before the raid!
Buford,Exactly. What's that all about?
Buford,"Hey, what are you losers up to?"
Buford,Oh oh! Now me! (he gets zapped) Woohoo! Awesome!
Buford,"Zero. Write that down, Baljeet."
Buford,Who says you can't have it all?
Buford,"There it is, but where's Perry?"
Buford,(starts sweating) I'm about to become very humid.
Buford,I wanna float around! Like men.
Buford-2,Yeah. It was definitely a slug.
Buford,Coconut is my favorite flavor!
Buford,"More racey, less talky. (Jumps onto his bike) Sweet!"
Buford,Nice buzz cut. High and tight.
Buford-2,I dunno. I must've dropped it.
Buford,You should see what I'm doin'!
Buford,"Dude, what's with the playset?"
Buford,"Ha ha ha. Hey, where is Perry?"
Buford,(pointing) He's this way! I can smell it!
Buford,"Did somebody say music? (Begins to sing) Ohhh-- (The rope snaps and he falls, crushing the table)"
Buford,"Alright, I'll get rid of this. (throws a taxidermied marlin away)"
Buford,(He sighs) Actually that was pretty good.
Buford,and **Baljeet**: Sure doesn't.
Buford,"Oh. She said, ""Where's Perry?"""
Buford,"Oh, hey, it's a dog. Here boy! (whistles)"
Buford,"See, closet time's paying off."
Buford,I'm just tryin' to be careful.
Buford,Hey! No space bunnies allowed!
Lion-Tiger-Bear Guy (Buford),Pillows. Hey! Look over there!
Buford,I regret nothiiiiiiiinnnnnnng!
Buford,(continuing) It was a dangerous profession.
Buford,"Hey, guys, look! He missed me."
Buford,(aside to Baljeet) I can smell his brain workin'.
Buford,"(Sniffing) All right, who cut the cheese?"
Buford,(giving the safe) Why don't you put 'em in here?
Buford's grandfather,What in the Sam Hill?!? Huh?!?
Buford,"Get in there, fuzz-for-brains."
Buford,I ain't talkin' ta no shrinks!
Buford,Who came up with cards anyway?
Buford,Way ahead of you. Grab an end. (Hands Baljeet a saw)
Buford,"Well, then, we have this sign. (He walks over with a sign saying: ""Think about love."")"
Buford,Do you know how dumb you look?
Buford,I don't believe in spaceships!
Buford,You had me at super sprinkler.
Buford,"Well, I think he's kinda cute."
Buford,"I said quiet, you. Let's play."
Buford,"Yeah! I'm a good boy, right?!"
Buford,Yeah. He was our quarterback.
Buford,"Yeah, you're welcome, people."
Buford,"Goodbye Tristan! Remember me! (Buford throws up his lucky tambourine, and Tristan catches it on his neck.)"
Buford,How long have you been there?
Buford,"Yeah, the gate's right there."
Buford,Gimme a double caramel fudge.
Buford,How do we defeat this thing?!
Buford,"Yeah, she's really messed up."
Buford,"Game over, man! We're doomed!"
Buford,I'm a victim o' circumstance.
Buford,"Ew! Baljeet, what did you do?"
Buford,"Wow, that's a lotta sheeples!"
Buford,That's physically impossible!
Buford,We'll take it down with this!
Buford,"Oh, sure! It's all about you!"
Buford,Do you ever get used to this?
Buford,I'm glad I'm wearing trousers
Buford,That doesn't sound very safe.
Buford,See? Now that's constructive.
Buford,I think you'd better test it.
Buford,"It's a blessing, and a curse."
Buford,You guys are blowing my mind!
Buford,Can we eat yet? I'm starvin'.
Buford,Maybe we should get a ladder.
Buford,"Hey, I found a pair of socks."
Buford,"No, seriously. Who's Annette?"
Buford,"That's what I call ""ironing""."
Buford,So it's not a wedgie machine?
Buford,And...gross smushy red stuff!
Buford,Helicopter! Helicopter! (Phineas zaps the nano-bots and makes a helicopter) Yeah!
Buford,What? It's pillaging weather.
Buford,Why you gotta talk like that?
Buford,"Hey Baljeet, what'cha doin'?"
Buford,Ha ha! She'll never win now!
Buford,"Man, it's hot! It is so hot!"
Buford,"That dude's stealing my act! (Ferb pulls the lever; Candace gets flung out of the tent, screaming; Ferb whoooos)"
Buford,And I want 137% more quench!
Buford,"Okay, but what about llamas?"
Buford,(voiceover) So now we need a new garage.
Buford,I dunno. Fear is subjective.
Buford,That doesn't look very safe. (Goes in)
Buford,It's food! My food has food!
Buford,Chowdina! Get away from her!
Buford,What about over to the left?
Buford,Have to use your head again.
Buford,What? I used gamer strategy.
Lion-Tiger-Bear Guy (Buford),But I am reminded of a song.
Buford,"This better be good, pointy."
Buford,Oh yeah!? You and what army?
Buford,"Yeah, that'll freak 'em out!"
Buford,It's not that kind of trick.
Buford,Ya might be overthinkin' it.
Buford,"Hey, has anybody seen Shane?"
Buford,"I don't know, I'm convinced."
Buford,(from inside the pipe) We're not listening anymore!
Buford,Alright I'll give it a shot.
Buford,Smack Baljeet's head around?
Buford,"Hey, you, you're goin' down!"
Buford,Surfer tension? What's that?
Buford,You shoulda been more clear!
Buford,"Okay, but what about llamas?"
Buford,"Whatever, give me your food."
Buford,And my point is made for me.
Buford,"Weenie! (Buford pushes Baljeet out of the way.) Alright, we're even."
Buford,but it's gotta have quench!
Buford,"Obviously, the ""evil"" part."
Buford,Wait for it. Wait for it...
Buford,It's all in the intonation.
Buford,"Eh, I don't care that much."
Buford,Two bottle caps and a nail.
Buford,"Aw, my muffins got smashed."
Buford,Any experience being Greek?
Buford,I call pressing the button!
Buford,Stay back! You're infected!
Buford,"Hey, what's shakin', bacon?"
Buford,"Out of my way, Dinner-bell."
Buford,(gasps) Guys we gotta save Tristan!
Buford,"Naw, I still say it's lame."
Buford,My skepticism is boundless.
Buford,"(Is seen sitting on Baljeet) Eh, my schedule's flexible."
Buford,(As Mr. Sock) Well that wasn't very nice!
Buford-2,I can't stand these things!
Buford,(Laughing) Consider yourself educated.
Buford,Tuff guys don't drop stuff.
Buford,"Hey, is it time for me yet?"
Buford,That totally sounds doable.
Buford,"Then, yeah, it's necessary."
Buford,"(falsetto) ""Ooh, I promised Isabella!"""
Buford,I knew it was a club house.
Buford,"(He removes the tear off his eye and puts it on Baljeet) No, I'm not. You're crying!"
Buford,(sighs happily) You're always there for me.
Buford,"Wow, that was uncalled for."
Buford,I will in about 20 minutes.
Buford,It's gonna work. You watch.
Buford,Wow. Somebody's got issues.
Buford,I know all about this song!
Buford,"(reads the sign) ""No Bullying, No Yodeling""?"
Buford,Heh-heh-heh-heh. Boys rule!
Buford,Who puts tofu on lasagna?!
Buford,Welcome to the Greek army.
Buford,"Hey, guys! What'cha doin'?"
Buford,And I couldn't be prouder!
Buford,I'm ready for my close-up!
Buford,It's an acceptable suffix.
Buford,"I'm so happy, I could cry! (Sobbing)"
Buford,"[Earlier that day…] **"")**"
Buford,"Eh, it lightens my spirit."
Buford,"(hands the inator to Baljeet) But you can fix it, right?"
Buford,What does that even mean?!
Lion-Tiger-Bear Guy (Buford),"Not really. I'm cool, man."
Buford,I'm firin' you as my nerd.
Buford,I'll be the judge of that.
Buford,No it's not! I have proof.
Buford,"Yeah, I got my teddy bear."
Buford,"Hey, leave me out of this!"
Buford,Huh? Another dog! Dis way! (He jumps forward)
Lion-Tiger-Bear Guy (Buford),Nah. I don't want nothin'.
Buford,"Naw, that's the other one."
Lion-Tiger-Bear Guy (Buford),It's part of the makeover.
Buford,It is Nerd Awareness Week.
Buford,Again with the negativity.
Buford,"What's a ""life preserver""?"
Buford,I wasn't gonna mention it.
Buford,"Hey, I'm stuck! I'm stuck! (Sobbing)"
Buford,Life coach?! I am so hurt!
Buford,It is! You got in trouble! (He laughs loud and long.)
Buford,And why are we all tilted?
Buford,"OH, PLEASE STOP TALKING!!!"
Buford,Anti-gravity water slides?
Buford,Dat was da first pancake.
Buford,"Well, that can't be good."
Buford,"Man, these cows are dumb."
Buford,Except for the Ferb part.
Buford,Ginger texting you again?
Buford,"Plus, we made five bucks!"
Buford,Behold; the face of evil. (reveals himself to be dressed as Suzy Johnson)
Buford,I am your humble servant.
Buford,See? (Buford shows his picture) I named him Tristan.
Buford,(offscreen) Why is this happening?!?!
Buford,"Oh, man! This is awesome!"
Buford,"You're goin' down, dweeb!"
Buford,"En garde, you scurvy dog!"
Buford,"Okay, I put it on eleven."
Buford,You guys are on your own.
Buford,"Aiee! (Everyone laughs at Buford, causing him to get angry and grab Phineas) This is gonna hurt."
Buford,"Don't pop my bubble, man! (Zombies start to rise from the ""water"")"
Buford,No! No! Don't look at me.
Buford,"Thank you, Mr. Holyfield."
Buford,"Yeah, I'm pullin' it off."
Buford,Something is...different.
Buford,Wish I could un-see that!
Buford,Nobody packed any snacks.
Buford,'Cause there's two of us.
Buford,Now that's just nonsense.
Buford,The peeps are gonna love.
Buford,(drinks it) Mmm. Tastes like chicken.
Buford,"If the girl's in, I'm in!"
Buford,"Bad beards forever, dude."
Buford,"Bad beards forever, dude."
Buford,That's a lot of treasure.
Buford,"I don't care what you do,"
Buford,Is science happening yet?
Buford,"Yeah, they're over there."
Buford,What we're doin' is fun!
Buford,Optimism makes me angry!
Buford,Go tell it to your blog.
Buford,"Forget that! Step aside! (He punches the door, revealing Atlantis)"
Buford,"Phineas, please help us."
Buford,Yes and no! Aaaaaaahhhh!
Buford,"Fine, but I'm an autumn."
Buford,That's right! TRALFAZZ!!
Buford,"So, didja get the photo?"
Buford,Oh oh oh oh oh! (dings bell) Bunions! (buzz!)
Buford,I get dibs on the truck!
Buford,"Okay, now you ruined it!"
Buford,"Yeah, actually, we were."
Buford,(offscreen) They went to the movies.
Buford,Why did it go back down?
Buford,Zombie bunny don't care!
Buford,(lifting his arms) Smell my barbarian pits!
Buford,Too late! Already thunk!
Buford,"(Angry again) You calling me a shark?! (Horror sting, Ferb does a Vulcan-style nerve pinch.)"
Buford,"Eat hot chariot, sucker!"
Buford,Thinking is always hard.
Buford,"Work with me, brain boy."
Buford,Less talk-y more work-y.
Buford,Soupy jacuzzi in a loaf!
Buford,"Hey, Candace, what's up?"
Buford,(echoing) This way! Come this way!
Buford,There was nothing to it.
Buford,(offscreen) What if I throw Baljeet?
Buford,"Oh, man! That was quick!"
Buford,"OH, FOR CRYING OUT LOUD!"
Buford,"Then one day, he saw it."
Buford,He's trying to get away!
Buford,That's not gonna happen.
Buford,What? You wanna wrestle?
Buford,"Okay, shoot her already!"
Buford,Have you met my grandma?
Buford and Baljeet,Wow! Right on! Etcetera.
Buford,"Yeah, ""Tony"" backwards!"
Buford,"Quench, quench, quench!"
Buford,Pretty much sums it up.
Buford,"Eh, it's a brawn thing."
Buford,(getting a frozen drink) Ha ha ha! Brain freeze! (throws it at the brain)
Buford,So you play with dolls?
Buford,I like my biscuits hot.
Buford,Yeah? Well get with it.
Buford,Uh-uh!! Don't go there!
Buford,Ain't that the squirts.
Buford,Just trying out my new…
Buford,"(falsetto) ""No worries, Isabella!"" (makes mocking noises)"
Buford,Don't hold your breath.
Buford,Yeah? (Jumps off the spaceship) Give it a second. (Crashing noise)
Buford,Hmmm... I'll eat a bug.
Buford,Did someone say cheese?
Buford,Shall we be going? (carries Baljeet) Yep! (laughs)
Buford,I think that's my hand.
Buford,Cool! Let me dig it up.
Buford,"Trust me, it's a thing."
Buford,He belongs to the ages!
Buford,"So, who's on your team?"
Buford,"This betta work, dweeb!"
Buford,These outfits were fun!
Buford,That are already brown!
Buford,So why am I here again?
Buford,And science fiction...
Buford,You were born to LARP!
Buford,What about Robin Hood?
Buford,(offscreen) Aaaaaaaaaaahhhhhh!!!!!
Buford,That was the fun part!
Buford,It was a ghost robot?!
Buford,A cell phone! Perfect! (Grabs Candace's phone)
Buford recording,"Or, how 'bout a bribe?"
Buford,And I'm not buying it!
Buford,We'd all be delicious!
Buford,Time ta go for a spin!
Buford,"Man, he sure can spit."
Buford,What the heck is that?
Buford,"Oh, oh! Cupid's first!"
Buford,I am so not listenin'.
Buford,Why should I tell you?
Buford,What are we gonna do?!
Buford,"Yeah, I've heard that."
Buford,Me? I'm an argyle man.
Buford,"Oh, like Football X-7."
Buford,It is on this channel!
Buford,"Ah, I'll do it anyway."
Buford,What's wrong with her?
Buford,Synchronizing watches!
Buford,(Carrying the goat biryani) Hey! Wait for me guys!
Buford,"In English, nerdy boy."
Buford,You better believe it!
Buford,"What happened, genius?"
Buford,Ready for you to lose!
Buford,It's gonna eat us all!
Buford,Hey! Hey! There he is!
Buford,What the heck is that?
Buford,"Hey, where's your dad?"
Buford,It sounds ill-advised.
Buford,Later! (The kids start yelling and chasing Buford angrily) Dude! Gotta go!
Buford,Oh! Oh! I got an idea!
Buford,NOOOOOOOOOOOOOOOOO!!!!
Buford,Merry Christmas to ya.
Buford,What a piece of junk!
Buford,Nerd ain't no piñata!
Buford,Those guys are punks.
Buford,(in reverence) Tropey McTropeFace...
Baljeet and Buford,(running off) Ice cream! Ice cream!
Buford,And you're not gonna.
Buford,"Welcome, hot dog man!"
Buford,Ugh! Daylight! Ha ha!
Buford,(echoes) I don't want nothin'!
Buford,(gives him the piece of paper) Here. We made a list.
Buford,(threateningly) Yeah! What about it?!
Buford,"Well, how 'bout this? (Ties Baljeet's costume's ears into a knot)"
Buford,He's coming your way!
Buford,Now it's more broken.
Buford,Any medical problems.
Buford,"Uh, hatch mosquitoes?"
Buford,Sounds... suffocatey.
Buford,Nothing is out there.
Buford,"Po-tay-to, po-tay-to."
Buford,"Tune it out, big guy!"
Buford,Slippery snagglefoot.
Buford,His words confuse me.
Buford,You'll never make it!
Buford,Not if I can help it!
Buford,YEAH! WOOHOO! YEAH!!!
Buford,"And again, thank you."
Buford,"Okay, layman's terms?"
Buford,"Too bad, you got one."
Buford,Wasn't that our idea?
Buford,Found 'im! Found 'im!
Buford,I finally ate a bug!
Buford,"(dressed as Cupid again) So, what did I miss?"
Buford,"Out of my way, runt."
Buford,That also wasn't me!
Buford,Tuesday. A week ago.
Buford,(brings out mallet) Sounds like a party.
Buford,"Keep pushing, dweeb."
Buford,I am drying my pits!
Buford,It's here! It works!
Lion-Tiger-Bear Guy (Buford),"Yes, I want nothing."
Buford,"Yeah, but ya didn't."
Buford,Almost there. (the Chupacabra falls into a hole) Bingo!
Buford,What? Buford hungry. (accidentally drops tube of Pizzazzium Infinionite over balcony)
Buford,We could do nothing.
Buford,"Up, good. Down, bad!"
Buford,"(He picks Baljeet up, and places him in the middle seat next to Isabella who has the other isle seat.) There's your reason."
Buford,"Wow, definitely big."
Buford,"Uh, sawdust machine?"
Buford,Cheese and crackers!
Buford,(Recovers from initial shock) Hey! I wasn't ready.
Buford,How did you do that?
Buford,Why? Does it bug ya?
Buford,Somebody hug Buford.
Buford,(To Baljeet) Where have you been?
Buford,(Punches Baljeet) How do you feel now?
Buford,Sure they do! Watch!
Buford,(Chuckling) Look at this pencil.
Buford,It's not plugged in.
Buford,Whoa! What was that?
Buford,Aaaah! Giant worm!!!
Buford,He's doing it again.
Buford,"That's the last one. (He pulls Ohio out of the water and onto his tugboat, where the rest of the group is standing)"
Buford,It's a free country.
Buford,"You mean me, right?"
Lion-Tiger-Bear Guy (Buford),I need a firm hand.
Buford,Bread Bowl Hot Tub!
Buford,Nah. It's this one.
Buford,And indoor toilets.
Buford,"All right, Candace."
Buford,I'm okay. (to Baljeet) You okay?
Buford,This is so my game.
Buford,"I loves ya, nature."
Buford,What's in the bowl?
Buford,It helps my arches!
Buford,I do. Another nail.
Buford,"A manly one, right?"
Buford,You bet your boots.
Buford,Whoa! What is that?
Buford,Missed ya' Baljeet.
Buford,"Well, that's weird."
Buford,Bread bowl hot tub!
Buford,What just happened?
Buford,"(Sitting on a pile of cheese, eating) Sounds Gouda to me!"
Buford,(in tears) The circle of life.
Buford,Bread Bowl Hot Tub!
Buford,What the-?! Aw man.
Buford,(offscreen) Still not quenched!
Buford,I'm countin' on it.
Buford,"Nah, I'm just lazy."
Buford,Let Buford hug you.
Buford,I get one carry-on.
Buford,"Bring it on, dweeb!"
Buford,Bread bowl hot tub!
Buford,"Well, this is lame."
Buford,(Laughs) We made a killing!
Buford,"Oh, no, we're not."
Buford,I have my reasons.
Lion-Tiger-Bear Guy (Buford),"Yes. Yes, you are."
Buford,"Wow, that was fun!"
Buford,That's great news!
Buford,"Little help, guys!"
Buford,I'm like an onion.
Buford,"Yes, yes they are."
Buford,"Oh, is that right?"
Buford,Sounds good to me.
Buford,It's a fustanella.
Buford,Treasure map? Hey!
Buford,And what's a tick?
Buford,What'cha dooooin'?
Buford,(Laughs) You're gonna lose!
Buford,"Eh, we got hungry."
Buford,How's my schedule?
Buford,Sticks and stones!
Buford,"Yeah, we're toast."
Buford,So I did it again. (At least he got chicken!)
Buford,Yeah! Let's do it!
Buford,"Good evening, sir."
Buford,"Mmmm, you know it."
Buford,Sorry. Got hungry.
Buford,Buford loves that!
Buford,Sir Francis Bacon?
Buford,"Oo-ran-ohs, check!"
Buford,Ya feelin' better?
Buford,(With a tear in his eye) It's so beautiful!
Buford,Ya feelin' better?
Buford,You saved my life.
Buford,(Yelling) You're dead to me!
Buford,And roll credits!
Buford,(puts Phineas down) Why are you okay?
Buford,You never know...
Buford,"Quit it, Baljeet!"
Buford,"Okay, Next! Name?"
Buford,"No problem, dude."
Buford-2,Who are you guys?
Buford,That was awesome!
Buford,(offscreen) Whoop! Wrong one!
Buford,"Wow, tough break."
Buford,"Hahaha, pig face."
Buford,I got the poster!
Isabella/Buford/Baljeet,"Pretty much, yes!"
Buford,(falling to his knees) WHYYYYYYYYY?????!
Buford,(Hugs Baljeet) He saved my nerd!
Buford,"What did you say? (Drops Phineas, Does the Wet Willie on Baljeet)"
Buford,—are in the wash! (He lets go of the branch and flies off.)
Buford,Where's Beatrice?
Buford,What's a spanner?
Buford,Whatcha do-- (Isabella elbows him) Ugh!
Buford-2,"Whoa, whoa, whoa!"
Buford,My mind is blown!
Buford,I wanna recharge!
Buford,"(Comes and takes Candace's microphone) Good job, Larry."
Buford,"No, you're good."
Buford,"Yeah, we did it!"
Buford,"Oh, a Mom Cloud!"
Buford,"See you, Klimpy!"
Buford,"(Comes and takes Candace's microphone) Good job, Larry."
Buford,"Oh, I missed it."
Lion-Tiger-Bear Guy (Buford),Could be rabies.
Buford,"So, how'd it go?"
Buford,Yeah!! Get them!
Buford,(lounging on a beach chair) I'm supervisin'!
Buford,I'll never tell.
Buford,Hey! Oh! Heyhey!
Buford,Yeah? Called it!
Buford,I was so asleep.
Buford,Nah. The cowboy.
Buford,"Yeah, that, too."
Buford,Yup! Dere it is!
Buford,Procrastination!
Buford,"Oh, yeah, right."
Buford,"Okay, maybe not."
Buford,(showing a snake on his hand) And snake bites.
Buford,She has a patio.
Buford,Way ahead of ya!
Buford,"Dude, it's over."
Buford,What's going on?
Buford,That's my story!
Buford,"Yeah, run...!!!! (The gang runs away.)"
Buford,"(after a beat) Yeah, all right."
Buford,Enjoy your meal.
Buford,"It's me, right?"
Buford,"And, we'll win."
Lion-Tiger-Bear Guy (Buford),"Yeah, whatever."
Buford,Meow. Catfight!
Buford,"Eh...""chalant""? (bell dings)"
Lion-Tiger-Bear Guy (Buford),What's he want?
Buford,"Oh, that'll do. (He and Baljeet get on the carriage)"
"Buford, Phineas, and Baljeet","Goodbye, Perry."
Buford,I got a hoagie!
Buford,I'm a good boy?
Buford,...Whalemingos.
Buford,"Ah, my friends!"
Buford,"Potato, tomato."
Buford,I want the bug.
Buford,Defenestration.
Buford,We're so close!
"Phineas, Isabella, Buford, Baljeet, Vivian",Happy New Year!
Buford,Ferb's British?
Buford,Cool clubhouse.
Buford,There she goes.
Buford,Are you asking?
Buford,I didn't do it.
Buford,Ooh! Sick burn!
Buford,Ha-ha-ha-ha-ha!
Buford,What was that?!
Buford,I'm outta here.
Buford,(Gasps) They're comin'!
Buford,Buford's first!
Buford,I want the mud.
Buford,(belches) Quench! Quench!
Buford,I'm outta here.
Buford,"So, impress me."
Buford,"Uh-oh. (Ball hits his stomach, which goes flying and ends up crashing the wall of the territory) WHOOOH!"
Buford,"(Groans) What happened? (He faints again then fade to black, as the guitar stinger plays)"
Buford,Yeah. I'm out.
Buford,How do I look?
Buford,"Yes, yes, yes!"
Buford,"Oh, all right."
Buford,That's gnarly.
Buford,(echoing) I'm over here!
Lion-Tiger-Bear Guy (Buford),I got nothin'.
Buford,Let's do this.
Buford,Swagger. Tony!
Buford,I got antlers!
Buford,And the Earth.
Buford,Is it the end?
Buford,Mountain lion! (mountain lion roars)
Buford,It's a marlin.
Buford,"Sorry, my bad!"
Buford,"Sorry, my bad!"
Buford,Who's Annette?
Buford,Tahoaaaaaouhh!
Buford,Tahoaaaaaouhh!
Buford-2,"Hey, Isabella!"
Buford,"Oh, no reason."
Buford,Abandon wheel!
Buford,I'm a skeptic!
Buford,"Yeah, me too."
Buford,"Ahh, nuggets!"
Buford,Are you done?
Buford,Hey. Baljeet.
Buford,Gourd helmet. (Places a gourd helmet on Candace as she slides by.)
Buford,Bitterballen!
Buford,(also running) Bitterballen!
Buford,Haha! Losers!
Buford,For climbing!
Buford,(coming down beside Baljeet) I have notes.
Buford,Man down! Me!
Buford,Orange juice!
Buford,Keep readin'.
Buford,(yanks up Baljeet by the tail) Shark wedgie!
Buford,"Yeah, me too."
Buford,Uh... thanks? (Begins mimicking the beat; Phineas and Ferb start playing as well. Baljeet peeks around the curtain from backstage.)
Buford,Beatnik talk!
Buford and Baljeet,Charge again!
Buford,(offscreen) Not that one!
"Nerdcrow (Baljeet), Jeremy-Tree, Lion-Tiger-Bear Guy (Buford)","Yes, Candace."
Buford,What'd I say?
"Nerdcrow (Baljeet), Jeremy-Tree, Lion-Tiger-Bear Guy (Buford)","Yes, Candace."
Buford,I was framed!
Buford,(cntd) …for nothin'.
Buford,"Oh man, woah!"
Buford's grandfather,Darn tootin'!
Buford,"Time to eat! (slides down the rope, hanging on the end)"
Buford,And Mexican.
Buford,They do not!
Buford,I licked it! (yelps)
Buford,There it is.
Buford,"There, zero."
Buford,"Hey, losers."
Buford,Yes! Bigger!
Buford,(growls and dings) Pocket lint!
Buford,Bum bum bum!
Buford,"'Sup, chief?"
Buford,Case closed!
Buford,"Oops, sorry."
Buford,"(Gang laughs) Aw, come on!"
Buford,And you are?
Buford/Baljeet,"Go, Candace!"
Buford,I smell ham.
Buford,Un-quenched!
Buford,"Oh, come on!"
Buford,"Hi, Candace!"
Buford,Let's do it!
Buford,Ya hear me?!
Buford,Is she okay?
"Phineas, Isabella, Buford, and Baljeet","Hi, Candace."
Baljeet/Buford,Here we are.
Buford,"'Sup, chief?"
Buford,Five bucks.
Buford,Up! Up! Up!
Buford,(overlapping) Look out!!!
Buford,Right here! (punches Baljeet)
Lion-Tiger-Bear Guy (Buford),Run for it!
Buford,You'll see.
Buford,Aaaaannnnd?
Buford,"Yes, ma'am."
Buford,You got it. (He throws a bag over Isabella and carries her out)
Buford,(echoing) Nerd alert!
Buford,Ta-da! Hey!
Buford,"Hey, Perry."
Buford,(Burps) Believe it.
Buford,(Laughs) You missed.
Buford,(War cry) Yeah! Yeah! (screams. He rips off the bug's robotic eye and holds it above his head before throwing it down to the ground)
Buford,"Quiet, you!"
Buford,Gorge jump!
Buford,Here we go.
Buford,(dings) Nonchalant.
Buford,So you say.
Buford,(skeptically) That's you?
Buford,BALJEET!!!!
Buford,"(off-screen) Coming, Ma!"
Buford,(Distantly) Help! Help!
Buford,Impressive! (Thumbs up)
Buford,"Ooh, can I? (He presses the red button, and the ride sprouts a rocket engine and takes off)"
Buford,Witchcraft!
Buford,Roger that! (grinds loudly)
Isabella/Baljeet/Buford,(clamoring) Me! Me! Me!
Buford,Thank you. (he takes another bite out of his sandwich)
Buford,NO! BIFF!!
Buford,Uhhhhh....
Buford,Get goin'!
Buford,Yeah! Yay!
Buford,I believe!
Buford,And sweat.
Buford,And Perry?
Buford,"Hey, Ferb!"
Buford,Emon-Lerb.
Buford,I'm ready!
Buford,Come here!
Buford and Baljeet,...actors?
Buford,"No, brawn."
Buford,And these.
Buford,Your loss.
Buford,"Wait. (He puts his finger in his mouth, takes it out and the saliva on his finger sizzles.) Yep."
Buford,I'm on it!
Buford,Oh really?
Buford,Sanctuary!
Buford,Move over.
Buford,Bolshevik!
Buford,(takes off his clown mask) That's it!
Buford,A little?!
Buford,(offscreen) Lots of...
Buford,"(From atop one of the floating floats) What the–? (He unties a singular balloon, that pulls him away, screaming)"
Buford,And a bug!
Buford,I'm okay!
Buford,We're in!
Buford,Bring it!
Buford,Ah... No.
Buford,For what?
Buford and Baljeet,Ahhhhh...
Buford,The what?
Buford,(grunts) Get back!
Buford,Tralfazz!
Buford,"""Me"" who?"
Buford,Beatrice?
Buford,Dolomite!
Buford,Baljeet!!
Buford and Baljeet,Together! (they pump their fists in the sky together)
Buford,Dead end!
Buford,(He falls onto Baljeet's head.) Bullseye!
Buford,(gulps his drink and rips off his tracksuit revealing his usual clothes) QUENCH!!!
Buford,(As Mr. Sock) For what?
Buford,"Uh, sure."
Buford,"Yeah, Hi."
Buford,(screams) Chowdina!
Buford,Aaaagh!!!
Buford,Linoleum.
Buford,Aw-wwww!
Buford,'Splain?
Buford,Closure!
Buford,"Oh, man!"
Buford,Baljeet!
Buford,Nothin'.
"Isabella, Buford, Baljeet, Vivian",Goodbye!
Buford,Bigfoot?
Buford,Me? (Pulls out concertina) Yes.
Buford,Who won?
Buford,Covered.
Buford,(Gasps) Tristan.
Buford,Told ya.
Buford,So what?
Buford,Covered.
Buford,Get him!
Flashback Buford,No! NO!!
Buford,Whateva!
Buford,(Press button on his bike) Awesome!
Buford,"Oh, boy!"
Buford,Can too!
Lion-Tiger-Bear Guy (Buford),Nothing!
Buford,Alright. (He takes the cards and hands the other over)
Buford-2,Nothin'!
Buford,All set.
Buford,Oh yeah!
Buford,Awesome!
"Fireside Girls, Isabella and Buford",Yes sir! (Everyone hyperventilates and the bubble floats high over the buildings)
Buford,Got 'im!
Doof zombie (Buford),...me...
Buford and Baljeet,Hmmmm...
Isabella and Buford,(before he finishes) Baljeet!
Buford,Woohoo!
Buford,Nuance.
Buford,Really?
Buford,Better?
Buford,La-ame!
Buford,(Laughs) Losers!
Buford,(Laughs) Losers.
Buford,Try me.
Buford,Gotcha!
"Buford, Isabella, Ferb, Phineas",Hooray!
Buford,Quench!
Buford,Hoo-ya! (gets snared)
Buford,Pencil.
Buford,Really?
Buford,(Yelling) Hector!
Buford,Quench!
Buford,"Yeah... (Buford suddenly sticks a pin in the bounce house, popping it)"
Buford,(watch beeps) Not me.
Buford,Really?
Buford,(After he finished tying his shoes) Voilà.
"Phineas, Buford and Baljeet",Run!!!
Buford,(showing he ripped his finger) Ready!
Buford,Brawn.
Buford,Brawn.
Isabella/Buford,Maybe.
Buford,Hello.
Buford,Maybe.
Buford,Run!!!
"Phineas, Isabella, Buford, and Baljeet",Ferb!!
Buford,Idiot!
Buford,Wow...
"Buford, Isabella",Ready!
Isabella/Baljeet/Buford,Oh no!
Buford,Noted.
Buford,No no!
Buford,ROAR!! (starts shaking Baljeet)
Buford,Ha ha!
Buford,Blagh! (Faints)
Buford,Y not?
Buford,Hmmm.
"Linda, Lawrence, Phineas, Ferb, Isabella, Buford, Baljeet",Awww.
Buford and Baljeet,A-ha!
Buford,(offscreen) LAME!
Buford,Look.
Buford,Yeah!
Buford,(at Baljeet) Duck!
Buford,Moon!
Buford,I do!
Buford,What?
Baby Buford,Mine!
Buford,I am?
Buford,LAME!
Buford,Name?
Buford,What?
Buford,Yeah!
"Isabella, Buford and Baljeet",Yeah.
Buford,Hey!
Buford and Isabella,Duh!
Buford,Who?
Isabella/Baljeet/Buford,Aww.
Isabella/Buford/Baljeet,Yes.
Buford,Wow!
"Phineas, Ferb, Buford, Baljeet, Isabella, Django, Luc Robitaille",Ham! (Linda takes the picture)
"Ferb, Isabella, Baljeet, Buford",(without looking around) Hey.
Buford,Hey!
Buford,Ugh!
Buford,Hey!
Buford,(offscreen) Hey!
Buford,Hey!
Buford,Aw.
Buford,No!
Phineas/Buford/Isabella,Me!
Isabella and Buford,(Slow motion) No!
Buford,Me!
"Phineas, Buford, Baljeet",Me!
Buford,Eh.
Phineas and the Gang (minus Buford),Us!
Buford,No.
Buford,No.
Buford,Me.
"Isabella, Buford and Baljeet",No!
Buford and Isabella,(raising their hands) Me!
"Phineas, Ferb, Buford, Baljeet, Isabella",Me!
Buford-2,No!
Buford,"(Song:"" He's a Bully"")'"
Buford,(Sobbing)
Buford,(screams as he falls into a trap door)
Buford,(bleating)
Buford,(screams)
Buford,(bleats)
Buford,(sobs and pounds his fist on the table the small cup of lemonade spills all over the table.)
Buford,(screams)
Buford and Baljeet,(squeal)
Buford,(Starts shouting and runs out)
Buford,(Sobbing hysterically)
Buford,(gasps)
Buford,(belches)
Buford,(screams)
Buford,(Sobbing)
Buford,(Sobbing)
Buford,(Laughs)
Buford,(gasps)
Buford,(screams like a little girl)
Buford,(Screams)
Buford,(Goes into submarine)
Buford,(Goes into submarine)
Buford,(runs and screams)
Young Buford,"(Hammers, Ding)"
Buford,(C'mon. C'mon.)
Buford,(C'mon. C'mon.)
Buford,(Whimpering)
Buford,
