Name,Dialog
Doofenshmirtz,"Hey it looks a lot bigger on the inside than it looks on the outside. Here, have some cozy gumdrop slippers. Hehehe. Now where was I? Oh yeah. I think I know why I'm having a hard time taking over the Tri-State Area It's because of dinner parties. That's right. Follow me, it-it goes somewhere. You see my brother Roger is a success, because of his amazing dinner parties, where he dazzles important guests, with his magnetic charm. But what if he were unable to charm anyone, because his fabulous dinner parties were over, before they began!? That's why I created this: the Bring-out-the-Dessert-inator! You see everyone knows that once the dessert comes out, the party's over. That's what...That's what's called a social cue. This rocket will go into a Rogercentric orbit around his house. At the wrong moment it will shoot a blast which will make Roger bring out the dessert. Ending his dinner party before it can begin. He'll lose his charming edge, and people will lose interest, in him. Bing-Bang-Boom. They'll stop voting for him, and that's when I'll slink in and takeo—You know, I-I know I'm grasping at straws here, ugh. I'll probably end up grasping at bendy-straws, and fall on my face, requiring months of rehab to learn how to monologue, all over again (Perry throws one of the gumdrop shoes at the Bring-out-the-Dessert-inator, hitting Doofenshmirtz with the ray) and then it's off to empowerment camp, where I'll have to fall backwards and hope that someone—Who wants dessert? (Doofenshmirtz goes off and grabs a few desserts) I made this lovely tiramisu. Heeey... It works! Oh you think you're very funny Perry the Platypus, blasting me with my own Bring-out-the-Dessert-inator. (Perry throws his other shoe at the -inator) Oh-ho-ho. I hope you left some room! I made a yummy double layered pumpkin cheesecake it has creamy—Oh! You got me again. Well you made me bring it to you, so you're going to eat it. (Doofenshmirtz shoves a dessert at Perry, who bites Doofenshmirtz's hand) Ow! (Perry's cage breaks, but the -inator zaps him) Haha. Now it's your turn to bring out the-- (Perry leaps toward Doofenshmirtz, and he smashes the tiramisu into his mouth in slow motion, sending them both flying back into the kitchen)"
Doofenshmirtz,"Aw, Perry the Platypus, are you feeling tired? (The door Perry was standing on wraps itself in a sheet, trapping Perry) Take a rest! I figured you'd be exhausted after breaking down all those doors. I even put a-a mint on your pillow, and everything, though, I guess it's probably just stuck to the back of your head now heh. Sorry about that. So, let's talk about pretzels. You see Perry the Platypus, when I was younger, (He flashes back) I did a summer internship at Master Drakkenblad's Pretzel Palace, He was the biggest pretzel wizard in Drusselstein. His disproportionately delicate hands, could turn any dough into a masterpiece. But even after months, my pretzel still lacked, polish. No matter how hard I tried, my work was never good enough. I-I don't know why he was such a stickler, I mean it's a knot. What difference does it make as long as you can't untie it? It's a knot! Anyway, I was declared unworthy. (Flashback ends) So now I despise pretzels. And any pretzel related entertainment. And now Danville is having its own Pretzel Festival! Can you even imagine how angry that makes me? Can you imagine? No? Angry enough to create the De-Twist-inator! Hahaha! We'll see how festive they feel after I turn all those stupid pretzels into boring straight tubes of baked dough, like-like breadsticks, which I also have a problem with, but I'm dealing with one neurosis at a time. And then, when I've straightened all their precious pretzels, I will waltz in, and take over the Tri-State Area. Y-Y-Yeah, I know it-it doesn't quite follow. I mean I even made a venn diagram. (He hold up a venn diagram, with to circles, not intersecting at all) See, the-the pretzels are here in this circle, and we're talking about taking over the Tri-State Area here, and... Yeah, no intersection, nothing. Hmm. But I'm gonna work it out you'll see."
Doofenshmirtz,"Oh, it's you, Perry the Platypus. (Perry presents him the coffee cup.) Wha- Oh, for me? (He takes it.) Oh, that's a nice gesture, thanks. (Perry walks inside.) A-and you even used the doorbell instead of just crashing through, like you usually do. Alright, really appreciate this, Perry the Platypus, 'cause you know, money's a little tight lately, I can't even rub two nickels together. (Cut to Perry standing on a white patch of floor, he continues offscreen) Although if I had two nickels, I don't think I would sit and rub them together. It's- (While saying this, Perry stares at the screen, then eventually sinks into the floor.) Oh, oh yeah, you're-you're trapped, Perry the Platypus, (Cut to him) it's quick hardening, non-dairy creamer. Like I said, I'm on a budget. I know what you're thinking, Perry the Platypus, how could this happen to such a (Close-up of a stern Perry, he continues offscreen) with-it guy like Heinz Doofenshmirtz? (Cut to him) Well, my ex-wife Charlene is out of the country on one of those...Extreme Eco-cultural Exploration Vacations. I -- I don't know what they do on those trips, but I imagine it's (crossfade to a still image of Charlene zip-lining with money flying out of her pocket, he continues offscreen) very expensive. (dissolve to her kayaking) Ugh, she's got some nerve! (cut to her hula dancing) That's -- that's my alimony she's throwing away! (cut back to he and Perry, he's showing him the images on his phone) And the worst is, she keeps texting me these pics! (puts it in his pocket, it beeps and vibrates) Oh, come on, really?! (walks offscreen) Anyway, the problem is I've already spent this month's alimony on my new -inator and -- (cut to him walking towards his new inator) and now I don't have enough money left to send Vanessa to the Grievance movie marathon she wants to see, and they're playing all the Grievance movies in order. They've got The Grievance, they've got Grievance 2: The Gripe, Grievance 3: Bone To Pick, and Grievance 4: The Revenge of the Italian Jug Band. You know, I don't think that last one is canon. Oh, what kind of father am I? Oh, oh, the shame is overwhelming, I can't even enjoy using my new Teleport-inator! (Music sting plays, ominous timpani follows) Nah, nah, I'm just not in the mood. Maybe tomorrow."
Doofenshmirtz,"Just a minute, I'm mopping. (opens the door) Oh, hello, Perry the Platypus, long time, no see. Say, that was some morning we had, huh? Too bad about Major Monogram, but the show must go on or a bird in the bush, eh-eh, I dunno. (Perry gets trapped in hardening foam.) Ha! You like that? It's a gift...foam-a me to you! Get it? As much as I like our little visits, you didn't need to come over. Actually, I'm not even trying to take over the Tri-State Area today. Y-You see, I have a problem. I am very fair-skinned. I don't know if you've noticed. I always have to use SPF 120 sunscreen even on a cloudy day or I'll burn. I mean, I-I'll actually burst into flames. And I got this whole crate on sale, and, and look, it's all 110 SPF! I thought I was getting 120! This is not gonna work. So rather than return this whole mess, which means I'd have to get in a car, drive down there, wait in line, then answer a bunch of questions about the delicacy of my epidermis, I'm just gonna move the Earth away from the sun just enough that the 110 will work. Simple. And to that end, I have created, tada!, my Shift-The-Earth's-Position-Further-Away-From-The-Sun-inator! Eh? I-I know. The-The name's a little cumbersome, but it's basically a tractor beam that uses the mass of Jupiter as an anchor to pull the Earth just slightly away from the sun to render my sunscreen effective. Eh. I guess my fortune cookie was right. I do tend to overcomplicate things. (picks up fortune) I wonder if that means these lottery numbers are--"
Doofenshmirtz,"Perry the Platypus? No way! What a coincidence! (to the person behind him) Excuse me, if you and your mullet would just take one step to the... Thank you. (to Perry) Oh, look! You brought your little dog, too! How cute! Oh, FYI, I don't think they allow dogs in here. So, y'know, watch out for that. Anyway, I bet you're wondering why I'm in City Hall, right? Well, I plan to go down into the secret City Hall vault and steal the— Oh, you-you knew that, right. (huffs) Right, right, of course. 'Cause that's probably why you're here. To stop me, right? (opening his box) What you probably don't know is how I will get into the vault without being noticed. (takes out an inator helmet from the box) Behold! My Blend-Into-The-Background-inator. I will be able to search the vault and steal the hidden deed, because, like they say, it's easier to find a hidden object when you're hidden as well. What? Th-Th-That's a thing. They say that. Anyway, (puts helmet on) I place the inator on my head, like so, I press this button and, I-I'm here (disappears) and now I'm blended in (becomes visible again) I'm here, (disappears) I'm gone! (reappears) I'm here, I'm go— Oh, my head! I-I-I hope there's no long-term damage from this, but—ugh! Anyway, I bet you think I forgot to trap you. Well, surprise! You're already trapped... by bureaucracy! You see, you don't have a number, Perry the Platypus, so by the time you and your little dog get into the archives, I will already be ruler (disappears) of the Tri-State Area!! (He laughs and exits)"
Dr. Doofenshmirtz,"...then the Ambassador's wife filed a complaint... Long story short, I am never welcome in Albania ever again. But the point is, I ended up alone in Italy, and it was lunch time, so I went to the Leaning Tower of Pizza, and you know what? They don't even make pizza there! I said, ""What do they mean?"" It's-It's the Leaning Tower of Pizza! It's got "" pizza"" actually in the name! But they were adamant. ""No pizza for me!"" L-L-Like I'm the idiot. And I was like, ""You're not so great. You're not so special. What? Just-Just 'cause you're leaning?"" Then it hit me. I'll just lean my own building, and then it will become a big tourist attraction, and I'll sell all this merchandise, I'll make millions. Which I will then use to finance phase two of my maniacal plan: Tilting every building in the world! And the Leaning Tower of Pizza will no long be special. Ooh, ooh, and then I'll straighten my own building, and it will still be a tourist attraction, 'cause you know, it'll be the only straight building. I just now thought of that. Just now. See that's how genius happens. It's a lot of leaning and straightening, you get the idea. I'm going to use this Tilt-inator, and do it all from space! (Echo: Space space cookie space) There! There it was again! You—you heard that? My next to last echo is broken. I'm going to have to have that checked."
Doofenshmirtz,"I got them very cheap from a wax museum that went bankrupt. Ha ha! Ha ha ha! I love it when dreams fail. As you know, I've been trying to take over the Tri-State Area for quite some time now, and I realized this Tri-State area's filled with things I detest, so many things, like— (stops at a blinking traffic arrow) like blinking traffic arrows. Stop blinking at me, telling me where to go. Point. Point. Point. Ooh, I hate you. Let's see—what else? Ear hair. Oh, yes, I've always hated you. Pelicans. Terrible creatures. What—what are you, a bird or a garbage disposal? Ugh, musical instruments that start with the letter ""B"". You get the idea. It's a long list. I've been working on it for a while. Anyway, I realized I should build something that would make all those awful things disappear. Behold, Perry the Platypus — Shrink-spheria! You like it? I was going to call it a Shrinkinator, but I've done that whole ""inator"" thing before. It's just been done to death. Bring him over here! I want to show him how it works. I enter the name of something I hate. P-e-l-i-c-a-n. Pelican. And Shrink-spheria homes in on its molecular structure and then turns all the particles into sparticles, thereby shrinking it into a teeny, tiny speck so small I never have to see it again. So good-bye to you, Perry the Platypus. Enjoy your presidential suite! (Laughs maniacally and closes the door)"
Doofenshmirtz,"(Speaking very rapidly) Gotcha. And you don't even know it yet. That's the beauty part. Watch this prolonged unnecessary series of events. (He launches a kangaroo, causing a ball to roll down a flight of stairs, through a tube) W-w-w-watch this. Here it goes, here it goes. (the ball causes a car to drive into a target, launching an anvil into a catcher's mitt, dropping a cage on Perry) Yeah, yeah, yeah… Yes! Ha! I win! I know it's a little over the top, but I was inspired by this board game I loved when I was a kid. Well actually, it was Roger's board game. But I would sneak a peek of it, through the keyhole of his door. You know it looked like I would love it. (Pants) But, I borderline backstory. (He takes a few short breathes) You see, I have so much evil energy from the soy venti latte extra-caf-and-a-half quadruple sugar, blood pressure bomberino. Love it! So I spent the whole morning building this complex, giant version of the game. Really I'm surprised you didn't see it flying in. Okay, beholding time! Behold my Luff-Flex-Dill-Pickle-inator! What does it do, you ask? (takes out a screen) Well it will launch all of my enemies into orbit, and keep them floating there so far into the atmosphere, that they won't bother me anymore. Cool, huh? Yeah I know the name's a little weird, but hey, I bought it off the internet, and my rights to it expire tomorrow, so I was kinda forced to use it today. I have so much energy from just that one cup of coffee, I just keep rambling and rambling-- (Perry hops out of a hole in his cage) Ooh. you know that trap was always the lamest part of the game. I always though-- (Perry attacks Doofenshmirtz)"
Doofenshmirtz,"Oh for crying out loud! (Takes the hot wings) Fine. Alright, what was that? 15 bucks? Okay, here's 10, 11, I got more in here. Hold on. 1, 2, 3, 4, there! $15! And don't forget your tip! (Presses a button on the steering wheel, activating a diving helmet trap. He chuckles) Pretty good, huh? (Camera zooms out) So, Perry the Platypus... (Bites off a hot wing) I bet you're wondering why I'm sitting down here at the bottom of a lake. Well, the answer is simple. Mmm-mmm! This is really good, man. You want some? (Takes a box with the red wings) Here, here. (Perry takes a hot wing) Take the blue cheese. (Perry takes the blue cheese and pours it on the red wing) Do you mind, I-- I prefer the ranch. Take the blue cheese. (Perry bite the red wing, and Doof holds up a napkin) Here's a napkin. (Perry takes the napkin) Anyway, the answer to why I'm here is simple. Zinc. Lake Nose has a ton of zinc in it, and this machine goes around and filters all the zinc from the water. (Camera zooms out, showing a zinc tank) See, see? Zinc! So I figured I'd go around collecting all the zinc, and then use that zinc in some evil way to rule the world! You know, with zinc. Just think of all the evil uses there are for zinc! (Pause. He looks around) I mean, seriously, can you think of some? Cause I-I got nothing. (Walks to a chart) I mean, look over here at all the good uses for zinc. Huh? All this good stuff, and over here? Nothing. All I got is ""Some evil ""Zinc Ray-Inator"" or something, and, and, and look here! I-I wrote ""Big laundry"". I-- I don't even remember what the reason was, so I guess I assumed I'd remember like it was some big genius Idea. Big laundry. (Deep voice) Big laundry. (Normal voice) I, it—It's crazy! I'm a crazy person."
Doofenshmirtz,"Ah, Perry the Platypus, won't you join me for a picnic? (Perry hesitates but then walks up, but not before sinking into his trap. Doofenshmirtz laughs.) Ah! Ah! Ow, my duodenum. Oh, oh, did you see your face?! You were like, ""Oh, maybe I shouldn't,"" but then, ""Well, I am hungry"" and then BOOM! down you went! Ha-ha! And are you hungry, Perry the Platypus? (Picks up the picnic basket) Well, too bad, it's not for you. It's for them. (Whip pan to reveal pigeons eating seeds. Cut back to Doofenshmirtz, who retrieves an inator from the basket) Behold! My Feed-the-Pigeons-inator! (Perry just gives Doofenshmirtz a look) Okay, Snobby the Snobapus, I know it doesn't sound like much, but it is technically evil. I'm breaking the law. See? (whip pan to a sign saying, ""DO NOT FEED THE PIGEONS!"") There? There. ""Do not feed the pigeons"". And I am going to feed the pigeons, therefore I am breaking the law. ""Do not feed the pigeons"". It's a-it's a metal sign with......big red letters on it and that-that makes it.......legally binding. (covers his eyes) Okay, here's the truth: I've got evil scientist's block, alright? (sighs) Seriously, I got—I got nothing. I—I was going to make a Good-Idea-inator, but I thought it would be counterproductive because it already had ""good"" in the title. So then I invented a Bad-Idea-inator, which...just...gave me this. And see where that got me. Ah, I'm telling ya, I'm dry, Perry the Platypus. Dry! And the summer just keeps going on and on and it feels like it's been goin' on for, like, four years! I'm asking you man to monotreme, can you help me? (Perry comes out of his hole and leads Doofenshmirtz) See? Even my trap design has become...lackluster."
Doofenshmirtz,"Thanks, Cheryl! (to the viewer) My real estate agent. (to Perry) So, my evil plan. As you may know, the Montevillebad Grand Prix is a goodwill event with all the prize money awarded to the winner's favorite charity. So, I entered the race for my favorite charity, Doofenshmirtz Evil Incorporated...namely me! I'm the Doofenshmirtz...in Doofenshmirtz Evil...Well, y-y-you get it. And check it out! (Shows his race car on the monitor.) I re-engineered my Boomshlaka 320-I to meet the Grand Prix specs. I also added some extras that should take care of, like, 99% of the playing field. Th-There's still that 1%, Paolo Vanderbeek. But, uh, I got something else to take care of him. Behold, my I-Don't-Care-inator! (beat) It's not that I don't care. It creates apathy in whoever it hits. It's a little esoteric, I know, but, trust me, it'll work. I'll just zap Paolo with this baby and suddenly he won't care about anything and, uh, least of all, racing. I'll turn the King of Care into the King of I Couldn't Care Less, which will pave the way for me to win the race and the prize money for my favorite charity, which, I think I said before, is me. Now, before I go, lest you try to escape, I'll show you one more feature of this place. (He presses a button that says ""Shark Tank"".) Look, it's got its own shark tank! (laughter) (Cut to Norm wearing a rocket helmet. Doof straps into a seat on the robot.) Okay, then, I'm off to the races...literally! (Norm launches.) Hasta la pasta, baby!"
Doofenshmirtz,"Perry the Platypus? HERE? How could this be? (Gasps) I'm shocked. (walks over to a map of the ocean with his hideout on it, then a series of diagrams) I mean, it would have taken a total evil mastermind to have guessed that you'd track me to this point, find the secret hide-out, glide in under the radar and infiltrate through this access vent, make your way over to this crate, activating my automatic arm and leg restraints. Oh, right here? This is the part where I get all sarcastic and pretend you surprise me. ""OH, PERRY THE PLATYPUS?!? HOW? WHAT THE? WHO THE? WHY THE..."" Oh! ...Finally ending here, when I finish showing you my brilliant plan. You see Perry the Platypus, this secret hideout doesn't actually belong to me. It belonged to my mentor, Professor Destructicon, Kevin, to his friends. (His baton bounces away) Sadly, he was just captured in the midst of his latest plan to set fire to the sun! Redundant, perhaps. But before they locked him away, Kevin asked a favor of me: To prevent them from discovering his hidden lair and all its secrets, would I please SET FIRE TO THE SUN! And I was like, dude, you really got to let that one go, it's-it's a ball of fire! It makes no sense. So he asked me instead to simply destroy his hide-out, which I will now do, using my new Disintevaporator. (Clears throat; Dramatic music) And you, Perry the Platypus, will now be disintevaporated along with it! (Laughs maniacally)"
Doofenshmirtz,"Oh, Perry the Platypus, I was hoping you would come. (Perry points at the chains) Wh-Wh... this? Yeah, I had to place myself in restraints. There's a perfectly good explanation though. It all started a couple of days ago, when I declared war on grass, i-it's not important why exactly. Le-Let's say grass got on my bad side. Grass and me, we're on the outs, big time, so I got myself a cow, the natural predator of grass, it was slow going. What I needed was cow that was motivated not by hunger, but by a powerful hatred of grass like, like my own. Burning antipathy, so I invented the Mind-transfer Inator to give that cow a piece of my mind! (zapping sound) And as it turns out, cow brain? Not a lot of room in there for new ideas. That would have been it, but I started having these gaps in my memory. I had a strange craving to lick salt and I found myself watching the nightly farm report and the Pasture Channel way more than usual. . . I-I began to get a sense that I was not quite human anymore, which is-which is why I'm in the restraints and actually it stinks 'cause tonight's Halloween, you know, that's totally my thing, you know, the only holiday to celebrate evil, and here I am in these... Oh no! (He starts transforming into a Were-cow) It's happening again! It's happening! Argh! (Totally transforms into a Were-cow) Mooo! (Takes out the chains and watches Perry, he takes out a rope to catch him) Moooo! (Doofenshmirtz transformed into a Were-cow escapes and Perry follows him) Moooo!"
Doofenshmirtz,"Thank goodness for old reliable traps, huh? I'm so glad you're going to hang around. (Laughs) Anyway, you've arrived just in time to witness the unveiling of my latest invention. Let me introduce to you the Mountain-out-of-a-Molehill-inator. All my life, I was told, (Begin a series of flashbacks) ""Don't make a mountain out of a molehill,"" ""Don't make a mountain out of a molehill,"" ""Don't make a mountain out of a molehill."" Well now I intend to do just that. This machine will infuse electricity into a small little sphere of compressed nitrogen molecules, which I will then drop into the earth and it will make all the tiny little molehill molecules grow and grow into enormous mo-- (Stops mid-sentence) You know, it's kind of complicated. I learned about it on some kid's website. (Shows computer monitor with Carl's website on the screen.) Oh, oh, and you know what else I found on the web? It's these pictures of cats and they write these—oh, l-l-l-look at this one, ""Invisible Cheeseburger"". (Perry, still upside-down, looks unimpressed.) No, huh? Well, it's not for everyone, I just think they're funny. Anyway, so I take the sphere, electrify it, drop it in the ground, ta-da! Mountains! Out of molehills! (Perry unimpressed) I know when people say that, they usually mean it figuratively, it's an analogy, bu-bu-but I'm making a point, I can do whatever I want."
Doofenshmirtz,"Balloony!! (clip starts) When I was a boy, the smell of pork emanating from me was so bad because of, well, the reason's unimportant, it was part of a different emotionally-scarring backstory; I'm not getting into... regardless, the smell of pork was so bad that no one would come near me. So one day the carnival came to town and I needed money because of, well yet another back story that... basically, my parents disowned me, I was being raised by ocelots. The point is, I had to get a job at the carnival, but the only work was at the dunking booth, and not as the guy who got dunked though, I-I-I was what they threw to dunk him, which-which is again a whole other backstory. Okay, look- long backstory short, I got a balloon at the carnival, I drew a face on him, I sprayed him with special ""Lifelong-Lasting"" spray I created, and I named him ""Balloony."" He became my best friend in the whole world, yadda yadda yadda. Then one tragic day, when I was protecting our garden as a lawn gnome, Balloony started floating away. (clip ends) And then I didn't see him for a long time; it wasn't 'til... well, there was this whole thing with an alien ship, it was really improbable."
Doofenshmirtz,"Ha ha ha, welcome, Perry the Platypus! I never thought you'd fall for the old ""distract Perry the Platypus with a weird bird"" trap. I gotta say though, it's uh...it's quite an ugly bird. And now, for something a little more confining. (puts Perry in a clear box) You like it? It's biodegradable. A biodegradable trap. You know how everyone says, ""if you don't like meatloaf, it's probably because you haven't tasted my meatloaf""? Well, it's true, because mine really is the best! (Perry folds his arms, annoyed) In fact, I come from a long line of great meatloaf chefs. The recipe was first created by my great grandmother Gretel Doofenshmirtz, who passed it down to my grandpa, José Doofenshmirtz, weird story there. Then he passed it down to my mom, who passed it down to...Roger. Ugh! Naturally, I had to steal it from him. And when I did, I finally found out what the secret ingredient was. The secret ingredient was hate. Usually it's love, but Great Grandma Gretel had some issues. With this recipe, I'm sure to win the Danville Meatloaf Festival! But just in case, I have the Rotten-inator! With a quick blast of this, my competitors' meatloaves will be completely rotten! My victory is guaranteed!"
Doofenshmirtz,"Okay, lessee, what do we have here? Class dunce with a fake scar, and you must be the Princess of Meatland… and… uh, oh, an Upset Rooster Head. And what are you supposed to be, a kid in a sheet? (The ""kid in the sheet"" takes off the sheet to reveal:) A platypus in a sheet? (He puts on the fedora) Perry the Platypus in a sheet?! Do I -- well, uh, that's perfect! Wait, wait, I was hoping you would— (Perry twists Doofenshmirtz's arm) Ow!! Whoa whoa whoa whoa, I-I'm being sincere! There's no trap, no inator, just come over here, you gotta see this. It was delivered today. (They walk to the balcony to reveal a castle turret outside.) I had to sign for it and everything! (Cut to outside to reveal a rather ancient castle next to the D.E.I. building.) It's a real castle with… with a moat! Who delivers a moat?! How did they even get that on the plane? It's from my Great Aunt Henrietta Hawkenschpit. She left it to me in her will. Look listen to this. (reading the will) ""To Heinz Doofenshmirtz, You are my only nephew, except for Roger and I hated him."" See? See why I liked her? ""Therefore, I leave you my castle, and hidden inside is a very large treasure!"" Huh? (puts on reading glasses) And look! There's a little treasure map with clues! Wanna help me? (Perry just has this look that says 'Seriously?') Oh, come on! It'll be fun! Take off your secret agent hat just for tonight and put on your adventure hat! (Perry takes off his fedora and puts on a similar looking fedora.) That's my guy! Treasure ho! This is gonna be fun!"
Doofenshmirtz,"Ugh, where is Perry the Platypus? He should have been here hours ago. (Perry approaches him) Ah, Perry the Platypus. Well, y'know, I had a trap for you, but no time. (Grabs him and runs off) This one's a little complicated, okay? (He puts Perry in a chair in front of a screen.) You remember a few schemes ago when I couldn't figure out what ""Big Laundry"" meant? (A slide of Doofenshmirtz from ""The Lake Nose Monster"" appears on the screen.) Well, this! (Another slide appears) This is what I meant! I am nefariously planning to provide the entire population of the Tri-State Area with free laundry, (change slide) which will drive out of business all of the local laundromats, (change slide) freeing up prime real estate locations (change slide) for my newest franchise: the Doofenshmirtz Institute of Evilology, wherein only six weeks, students can earn a certificate in mayhem, larceny, or Ponzi schemes. (end slideshow) And I'm here in this volcano on this deserted island 'cause I get all this free monkey labor. (Whip pan to reveal a bunch of monkeys turning a wheel around.) I control them all with my Monkey-Enslave-inator helmet. And all I had to do was build one of them, because, you know, monkey see, monkey do. Hey hey! (to a monkey) Yeah, you can't put the red clothes in with the whitewash! You'll turn the whole batch into a big pink mess! (points to another area) Bright colors over there, you incompetent baboon! Literally. Okay, now what was I talking about? (Perry wheels the basket into Doofenshmirtz.)"
Doofenshmirtz on TV,"La, la, la, la, la. Topeka, Kansas. Topeka, Kansas. Okay. So, Perry the Platypus, I bet you're wondering why I trapped you in this soundproof capsule? Wait, (Ugh) Wait. If it's soundproof he won't be able to hear me...expl-Oh. (Doofenshmirtz pushes a button turning it into static. The screen goes back in a split second.) For generations philosophers have asked, ""If a tree falls in the forest, and no one is around to hear it, does it make a sound?"" The answer, by the way obviously is ""Of course it does."" I mean, duh! Right? Philosophers. Get a job thinky-boy! Now see, the question they should be asking is, ""What sound does the falling tree make?"" Behold! The If-a-Tree-Fell-In-The-Forest-Inator! Dun dun dun! One blast from this puppy will knock over a tree or anything else for that matter, and the sound it will make will be: (Whisper) Doofenshmirtz... (Normal) I will have eternal fame as the answer to that one philosophical question! I'm also working on a Sound-of-One-Hand-Clapping-Inator. Doo-Fen-Shmirtz. Hehe. I'll CORNER the markets! And speaking of markets, I'm out of vitamins. I should really get some before they close... Eh. So I skipped my Vitamin C for one day. What's the worst thing that could happen?"
Doofenshmirtz,"When I was a boy, the smell of pork emanating from me was so bad because of well, (Back in Doofenshmirtz's lair) well, the reason's unimportant, it was part of a-a different emotionally scarring backstory. I'm not getting into... regardless, the smell of pork was so bad (Flashback) that no one would come near me. So one day the carnival came to town and I needed money because of, (Back in his lair) well, yet another backstory that, well- basically my parents disowned me, I was being raised by ocelots. (Flashback #2) The point is, I had to get a job at the carnival, but the only work was at the dunking booth, and not as the guy who got dunked though, I-I was what they threw to dunk him, whi-which is, again, a whole other backstory. Okay okay okay, long backstory short, I got a balloon at the carnival, I drew a face on him, I sprayed him with special ""Life-Long-Lasting"" spray I created, and I named him Balloony. He became my best friend in the whole world, yadda yadda yadda. Then one tragic day, when I was protecting our garden a-as a lawn gnome, wha-whatever, you remember that backstory. Balloony started floating away. I tried to reach out and grab him, but..."
Doofenshmirtz,"Eh, y'know what I mean? So-So I invented (takes down an inator from the ceiling) the Eye Fog-inator. It will temporarily blur the vision of whomever it hits. It will then force people to go out and get their eyes checked, and then I'll get even more money, which I can then spend on EEEEEEEEE-VIL! So, y'know I, it kinda evens out. And you, Perry the Platypus, will be my first test subject! (He puts the equipment on Perry) Okay, put your little chin on the thing. (Takes out a cloth from his lab coat) Oh, oh, l-let me wipe that off for you. Gets so greasy. (adjusts the equipment) Okay, lift your head a bit, there-there we go. Perfect. (takes down the inator) Okay, now here's my zinger: You'll be lucky to see anything after the eye fog-inat—Uch! It, y'know, it worked before when it was in context, but-but it just sounds silly now. N— (sighs) Okay. (activates the inator) Now, now you'll feel a slight puff of air. (some gray smoke spews out of the inator) Okay, and a blinding ray. (a red laser shoots out the device) So d-did it work? (Perry squints, point of view shot from the chair. We see a rather blurred image of Doofenshmirtz) Well, why are you giving me the stink eye? Did it work or not? (Perry simply shrugs his shoulders) Huh, uh, I guess I'll just have to try it on myself. (He aims the inator at himself) Okay, three steps back and... (the grey smoke and the red laser comes at his face) Wooooah! Woah I can see... (point of view shot from Doofenshmirtz, whose vision is just as blurry) ...that I cannot see. (waves his hand in front of his face) This... It... It works! (Perry escapes from the trap while Doofenshmirtz stammers) It works! I consider this a success, Perry... Perry the Platypus, where are you? (Perry attempts to kick Doofenshmirtz in the face but misses) Did you say something?"
Doofenshmirtz,"Perry the Platypus. (Pause) What? Oh yes, the green? (Chuckles) I can explain. (Flashback) It started two days ago when I was watering my plant. I noticed a beautiful garden on my neighbor's balcony. Oooh, I got so jealous. So the guy at the store told me—among other things—that my plant wouldn't grow because I didn't have a green thumb. A-and that I should stop bothering with all these plant questions and that my mere presence in the store was destroying his plants. So I got a big bucket of green paint, and I poured it on myself. Then I was green everywhere, except strangely my thumbs, I think it was the way I was holding the bucket. (Flashback ends) Anyhoo, I came up with another great idea, I created the Moisture Suck-Inator! See? See? I don't know why I built it here when I was gonna use it on the balcony… That wasn't- anyhoo, this device will suck all the moisture out of my neighbor's plants, which will turn them brown, making my plants look greener by comparison. And I will finally have a green thumb! You know not actually—metaphorically! I'll have a gre- (Pause) Oh! (Smacks his head) It's a metaphor! (Sighs) And I wasted all that money on green paint."
Doofenshmirtz,"Sorry, Perry the Platypus, I didn't want you to find out this way. Okay, here it is. Peter the Panda is my new nemesis. We met at an evil genius expo in Seattle, and, well, me and Peter, we just instantly disliked each other. And then, he foiled a little evil scheme of mine. And, I didn't plan it that way, it just happened. (To Peter) Peter the Panda, be a dear and go get us a soda. (Peter goes to get a soda) (To Perry) It's not that I don't hate you anymore. I do, but look, I-- I just think it's time for us to, you know, take a break and start fighting other people. (Peter comes back with the sodas) (To Peter) Thank you, Peter the Panda. (Sips) (To Perry) I'd offer you one, Perry the Platypus, but I-- I think it's better if we just have a clean break. Don't you? So, where was I? Oh, yes. (To Peter) So, Peter the Panda, you think you have outwitted me! (To Perry) Perry the Platypus, you're—you're making this harder than it needs to be. Go on, it's over now. Oh, that? That's a Freeze-inator ray but, uh, I-- I don't want to explain it again. I just gave the whole spiel to Peter. But, don't worry. He's stopping me. He's-- He's got it well in hand. Goodbye. (To Peter) Curse you, Peter the Panda!"
Doofenshmirtz,"Awww, congratulations, it's a platypus! (laughs) What do you think of my new Nanny-inator? Nice, huh? (pushes a rocking chair up to the playpen) You know what time it is? Evil story time! (sits down) See, I wrote my new evil scheme (holds up a book titled ""My Evil Plan"") in pop-up book format. Once upon a time, yesterday, like a quarter to six, (opens book to page of Doofenshmirtz sitting in front of a TV) I was watching a nature documentary, and I learned how before a baby's born, its constant companion is the soothing, steady beat of its mother's heart. Even after it's born, the sound of the mother's heartbeat (turns page to a happy mother holding a baby) continues to be a safe, calming beacon to a growing child, (turns page to an annoyed mother holding a grown man) in some cases up until their early thirties. Suddenly, I was struck with a brilliant idea: (turns page to a skyline with Doofenshmirtz's heart making a loud ""BUM BUM BUM"" sound) to project the sound of my own heartbeat across the city, causing all the babies to believe that I am their leader! Like the Pied Piper, except... with babies, (turns page to Doofenshmirtz leading a baby army) I will have a mighty baby army, a-and no one would fight back, 'cause, you know... they're babies! (turns page to Doofenshmirtz reading to Perry with the Nanny-inator and Bum-Bum-inator, a giant heart, behind him) Finally, the time came for me to tell you my evil plan in pop-up book form, and I- Oh, I- I'm sorry, the- the book seems to have caught up to us in real time, heh-heh. Anyway, behold! The Bum-Bum-inator!"
Doofenshmirtz,"As soon as he walks through that front door, no more Perry the Platypus. (Piano playing) It's genius, right? (sees Agent P) Oh—Oh, I told Nancy to keep the back door locked! (Clears throat; At tape recorder) Note to self; My evil deed for tomorrow. Fire the maid. (At Perry) What are you looking at? Not so fast, Perry the Platypus. Don't worry, it's not what you think. It's my special recipe for quick-hardening chocolate! Between you and me, my popularity has plummeted to an all-time low. But everybody loves chocolate! What if I could recreate chocolate in my own image? Behold! The Melt-inator 6500! Powered by thousands of laser pointers! It has a melting capacity...of 7. That's on a scale of 1–5, so that's a big number. Here. Watch this. Collect my harvest through the city streets, where it will be processed with my secret ingredients to produce the most irresistible confection in the Tri-State Area. Now do you understand what you are up against? Come on, you didn't get any of that? You didn't get any of that? (Sighs) Okay, I will start again. First of all, my popularity is an all-time low. You got that, right? Okay. Then--"
Doofenshmirtz,"(to Perry) Oh this is terrible, look at her, look what I've done. (Gestures at Vanessa sitting on a chair at the balcony) She's been giving me the cold shoulder ever since she overheard something out of context. Oh, this is like one of those sitcoms where somebody says something that's misconstrued and the snoopy next door neighbor gets the wrong package delivered after his in-laws come to visit, somebody has two dates on the same night and they have to paint a white line down the middle of the room, but this isn't a sitcom, Perry the Platypus. This is real life. (pauses, as he and Perry glanced at the fourth wall) And... I'm... And I'm the father, and I have to treat her with the respect that she deserves in a caring fatherly fashion. (pause) I'll blast her with one of my inators! Wait here (goes to drag the inator) You like it, Perry the Platypus? I built it for the 170th anniversary of the Alamo, but I forgot to use it! It makes people forget about what they're thinking right at that moment, I call it the Forget-About-It-inator! Heheh, I love that name. (starts trying out different tones) Forget about it. Forget about it. Forget about it! Haha, forget about it! (to Perry's face) Forget about it! (turns to Norm) Yeah, how 'bout a handshake, (swings his hand) forget about it!"
Doofenshmirtz,"It's the surf n' turf n' pus special. Y'see, you're the turf, and the lobster's the surf and... I guess you're also the surf, 'cause you're... you're semiaquatic and... Oh, never mind. Y'see, I'm stuck here waiting for my oven repairman who gave me a ridiculous window. And not this ridiculous window of me kicking an orange. Long story, don't even ask. I'm talking about a ridiculous window of time. From 5:00 a.m. this morning until a week from Tuesday. I've gotta wait around. I'm stuck here and I can't go out to get any food, so I invented... the Fork-It-Over-inator! I type in the kind of food I want here, which sends a message to a decommissioned Cold War spy satellite, which then bounces the signal right back here. An unnecessary step, I am still very proud of. That signal fires off this surprisingly expensive fork harpoon into said food wherever the inator finds it, and reels said food right back here to me. If the world can't be my oyster, then the Tri-State Area will be my buffet! Everyone's food will be my food! I am so lazy!"
Doofenshmirtz,"Pick up the phone! Pick up, pick up! Pick up, pick up! Oh, why won't you pick up? (sees Perry) Oh, hi, Perry the Platypus. Thank you for using the key I gave you. It's much more civilized than crashing through my ceiling, don't you think? Yes, eh. Anyway, I-I don't know why you're here, but you can tell Monogram that I'm not, eh, you know, ""up to anything."" Anyways, all I've been doing here is calling my new girlfriend. (Laughs) We're having, what I call, a relationship bump. And now, she won't pick up the phone, and I'm tired of leaving messages. I'm tired! I've—I left, like, 57 messages and, I won't leave anymore. It starts to look a little desperate. (Perry glares) Hmm? Oh, no, that's-that's not an evil scheme. That's just a giant magnet. I'm going to wave it over my girlfriend's house and erase all the messages I left. (Laughs) Because, some of them were really long and rambly. I mean, I know there's an ordinance against it, but- What? Oh, come on, Perry the Platypus! (Growls) Oh well, too bad for you! (traps Perry) Too bad you don't believe in love! (Door slams, Truck engine revving) Too bad!"
Doofenshmirtz,"The name is Doofenshmirtz! Like, like in Doofenshmirtz! (Perry tugs his lab coat) Now what? Oh, it's you. I'm sorry, Perry the Platypus, I'm going to have to take a rain check. You see, I'm having a bit of a financial crisis and I'm afraid I won't have time for our evil scheme today. (Perry tips his hat and leaves.) Yep. (sighs) Next time we fight, it could be in a cardboard box, 'cause that's where I'll be living. (Perry stops short and tugs Doof's lab coat again) Can't you see I'm trying to wallow? (Perry points to something) What? (Cut to a framed picture of Doof's ex-wife) That? Oh, it's a nice picture of Charlene, isn't it? But I-I-I don't think I could get much cash for it. I mean, who wants a picture... (Perry takes out a phone) Oh, you mean call her and ask her for money? Never! Y'know what she'll say if I call? She'll say, ""I told you so!"" And you know why? Because she told me so! She said, ""Don't get the gargoyles, Heinz!"" But what does she know? (Whip pan to reveal two gargoyles on the balcony) Gargoyles are a good investment. Name a cheap building with gargoyles. (Cut back to Doof and Perry) No way am I asking her for money! I—I—I'll just, uh, make this place unsellable! Then they'll have to let me stay here no matter how broke I am! (to a potential buyer) Psst! Indian burial ground. True story."
Doofenshmirtz,"It's a 12-part mini-series running all day long; nothing but propaganda. He can't really fly, they did that with wires. So that's why I invented the Video-Beam-Hijack-Non-inator; ""non""-inator, mind you, for reasons we've already discussed. With this, I will preempt the biography of my brother so he can't rely on that 14-karat smile and his freakish ability to not be despised. I mean, look at this city, look at all that urban blight that, uh... that isn't there anymore, and the... and the public transportation, all... uh, clean and... efficient and... (sighs) running on time eh... Okay, let's just say I'm gonna let Roger warm up the room for me, then I'll preempt his ridiculous documentary with live video of me announcing my take-over of the Tri-State Area. (puts on Roger's glasses) A-And maybe I'll put on these glasses like he wears. (tosses them aside) I don't know. What am I, gonna throw away my best stuff on a clip show? Forget it. Now let's light this pop stand. (Sighs) Could take a while, though. It's gotta... it's gotta warm up... vacuum tubes."
Doofenshmirtz,"Ah, Perry the Platypus. How predictable. And by ""predictable,"" I mean completely...dictable, I guess uh. Anyway... (He pushes a button on a controller, which opens a trap door. Perry falls into a slicked-up pitfall trap then tries to escape.) Hehehehe. Oh, don't bother trying to escape. The walls are made of a super-slick alloy and treated with a few dozen coats of non-stick cooking spray. I'm sure you've noticed my impressive collection of aerosol spray cans. Every can of aerosol deodorant, hair spray and bug repellent from the Tri-State area. All mine. I'm tapping into their ozone-depleting propellants to fuel my latest evil scheme: The Aerosol-Propelled Ozone-Deplete-Inator! (a giant mechanical hand squirts some of the spray out of the can) The citizens of Danville will definitely learn the name of Heinz Doofenshmirtz, when I spell it out in the sky in hundred-foot-tall letters made of atmosphere-destroying aerosol gasses, thereby depleting the protective ozone layer. And the resulting radiation will burn my name right through town! Then they'll remember. And if they don't, they can just look outside. (He cackles) I need a little drink of water after a tirade like that."
Doofenshmirtz,"Will you cool it with the noise, Perry the Platypus? I've got a splitting headache. I was at this evil mixer until late last night, it was crazy. (Sighs) Can you hang out for just one moment? I'm almost there. Hold on. (He presses a button, and a cage falls on Perry) Ow! Oh, I've got to get a quieter trap. Now that you're trapped, I will tell you my evil plan. I'm miserable because I can't grow facial hair. It all started when I was about 15. (He begins to flashback, but then stops) Oh, you know, my head hurts too much for a flashback. (Starts pushing the cage Perry's trapped in) Anyway, I've tried everything to grow facial hair. It's all so painful. I hate people with beards, et cetera, et cetera. So, who do they erect a statue of right next door? Rutherford B. Hayes, our 19th president! Only the president with the best facial hair of all! Just look at that thing. There's no beard like 19th century beard, Perry the Platypus. Anyway, that horrible statue must be destroyed as it is a constant reminder of my follicular failure! Oh. Give me just a moment, Perry. This hurts me more that it hurts you. Literally."
Doofenshmirtz,"Perry the Platypus? It's no use trying to break through my protective bubble. It's platyproof-poof. I mean - oh, you know what I mean. Anyway, you're probably wondering what I am doing, driving this evil bug bus around town. I just got to thinking about all the things that bug me. Like, portable outhouses, high voltage signs. ""Danger High Voltage"" - I'll decide how much voltage I can take! That's why I created the Bugs-me-inator. It turns whatever bugs me into bugs. And, since I can't stand bugs, I'm protected from them inside this bubble. (Perry points to a bug inside Doofenshmirtz's bubble) Huh? Oh, that's on the outs-- Ow! Get it off! Get it off! Get it off! Get it off! (Doofenshmirtz open the bubble to let the bugs out) Wait I'm not ready! (Perry punches him, causing him to spin around his bubble) Whoa, whoa, whoa. Right to the point huh? You know Perry the Platypus, more than anything, you bug me. (He fires the -inator at Perry, who dodges it, making the beam, instead, hit one of Doofenshmirtz's shoes) Ah! My shoe! Ow Get off! Get off! Get off! Ow! (Doofenshmirtz launches himself at Perry, but Perry redirects him back into his bubble, spinning him again.) Whoa. Whoa. Whoa. Boy, I really got to rethink the design on this thing. By the way, you know that we're on a runaway bus careening at high speed with no one at the wheel, right?"
Doofenshmirtz,"(Hums) Almost done, just this one more little bit! (Perry appears and kicks the paintbrush out of Doof's hand) Perry the Platypus! As usual, your timing is incredible! And by ""Incredible"", of course I mean: COMPLETELY CREDIBLE! (Laser fires trapping Perry in a ball) No use, Perry the Platypus! I made this out of something that cannot be penetrated! Pure evil! And a blend of space-age polymers. You see, Perry the Platypus, I'm going to unleash the water being held by this dam into that huge drainage pipe that leads directly to the ocean. The additional water will raise the sea level by 2%, and then my property one block from the shoreline will become beachfront property! (Laughs maniacally) And to release the water from the dam, I've invented a ray, which attracts wood like a magnet attracts metal: The Wood-inator! Which was almost complete until you rudely interrupted me. Oh, look at this, Perry. It's my paintbrush. You know, the one you knocked out of my hand a few moments ago. Maybe you want to try to take it back from me now, huh? Huh, you want to try? (Laughs) Goodbye, Perry the Platypus! (pushes Perry into the river)"
Doofenshmirtz,"Struggle all you want, Perry the Platypus, you're not getting out of that! It's hydraulic! I don't know if you're aware of this, but my brother, Roger, is the mayor. (Perry just gives him a look indicating that he was, in fact, aware of it.) Alright, I may have touched upon the subject from time to time, but, y'know, I figured why not mention it again just for clarity? Anyway, that job gives him all these cool mayoral powers. So I created the Power-Drain-inator to drain all his powers into this canister, and then I, Heinz Doofenshmirtz, get to wield them! Just think, I will have the power to raise taxes, pass legislation and-and even cut the ceremonial ribbon at openings! Where I'll finally be able to use (He produces a pair of giant scissors from behind his back) these! You like them? I-I got 'em at a garage sale. (He leans the scissors onto a hydraulic pump, which leaks and releasing Perry from his trap.) Ah, see? Th-th-that's one of those hydraulic lines that, uh, goes to your— (Perry flings himself at Doofenshmirtz, who falls backwards, and then takes the inator, smashing it to pieces.) (grunts) Aw, come on!!! One kick and you destroy my inator? What? W-W-And what? You're just gonna thwart and run? I thought this was going to be a special extended episode! Curse you, Perry the Platypus! (A piece of the broken inator zaps up to the sky.) Aaah! Uh-oh."
Doofenshmirtz,"(laughs) So, Perry the Platypus, do you like your trap? It's called the stocks! I read about it in this book, Ten Greatest Historical Traps of All Time. Look, it's a pop-up! (shows a pop-up bear trap) It also came with this bonus pamphlet, The Ten Greatest Historical Armies of All Time. And according to this, the Spartan Army was fierce, unstoppable, and followed every order without hesitation. Which is why I got this! (leaves, emerges in Spartan General costume) Huh? It's a Spartan General costume. Yeah, it must have been...warmer in Ancient Greece. (pause) Anyway, once the Spartan Army sees me in this, they'll obey my every command! And help me take over the Tri-State Area! And how will I acquire the Spartan Army, gone lo these many millennia? With my Historical-Army-Retrieve-inator! I-it's potato-powered because I spent this month's alimony check on my last inator. You remember that, the Made-of-Gold-inator. And you know, I wore out three pairs of shoes buying up all these potatoes, but...on the good side, it smells like French fries in here."
Doofenshmirtz,"There's my guy. Why the Thanksgiving-themed trap, you may ask? You know how you get all tired and lethargic after you eat Thanksgiving dinner? Well, it's not because you're really full and, you know, slightly out of shape. But because of all the tryptophan in the turkey. Now imagine, if the turkey were say the size of...a car or a building, there would be no resisting the tryptophaniacal level of nature's little sleeping potion. That—is why—I created: the Turkey-inator! (pauses for dramatic effect) Wait, can you—can you see it from that little door, or do I have to move the hat, or—you're good? You're good. With this, I will fly over the city turning things into turkey all willy nilly, then—no one will be able to resist all of that perfectly cooked turkey goodness. And once the tryptophan kicks in, I'll take over the Tri-State Area with ease! Won't that be trypto-fun? Heeheeheehee. You know, ""tryptophan"", trypto...it's...you know, like...I'm wasting all this wordsmithing on a platypus."
Doofenshmirtz,"Lots of me. Lots of me... Naw, I'm just kidding! It's...It's me! But those guys are annoying, aren't they? Anyway, welcome to my Startle Space. I wanted a panic room, but it was just prohibitively expensive. I just had to get to a place where I could clear my head, man. Those other me's, they're really workin' my last nerve. ""Lots of me... Lots of me..."" One of me is fine, but, eh, I can really be annoying en masse. I'll admit it. So, uh, are y-you hungry? I got plenty of food. (Perry takes down a can of almond brittle.) Or maybe you wanna play a game. I got some old Drusselstein board games here, like, ooh, ""Kleptocracy""! Vanessa used to love this game when she was a— (gasps) Vanessa! Oh no! She's still in the building! We need to stop those me's before they get to her or, or she could turn into me! That's every child's worst nightmare! Well, n-n-n-not me, specifically, other children aren't afraid of turning into me. It's just that I'm saying turning into your parent. That's what's scary. (gasps) Vanessa! Vanessa! (He runs out the door.)"
Doofenshmirtz,"Ah, Perry the Platypus! (on an ice chair holding a mug of hot chocolate) Come in! How do you like my evil igloo hideout up in the Danville Mountains? Would you like some hot cocoa? No? Then, how about a marshmallow! (Doofenshmirtz launches a giant marshmallow out of his cocoa mug, trapping Perry) Ha! Trapped you again! I think I figured out why I haven't been able to take over the Tri-State Area. I've been too much of a nice guy. Nice guys can't take over large metropolitan areas, except for Roger. But, we're not talking about Roger. I've got to get mean. (Doofenshmirtz slides his chair across the igloo's floor; his cocoa mug falls and breaks) I've got to get ugly and possibly hairy. (Doofenshmirtz's chair slides past a picture of the abominable snowman) I've got to learn to be more like the abominable snowman. (chair crashes; a cat screeches) So, I decided to build this! Behold, the Abominable-nat... The, the Abominama... The A-bom-in-a-ble-i-nat-or. See, I can only say it if I speak slowly. The Abominable... Inator. Oh look, if I, if I separate it, it works. The Abominable Inator! It makes whatever it hits bigger and scarier and hairier. Anyhoo, behold. (removes cover from the Abominable-inator, which is covered in a huge scarf and knitted cap; Perry looks unimpressed) Okay, I know what you're thinking: ""Why the silly little stocking cap and scarf?"" The truth is, I, uh... I had some yarn."
Doofenshmirtz,"(cntd.) Basically, I shoot someone with the machine, and whatever they are afraid of actually appears...in real life! Whaddya say, Perry the Platypus? Ya like being a guinea pig? Actually, you'd look kinda cute as a guinea pig. I mean, I wonder if you'd be teal. I bet you would. I bet you'd be a cute little teal guinea pig. Something to think about for the future. Anyway, Perry the Platypus, let's fire this baby up and see what scares you. (He presses the button activating the inator.) 'Cause, y'know, it's gonna materialize right over there. (A green beam hits Perry.) Alright, so what are you afraid of, where is it? (looks around) What the hey? Nothing? (A business card slips through the ropes. Doof takes the card and reads it.) ""Perry the Platypus: O.W.C.A. agent - Fearless."" Huh. That figures. I guess you'll just hafta... hang around! Ha ha ha! Oh, wait, this one's better. I'll just leave you here because you're all tied up! Ha ha ha! O-O-One last one, you're gonna love it. See ya later, because it isn't my tail that's upside down! (No response.) No? No, no, I-I shoulda stuck with the first two, you're right."
Doofenshmirtz,"So, I had to build a whole new trap to catch you. And of course, I'll have to buy a new plastic skeleton for Halloween. It-It's a pitiable existence I lead, Perry the Platypus. Do- Do you pity me? You should 'cause I'm pitiable. Everyone should pity me. Eh, you don't have to say pity too many times before it stops sounding like a word. Pity. Pity. Pit- See? That's only like two times and it's already just gobbledygook. Gobbledygook, too. I can't- I can't even get through that once. Gobbledy- See, I-I'm not even to the last syllable and it's already... (sighs) Great. Now, I'm forgetting what I was talking about... Which is another reason to pity me! YEAH! Back on topic, baby! You see, I- I figured if I get myself big sad eyes, people would pity me and give me whatever I want. And to that end, behold! The Big-Sad-Eye-inator! You like it? It sucks up a lot of juice, so I'm running it at night when the electricity's cheaper."
Doofenshmirtz,"Ha ha! Betcha never dreamt you'd get caught in a dream catcher. Actually, Norm made that this morning. Who knew he was so crafty? Anyway, my astrologer believes that when Mercury is in retrograde, anything can go wrong and usually does. And, you know, she's always right, she has dark hair and bangs, and you know, as it turns out, Mercury has been in retrograde all summer. No wonder my evil schemes keep failing! And that is why I invented the Unretrograde-inator! You know, to reverse my bad luck. You know, I know that 'Unretrograde' is sort of a double negative. It sounds like I'm making Mercury go forwards but I'm actually sending it backwards from going backwards which happens to look forward but it isn't. You know what? Basically, it's a Reverse-inator but... Unretrograde-inator! It sounded more astrology-y. Look. You know, I-I'll just show you how it works. Oh Norm! Could you come over here for a moment?"
Doofenshmirtz,"You remember my goody two-shoes brother, Roger, the mayor? It is a well-known fact that no politician can pass up kissing a baby for fear of alienating the electorate. This can be risky, though, because if the baby cries, you can alienate the electorate even worse than if you refuse to kiss the baby in the first place. This has never really been a problem for Roger, though, everybody loves Roger! Babies, voters, dogs, cats, guys with shovels, giant squid, you name it. But this little baby, and by ""little baby"", I mean enormous baby, is gonna change all of that! Today, when my brother is campaigning, every time he kisses a baby, I will uncork the Baby-Cry-inator, releasing such a wail that the voters will think he's universally hated by babies, and therefore, untrustworthy. I know it sounds complicated but I've thought this one through. Babies cry, everyone's unhappy, and I somehow take over. (a short pause) It's foolproof!"
Doofenshmirtz,"Annoying musician. C-Come on. Come on. Come to papa. Ah! Bingo! Eh- (Perry puts his tail in front of the scope) Hey what's with the waffle? Oh very funny Perry the Platypus, very funny. If-If you'll just be so kind as to move your tail out of the way. (Perry does so) Thank you, thank you. There we go. That's good, an-uh- (Perry puts his tail in front of the scope again) See now you're just being childish. Look, I promise you. I'm not even being marginally evil. I just want to stop that guy from playing his bagpipes everyday, 24-hours a day. I mean look at him. On what planet is that racket considered music? Ugh! I cannot take it anymore, so I'm gonna hit his bagpipe with my Inflate-inator! Yeah, I-I know, It's basically the opposite of my old Deflate-inator. But I can't concentrate with all that noise! I was lucky to come up with that. But when that bagpipe blows up I will once again be able to hear the usual din ringing through the city streets. Like, uh, car alarms, and babies crying, and -inators blowing up. (Perry flings himself off the -inator, and punches Doofenshmirtz)"
Doofenshmirtz,"(turns the music off) Vanessa's having some friends over for a little get-together, but I digress. Behold! The Repulse-inator! Whoever I hit with this inator will automatically become repulsive. (pushes the inator closer to the edge of the balcony) And, wouldn't you know it, my brother, Roger, is dedicating a new Danville water tower right below my ledge! Once he's hit by a beam from this baby, he'll become so abominable, so disgusting, so hideous, so noxious, so grotesque, (cut to reveal Doof reading from a thesaurus) so ghastly... Uh, anyway, Roger will become so repulsive that his popularity will plunge and mine will skyrocket by comparison, facilitating moi to take over the entire Tri-State Area! (Perry gives him a look) Don't look at me like that! I got a good feeling about today! It's gonna happen. The only trouble with it is that this particular inator requires a lot more power than any other inator I've created for some bizarre reason. And, uh, I only have one functioning wall outlet in the lab. (cut to reveal the wall outlet overloaded with electrical wires and things) So, I'm gonna put a lot of strain on that."
Doofenshmirtz,"Well, hello, Perry the Platypus! Over here. No, here. Look a-- L-Look a-Look a little more this way. (Poorly imitates Perry's chatter) What do you think? Huh? I've joined you in the genus Ornithorhynchus. That's right, I am a platypus! (Evil laughter) Yeah, hang on. Let me turn off the dramatic lighting. How did this come to be? Well I'll tell you, since you didn't ask. After years of being bested by you in battle, I decided to fight fire with fire, and in both cases, fire means platypus, and with just means with. It was simple; the best way to beat a platypus was to become a platypus. That way, our skills would be evenly matched. So, after a couple of promising experiments and some intricate designs, I finally created the Platyp-inator! Pretty cool, huh? (Perry just stares at him, freaked out) Now, before I defeat you, I figured I should further level the playing field. There, now I'm trapped, too. And go! Y-You're not struggling, I said go. We should both be-- (Perry joins in) Yeah, like that. Okay."
Doofenshmirtz,"Gotcha! Ha-ha! I know what you're thinking. Why the snazzy getup? Why the boots? Well, ya see, I met this girl, Rosie, on a square-dancing website and I may have led her to believe that I'm...an expert square dancer. (Perry looks at him scornfully) Hey, don't give me that self-righteous look! It's the web, man! Everybody stretches the truth! You don't think that cat really eats cheeseburgers, do you? Anyway, that's why I made these boots (close-up on the boots) to help me dance. See? They have these little microphones that hear all the commands of the square dance caller and they move exactly to those commands, making me the perfect square dancer! So I really want to make a good impression. Maybe you can come along and, you know, make me look good. What do you say? Will you be my wingman? (Perry just gives Doof a look) There's my guy! Oh, yeah, and by the way, she also thinks I'm a champion bull rider, so if it comes up, you, y-, h-hey, don't look at me like that!"
Doofenshmirtz,"Just because we're stranded on a desert island, doesn't mean we should abandon our normal lives, don't you think? Because then the Tiki gods would win! (pauses) So, I made myself supreme ruler of the Tri-Coconut Area when no one was looking. It stretches all the way from that big rock over there where I'm drying my socks and undies to those three coconut trees at the end of the beach. And I have my minions. Look, if they don't obey, I eat them. What's that look? (camera pans to the De-Evolutionator) Oh, you're looking at the De-Evolutionator. Is that why you're here? Well, don't worry about that. I had to disable it. It was doing bad things to my head, man. I keep it around for the crabs. They really seem to like it. (We see the crabs worshipping the inator) I know. Weird, huh? They get all Kubrick-y on it. (notices that Perry escaped from the trap) Hey! Okay, fine! Go it alone! See if I care, but keep your little webbed feet away from my... (a crab pinches his finger) Ow! Ohh! Oh, you're so going to be crab cocktail."
Doofenshmirtz,"(voiceover) Back in Gimmelshtump, one day, when I was walking through the Claw Machine District, something caught my eye. In this machine that usually just has rocks in it, there was an actual teddy bear! Fortunately, I had with me my allowance, which I'd been saving for a whole year: one three-cent coin. I dropped it into a slot, and carefully maneuvered the claw toward the beckoning fuzzy grail! Odds were against me, but then it happened! The miracle! The claw grabbed the stuffed animal; it was mine! Then, like a knight of yore, I gallantly gave the prize to my beloved mother... who immediately turned around and gave it to my brother, Roger. I was crushed as I watched Roger produce a big red marker and write his name on the toy. And then afterwards proceed to do the same to my mother, claiming both as his own, and effectively shutting me out of the family dynamic."
Doofenshmirtz,"Keys, keys, keys! Master keys, skeleton keys, latch keys, skate keys, I love keys! And you know, take it from me, (on the roof) once you've accidentally locked yourself in a milk can full of cockroaches for a couple of hours, you'll—you'll develop a real appreciation. But uh, collecting keys one at a time takes forever! That's why I've invented: THE KEY-FIND-INATOR! Or the Find-a-Key-inator! I -- I haven't quite figured out what I want to call it. Cool, huh? Soon, I will be able to open any door in the Tri-State Area, it's -- it's brilliant. Uh, but my key chain is enormous. And it—it weighs a ton and everyone can hear me coming. What I really need is one key that opens everything! The Key to the City! My pompous brother, the mayor, is always handing it out to some yokel of dubious qualifications. Well, today, it's going to be this yokel of dubious qualifications."
Doofenshmirtz,"Now, Perry the Platypus, when I press this button, whatever I'm thinking about, whatever is on this screen right here, will be erased from every mind in the Tri-State Area. Because again, to make myself perfectly clear, when I- when I press this delete button right here, whatever I'm thinking of, which will be displayed on this screen, will be deleted from every computer and- and every mind in the entire Tri-State Area. And, uh, not to put too fine a point on it, but people who haven't seen, or- or don't remember my video will be completely unaffected. So, you know, I'm not doing any real harm. You understand, right? Good. (Trips) Oh. Oh well, that kind of, killed the moment, didn't it? Oh, shoot. My- my shoelace is all frayed. I- I'm going to have to replace the aglet. (The video on the inator screen is replaced with an aglet.) I-I always keep extras on hand. Just- just a few. Anyway, here's mud in your eye! (Laughs maniacally; He presses a button on the inator which sends lightning over Danville.)"
Doofenshmirtz,"So I never touched an iguana again. Actually, that's not entirely true. There was one time, back in a—oh! Ooh ooh ooh! Look, Perry the Platypus, look! Yeah yeah you see? Two tires and an axle! Ahh, pretty soon we'll be rolling out of here! We're just gotta-gotta hop this fence. (Perry waves a finger back and forth) What do you mean no?! (Perry points to a ""No Trespassing"" sign on the gate) No trespassing! Oh-oh you gotta be kidding! You know what Perry the Platypus? I just had my third realization of the day, I had two earlier but I didn't share them with you. I've realized that the thing that's kept me from succeeding all this years isn't my parents not showing up for my birth, it isn't my eight month stint as organ grinder monkey, it isn't the time I got my arm stuck under that boulder, also titanium see? (taps his right arm which also makes a metallic sound), it isn't any of those things. You know what it is? It's you! (points to Perry, who then crosses him arms) You are what's been holding me back all these years."
Doofenshmirtz,"Hmm, that's funny. I don't remember you saying ""spec"" so many times. (Perry rips off his disguise) Dr. Wexler, you're a platypus. (Perry, looking annoyed, puts his fedora on. Doofenshmirtz gasps) Perry the Platypus! I want to say that I knew it was you all along, but I can't because I didn't. So now, I guess I'm supposed to surrender, which I might do if we weren't standing in the middle of an evil weapons expo! (He runs to the giant robots, and gets in one) Ah-ha! Perry the Platypus, your giant robot dragon is no match for my giant robot... Queen Elizabeth I. Hmmm. W- Would you mind switching robots with me? Would you mind too terribly? Please? (They switch robots) Thanks. Thank you very much. I just prefer this one. Thanks. Now, Perry the Platypus, your silly, girly Queen Elizabeth I robot is no match for my giant, fire-breathing... (Perry's robot shoots a laser blast at Doofenshmirtz) Ow! Ow! Wait! I didn't know she had laser eyes. I want to trade back. (Perry sends a punch at Doofenshmirtz) Oof! Well, yours may have laser eyes, but mine breathes (The dragon robot shoots fire from behind Doof) f- (He screams as the fire rushes past) (The dragon robot stops shooting fire) That was a stupid design."
Doofenshmirtz,"So, I bet you're wondering why did I cause all this rain. You see, while perusing local garage sales, I came upon a big screen TV from 1985. (Removes the tarp covering it) But when I went to turn it on, it was stuck on the Spanish channel! (Perry yawns and closes his eyes, clearly bored by Doof's explanation.) All it played was crazy variety shows and Mexican soap operas. (Turns on the TV) I really got hooked on one of them, though: El Matador de Amor. (Sets up his armchair to watch the soap opera.) It has three simultaneous story lines that interconnect... Genius! Anyway, the last episode was a cliffhanger... (Perry notices that Doofenshmirtz's drain pipe can fill his green glass tube with water, therefore letting him escape.) ...in which Esmerelda is going to find out why Juan loves her. At least, I think that's what's going to happen... But the show got preempted by a soccer game! Oh, I hate soccer! It makes no sense whatsoever! The clock runs up instead of counting down, what is that?! (Removes popcorn from the microwave and sits down in his armchair.) So with the help of my Rain-inator I-I rained the game out. (Camera pans to a soccer stadium full of screaming fans. It begins to rain and the fans boo.) And now, back to our regularly scheduled programming. (He turns on the TV, which is playing a commercial for an)"
Doofenshmirtz,"But I have been able to restore his car. (Cut to a dust cover being lifted revealing the car) The 1957 Drusselstein Boomshlaka 320-I! Mmmwah! Ain't she a honey? I'm sure to win first prize with this. And here's the good part! (He pushes a button on a remote, causing jumper cables to come out of the grill trapping Perry. Doofenshmirtz laughs) Trapper cables! I needed to restrain you for this next part because it does get a little bit evil. Just to ensure there's no real competition, I built a little gadget called the Rustinator. At the push of a button, it will reduce every other car into red dust! Or rust. Wait, red dust, rust. I wonder if that's where that word came from. (exits) I'm gonna go look up its entomology. (returns) Yeah, I looked it up. It turns out ""entomology"" is the study of insects. Go figure. Anyway, uh, in you go! (The cables put Perry inside the vehicle.) I'll just get in the normal way. (Cut to the driver's seat) How's it goin' down there? Cozy in your steel cables? Careful with the Rustinator, Norm! (Cut to reveal Norm buckled up holding the Rustinator) We wouldn't want it to go off inadvertently."
Doofenshmirtz,"So go ahead, laugh it up. (Perry smirks) I will say this, it was considerably cheaper than Skull Island and look! (holds up a pink bathrobe with a pink unicorn embroidered on it) I get to keep the robe! (drops the bathrobe) Oh, where are my manners! Aloha! (drapes a lei over Perry) That's Hawaiian for... (the lei quickly binds Perry, who glares at him) you're trapped! And why am I here, you ask? See these little, mini volcanoes? They contain a certain primordial ooze that I need for my latest evil device. Behold, the De-Evolutionator! I-I-I... don't know why it kind of looks like a giant fish bone. That's just how it came in the kit. (pours the ooze into a pan, then tosses the bucket) When I unleash this baby on the Tri-State Area, it will make every man, woman, and child moonwalk backwards down the evolutionary chain, finally stopping at a wimpy little Pliopithecus. (Mocking voice) Ooo, I'm Pliopithecus. I'm not evolved enough to stop a modern man like Doofenshmirtz. (laughs) And that's when I will swoop back into town and take over. Isn't that just Darwin?"
Doofenshmirtz,"Oh, just come in! Into my trap! Yes! Sticky flypaper, Perry the Platypus! (Laughs) Quick story? Back in Druselstein in the days of my youth, there was a bully named Boris, who always wore big, black boots. They called him ""Big Black Boots Boris the Bully"". He was always kicking sand in my face. When I was in the sandbox; Sand. My first date; Sand! Balancing my checkbook; Sand! The beach-- Oddly enough nothing. But I couldn't relax, because I kept waiting for it. Now, though, he will be the one doing the waiting. Behold! The Now who's blinded by sand-inator! Or maybe the Who's crying now-inator or, something like...something with the ""Inator"" suffix. In any case, it's a giant sand kicking machine! You see, Perry the Platypus, Boris has moved to the Tri-State Area, so now, I am going to cover his entire house in sand! (Laughs maniacally)"
Doofenshmirtz,"Oh, what now?! (Perry dizzily emerges from behind the drums, playing a banjo off-key) A banjo-playing platypus? (Perry puts on his fedora) Perry the Banjo-Playing Platypus?! Uh, take five, guys. Not you, Perry the Platypus, i—if I can just have a word with you. (Perry walks into the engineer's station, where he immediately gets trapped) Ha ha ha! (The trapping device raises up to reveal Perry trapped in a baby carrier) It's a cute little trap, isn't it? I got the idea at my cousin Gertrude's baby shower. (Perry gives him a look) Well, don't judge me, men go to baby showers these days! It was fun. Presents, blindfolded diapering... I'm sorry, I-I'm off-topic, aren't I? It's this darn midsummer's festival! With the laughing and the music and the constant ringing on my bell to use my bathroom! (toilet flushes in the background) Well, I'm going to put an end it once and for all! You see, I have created a device that will cover the entire midsummer's festival with the worst smell in the history of mankind: Dirty diapers! (Perry gives off a look of disgust and terror) And, yeah, I got all that from a baby shower. How do you like me now, Perry the Judge-ya-pus?"
Doofenshmirtz,"Ah, Seattle. My home away from home. And to think, Perry the Platypus has no idea. He's, he's completely clueless about my little excursions up here. Ha, ha. That poor, blind, trusting pla- (Doofenshmirtz puts down his paper and sees Perry outside in the rain, staring at him. He runs to the ""Dudes"" room, where he sneaks out of the window and grabs an umbrella. However, Perry is outside the window waiting for him) AH! I'm not here! You are not seeing me! (Doofenshmirtz begins to run away, but falls face-first into a ditch) Oh Perry the Platypus, how-how long have you been... errr and look at that, it's, it's Peter the Panda, my ex-nemesis, what a coincidence, huh? (Perry turns to Peter, and then looks back at Doofenshmirtz, annoyed) I mean what is he doing here, in Seattle... his... hometown? *Ahem* And look he's got, he's got two coffees, one of which for sure, is not for me... it's not mine... (He moves his hands upwards, and in the process knocks some loose dirt away from the side of the ditch, unearthing the container of cutonium) because mine's right here. Look. See? (He drinks the cutonium) Ugh, ugh, that is not coffee. (As soon as he drinks the cutonium, Doofenshmirtz shrinks and becomes cute. Peter drops the two coffee cups in shock. Doofenshmirtz soon realizes what has happened) That's just great. What kind of a world are we living in, where a guy can't down the contents of a mysterious urn found in a trench, without undergoing major physical transmogrification? Really?"
Doofenshmirtz,"Let me get this straight. If I set you free, you'll give me the keys, right? (Perry nods) Oh, for Pete's sake, why didn't you say that, like, an hour ago? (Arm and leg restraints unlock) Oh, look, they were under your cute little platypus foot the whole time. (Laughs) Hurry, open, open, open. Now I grab my stuff. Hurry, hurry, hurry, must hurry. Seat belt, and ignition! (Engine whirring) Whew! That was close! (Laughs) Now, let's just make sure I didn't forget anything in my haste. Got my old basketball, the lamp, Christmas lights, the umbrella, Perry the Platypus, the Disintevaporator, my golf -- (Gasps) PERRY THE PLATYPUS? (dramatic shock sound plays) THE DISINTEVAPORATOR?! (dramatic shock sound plays again) MY GOLF CLUBS?!? I don't even play golf! Oof! (He and Perry fight) How do you like it, huh? Agh! Wait, wait, wait. Hold on. Time, time, time. I got a hair caught in my mouth. Blagh. (Grunting, Laughs, Alarm beeping) Since you saved me the trouble of opening the hatch, let me show you out! (Perry falls out and hangs on by the Christmas lights)"
Doofenshmirtz,"Ah, Perry the Platypus. Right on time. It seems like you've got quite a chill there! I want you to meet my latest creation: the Giant Robotic Penguin Icy-Freeze-Your-Socks-Off Breath-inator...thingy! First, I will unleash my giant penguins at the fair today, so they may begin freezing the entire city! Then I will sell all the citizens of Danville my organic, yet highly addictive, Doof brand hot chocolate. Because, you know, who doesn't enjoy a nice cup of hot chocolate when it's so cold out? The first cup will be free, of course. But then the second... will also be free. But then the third... will cost a million dollars! That way, I only have to sell three, and I will already be a millionaire. So, Perry the Platypus, as they say in Mexico, dos svidanya! Down there, that's two vidanyas."
Doofenshmirtz,"(clip changes) I wanted to gain my mother's affection somehow, so I went to the claw machine district in hopes of winning her a gift. Fortunately, I had with me my allowance, which I'd been saving for a whole year: one three-cent coin. I dropped it into a slot, then carefully maneuvered the claw toward the beckoning fuzzy grail! Odds were against me, but then it happened! The miracle! The claw grabbed the stuffed animal; it was mine! Then, like a knight of yore, I gallantly gave the prize to my beloved mother... who immediately turned around and gave it to my brother, Roger. I was crushed as I watched Roger produce a big red marker and write his name on the toy. And then afterwards proceeded to do the same to my mother, claiming both as his own, and effectively shutting me out of the family dynamic."
Doofenshmirtz,"Over here, Perry the Platypus. (Cut to him at a table with a Dagwood sandwich on it and a high chair sitting next to him.) I'm just having a little lunch. Why don't you pull up a chair and join me? (He sits in the chair and, of course, gets trapped.) Whadaya think? Pretty clever, right? It's my new high chair trap! I thought of a high chair cuz you're just a little guy. Aren't you? Yes you are you're just a lil' guy. (Perry chatters angrily.) Hey, you're not getting outta this so why don't you enjoy the food. (Doofenshmritz force feeds Perry part of the sandwich.) It's All-You-Can-Eat, you know. (stops) Oh, y-you're good? (Perry nods.) You're already full, right? Me, too. I barely touched my plate. That's how these all-you-can-eat places make their money. They charge you like you're gonna eat a week's worth, but then, when you fill up after, like, two plates, then they've really made a profit. That's why I'm opening up my own All-You-Can-Eat Drusselsteinian buffet! (Shows him a video on a smartphone) Look. I've already made a commercial for it."
Doofenshmirtz,"You're probably wondering why I suddenly decided to quit evil and become a good guy. Well you see, I'd just built an inator. I called it the Babe-inator! No, it's not what you think. It's purpose was to transform my brother, the Mayor, and all of his cronies into a bunch of crying babies. That way I could take City Hall like babies taking candy away from... whatever they take candy... Aw, you know what I mean. Anyway, the Babe-inator was ready to go, so I took aim at my brother's office and pressed the button, but it didn't work! It didn't work for, like, the hundredth time! My evil plan did not work! And I thought to myself, ""Maybe I'm just not good at being evil."" That's when I had my epiphany. From now on, I'm going to be a good guy! So, here I am!"
Doofenshmirtz,"Ah waiter, you mind if I tell you my evil scheme? My-My nemesis didn't show up today and I still have to get it out. I figured since I'm getting nowhere with the older Tri-State population, maybe I should go for the younger demographic. So, behold! The Cool-inator! Well, you can't really behold it, it's...it's out in the car. But trust me, it's behold-worthy. First, I will suck all the cool out of this place, it being the hippest coffee house in town. Then, I will blast myself with the cool concentrate, transforming into such an ""awesome dude"" that you, disaffected youth, will have no choice but to follow me blindly and help me, you know, take over the Tri-State Area! Anyway, the Cool-inator is so hip, it only runs on espresso, so let's fill her up."
Doofenshmirtz,"Ah, this is nice, eh? But, you know, I don't think suburban life is for me. I'm thinking of just adding a breakfast nook and flipping the property. The main problem is my neighbor, Phil. He is truly diabolical. His fruit falls into my yard, his dog poops on my lawn, he leaves his trash cans out too long, and... Oh, I'm at my wit's end! And the worst, the absolute worst, is his leaf blower. (Leaf blower leaves fall on Doof) Okay, that's it! Time to end this once and for all! And no one is stopping me! (Traps Perry) Behold, Perry the Platypus! The ultimate suburban weapon: the Atomic Leaf Blower-inator! This will be the last time his stray leaves blow onto my lawn. (The inator turns out to be a bit too strong) Yah! Aahh! Turn it off! Turn it off! (It turns off and the entire tree's leaves plop on him) Good, just like I planned. Now, I'll blow every leaf onto his property! Ha-ha-ha-ha--ha-ha!"
Doofenshmirtz,"Oh, there you are Perry the Platypus - (Gasps) Hey, great costume, that's the bee's knees or you know, wings in this case. (A giant yellow fly swatter appears behind Perry and swats him) Ha! Swats happening, Perry the platypus? Swats up? Swats goin- (Perry punches him in the chin) Oof! Puh, hey, swats your problem? (Perry punches him again) Oh, I'm sorry, I-I can't help it, I got bees on the brain, especially the queen bee. She's all you hear about- queen bee this, queen bee that. You never hear about the 'king bee', do you? That means there's a power vacuum that I need to exploit. (shows an -inator) Behold! The Aroma-inator. Like the queen bee, I have acquired mass quantities of pheromones. See? Right here in the tank. Once I spray myself, the bees will be attracted to me and I will be crowned King Bee! After that, it's just a hop, skip, and a jump to ruling the entire Tri-State Area."
Doofenshmirtz,"(sighs, pauses the movie) Isn't that always the way? Right at the exciting part, that's when the doorbell rings...or, y'know, a platypus breaks it down. Anyway, behold the Worst-Fear-inator! (pause) What? (Doof tilts his head. POV shot from Doof as he sees the popcorn cart is blocking the inator.) Oh, yeah, I-I guess from your point of view, it's a little difficult to see. Lemme just get this outta the way for you. (He pushes the popcorn out out of the way.) There we go. Now, in my never-ending pursuit of domination, I discovered that the best evil rulers used fear to keep people in line. So to get into the right headspace, I did what any logical evil scientist would do: rented all the scary movies in Danville for research. Even the lousy ones like Dead Batteries, which is actually better than its prequel, Batteries That Work, which was...just a bunch of...portable electronic devices...functioning properly."
Doofenshmirtz,"(doorbell chimes; opens the door) Oh, hello. You must be here about the ad, right? Well, come on in. It's right over here. (closes the door; dramatic music) Behold the Wrapped-Up-in-a-Nice-Little-Bow-Inator. (Perry, disguised as an evil scientist, blinks) I bet you're wondering what it does, huh? Well, let's just say your nemesis is arriving sooner than expected and- A-And your place is a complete mess. (camera pans to a messy ""bedroom"") Tidying up is a snap (snaps fingers) with the press of this large, red button. (pushes aforesaid button) See? Wrapped up in a nice little bow. (close up of a box tied up with a red ribbon) You can also use it to hang your clothes on. (hangs one of his lab coats on the Inator) Just like a treadmill. (camera quickly pans to a treadmill with clothes hanging on it) So although my ad said firm, I am flexible, so make me an offer. (Perry blinks twice; Doofenshmirtz rubs a hand behind his head) Wow, you're a good negotiator. Okay, half price. (camera pans to a baseball bat and a container of baseballs) And I'll throw in my Druselstein minor-league baseball collection. (Perry quickly pulls off his disguise then puts his fedora on) Perry the Platypus? (grabs the baseball bat) Well, it's a good thing I still have my Druselstein minor-league bat. (Perry goes into a defensive position) Have at you! (Perry bats the wrapped up box with his tail. He then kicks it towards Doofenshmirtz, who swings and misses, and the treadmill activates due to it rebounding off the start button. Doofenshmirtz growls and throws a chair, but the chair becomes a cute little present) Aw."
Doofenshmirtz,"(Walking into his apartment) You could have at least gotten into your trap. It's on the table. (Perry ties himself up) You know, I appreciate you trying to mix it up, but I do have a schedule to keep. Ready? Let me show you my latest project. The Junk Food-inator! It sprays my special mix of boiling hot high-fructose corn syrup and hydrogenated coconut oil. Turning all healthy food into toasty warm junk food! Soon, everyone will become lethargic overweight blobs. Easily controlled by me! (Laughs) Because I will be the only one left eating healthy food, like these delicious broccolis! (Eats the broccoli) Mm, eh, the only problem is, I'm not quite used to the taste—- I'm used to eating the uh the junk. I'll just dip it in here and (Dips broccoli into the Junk Food-inator and eats it) Mmm, Oh that's much better! I could eat this all day. I can feel myself getting healthier."
Doofenshmirtz,"Now, before I let you loose on the O.W.C.A., this should make you much more formidable. (shows a backpack, but walks down the still moving up escalator) I like to call it my...my...my my my mymmymy (JANE! STOP THIS CRAZY THING!) I guess the escalator wasn't such a good idea after all. Oh, well. Live and learn. Anyway, I like to call it my Transmogrification-Backpack-inator! (straps it on Dennis) It'll give you a robotic exoskeleton that can transform into almost anything. And it's perfect to wear undercover, no one will ever suspect. Except, maybe, to say, ""Hey, look, there's a rabbit wearing a backpack."" Go ahead! Give it a try! (A giant hand appears on Dennis' right paw, which blows a hole in the roof.) Hey! What the heck, man?! I live here! You can't go blowing holes in my stuff! (the robotic hand disappears) Now, try it again. (The inator produces a giant robotic body onto Dennis with huge hands, which he uses to hulksmash the floor.) Uh, okay. Also, no smashing things in here! I'm gonna have to make a list for you, aren't I? (Dennis blasts off) Hey! Wait! Let me open the— (CRASH!) roof."
Doofenshmirtz,"Ah, Perry the Platypus. You like my scale model? (Gestures to a cardboard model he has made of Danville) I even put my own little building here, look. Look, there it is! (points at the building) Ah, yes, my home. I can still remember the day I bought it. Flashback! (And indeed it does. Flashback to Doofenshmirtz and a seedy-looking, extremely short real estate agent proudly gesturing at homes he is selling.) My real estate agent had already shown me hundreds of other places within my budget... (These places include a rotting old cabin, a rotting old mobile home, and a port-a-potty) ...but none of them were acceptable. (A man walks out of the port-a-potty as the real estate agent opens the door for Doofenshmirtz to look inside. Doofenshmirtz face palms) That is until he showed me this magnificent building, with a view all the way to the ocean! (Doofenshmirtz delightfully looks at the ocean view from his balcony) But the first night I realized why the price was so cheap. All night long, foghorns from passing ships would sound. I couldn't understand why all these ships were there... (Doofenshmirtz stands at his window, staring at the ocean full of ships) ...until one day, I turned my neck to the right about forty-five degrees, and there, I saw it. The Danville Lighthouse! It was attracting the ships like moths to a flame."
Doofenshmirtz,"Perry the Platypus! Oh, your persistence is insufferable. And by that, I mean completely sufferable. You're just in time, though, to watch me rid the Tri-State Area of one of my biggest pet peeves: People who dress as sandwiches to promote restaurants. (Pictures of said people flash on screen) You see? You see what I mean? What is this? Are-Are you a person or are you a food? For some reason, I don't mind the taco guy so much. Look at his cute little hat. Anyway, the whole thing sickens me to no end, which is why I created the Sandwich-Suit-Remove-inator. It sucks all sandwich suits up into the air and then shreds them to teensy, weensy pieces. Today I will fly all over the city and strip anyone dressed as a sandwich right down to their skivvies! (He laughs crazily) Ugh… I've become my mother."
Doofenshmirtz,"Perry the Platypus, don't start anything because I'm driving and it's really unsafe. Quit goofing around and sit down! Besides, you should really have your seat belts on. (laughing) Yeah! Ah, you're probably wondering what I'm doing driving this big rig. As you know, every inator of mine has a self-destruct feature, all of which rely on a little formula top scientists refer to as ""Boom Juice"". I found a cheap deal on a whole truckload of the stuff out here in the sticks. But I had to drive it home myself because, well, the shipment's a little old and unstable. (beeping) Oh, pay no attention to that. That's just the mandatory early warning explosion alert. I'll just turn down the sound so we can talk. Then I can tell you some of my truck driving tales."
Doofenshmirtz,"Oh. Perry the Platypus, why do you rush over here just to get trapped? It makes no sense. Ya like that? It's a space helmet. I got a bunch of them used. They still smell like astronaut. I think that's what that is. Anyway, since you're here, let me tell you about my new hobby; making charts and graphs. See here? This is a chart of my canteen usage! Which has plummeted since childhood. (Flips the chart to a second one) And this is my evil. I noticed that in any given month, my evilness--that's the red part--stays perfectly constant. Evenly evil. But around the same time each month, there's a spike in background evil, see that, see right here? And during that part of the month I actually seem less evil by comparison! And why? Why is it? It's the full moon!"
Doofenshmirtz,"Oh, Perry the Platypus! You must have noticed how I reinforced the locks, but, you know, not the door. Well, let's just get you out of... You're... You're really trapped in here, just... Just like I planned, obviously. So let me tell you my latest scheme. I'm so tired of all these happy couples around me, romantic and laughing, mocking me with their happiness. Well, not anymore. My De Love-inator satellite will eliminate the feeling of love in the entire Tri-State Area. All I have to do is press this button. It would be so easy to press it right now. It would be so simple, but, you know, I've got a date tonight, and I like to stay optimistic. But if we don't hit it off, I'm definitely gonna ruin it for everyone else."
Doofenshmirtz,"This beautiful device replaces anything it hits with a chicken! How funny will that be? Roger gets handed the award, and suddenly, it's a chicken! Ha ha! And not just any chicken, but the nearest chicken! Which, when you think about it, saves a lot of energy. I mean, why pull some chicken from halfway around the world when, uh, there might be one available right around the cornerrrrrrruh? (takes off the net and throws it onto Perry) Ah, this is much better. Anyway, like I was saying, all I have to do is point this at Roger just as they're handing him his award, and zap! He goes from prestigious mayor with a major award to just some guy holding a chicken. I mean, have you ever seen anyone not laugh at a chicken? Chicken laugh! Chicken laugh! It's obligatory."
Doofenshmirtz,"Okay, back off, Lennie, you're creepin' me out! (to Dennis) And you, you're not fooling anybody with that cutesy stuff! I happen to know that you are a very bad bunny. And I am...like, totally cool with that! See, I want to defeat Perry the Platypus and take over the Tri-State Area, and what I think I'm lacking is a certain animal instinct to get the job done. You have animal instincts, but what you lack is the evil scientist technology. And that is something that I have. So using my evil scientist skills, I'll make it possible for you to defeat Perry the Platypus while I watch from a safe distance. And together, we'll take over THE TRI-STATE AREA!! Whadaya say? Are you with me? (Dennis holds up his fist.) Great! I always wanted a rodent for a partner."
Doofenshmirtz,"Coming, hold on. Just hold your horses. Wait. Hello? (He opens the door, and Perry flies in on his jetpack.) Ha! you missed me, Perry the Platypus. (Perry gets caught in a rope net trap) I got you. You see, I was just doing a little inventory and reorganization of all the stuff that I've collected over the last forty years. Yeah, I know it's gotten a little... out of hand. I kinda let it go, and Norm's been in Maui for like, a month, so I made a Declutter-inator. I was actually gonna shoot myself with it, which would make me want to un-clutter everything, and-and then I lost it, 'cause, you know, it's-it's really cluttered in here. So then I hired a nice young lady named Doreen, to help me get organized, and well, I think she may have gotten lost, too. I haven't see her in days. (Yelling into the clutter) Doreen? Are you out there?"
Doofenshmirtz,"Perry the Platypus? I mean, I wasn't crying... And what are you doing here anyway? What, destroying my Dull-and-Boring Inator once wasn't enough for you? W-Wait, what are you... Wait, you're fixing it? (Gasps) You ARE fixing it... Oh, you've had a change of heart! How wonderful! Go ahead, rebuild it, Perry the Platypus. Of course, you're doing it all wrong, if you put it together that way, it will be the reverse of a Dull-and-Boring Inator. It would be a Dynamic-inator which would make people more interesting. (gasps) Oh, I get it! We shoot me with the Dynamic-inator, I become more interesting and everyone else becomes duller by comparison. Oh, that's brilliant! I'm so glad I thought of it! Let's build it, come on, let's go."
Doofenshmirtz,"So, you fell for the old 'hat rack disguised as your nemesis' ploy, eh? Well anyway, that was a very efficient use of my time. I demonstrated my latest inator, and trapped you all in one. Trap Perry the Platypus. Check. Demonstrate inator. Check. And now, that just leaves backstory, light lunch, take over the Tri-State Area, and schedule painters. Only seventy-five percent of my list left. I am on fire today! All right, so let's get down to business. Ever since I switched pizza places, y-you remember that whole pizza day debacle, right? Okay. Well anyway, my orders now are all showing up cold. Nothing I can do to change that, because, you know, I'm a lousy tipper, so I invented this. The Impersonator-inator!"
Doofenshmirtz,"A blackout? Oh, Perry the Platypus, isn't this wonderful? Now people can't see anything but my pitiful eyes. Look at them, Perry the Platypus, don't you feel sorry for me? Don't my sad, lugubrious eyes illicit compassion and mercy? (He pauses) Your secret agent training has taught you to squint well, my nemesis. But you can't fight the power of these pathetic, pleading eyes. I guess you can, 'cause you're heartless, Perry the Platypus. You know that? Where your heart should be, a big empty sack of nothing. But the common man will not be able to. I'm gonna go find someone on the street and test these babies out. And you're coming with me. Here come on. It's a good thing I put wheels on this trap. Try to keep up."
Doofenshmirtz,"Let's see, bandages, bug spray, shoulder pads, (Perry arrives via helicopter) Oh, hey man, nice threads. Sorry, no scheme today, I'm just here secretly overprotecting my daughter while she's camping with some friends. It's dangerous out here, Perry the Platypus, and I should know. (He begins a flashback) You see, back in Gimmelshtump in my youth... When I was camping, I had this incident with a swarm of bees. I only got one sting, but it did a lot of damage. (Doofenshmirtz is seen falling off a cliff, through thorn bushes, and a fire hydrant field.) I still have a hydrant stuck in my leg, see? I'd have it removed, but the doctors say it's too close to an artery to operate. (Perry stares at Doofenshmirtz) That kind of thing happens all the time in the woods! Alright, maybe I'm over reacting. Actually, it's really just a beautiful pastoral setting. There's probably nothing to--"
Doofenshmirtz,"(Speaking rapidly) Ah, Perry the Platypus! (A pair of mechanical arms grabs hold of Perry) Come in, get trapped, listen to my back-story. (a brief flashback) When I was a child, I grew flabby, (present day) which made me want to make the Fitness-Equipment-Lock-inator. Bum bum bum. I just run on this treadmill, and out comes a sonic beam that locks every other piece of fitness equipment in the Tri-State Area. Blah, blah, blah. Everyone's fat and tired. I sprint into city hall and take over. (Perry easily pulls off the cuffs that were restraining him.) No! Perry the Platypus, don't do it. Don't push this self-destruct button. This one right here… (He presses the button, and the -inator blows up) Oopsie daisies! Pushed it myself. Grr. Boo. Hiss. That's right, I'm a loser. Alright, go on now, you won fair and square. (Perry leaves) Curse you, Perry the… and he's gone. Haha, I can't believe he fell for that decoy -inator. Norm?"
Doofenshmirtz,"Perry the Platypus? How did you get stuck in my double Dutch machine? That's not even a trap. Anyway what are you doing here? (Perry nods to the hole in Doofenshmirtz's ceiling) Oh, that. The-The beam that I shot through my roof? Well that was just an accidental misfire from my Sphere-attract-inator. Luckily it was pointed up, so it didn't hit anything. Anyway, I started thinking, and realized the true measure of a man is having a world-famous roadside attraction. But which one to choose? Which one would be the most spectacular? Then it hit me, nothing brings them in like a big ball of twine. So that's why I built the Sphere-Attract-inator. To steal the world's largest ball of twine! Then all I need is some sort of road to put it beside. Right?"
Doofenshmirtz,"(On a cell phone) You really think I need aluminum siding? (Perry crashes through the roof and lands on one knee with a hand to the ground.) Oh, oops, gotta go, I got a guest. (hangs up, turns around and claps) Well, Perry the Platypus. Oh, hey, nice landing pose. See, that would kill my knees. (Pushes a remote) Haha!! You're trapped! (Two floorboards come out and trap him.) Let's talk about what you've been up to, Perry the Platypus. You've been sneaking into my lair secretly and building inators in the middle of the night! (Perry looks confused) Oh-Oh-Oh, don't act all so innocent. Every morning when I wake up, there's a new inator. Look! See? Three of 'em! (Cut to the inators. Cut back to Perry, who shrugs.) Re-Really, you-you didn't do it? If it wasn't you, then who was it? I mean, you and I are the only ones who are ever here, which is sad in and of itself. But I'm not building them in my sleep! (gasps) Wait, that's it! I'm sleep-inventing! That's fabulous!"
Doofenshmirtz,"Perry the Platypus! Let me show you something, ""Mr. I Break Through Walls Whenever I Want""! (Button beeps and a robot arm holding a roll of duct tape pops out of the floor and tapes up the crack) There you go. Oh, one more thing! (Button beeps and the arm ties up Perry with the tape) Oh, look! I have captured the rare ""DUCK-Taped Platypus""! (Laughs maniacally which fades into a nervous laugh) You know, like duck-billed... Never mind. Anyway, let me show you my evil plan. I call it the Copy and Paste-Inator! There's nothing I hate more than waiting in line. All the time wasted in stores, and amusement parks, where I could be spreading more evil in the Tri-State Area! I will make copies of myself, and they will do the waiting for me. I know, it sounds a little bit crazy but, look. You're all tied up. And (sits down in the Inator seat) And I am stepping into a giant copy machine to make duplicates of myself. (has crazy eyes as he say the next words) Who's crazy now? (Electricity zapping as the Inator closes)"
Doofenshmirtz,"(Laughs) Perry the Platypus! I've trapped you in a giant bowl filled to the brim with Doonkelberry cake mix. You see, today is my birthday! Struggle all you want, Perry the Platypus. But in 30 to 40 minutes, the yeast will rise, and you'll be buried alive! Here, have some. Unfortunately, my birthday has always been the lousiest day of the year. It all began on the day of my actual birth... (Flashback of baby Doofenshmirtz being born in a hospital) Both of my parents failed to show up. (Cut to 5-year-old Doofenshmirtz who uncovers his eyes) By the age of 5, I was forced to throw my own surprise party... at Gunther Goat Cheese's: The goat-cheesiest place in all of Drusselstein. Many of my closest friends were there: (The scene pans to the animals; **Song: ""Gunther Goat Cheese's""**) Count Wolfgang, Betty the She-Boar, Ratputin, and the Licekins, Olga and Chicago Joe."
Doofenshmirtz,"Hold on, Perry the Platypus, I'm just getting the mail. Oh, goody! It's my order from the Power Tool and Skeleton Key Warehouse. I was wondering when this was gonna—OH! Look! At! This! Every week, the mailman makes the same mistake and I end up getting my neighbor's HS Weekly. Here, hold this, Perry the Platypus, I need to rant. (puts mail in front of Perry) I hate all these good-looking models on the cover of Handsome and Symmetrical Magazine, mocking me with their manly perfection. Their perfect hair, their perfect skin, I hate it! And this, is why I created...the De-Handsome-inator! Soon, all these good looking faces will be hideous! (Perry, free, punches him) Ow! Wait, did you use the skeleton key or was it the power tools?"
Doofenshmirtz,"And the Stumblegimp Humiliating Dance of Contrition is just as much a tradition now as it was in the '40s...when this newsreel was made about the 1600s. You see, Perry the Platypus, my brother, the Mayor's gonna meet the present day Mayor of Stumblegimp. And I plan to zap Roger with my 90-Degree-Turn-inator. It will turn him 90 degrees, which will insult Mayor...uh...Whatshisname. Something with waffles. He'll have to sing that whole song, and when the people of Danville see him eat a featherbed or put a donut in his pants, he'll be forced to step down as mayor and I will step into his place, 100% donut-pant-free! Unless, you know, something like last week happens again."
Doofenshmirtz,"(dragging the Moisture-suck-inator to the balcony; Groans) I got it. Oh man, why didn't I put wheels on this thing? (Continues pushing) There. (Cracks back) I'll just aim it… Ah there perfect. Now, you will witness the dehydrating effect of my Moisture-Suck-Inator on my neighbor's garden! And (Steps on switch) Fire! (Beam of green light hits his neighbor's garden) Oh, that doesn't seem to be working. Let me try it on something else. Hmm… (Drags his -inator to Perry) This is gonna hurt you more than it's gonna hurt me, Perry the Platypus. Fire! (Perry is dehydrated; opens and closes his dry mouth; Laughs) Oh look at you, you're Pruny the Dehydra-pus. (Pause) Hm. (Perry continues opening and closing his dry mouth) I wonder why it didn't do that to my neighbor's plants. Maybe it's too far away- maybe- argh. (Grinding noise) I'm just- I've gotta try it again. I-I'm not gonna let that guy make me look like a nincomp-- (He is targeted by his -inator) Oh poop. (Green beam hits him; Doof and Perry open and close their dry mouths back and forth) I'm going to go get a glass of water. (Pause) You want one Perry the Platypus? (Perry nods)"
Doofenshmirtz,"Wow, I set up this whole thing with lasers and flypaper, falling cages, spinning platforms, on the way to a trapdoor... (The camera pans across this devious contraption) And you just come and slip on a chair, and waste a day's worth of work. Eh. (As Perry emerges from the hole in the ground in a green glass tube) But it's gonna look great on the Christmas party gag reel, hehehe! Of course, it'll just be me at the party, Yeah. uh...yeah. (Sighs) I need a laugh at the holidays. Anyway, gotcha! Go ahead, try to climb out of it. (Perry does, and simply slips on the glass.; Laughs) It's greased! So, now that you're all comfy cozy I can introduce you to my Rain-inator! I've been using it to pour millions of gallons of water into these clouds, causing it to rain all over the Tri-State Area! I-I can't believe nobody's noticed it. I-It's kind of obvious."
Doofenshmirtz,"Ah, so you beat up a bunch of snacks. Big deal. But you forget, Perry the Platypus, I still have one wish left and I've learned from my past two mistakes. I'm going to do this one right! You know what it is I want, Perry the Platypus? I want to be the biggest ruler of the...What? Oh, you're right. I say ""ruler"" and I could end up being like a big wooden yardstick or something. G-Good catch. Good, good catch, Perry the Platypus. Let me rephrase that. I want to be, specifically, the monarch of—No, no. No, you're right, that's a butterfly. Well, how about, the super-inten—no, no. Wait, I-I know! I wish to be the head of the Tri-State Area! Oh, shoot, I just heard that!"
Doofenshmirtz,"Of course, by then my soup was cold and it was too late for a refund. But now, I will wash Tony's Deli off the face of the Tri-State Area with my new Chicken Soup-inator! (camera pans to reveal the -inator) It blasts out a super-concentrated rocket-like bolt (camera pans again to show a very large container…) of boiling hot chicken soup powerful enough to demolish an entire city block! You wouldn't believe how much chicken soup that baby takes, though! Luckily, Aaron's Deli was having a sale! Half a gallon of chicken soup free with every $40 purchase. All that chicken soup and it didn't cost me a nickel. Ha-ha! Of course, I had to buy a lot of food, mostly deli meats. (camera shows most of the food he had bought) They're piled up in the halls. It's… kind of warm in there. I hope they keep."
Doofenshmirtz,"(to Perry) Hehheh, I think we lost him, you can slow down now.(Perry stops near a lake) I just said ""slow down"", I didn't say ""stop"". What are you looking at? (Perry stares out onto the lake, a determined look on his face) Oh no, we are NOT going- (cries out as Perry pulls him into the water) Hoo! That's cold! (Perry continues swimming downwards, Doof continues talking with his head out of the water) Wow, you're like a little motorboat there, Steven. (exclaims again as Perry pulls him in once more, Liam arrives at the lake shore, we see him putting on his gear, all of which is platypus-themed. Liam jumps into the water, he takes out a kind of slingshot boomerang and fires it at Perry. Perry sees this, and quickly digs up a large flat stone and uses it to shield himself, boomerang bounces off. Liam grabs Perry's tail, but lets go when Perry swipes him across the face with his ankle barb. Perry and Doof resurface) Wow, Steven, that was sweet! You're really good at that-that barb thing. (Perry suddenly notices something downstream and starts swimming upstream) What? Why are you turning around? Don't go back that way, that put-me-on-the trophy-wall guy is back there. (comes to a water fall) Oh, I see, a waterfall. Just in time for commercial. Isn't that convenient. (Both Doofenshmirtz and Perry go over the waterfall and start falling) What's that all about, anyway? It's not a clifffaller, it's called a cliffhanger, and here we are, falling, and-watch watch watch, here we go, wait, yup yup see? There you go! Fading to black!"
Doofenshmirtz,"But I guess my dreams faded into sepia tone somewhere along the way. Oh, Perry the Platypus, your shoes are untied. (WHAM! Magic box trap!) Psyche! Before you go, I'd like to introduce you to the Gloominator 3000... inator! (rattle) Hmm? What's that? Could it be Morse code for ""That evil gadget looks so manly and threatening. What on Earth does it do?"" All right, I'll tell you. Sheesh! Stop bugging me! With this, I will launch thousands of weather pellets into the atmosphere, thereby plunging the Tri-State Area into a new ice age! (dramatic music) But before I do that, I shall finally make Perry the Platypus disappear! Voila! (Pulls tarp off the box, revealing no box or platypus) Ha-ha. It really worked! Maybe I should have stuck with the magic business, hmm?"
Doofenshmirtz,"Looks... Looks like their orbits are tightening faster than I thought. Maybe... maybe we should wrap this up. I'm just feeling a little claustrophobic is what I'm saying. It's... It's... It's... It's okay. Okay. Just... Just a little too close for comfort. Hoo, boy. Is it getting hot in here or is it just thermonuclear puffy vest strapped to my person? Uh, maybe, Perry the Platypus, could you give me a little, eensy-weensy, itty-bitty cup of water? I'm just so hot. (He flaps his arms and is suddenly airborne.) Okay, this is getting weird. I guess I didn't understand the... the literal gravity of the situation. I think I'm just gonna hit the self-destruct button on— Oh, no! Oh, no, my arm! Bad planet!"
Doofenshmirtz,"Now, Perry the Platypus, watch carefully as I demonstrate the Age Accelerator-Inator. (Laser zaps a baby on a playground, turning it into a large hairy adult) Hooray, it works! And now to make some perfectly aged cheese! (Laser zaps) Ah, perfect! You can actually see the pungent aroma. Here you go, Perry the Platypus. But I'm warning you. Once you start, you won't be able to stop. I'll go get some crackers. We're in luck! I still have some leftover Melba Toa-- (gasps in horror) Oh no! The cheese! What happened to the stinky cheese?! (Camera pans to Agent P, who managed to swallow the entire cheese wheel) Perry the Platypus, you ate all the cheese?! Noooooo! I created this for peaceful, cheese-loving purposes, but now you've forced me to wield it in anger! (Laser zaps) Perry the- Perry the Platypus, hold still! Hold still so I can blast you!"
Doofenshmirtz,"Perry the Platypus? Eh, is it Thursday already? Hmm, well, let-let me go get my shoes and my ball and then... Wait, where's your stuff? (Perry points to the -inator behind Doofenshmirtz.) Huh? Oh, no that's not evil, so, so I don't think it counts. Oh, wait a minute. Did I set off the Inator Alert? Oh, that is so funny. Probably scared the heck out of Commander Carl, huh? Oh, well I-I know it can look intimidating, but the-there's no reason to be afraid. It isn't evil. It isn't even the -inator. The -inator is this gold chain. Once it's charged, I'm going to put it around my neck, and it will activate the insecurity parts of my brain, and trigger a full-blown mid-life crisis. Allow me to explain in song."
Doofenshmirtz,"Perry the Platypus? Don't be shy, It's just me. Come here. (A cage falls) (Laughs) You like my new cage? I got it from a second-hand shark supply store. It was half off, because you know, something bit half of it off. So, here's my evil plan: With this remote, I will open the Danville Dam, flooding all the streets and creating beautiful waterways! Like the canals in Venice, Italy! (Italian music plays) Or to a lesser extent, Venice, California. (Surf rock music plays) But how will people get around? They will have to buy my latest invention! It's like a car, but it can drive on the surface of water. (Pulls the tarp) Behold! You like it? I call it the Buoyancy Operated Aquatic Transport, or BO-AT for short. Everyone will want one!"
Doofenshmirtz,"Okay, okay, okay, just this once I failed and you had nothing to do with it, but did you have to let me trip **all** three bear traps? I mean c'mon! I'm out here in the hot sun working on ways to get us back to Danville (They both stop walking and look at each other) and you've never even offered me so much as a glass of water or a-or a tetanus shot! I'm going it alone. As a matter of fact, I'm sick of you and your smug face! I don't wanna see it any more. I'm going to close my eyes and count to 3, (covers eyes) and when I'm done, you'd better be gone. (Perry already disappears) And it'll be just like when you're here except you (Points to where Perry is last seen) won't **be** here! (Counts) 1...2...3! (Open his eyes) Hey! He really.... FINE THEN! I can find the bus station on my own."
Doofenshmirtz,"Well, it was when I was sixteen, or thereabouts; I had stopped celebrating birthdays at that point for... you know, obvious reasons. (clip begins) And then one day, my parents sent me out to the Schtor to get some doozenbratt. (in the clip, the ""Schtor"" is revealed to be a painting of the front of a Schtor hiding the entrance to a ship; the ship takes off and Heinz's parents celebrate and hug) You know, I've always had trouble distinguishing between a Schtor and a- a painting of a Schtor, but- but it started me off on the greatest adventure of my life! I decided to seize the day with both hands! (Heinz is shown swabbing the poop deck) Aaand a mop. I was heading to a golden land of opportunity; a land with a pioneering spirit which welcomed misfits like me! But I ended up in America instead. (Heinz is literally kicked off the ship) I just knew that I was home! (a large crate lands on Heinz; flashback ends) In the sense that it was... familiar. (gnome rises to 20,000)"
Doofenshmirtz,"(Spraying the plants in his blimp) Lunchtime, my little plant friends! Yes, you like your water, don't you! Everyone gets H2O, even you little... (Gasps) Oh, Perry the Platypus! You landed in my fertilizer trap! Look at you. You've potting soiled yourself! (He laughs) So, I got to thinking, why use animals or insects to aid in my evil scheme, when there are all these shiftless do-nothing-plants just laying around? So, I've created a super evil growth formula, that when sprayed on my plants, will turn them into thorny, prickly minions! With them under my control, I will rule the Tri-State Area with an iron fist, and a green thumb! Hahahaha... (He sniffs) And, if you don't mind, I'm going upwind of you."
Doofenshmirtz,"...With my Melt-inator 6500. There. Did you get it that time? Well- (Sighs) Well, I'm not going over it again. Time to get started. At this very moment, the world's largest chocolate bar is passing through town on the way to The Smithsonian, but it will never arrive! In 5, 4, 3-- (Sighs) 2 1/2, 2 1/4. Is that it? Is that—you're not going to do anything? You're just going to stand there like a dead fish? I'm giving you a chance to do something here! Oh, this used to be more fun. 1 1/2, 1 1/4! You know, in some cultures, it's considered rude not to particip-- (Agent P kicks Doofenshmirtz) Ugh! Perry the Platypus? But how did you-- (Gasps) You ate your own heinie? (Grunting) I must aim it quickly! (Aims at the world's largest chocolate bar, but Perry cranks up the speed, making Doofenshmirtz crash into Perry and the Melt-inator aim at the Flynn-Fletcher car)"
Doofenshmirtz,"One moment, please.  (Doofenshmirtz comes out wearing two steaks as glasses) Perry the Platypus? What are you looking at? Oh, these. Yes, these are my latest invention - steak specs. I came up with the idea after your last little visit. (Doofenshmirtz shows Perry his black eye) With these on, you don't have to constantly hold a piece of steak to your black eye. See? See? I plan on mass-producing these. I'll make millions. Let me show you. (He shows Perry a containment unit for all the steaks) I've stolen all the steaks in the Tri-State Area, and I keep them here in my steak containment unit or SCU (Pronounced skʰʌ), for short, or maybe it should be SCU (Pronounced skʰu). I'm a little on the fence about - Wait. What are you doing? (Perry pulls down a she, revealing an -inator) Oh, that? That's just a giant heat ray in case I want to do something evil later."
Doofenshmirtz,"Do you like it Perry the Platypus? It's my new Tell-the-Truth-inator! One blast from this baby, and people will be forced to tell the truth. It features an Abe Lincoln robot. He doesn't actually serve any functional purpose, he just decoration. But he's-he's thematically linked to honesty. Y-You know through his-his nickname ""Honest Abe"". But enough about me, let me ask you this. Have you ever wondered what it is that holds the fabric of society together? No it's not cooperation, or trust or any of that stuff hippies want you to believe, it's lies. All the little white lies we tell each other. You see Perry the Platypus..."
Doofenshmirtz,"Dear Perry the Platypus, I know Major Monogram will ignore my letter and send you to stop me. That's why you are now trapped. Best wishes, your nemesis, Heinz. (finishes letter, talks to Perry) Come to think of it, it wouldn't have made much sense until now, it's probably good that you didn't get it earlier. It would have just been confusing, and I would have been stuck with having to explain it to you. Speaking of stuck, you've landed on a square of the stickiest surface known to man. It's a tile from the floor of the Danville Multiplex. I discovered it when I went to go see that teen vampire movie. Loved it! And now... (closes window of machine) Behold, the Gimmelshtump-inator!"
Doofenshmirtz,"Ha! You want to be a bird? Is that what you want? Well, this is what we do with birds, we put them in a cage. Can you speak, little birdy? Hello? Say, ""Hello, Perry want a cracker."" (Perry bites his finger) Ow! Bad bird! That would not have happened to me if I was smarter, which brings me to my new inator. The Duplicator-inator 2! You know what they say about two heads are better than one, right? Well, I will duplicate my head, and become twice as smart! And look, I even did some recycling by using my old microwave oven. (opens door) Baked potato? Eh, maybe later. (closes door) All my life I've been a zero, but when I have two heads, I'm gonna be twice that! You'll see!"
Doofenshmirtz,"Well, I guess it is what it looks like. So, I'm-I'm having some trouble. Little help? (He holds out his hand but then ties Perry up to the spiral slide with the caution tape.) Ha ha! Improvised trap! Anyway, I'm here to teach Vanessa a lesson. Here, look. She thinks Roger is her role model. And aside from the strong jaw and the dazzling smile, what does he got? Just a sparkling personality, that's all. And it got me thinking: What if I made an inator to give Roger my personality? 'Cause my personality doesn't sparkle, not even a little bit. Behold, my Dooflicate-inator! With this, I'll make Roger a cheap imitation of me, therefore, I'll be Vanessa's role model by default! By default, my favorite way to win!"
Doofenshmirtz,"But by some wonderful twist of fate, (Doof shows Perry a magazine with a picture of an ugly girl and a beautiful one.) she has moved here to Danville! See? (reads caption underneath picture) Grulinda Boubenweir moves to Danville, party being held in her honor at Danville Park. (stops reading, cut to Doof and Perry.) And the party just started, I don't know how they got this picture in the magazine so quick. Eh, I guess they're trying to compete with the internet. (closes magazine) But, I digress! (cut to a giant bucket of water.) I can finally have my revenge! With this! (turns to Perry) The Sog-inator! (evil laugh) Now I will fly over her party, and douse her, with a lifetime of soggy humiliation! (pause) What? Oh, you think that it's petty that I held onto this grudge for so long. Well-Well, it's not petty. It's not. (looks at Perry sarcastically) It's evil or something; it's not petty."
Doofenshmirtz,"(Perry enters the building) Ah, Perry the Platypus, I'm so glad you're here. I-I-I did get the invite to your birthday party over the internet, and naturally, I-I couldn't go, since it was most likely a trap. Anyway, I got you this. (hands Perry a birthday card) It's just a card, but here, look. (card traps Perry) Surprise! Haha! I finally figured out why my evil schemes always fail. You see, I am completely and totally, unlikeable. No, really, so I asked myself, ""what are the two most popular things on this planet?"" Country music and western music. So now, I am bringing them together for the very first time. I'm calling it ""Country and Western Music."" I know, I know. I'm brilliant, right?"
Doofenshmirtz,"My Slow Motion-inator! This way, you're too slow to foil my evil scheme and I don't have to worry about capturing you. Problem solved. Anyway, let's get down to business. I don't know if you've ever noticed, but I'm not exactly very... Mmm, what do the kids call it these days? Handsome. My doctor says it's genetic, but I don't blame my parents. I blame everyone else in the entire Tri-State Area for being better-looking that me. So, I invented this. My Ugly-Inator! (Frog croaks) It harnesses the horned frog's unpleasant appearance to render it's target ugly! Let me give you a demonstration on handsome movie actor Vance Ward."
Doofenshmirtz,"Who is it? (Perry chatters on the intercom) Oh, Perry the Platypus, come on up. (He pushes the door button and giggles to himself and sneaks behind a chair. He peers from behind to laugh again. Perry opens the door and runs in. Doofenshmirtz jumps from behind the chair with a remote.) Aha! (He pushes the button and a net falls down on him.) Okay, I chalk that up to poor planning...again. (gives Perry a newspaper) Anyhow, look at this. Can you believe it? My goody two-shoes brother is getting an award for being the best Danville mayor ever for the second year in a row! And he's only been mayor for one year! I am going to make sure he never gets that award! Uh, you see, people used to laugh at me all the time. I-I know it's hard to believe now, but it's true. They would laugh at me. And would they laugh at my brother? No! Never! Of course not! Well, things are about to change. Thanks to my brand new Chicken-Replace-inator!"
Doofenshmirtz,"Perry the Platypus? I... You know, we always do the same thing. I have a scheme, you try to stop me, I trap you, I tell you my scheme, you escape, then we fight, and I'm defeated. Let's mix it up a little. Let me tell you what. I will tell you my scheme first and then I will trap you! What do you say, huh? Yes, this is much better. Okay, so here it is. The Make-Up-Your-Mind-inator! (chuckles) You know, when you're waiting to order a pizza and the person in front of you can't decide on a topping. Ohh, I hate that! I hate it! (mumbles) I will destroy anyone who can't make up their mind! (Echoes) Destroy anyone who can't make up their mind!"
Doofenshmirtz,"(as Perry jet-packs onto the balcony and hides in the rafters) Maaaybe.....but-but it also helps me visualize my scheme, it doesn't have to be used with dolls.....all the time. A-anyway, this is our headquarters, larger for the sake of clarity, and this, see this right here? This is my Sculptinator. This part will scan my body, and this part will shoot a beam which will then carve Danville Mountain into a lifelike statue of me! (lifts up the model of the mountain to reveal a model of a statue of him, but the statue has a lot of muscles) Visible for literally miles in every direction! Not scale miles, real miles. Then, when people see this splendid tower of manliness, they will just assume that I should be their leader. Look! Look how it captures the manly thickness of my neck."
Doofenshmirtz,"(now wearing a pink sash with the words ""KING PRETTY PRETTY PRINCESS"" in red lettering) And I was crowned (places a crown on his head) King Pretty Pretty Princess. Which, now that I think of it, is a contradiction in terms, but it was the first time I ever won anything. So it's gotten me all obsessed about entering contests. But the only thing I'm good at is baking peach cobbler, so I, I invented... Oh, yeah. I told you, Be-""Behold the Peach-Cobbler-inator."" What it does is it makes everyone want peach cobbler more than anything else in the world. So whether it's a chili cook-off or a dancing competition or a quilting bee, or whatever, the-the judges will be compelled to choose peach cobbler as the winner every time."
Doofenshmirtz,"Now we're cookin' with gas! Watch, Perry the Platypus, (Perry throws his fedora. It hits both the forward/reverse switch and the on/off switch) as I shpritz myself right into ruling the Tri-State Area! (The Aroma-inator gives Doofenshmirtz a huge spritzing, but he then sees the escaped bees) Uh-oh. (All the bees surround Doofenshmirtz) Oh! Ow! I think it might be time for Plan Bee!! Ow! Ow! (Perry uses his tail like a chainsaw freeing himself from the swatter trap while Doofenshmirtz is still yelling.) Hey! Stop it, stop it! (Perry puts his fedora back on) Ah! Ow! They're all over me! Ahhhhh!!! Get 'em off! Get 'em off!!!! (Perry runs over to the remote. He activates the Aroma-inator emptying it completely. The bees follow it.) Thank you for saving me, Perry the Platypus! And on the bright side, with all those bees, not one sting! Ow! (He spits out a bee and sticks out his swollen tongue.) Oh, man! I thould've ekthpected thith. At leatht my inator ith intact. (Perry pushes the self-destruct button on the remote control.) Ah, thhoot! Curth you, Perry the Platyputh! (beat) Curth you! I thaid, ""Curth you, Perry the Platyputh!"" Yeah, well, thee, you thould be able to get it from contektht."
Doofenshmirtz,"Norm figured out how to get the Drusselsteinian VPN feed so I can watch it early. I'll find out the ending and then I'll go over to that giant megaphone and yell out all the spoilers to everyone! Who's the evil one now, Tyler? I know what you're thinking: How I, a middle-aged man who's never made it through an entire movie without falling asleep and who also coincidentally just ate a full turkey dinner, how am I going to stay awake for a two-hour show? Well, well, behold! The awake-inator! It will sense me dozing and zap me awake. Settle in, the show's starting! (He turns on the TV and munches some popcorn.) So are you team Ryan or team Antonio?"
Doofenshmirtz,"(Agent P breaks door to his appartment) Perry the Platypus? Why do you keep breaking down my doors? Why don't you knock first? It's not even locked! This time, you'll pay. That's right, work it over. (Perry hands him a wad of cash) What? Are you kidding me? This is not just drywall, you know! It's solid oak! (He hands him another stack) That's more like it. You can't just go busting into people's houses for no reason, you know. Besides, I've given up evil to pursue the art of cheese making. Do you like stinky Limburger? It's a Doofenshmirtz family recipe. (In a brief cutaway, he is laughing maniacally while milking a cow over a cauldron whilst the cow moos in confusion) It's not ready yet. It still has to age for 58 1/2 years. (Watch ticking) But who's got that kind of time? Which is why I created: The Age Accelerator...Inator."
Doofenshmirtz,"And it was such a stellar plan, too. I was gonna use it to send City Hall, and consequently my brother Roger, back to Drusselstein, and out of his mayoral jurisdiction. No fuss, no muss, just bzzt, and he's gone, instantly. (Cut to Perry, who counts down on his fingers.) Ugh, if only if it were that easy to get Vanessa to the movie theater, wait -- (Perry points at him.) hey, wait a second! (looks at the giant dial on the inator) I could just add another setting to my Teleport-inator and send Vanessa directly to the theater, and completely bypass those ridiculously inflated movie ticket prices. Oh man, am I good! That deserves a victory sip. (drinks coffee) Egh! Wait—what is this, decaf? (cut to a put-out Perry) It's like you don't even know me!"
Doofenshmirtz,"Ha ha ha! I, Dr. Heinz Doofenshmirtz, have covered the entire eastern seaboard in tin foil...again. But this time when I put my giant magnet next to my ingenious Magnetism Magnifinator, I will pull the East in a westerly direction, thereby reversing rotation of the Earth! I-I know I tried this before but that was with a Magnifier this is a Magnifinator. I added the suffix –inator. It's a completely different ball game. I know you're probably expecting some tragic back story, to explain why I want to reverse the rotation of the Earth. But I'm not gonna go there. You know why? Well, I'll tell ya."
Von Doofenshmirtz,"Yeah, whatever, think of something. Anyway, like I was saying before you bit my thumb, down at the fair they have all these neat new steam-powered gizmos that they plan to use for ""progress."" Normally I wouldn't mind, but they're also attaching a lot of ""hope"" and ""optimism"" to progress. And that's something I will not put up with. So I've built a big monster machine to smash their World's Fair to bits! Behold! It's an evil swan! (Von Doofenshmirtz reveals his machine) It's a-- it's a big swan. It's like you, but, you know, bigger, and... hammer-y-er. It's got more hammers than you do. (Beat passes) Plus, it runs on the new technology of steam!"
Doofenshmirtz,"Ah, my Serve-O-Mat! See, this is what I'm talking about, I don't even know what a Serve-O-Mat is and now I own five. These infomercials are taking time away from my evil. People ask, ""Doof, if you have unwanted infomercials, how do you get rid of them?"" My solution is easy, simple, and it starts working the same day. With my Scorch-inator, I will target TV towers and melt, smelt, and render them into their basic components, thereby eliminating infomercials! And how much would I pay for this? Nothing, it's free! But wait! There's more! N-Th-There's not really any more, that's about it."
Doofenshmirtz,"(Is seen with his coat scratched, carrying a whip and chair) You get back! Back, you tiger! Ow! Where-- Where are you? So I can-So I can snap my whip at you! (Snaps the whip twice) Get in there! Get back, get back! (Drops the whip and presses the button) In there! (The door closes) I'm gonna chalk that up to poor planning. (Throws away the chair) If I had the tiger door inside your cage, you would have been in big-- (Gets hit by Perry swinging on a rope. Doofenshmirtz rolls into the Invis-inator's ray) Now, Perry the Platypus, you can never be sure where the final strike will come from. (Perry turns around) I am an imperceptible enigma. I move in silence-- (Perry kicks him) Ow! Oh you followed the sound of my voice, maybe I should stop talk-- (Perry punches and kicks him) Ow, ow, ow! Quit it! (He knocks down a chair and rolls into the Invis-inator's ray, causing him to become visible again) Interesting! If you're already invisible, it turns you visible again-- (Perry throws the chair at him) Ow! Oh well that came out of nowhere."
Doofenshmirtz,"Get ready, Perry the Platypus! The Tri-State Area's about to confront its fears! (Evil laughter from Doof. Another business card with mechanical arms and legs slips through the rope and crawls up to Perry's tail. A laser beam shoots through the robot and burns the rope down, freeing Perry. He kicks Doof.) Aaah! Ow ow! I landed on my jawbone, right on that weird...sticky-outy part under your ear! I-And my jawbone landed on the remote. Ah, Doof. (The inator activates and shoots Doof.) Okay, nothing bad will happen as long as I don't think about anything scary or... (A pounding on the door is heard.) Oh no! I couldn't help it, it just popped in there. It can't be! (The door breaks down revealing evil vending machine robots.) Vending machines are taking over! I said it could happen! No! Stay back! Stay back! Back! Flee! Flee! (Doof attempts to escape, but the vending machines grab hold of him.) No no no! I'm not really hungry! Really! (Stutters) No no, not the tiny vanilla cookies. How long have those been in there?! (The machines force feed Doof a packet of vanilla cookies.)"
Doofenshmirtz,"(opens hole to hold) Perry the Platypus! (Perry chatters) So what am I doing out here? Well I'll tell you. One day, while I was perusing my collection of 19th-century almanacs, I learned that the leading cause of tooth decay is saltwater taffy! And that's why I invented the Saltwater Taffy-inator! Y-you can't see it from here; I built it on the bottom of the ocean where I have an unlimited supply of salt water for free. I-I'm going to make the sweetest, gooiest, stickiest saltwater taffy in the world!! In the world. Enough to give cavities to every kid in the Tri-State Area! Ha-HA-ha-ha-ha! (shuts opening) Now where's my wetsuit?"
Doofenshmirtz,"Yes, I ate... (Agent P crashes in as usual; coughs) Perry the Platypus, look. Could-could you just use the front door from now on? Could you just do that for me? I mean, (Clears throat) ""Yes I ate your last nectarine. You got a problem with that?"" Sounds tough, huh? But not tough enough! (He pushes button on a remote and Perry gets trapped in a net) You see; ever since I was a child, I had a high, squeaky voice! But not anymore. Behold: the Voice-inator! It bio-mechanically transforms normal air into Doofelium, which will make everyone else's voice higher, making my voice deeper by comparison. I was going to lower my own voice, but, you know, it seemed like too much trouble. (Doofenshmirtz's air-craft launches out of the building; debris shatters all about and a crashing sound is heard; in the launch door-ways is a gaping hole where the air-craft flew through) Oh, come on!!!!"
Doofenshmirtz,"Don't touch! Anyway I've got a little math quiz for the both of you. If a train carrying Precious Albert the Moose left British Columbia at eight o'clock in the morning, going eighty miles per hour, what time would it arrive at the Canada Day celebration? Answer? Never! Because I've tied up the conductor, and taken control of the train using my remote control Train-Operator-inator! Right now we are all headed to my scheme exchange partner's secret fortress. (Lyla reaches for the fries again) Hey cut it out, those are mine. Se-Seriously, I can get the waiter over here if you want to order your own, but please."
Doofenshmirtz,"What's the matter, Perry the Platypus? You don't like my little plan? Think about it this way: Since infomercials are almost universally hated, I will actually be doing a civic good by destroying them! Huh? You see? You like that? W— Oof! (Perry somehow gets out of the Nemesis Catch-o-Mat, and jumps on Doof. Cut to show Perry holding a device) Aha, yes, the E-Z Automatic Trap Escaper. I must've left it out where you could reach it. Well, I was able to reach this! (He reaches offscreen and retrieves a mallet-looking device) It's the Swapotron-Smash-o-Matic! (a boxing glove comes out of the mallet and punches Perry) I got it for only $99.95. (Perry gets another device) Ah, the Labco Pocket Tennis Ball Launcher provides exquisite (gets hit with a tennis ball) Oof!—accuracy. (takes out another device) Face the hideous might of my Burgerizer 2100 hamburger patty air cannon! Eat patty!"
Doofenshmirtz,"Ah, Perry the Platypus. Well, I guess it serves me right for bringing work on vacation with me. Aaand there it is. (Perry is trapped in a egg-shaped container) Man, are we in a rut. Anyway, this is my Dodo-Bird-Incubator... you know... -inator. With this amazing device I can transform any egg to a Dodo egg. Once they hatch I will march my terrifying Dodo bird army across the Tri-State Area. You know, I don't really know what they look like, but they're extinct like dinosaurs, so just imagine! Giant, extinct dinosaur-like monsters laying waste to the city! Ah, you know, you, you really picked me up out of my doldrums."
Doofenshmirtz,"That should do it. (Perry occurs from the black hole while Doof's butt flap goes down.) Excellent. (turns around) Perry the Platypus? (looks at his butt flap) Oh. (he buttons it) Sorry you had to see that. It's just that...this one button. Aaanyway, you are just in time to witness as I activate the Kinderlumperinator and transform myself into a real live Kinderlumper! (Perry looks at Doofenshmirtz confused) What? Don't tell me you've never heard of the Kinderlumper. (Perry simply shrugs) Y'know, a gigantic troll with sharp teeth, nose like a broom handle, he grabs children, puts 'em in a gundersack if they...You've never heard of this? My mother used to sing me this lovely song about it right before I went to bed. And it goes a little something like this. (He claps his hands twice. The lights go out. He claps twice again to reveal he is now outfitted like Cab Calloway in front of a jazz band and does some of Cabby's signature walks.)"
Doofenshmirtz,"Oh, there he is. Impressive! Y'know, as, as evil lairs go, I give that, like, an eight. It looks like a classic mid-'60s megalomaniacal design. And the water feature is very nice. Fortunately, I know a thing or two about... (pull out to reveal Doof alone again) Sheesh! (Doof goes over to the others, who are looking at a scale model of the lair.) Oh, heh. Yeah, w-way to get the ball rolling there, Perry the Platypus. I-I see you're gonna use the... (looks at the manual) Standard Evil Fortress Infiltration Technique, or SEFIT. Man, these guys are really bad at acronyms. Good choice, though. Wh-What do I get to do? (stammers) What's my part? (Perry points behind Doof as he sees a coffee shop.) Oh, I'm the coffee guy. Good start. We're gonna need to stay sharp on this one."
Doofenshmirtz,"Ha! Ya mi— Ow! (falls backwards breaking a table with water and cupcakes on it) Well that was refreshing. (Perry puts his foot on a button on the controls and an explosion is seen from the building. Perry makes his escape on his parachute.) Ah, that was not not the self-destruct button. (Cut back to Doofenshmirtz in the mess in his lab.) Ugh! Well, oh, man, once again, the place is trashed! You just take off, leaving me here to clean it all up. (Putting on an apron and getting a broom and dustpan) Does it ever occur to you, Perry the Platypus, how much of a mess is left after one of our little tête-à-têtes? I betcha it never even occurred to you that I keep talking to you for a while after you're gone! I mean, it's probably a sad commentary on my life that I'm wearing an apron and talking to a platypus that's no longer... How long have you been standing there, Vanessa?"
Doofenshmirtz,"Ha-ha! You've heard of the Internet? Well, this is uh... well, it's-it's just a net. But you're caught. (gets up and uses crutches to support him while he walks along) In exactly thirty minutes, the Tutti McFrutti ice cream man will park his truck in front of my building. I know, because I was standing there yesterday when HE RAN OVER MY FOOT! But today, I will reek my horrible vengeance! Behold, the Re-tire-Inator! Because, you know, he ran over my foot with the tire, and I'm going to hit him with a giant tire. Re-tire. It's-It's not like a retire, like stop working. It's not that Retire-Inator. That's-that's actually over there."
Doofenshmirtz,"Ha! You're too late, Perry the Platypus! Buffet number two is history! I am starting to feel a little full though. Hmm, I thought it would last more than a few minutes. Better give myself a little boost. (Zaps himself) That's more like it! Wow, I am so hungry, I could eat everything at Buffet Number Three, baby! Yeah! (Perry bounces) Oh, give up, Perry the Platypus, those chairs are— (Perry throws himself and the chair at Doofenshmirtz. He falls over backwards as the chair smashes into pieces. The inator falls down and disappears.) Huh? Oh, man, I swallowed my inator. Oh, well, at least you can't destroy it now, because it's inside my stomach. So, today, I win! (Perry punches Doofenshmirtz's stomach and the inator zaps from inside his mouth. Doofenshmirtz feels his stomach.) Okay, you broke it. I can feel all the little pieces just rumbling around in there."
Doofenshmirtz,"(chuckles) Well, if it isn't Perry the Platypus! You've arrived precisely on cue. Allow me to explain. Voila! (removes a cover, revealing a replica of the Tri-State Area) A precise 1/100th scale replica of the Tri-State Area! (chuckles) You'd be surprised how much free time I have. Now, with all the bricks that I've, uh... (chuckles) collected, I'll construct... the Great Wall of the Tri-State Area! Thereby cutting off the citizens from the rest of the world! (laughs) And how do people get in and out of the city, you ask? With this! Official Doofenshmirtz-approved toll booth! I haven't really worked out a price point yet, but it won't be cheap, I can tell you that!"
Doofenshmirtz (cont'd),"(walking up to a tarp) I would get my revenge. (uncovering the tarp) Behold, the Hot-Dog-Vendor-Revenge-inator! Or my H.D.V.R.....ina...I...I have to work on my acronyms. Here's how it works. (presses a remote button lowering a screen showing a slideshow) The Revenge-inator sends off a freon blast to an unsuspecting hot dog vendor encasing their hot water boilers in a sheet of ice and rendering their hot dogs cold and soggy. (He presses the remote again ending the slideshow and raising the screen back up) And once I've taken the hot out of the dog, they'll be forced to sell my bratwursts instead! (Perry rolls his eyes.) Don't roll your eyes at me! It's a good plan! (huffs and crosses his arms) Sorry to go off on you like that, Perry the Platypus, but sometimes you just, oh, really push my buttons!"
Doofenshmirtz,"Thanks to my pupa-inator. See I saw this documentary on how butterflies evolved from the pupa and they get their wings and become their best selves! So I made myself a pupa-inator so that I can become my best self and therefore take over the Tri-State Area! What, what, what? it's not good? It's... It's no bueno? What? I guess I haven't looked at myself in the mirror. Lemme... (sees his reflection) Oh! Oh, man, I'm not a beautiful butterfly at all! I'm a big gross moth thingy! (He looks at his lab coat, which has bite marks all over it.) Well, I guess that explains the strange urge to eat clothes. Maybe I should just turn myself back into a—"
Doofenshmirtz,"Ah, Perry the Platypus, so good of you to volunteer for my cause! Since the cost of evil went up, my alimony checks barely cover my overhead. So, I've come up with a brilliant idea. The Telethon of Evil! With lights and a camera and uh, ooh, and a tote board, look. People will call in and send me money. Uh you can help man the phones. (puts a phone on Perry's lap) I had trouble finding a station that would put it on, so I invented this: the Preempt-inator. With this machine, I can preempt all the other TV programs! (inhales) As soon as I can figure out if I plug in the red wire or the green wire."
Doofenshmirtz,"Ah, Perry the Platypus, what an unexpected surprise. And by unexpected, I mean: Completely expected! (He presses a button. Mechanical arms seize Agent P.) I, Dr. Heinz Doofenshmirtz, have covered the entire eastern seaboard in tinfoil, and when I put my giant magnet next to my ingenious Magnetism Magnifier, I will pull the East in a westerly direction, thereby reversing the rotation of the Earth. You may well ask yourself, why would he do this? What could he possibly have to gain? Well, let me just answer that by saying I haven't really worked out all the bugs yet. I mean, you know, tinfoil alone costs a lot. (While Doofenshmirtz is talking, Agent P tries getting free, then notices a screw on the floor at his feet. Looking around him, he formulates a plan.)"
Doofenshmirtz,"I don't want to be ungrateful or anything, but is there any way to speed this up? I gotta be in the make-up chair at 4 o'clock. Hey, what about this turbo switch? That oughta shave off some time, huh? right? yeah? (Flips the switch which causes the jetpack to sped off into the distance as him and Perry fall and land on the ground) Some pilot you are. (Glares back at Perry, who then points accusingly at him) Oh sure, blame the victim. Like you didn't know about my switch-flipping compulsion. (Perry starts to run away angrily) Oh, now you're mad, sure, I don't know why I tried to be nice, I should have just trapped you, I could have been out of the hospital and on my way to the theater by now. (Starts to walk towards Perry) Instead they'll end up using my understudy. Ughh, I hate that guy!"
Doofenshmirtz,"(while crying) I'm a failure. (Perry shows up with two tickets in hand, he stops crying) Two bus tickets? (Grabs the tickets) Oh Perry the Platypus, you're a mensch. I-I know I can be testy and unpleasant, I know I tend to ramble on and on, to be fair, the-the burden of conversation is kinda all on me in our relationship. And I know that I haven't always given you the respect you deserve, anyway, I want you to know that you are appreciated Perry the Platypus. You. Are. Appreciated. Oh, hey now, check it out. Look, see? A tear. The universal secretion for sincerity. (Doofenshmirtz catches his tear in a phial) I-I'll just save that for next time. Come on. You can have a window seat."
Doofenshmirtz,"Now I'll just load up a few things that Professor Destructicon let me store here. If there's one thing Kevin understood, it was closet space. Now, I'll just, uh, grab my keys to the escape jet, and, uh... Hmm. I could've sworn I put them in my lab coat. Oh, they're probably over here on the computer console...no. (Perry notices the keys next to him, and hides them under his foot) Ah, the kitchen. Hello? Keys? (Laughs) This is a little bit awkward, but have you seen my escape jet keys? (Perry nods) What? You have? Well, that's great! Where are they? (Perry turns his head away, refusing to tell him) You won't tell me? Is this because you don't speak, or are you just being a jerk?"
Doofenshmirtz,"Mmmm... Ooh, wow! (chuckles) Time out, man, I need a breather. (He falls to the floor on his back) Oh! I wish I didn't eat the hot and spicy right after the honey glazed. Speaking of wishes, you know what I never understood? Genies. They tell you to wish for anything you want and then they add some terrible twist. Like you-you wish to jump high, so he turns you into a frog. What—? Why? Who gains from this? The genie? I— Where's the benefit? (Perry gets out a device to make his escape.) You should be fighting genies, man, not me. I'm not the problem. Genies. Genies are the problem. (gasp) I got it! (Perry stops cutting through the bars and Doof sits up) Zinc foil! (Pause as Doof lies back down) Eh, not really evil, is it?"
Doofenshmirtz,"I don't know. Why are raspberry icicle-pops blue? (Norm kisses the icicle-pop stick bride) And I know what you are doing, Norm! You're a sick, sick robot! I need a really evil scheme. But—Oh, it's so hard to create when I'm in one of my moods. (uses computer) Maybe I can borrow someone else's plans from the Internet. (types; sees blueprints) Blueprints, and...search. Ooh, an Anti-Gravity Fun Launcher! How about the Anti-Gravity Evil Launch-inator? There. I changed the name, that makes it mine. This could be the greatest scheme ever! Although, I'm not quite sure of the evil applications. Eh, something will come to me."
Doofenshmirtz,"Well, duh, the trap only needs to hold him for just enough time for you to get through your evil scheme monologue. At that point, your nemesis escapes and the race is on! Who will win, good or evil? No one can say, except, of course, if you go by recent statistics which, it's pretty much good who wins every single time. No matter what. But, hey, if it was easy, everyone would take over the Tri-State Area, right? Every single person would be in charge and we'd be forced to, I don't know, decide the rules together by voting or something."
Doofenshmirtz,"So anyway, I remembered this little island timeshare that I bought on a free trip to Vegas. And, I realized that if I were to combine my tiny island with the Capitol of the Tri-State Area like so, ta-da! Then, legally, under our local property laws, I will be sovereign ruler of the Tri-State Area! A-As long as I file the appropriate paperwork and get it in by the end of business today so I can declare eminent domain before the time-share reverts to the co-owners, making them de facto rulers of the Tri-State Area. It's foolproof really."
Doofenshmirtz,"It should be flying off the shelves. I-I just don't get it. Anyway that is about to change. Behold, the Switch-Place-inator. Wha- Why do you look so unimpressed? I-I'll explain. I simply fly over town in my biplane, write-off! And I look for someone with a receding airline, standing next to someone with a full head of hair. I fire, and presto! The hairdos switches places. The person who was formally hairline challenged, is thrilled, and the other guy is- well he's gonna spend a lot of money to get his hair back. Thus, Get Back Hair!"
Doofenshmirtz,"(disgruntled) Oh, hi, Perry the Platypus. Welcome to the Doofenshmirtz family reunion. They're just about to start the dreaded kickball game that my mother organizes every year. The one my brother's team always wins. You see, I'm not very coordinated with my feet. But with my hands...Hey, watch this. (Doof reaches offscreen and grabs a table with several cups on them. He does a few impressive stacking tricks with the cups.) See? I hold the cup-stacking world record. But does my mother care? No! (pushes the table offscreen) You see, Perry the Platypus, throughout my childhood, my mother's love was always inexplicably linked to kickball. You know, I think—I think this is best expressed through song. (strums a balalaika)"
Doofenshmirtz,"Let me just say it, will you? Ugh, you know, Perry the Platypus never interrupts me like this. Just saying. -From which all OWCA goodness flows, Major Monogram. There, see? See? You ruined it. You ruin everything. Just like I always say. Anyway, with this I'll blast Major Monogram, turning him evil! And then he'll, you know, join me as my sidekick. And give me access to the OWCA's vast computer network. Thus assuring my Tri-State Area domination. Every afternoon at this time, Major Monogram goes up to the OWCA's roof to sunbathe. (Doofenshmirtz fires the -inator, bouncing it off a satellite on a direct course for the OWCA headquarters.)"
Doofenshmirtz,"Ah, Perry the Platypus, won't you have a seat? (A chair lying on its back emerges from the floor and traps Perry) That is not not how you sit on a chair! Which means it is! Because I used a double negative! Sure, it's grammatically incorrect, but it's the core of my newest creation: the Double Negative-inator! It takes any negative statement and turns it into a double negative, which...which, in turn, makes it positive, I... Anyway, I...I was dreaming about cold weather because it's been so hot lately and I remembered how much I love the Minty Wink Eggnog they make at Beverly's Lunch downtown..."
Doofenshmirtz,"Aha! Perry the Platypus, your timing is incredible! And by that, I mean, ""Completely credible!!"" (Traps Perry in a wig) But you've found yourself in a hairy situation! Because of the trap, it's...Which is a wig. Stop me if you've already made the connection. Anyway, you're just in time for my latest inator. (Takes out a spray bottle.) Behold! (Perry just looks at him unimpressed.) I know what you're thinking. And, no, I did not invent a spray bottle, Perry the Platypus. Just stay with me through my backstory, alright? You see, I was reading The Danville City Charter...again, when I learned an interesting fact."
Doofenshmirtz,"I guess it is summer and we're in the desert, but I-I feel like it's unseasonably warm out here. I feel warm. Do you feel warm? Why do we always see cow skulls in the desert? And why do you only see the skull? Did the body die somewhere else? It-It makes no sense. (Perry walks away) Oh, I'm sorry, am I talking too much for you? Fine. I'll be quiet. I can shut up. I don't have to talk all the time. It's not like I have to fill the space.... If you want silence, I'll give you silence! You watch!... And it's gonna be deafening! Mark my words!"
Doofenshmirtz,"…When I really make all my money back, I-I-I could buy a bunch of east-facing real estate, and sell it again with a- (Agent P sends a screw at him, which he ducks for.) Ha! You missed! (The screw flies to the roof and hits a line, which throws it back at his foot.) Oowwww! Ow, ow, ow, owwww! (He jumps around and accidentally releases Agent P, who quickly punches him. The two have a swordfight with wrenches, then Agent P hits his foot.) Owww! (He rolls a battery cart into Perry, who jumps over it, causing the cart to fall outside through a window. He then pulls a lever, opening the top of the building.) Now, you are too late! (the Magnetism Magnifier activates) Quake in your boots and watch helplessly, as the unimaginable electromagnetic forces pull the eastern seaboard, thereby reversing rotation of the- (The tinfoil releases from the buildings.) Well, that didn't work. (The tinfoil creates an enormous ball, gliding through the air.) And now, we have a two-ton ball of tinfoil traveling 200 miles an hour directly at us! (He and Perry run to the Magnifier) Quickly! We must separate the magnet from the Magnifier before it's too late!"
Doofenshmirtz,"An inator so nice, I had to name it twice. Rather than move or shell out extra cash, I can use this device to create a holographic field around myself, impersonate the pizza delivery boy, and pick up my own pizza. It'll still be warm, but then I said ""Heinz, Heinz, you're-you're thinking too small. Why not be the pizza boy's boss?"", but then I said ""Heinz, Heinz,"" and-and I said ""what? I'm right here. Stop saying my name!"" And then I said ""why be the pizza boy's boss when you can be the pizza franchise owner?"" Uh-oh."
Doofenshmirtz,"Okay, Doofy-boy, time to govern-innate! (Perry enters the room on his jetpack.) Right on time, Perry the Platypus! (reading a piece of paper) This concerns you. I have just made it illegal to thwart the Tri-Governor of the Tri-State Area, which, ipso facto, is me. (Gives Perry the paper.) Go ahead, read it. It's all perfectly legal. Looks like your thwarting days are over, Perry the Platypus. (sighs) Y'know, I-I-I really miss our good old thwarting days already. I-In fact, your presence here is making me far too sad and nostalgic. So maybe you better go. (Perry leaves dragging his jetpack across the rug.) Just leave the way you came in. I'll bill ya for the carpet."
Doofenshmirtz,"Oh, poor little regular platypus. Did mean old Perry the Platypus stick you in there? (releases Perry from the trap, who then punches him in the face) Hey, why did you do… (Agent P puts on his fedora) Perry the Platypus! (runs toward the pile of food; grabs a bag from the pile) I don't know how you escaped or what you did with the other platypus but here, these two-day-old bagels are harder than Bessemer steel! Have a nosh! (He tosses three bagels from the bag. Perry avoids the first one, the second hits the wall, destroying part of it, but the third hits a passing by pelican.) And how about some potato salad! Take this marble rye! And here's some braunschweiger! And some pickled herring! And, ooh, a red onion! (Camera pans to Perry, who's holding a sandwich that has the food stuff he threw at him.) A Gunter Flagendorf? But how do you know that sandwich? He only made one movie and that was back in Gimmel… (gets hit in the face with the sandwich; screams)"
Doofenshmirtz,"Ugh! Anyway, once I recovered from the shock, I did what I always do: solve a simple problem by inventing a complicated and menacing machine. All I have to do is blast Beverly with this and bzzt! she'll be like, ""Oh, I guess you can have it, 'cause it's not not winter"" and, suddenly, I'm drinkin' Minty Wink Eggnog, baby! Perhaps then, I can make myself not not ruler of the Tri-State Area! Huh? Huh? You didn't see that coming, did you? (Perry chatters) Oh, don't be cranky, Perry the Platypus, you can have a Minty Wink Eggnog, too."
Doofenshmirtz,"So what am I gonna do with the Least-Likely-inator, you ask? Make my daughter obey me? Make my father love me? No, and double no! ...Well, maybe later. But first, I'm gonna aim this bad boy at City Hall and zap my brother the mayor. And he'll make a fool of himself in front of the legislature, which is the least likely thing he'd ever do. And the city will be forced to give the Tri-State Area to me, his next of kin! And don't tell me democracy doesn't work like that, Perry the Platypus. (covers his ears) I don't wanna hear it."
Doofenshmirtz,"(Looking at his watch) This backup of yours is taking forever. (Points to the left while Perry gets up and stretches) I have a travel chess set in my bag over there. (Perry walks in the opposite direction) Do you play chess? (Still pointing to the left) Over there, actually. (Perry opens the bag to the right, only get trapped by a magnet belt) Ha ha ha ha! I tricked you, Perry the Platypus! (Takes a hairpin from his hair then uses it to pick the lock on the handcuff) Do you like my Any-Flat-Surface-Magnet-Belt? It sticks to any flat surface. Hee hee hee hee. Guess what? There's no travel chess set in this bag, either. (gets trapped by the other magnet belt) There was one of these in both bags, so whichever one you chose, you would be stuck. Just like I'm... stuck... right now. What, uh... wh-what time is that backup getting here again?"
Doofenshmirtz,"Behold, my Kind-of-a-Big-Deal-inator! You see, my ex-wife always says, ""Heinz, the world doesn't revolve around you,"" which I-I got to thinking, what if it did? So I created this gravity vest. These planets just coalesced from, I don't know, pencil shavings and dust and skin flakes, whatever was lying around, which, at first, was sort of cool, but, now it's becoming a bit of a problem, Perry the Platypus. Look, I quickly realized that being the center of the universe isn't really all it's cracked up to be."
Doofenshmirtz,"(carrying a vacuum cleaner) Okay, time to fill the void in the power vacuum. 'Cause you see, it's a-it's a real vacuum cleaner. (Perry gives a look) No? Wow, e-either I'm off my game or you're just being stubborn. (Doofenshmirtz activates the vacuum and all the bees get sucked inside) Ha ha! Sucks to bee you! We're back in business! Now, lemme just shut this baby—Oops! I almost hit the self-destruct button here! What? I-I install one on everything. It's my thing. I-I put one on my coffee machine, on my TV, (cut to a shot of Doofenshmirtz's toilet with a self-destruct button on it) I have one everywhere. (cut back to Doofenshmirtz) Look, I even put one on my underwear. See? Look. (he activates his underwear's self-destruct button) Oof! Alright, that, uh...that was not pleasant."
Doofenshmirtz,"Y'know, come to think of it, it really should be called ""the All You Can Stand"", because Drusselsteinian food is terrible! That's the beauty of it. Nobody will be able to finish even one plate's worth! My profit margin will be HUGE! But, first, I've got to eliminate the competition, with this, (Takes out an inator) the Eat-It-All-Inator! You see, it gives people a huge appetite so everyone will eat so much that all of these All You Can Eat places will go out of business! Then my restaurant will be packed! (Maniacal laughter) Maniacal laughter!"
Doofenshmirtz,"That's what I'm talkin' about! Yeah! (Agent P drops in) P-Perry the Platypus, what are you doin' here? Y-You're not supposed to be here 'til step 3. (to audience) You'll have to excuse me while I confer with my visual aid. (to Perry) I'm on stage, so I'm going to have to forego the long backstory. Suffice it to say, there was a judge's ruling involved, okay? Anyway, just take a seat in the back and I'll cue you when you're on. (Perry exits) Perry the Platypus, ladies and gentlemen! You'll be seeing more of him later during the nemesis portion of the seminar."
Doofenshmirtz,"Okay, I'm back. Eh, who had the double espresso? (Harry takes it.) There you go. And a caramel macchiato. (Maggie takes it.) Maggie. And I guess that means that Perry the Platypus had the... Yes, the oolong tea, of course. And I got a scone, but it was like, five dollars. So I only got one. Oh, you got little figurines. There's Harry, and Maggie, and eh, where's my little guy? (Perry picks up a rock and paints a crudely-drawn Doof onto it.) Ah, that's sorta nice, it's... (Perry places Doof by the model of the coffee shop to make a point.) Oh, wh-wh-while you guys do that, I'll just be back...over... Alright, well, I guess I'll just be over... over here if you need me."
Doofenshmirtz,"Aw, looks like you might need my help after all! Lucky for you I brought a rope, with a dreamcatcher on the end! That's what you call style! Anyway, alright, here, catch. (throws the dreamcatcher at Karen, but she pushes it off the edge) Uh, Karen, I don't think you're grasping this whole ""grab the rope"" concept. Can someone else get this one? (it gets tangled in the wrecking ball) Oh, great, now it's tangled in the... AAAAAHHHH!!! (The wrecking ball ends up in the capsule.) Wow! Did you guys see that? I almost got— Alright, minor setback. No problem. I'm just gonna have to come down there and get you myself. (Pushes a rubber raft through the door.) See, this is why I brought the raft."
Doofenshmirtz,"Hmm, I wonder who that could be. (opens the door and gasps) Perry the Platypus? Well, come on in. Wipe your feet if you don't mind. I just mopped the floor. (Perry steps onto the welcome mat, which traps him.) Ha ha! Gotcha! That's what you get for having manners! Hee hee hee! Now, I bet you're wondering why my building has been turning 90 degrees every now and then. Well, that's because I was just testing out my 90-Degree-Turn-inator!! Eh, you like it? Y'know, it turns things. But only 90 degrees at a time. You see, back in Drusselste—y'know what? Just watch this documentary."
Doofenshmirtz,"Ah, Perry the Platypus. (Perry gets tied up by a pair of electronic hands tying a shoelace around him.) How do you like my new Shoelace-inator? It's the perfect match for my new Carbon-Footprint-inator! (Cut to what looks like a giant black foot. The camera also focuses on a disgusted/scared Perry.) I made it entirely out of carbon paper I kept from the 1970s. I always thought it was going to come back. Tsk. Shame. Anyway, people are always talking 'bout reducing their carbon footprint. I don't really know what that means, but it sounds evil. ""Carbon footprint."" So, my plan is to leave giant carbon footprints all over the Tri-State Area! (Cut to Perry attempting to bite off his trap.) Don't bother, it's double-knotted."
Doofenshmirtz,"Oh, great! Now I'm in the middle of nowhere! Now I'll never be able to take over the Tri-State Area before- (Gasps) The play. (Perry starts to leave via his jetpack) Wait, wait, d-don't leave me here! Uh, Perry the Platypus, please! It's important to me! A-And if this works out, I might give up evil for acting! Won't you give me that chance, to succeed at something that might very well turn my life away from the evil path? Do it for the kids. Do it for the orphans.... that I might perform in front of someday if I ever do a show in an orphanage."
Doofenshmirtz,"And he was really specific, too. He made me memorize the serial number of that particular lawn gnome. (While he talks, Perry goes onto the computer and opens the Lawn Gnome Tracker app.) DAEHM23. If only there was some way to reunite him with, y'know, that specific lawn gnome, maybe he and I could start again. (Looks at the computer.) DAEHM23?! You found him with an online gnome tracker? Wow, there really is an app for everything now, isn't there? Well, let's see. It says it's still in Drusselstein! Now I can heal the old wounds between my father and me! (gets up and walks but is stuck to the chair) Oh, man that is one of my most brilliant ideas yet! (His pointy nose pops the huge bubble made from the gum.)"
Doofenshmirtz,"Aha! Consider yourself marked down! Handy little shopping device, isn't it? Anyway, you're gonna love this segue, Perry the Platypus! All of my broken inator parts were messing up the feng shui of my apartment. (Whip pan to a Chinese guy pushing a bonsai in a vase out of the way. Cut back to Doof.) Thanks, Larry! (To Perry) My feng shui consultant. To keep my chi in balance, I came up with this. Behold! The Back-to-the-Store-inator! Now instead of waiting in those ridiculously long lines at the return counter, I scan each item (he scans an item and it disappears) and presto! It's transported back to the store where I bought it!"
Doofenshmirtz,"Alright, Perry the Platypus, (leading his nemesis to the inator) let's start by placing you right here. There you go. And then, I'll set the timer here. Mustn't forget to open the roof; (cut to an exterior shot of D.E.I. as the roof opens) a little something we learned from the Diarrhea-inator debacle. Right, Perry the Platypus? And set the timer for ten minutes so I can get to the steps of the Tri-State Capital building in time to lead my alien army! Ha! Oh, and don't get any bright ideas about thwarting me while I'm gone, because this inator, it's got a few tricks up its sleeve."
Doofenshmirtz,"And that's just my kitchen. What's this? (Gasps) A Universal Delete Button? Thank you, Perry the Platypus. (Light trap appears) Sorry, but deleting the video from every computer in the world isn't good enough. I have to erase it from people's minds too. Behold! The Read My Mind-inator! You see, whatever I think of appears on this screen in front. See? See? If I just hook it up to your Universal Delete Button like this… Voilà! Whatever I think of, I can push this button and delete it from every mind in the Tri-State Area!"
Doofenshmirtz,"But you know what? He turned it into a special! He actually charged more for it! And that is why I created... (removes lab coat sleeves) ...the Dough-Blow-Inator! You wear it! (lab coat falls off) You see, this baby generates a powerful current of air which can hold pizza dough aloft indefinitely! Ha-ha! So now, I will challenge pizza boy to a pie-spinning duel at the Pizza Day Festival in Danville Park today. I'm gonna humiliate him in front of tens of people! And you are gonna have a front row seat. (puts hat on) Plus, you really complete the look."
Doofenshmirtz,"Perry the Platypus! Oh, I-I-I didn't want you to se me like this either. (to the monster) Back! Back! No biting! No biting! Down. (to Perry) All my leftovers were wilted and soggy. Down! So I invented the leftover-revive-inator. It's over there. See? Behold. Behold. Ow! But I think the setting was too high because my leftover potato salad wasn't just revived, it was literally alive and aggressive. Ooh, Perry the Platypus, you can help! Keep this thing busy while I install a reverse switch. Ow! The celery chunks hurt!"
Doofenshmirtz,"Good to see you, Perry the Platypus! But you'll be lucky to see anything after y—Oop! Oh! I almost used my final zinger before I even told you my evil plan! Just put it out of your mind. Bzzt! It's gone like...like you've been zapped by a mind zap-inator....zapperinator or something. Hmmm. Anyway, you may be wondering why you're in an ophthalmologist's chair. Well, it seems that I've come into a bit of good fortuuuuune! Some technology of mine is being used in eye examination equipment..."
Doofenshmirtz,"(approaching the drum set while looking at Perry) Ah, Perry the Platypus: snared in my trap. (Norm plays a rim shot on the drum set) Ha! Drum pun! (starts walking away from the drum set onto the balcony) I realized that all this time I was planning to become ruler of the Tri-State Area, never took into account the fact there is no actual position. I should have spent my time creating one. And, if I create it, no one will know about it. (hops up to sit on the rim of the balcony) I will run unoppo (falls off the balcony) whoooa! (catches himself with his hands and lifts his face back over the side) That was close. Then I'll easily win, and (lifts up his left hand into a fist) take over the Tri-State Area. With that in mind, (lets go with both hands) be- (holds them up in the air and starts falling) hooooooooo... (Perry is shocked, teeth clenched, eyes wide open. Then the elevator dings and Doofenshmirtz comes back in and approaches his Inator with his arms up again.) Behold: The Tri-Governor-inator! (a drum roll sounds, Perry rolls over Doofenshmirtz with the bass drum, and a cymbal crash sounds) Wow, an actual drum roll. (Perry hits the banister, one drum head and hoop falls off, and Perry leaps out.) Ay-ah! (the doorbell sounds as Perry leaps on Doofenshmirtz and starts fighting him)"
Doofenshmirtz,"Uhh. Oh, wow, Perry the Platypus, I just had the freakiest dream. You know those dreams that seem logical while you're having them but are total nonsense when you wake up? (Pushing the inators together) I-I think I was some kind of 1940s business beaver, oh, and, uh... Oh, I might as well get these three useless things out of my lab and push them out onto the balcony and... (Perry struggles to get out of the trap) Wait a minute! I've seen this before! In my dream! That's right! It's only really effective if I put them all together! (Perry gets out of the trap) Hey, hey, Perry the Platy— (Perry flings into him.)"
Doofenshmirtz,"But here in the new world, we embrace change! (beat) Apparently. And that's why I came up with the Resolution Changer-inator! Cleverly disguised as a bow tie! When I turn it on at the stroke of midnight, it will make everyone change their resolution from whatever it was, like, I don't know, ""I-I'm gonna lose weight,"" or, ""gain a limb,"" or whatever, to, ""I'm going to make Heinz Doofenshmirtz my leader and obey his every command."" That will be their new resolution. (puts the Resolution Changer-inator on) All right, Norm, how do I look?"
Doofenshmirtz,"Ah, Perry the Platypus, (hula hooping) as you can see I've been struck by hooping fever. Go ahead, try it. (Perry starts hooping) Like this, yeah. Now do this, with your arms down. (Perry does so and the hoop traps him.) Oh, finally! My hips were about to fall off. Behold, the Alien-inator! It's a projector that will transmit holographic images of space aliens onto the steps of the Tri-State Capital. Then, when everyone is scared witless, I will emerge in my king of the aliens costume and seize control of the entire Tri-State Area. Hee hee! I'm gonna go put it on."
Doofenshmirtz,"Ah, Perry the Platypus. I've been expecting you. Sit anywhere, Perry the Platypus, make yourself at home. (laughs maniacally; puts helmet on Perry) So, what do you think of my De-Volitionator? Not to be confused with my De-Evolutionator from a few schemes ago. You see, volition is our ability to choose what we are going to do. Whereas evolution... eh, that's got something to do with monkeys, I think. But this allows me to take over your volition and control what you do. Like this, watch. (Electricity fizzing) How do you feel, Perry the Platypus?"
Doofenshmirtz,"How do you like that, Perry the Platypus? Love Händel, in my flashback! I know people. (Perry just gives him a flat look.) This year, it's going to be different! W-W-Wait right here, I'll show you! (He exits offscreen. We hear a mechanical noise, and he comes back with an electronic leg.) Behold, the Kickinator 5000! Could you help me practice, please, please? Just take the ball and go over there and then just roll it to me. Go ahead. Any time. I'm ready. (The ball rolls to Doof, but nothing happens.) Well, you—you threw it too early! (Gets the ball back) Couldn't you tell I wasn't ready? (He throws the ball back and Perry catches it) Come on, try again. O-Okay, do it right this time. (The Kickinator 5000 suddenly kicks Doof's chin and he lands on his bottom. The ball rolls off.) It's, uh, you know, it's a process."
Doofenshmirtz,"(Sees Perry in his fedora) Perry the Platypus! Oh, this is perfect, I want you to meet my new friend, Steven the platypus! You guys-(Looks around for ""Steven"" ) Huh? He's gone! I- I didn't even get a chance to say goodbye... (Perry takes off his fedora and tugs on Dr. Doof's lab coat to get his attention, Doofenshmirtz turns and notices ""Steven"") (Gasps) Steven! We were just talking about you! Hey, I'd like you to meet Pe- (notices ""Perry"" is no longer around) Now where did he go? Oh, I really wanted you to meet him. Hey, maybe you know him! It's...not that I think platypuses all know each other or anything, (Perry shoots a look at the audience briefly before pulling Dr Doof offscreen. Doofenshmirtz keeps talking) It's just that I thought that maybe you might, you know, run in the same crowd or something."
Doofenshmirtz,"It can't miss! Anywho, I'm going to enter it in the Danville Film Festival today. There's...Th-There's only one small hitch, turns out it's Danville's Young Filmmakers Festival. You have to be less than fifteen years old, but no matter. Because, behold, my De-Age-inator. With this I'll turn myself into a fourteen-year-old boy, submit my film to the festival, and sit back as the people of Danville are convinced that I must be installed as the leader of the entire Tri-State Area!"
Doofenshmirtz,"Hey! I was talking! (Doofenshmirtz begins to sword battle with Perry, with a moose antler, and a marlin) Take that, and that! Hey let's see if you can take a couple of hits, from the 70's! (Begins to throw record at Perry, who avoids them, and hides behind a painting) Ahh, that takes me back... Hey where'd you go? Yow! Wh-Wh- Is that a shark's head? Are you trying to make me cry? Wait-wait-wait hold on one second here, just a second. It occurs to me that all this machine does is open and close a lobster cage so, you know it's not even evil, much less illegal. Besides, I've run out of clever fighting puns so... Curse you Perry the Platypus."
Doofenshmirtz,"Waah! Oof! Perry the Platypus! You scared the dunkelschtup out of me! Don't you know it's rude to bust in on someone's new home unannounced and... (Gasps) A housewarming gift? Oh, how thoughtful! How thoughtful. Thank you. Look, Perry the Platypus, as much as I hate to admit it, I'm not really up to anything terribly nasty today. So, you're welcome to chill out here for the day. It's nice, huh? Huh? What do you think? If you need, I'll even sign something that says I was up to no good."
Doofenshmirtz,"You see, Perry the Platypus? Your efforts to stop me have been fruitless. Heh fruitless. Y-you like that? Yeah, that's a good one! Fruitless? Next time you'll ""leaf"" me alone! Heh heh heh. Yes, Perry the Platypus, I sure can be a ""fungi"". Get it? Fungi? Plural of fungus? Heheh... it's a... Heh...Yeah... Anyway, grow my green minions and get him! (He turns on a machine, and sprays the plants, making them thorny, carnivorous, and sentient) Hey, wait not me, not me... Hey, wait, don't- don't be fresh... I gotta shut this thing off... this has become a thorny situation I..."
Doofenshmirtz,"R-I-D-E, colon. (The text ""PASSWORD: _______________"" appears) Password? Oh, good! I'm r-really good at passwords! Okay, let's see...Uh, how about, uh, ""Reindeer flotilla"", ah, and send. (The gate raises.) Ha ha! Yes! Now, I'll just take this deed outside and I'll be the ruler of the— (Perry drops down) Perry the Platypus?! (Pinky walks up to him) And your little dog, too?! You're both persistent, I'll give ya that, but the security system is offline and there's nothing you or your little dog friend can do about it! Y'know, unless, one of you happens to be really good with computers."
Doofenshmirtz,"So with my weakness for high-carb sweets, there's really no other choice but to get rid of the bridge to the Fireside cupcake factory. And my Metal-Destructinator can turn any metal object into broccoli. I know what you're thinking, why broccoli? But, w-well, y'know, it's healthy. It's like the opposite of what I'm trying to get— It's—It's poetic justice. It's—Well, it's not—not justice, exactly... Poetic evil. It's poetically evil. Now, to make some last-minute adjustments… (hums; Perry begins to unscrew his trap.)"
Doofenshmirtz,"So, to recap, I rotate the dark side of the lunar surface towards the Earth, eliminating the full moon, and corner the market on evil! What? It's genius. Why are you looking at me like I'm an idiot? Would an idiot build...THIS? (Presses a remote control button. A curtain goes up, revealing a cork with a jellybean taped to it) Oh wait wait, not that, that's just a cork with a jellybean taped to it...but don't judge it, it's a layered idea. Now behold, the Lunar Rotat-inator! (Pans to outside Doof Inc. Penthouse ceiling rolls back to reveal nothing) Oh wait, wait, it's not up there yet, hold on. wait, almost there. (The inator rises into view) Okay, there! Now you can behold!"
Doofenshmirtz,"Behold, the vaporizer-inator! I know it's a chicken balloon, but it was on clearance, and it has nothing to do with the scheme. (stammers) Unless... Unless you wanna vaporize chickens for some reason, (pulls Perry onto the balloon) which I am not opposed to. Anyway, the vaporizer-inator, you point, you click, whatever annoys you is gone, vaporized. Because, as you well know, a lot of things annoy me, Perry the Platypus. I'll show you. Cell towers that look like trees? Vaporized! Mannequins with no hands? Vaporized!"
Doofenshmirtz,"(narrating over the clip) For a time, I was happy. It was a short time, it was... riiight... there. It was like five seconds when I was pushing the thing back and forth on the rug. And soon I learned my parents were expecting a brand new baby girl. My mother spent months knitting pretty dresses. U-Unfortunately, the baby turned out to be a boy, and because we were out of material, I was forced to wear those same dresses for an entire year! Drawing mockery and scorn from all of my manly classmates."
Doofenshmirtz,"Oh, don't be a baby. You've got plenty. At least for the next ten years. Let's see genetics at work, shall we? (He puts the hair in a Petri dish, and puts the dish under a microscope.) Now, all of the information that makes this young man who and what he is is stored in these DNA strands in every cell of his body. The-The genetic code is very delicate. See, now, if we move this base pair over to here, he would have been a gorilla, or you know, maybe a lizard. Y'see, there's this whole world of things going on, too small for us to even notice."
Doofenshmirtz,"Y'know, maybe I should've thought before blurring my own vision. It was very short sighted of me. Hey-Hey, can you make that ""digga-digga-digga-digga-digga"" sound for me? (Perry kicks him in the jaw) That was a lucky kick, Perry t— (Perry kicks him again, Doofenshmirtz makes angry noises) Wait, I just need to blast myself again and I'll clear my vision and get the jump on him. (On the contrary, Perry jumps him first) Hey, hey, you jumped on me! You used my own turn of phrasing against me! Wow, irony! (He walks off camera and we hear a crash. Cut to a shot of Doofenshmirtz standing next to a scattered pile of buckets) Really? A stack of buckets? That'll teach me to randomly stack buckets in the center of my lab."
Doofenshmirtz,"(voiceover) PYRAMIDS OF EGYPT! I traveled there to, you know, discover the hidden secrets of the PYRAMIDS OF EGYPT! And then it hit me! The answer to my quest was staring me in the face. Hidden in those hieroglyphics was a seemingly random series of musical notes. You see, the PYRAMIDS OF EGYPT! were built with the help of alien intelligence. The Egyptians learned how to play a cryptic guitar solo that would summon an alien armada to help them perform feats of mind-blowing power."
Doofenshmirtz,"Gentlemen, I have a unique investment opportunity for you. I'm sure you're all aware of the popularity of monster trucks, right But you know, they are not really monsters, just big, stupid trucks! So, I came up with my own line of monster trucks! Behold! (Electric Guitar) Very evil, don't you think? And there's even one that looks like me! Look, look! (Laughs) We'll corner the markets! And just to be sure, I have created: The Monster Truck Away-inator! (Dramatic music) You know, to do away with the competition."
Doofenshmirtz,"Perry the Platypus, what are you do- (Perry looks behind a curtain) Okay, playtime's over! Norm? (Norm flips a lever, lifting the curtain to reveal a glass dome with a bubbling liquid inside and electrodes on top; a metal claw comes down and lifts Perry off the ground) Behold, the Backstory-inator! You see, evil is born from pain and loss, but reliving one story at a time was not getting me anywhere! Now with this, I can collect the liquid essence of all my pain and suffering! And when it's all full, I can re-inject it into myself, making me the most powerfully evil person that has ever lived. Then nothing can stop me from taking over the entire Tri-State Are-aaugh!! (screams as an ocelot attacks him)"
Doofenshmirtz,"(voiceover) It was called Night of the Felis. I knew right away that the old masters were onto something. Imagine taking something cute, and enlarging it to frightening proportions. Brilliant! But in order to take over the Tri-State Area, I had to start with some other type of small animals, preferably, something that could fly. And I vowed to get right to work...as soon as the movie was over. The first thing I needed to do was create an inator that would make things larger."
Doofenshmirtz,"Okay, fair enough. (is pulled away by Perry) Whooa!! (scene changes to show Perry pulling Doofenshmirtz as they run through the garden, Doof talks but Perry ignores) Wow! You know, I really shouldn't have ignored the ninety-seven percent of customer feedback that says he tends to go rogue. So, I g- I guess we should introduce ourselves. My name is Dr. Heinz Doofenshmirtz and you being a platypus, you can't talk to tell me your. . . y-you know, I'm just gonna call you Steven, is that alright? You look like a Steven to me. (stops and sniffs the air, looks off to his right and sees a rasher of bacon hanging in midair) Bacon! What luck! I have really worked up an appetite with all this eluding. (moves toward the bacon, but Perry narrows his eyes at it,hooks his foot around the leg of a nearby park bench and kicks causing it to fall onto the area below the bacon, a trap snaps shut around it. Liam, some distance away, looks up at the recently activated trap)"
Doofenshmirtz,"Ha-ha! Oh-ho, Perry the Platypus. (crash) I can't believe you fell for that old fake window trick. Ha-ha-ha. Whoo! (crash) Wait a second, how did you...? (gasps) Oh, I can't believe I fell for the old fake Perry the Platypus bit. That was pretty good, Perry the Platypus. I gotta give you props on that one. I know, I know. You're wondering about the hat, right? It's part of my new magic kit. Ever since the seventh grade, I have wanted to be a magician. But it was a pretty tough road."
Doofenshmirtz,"Yes, yes, it was just a dream. I... I'll explain. Have you ever noticed that everyone always wants to tell you their dreams, and... and they're so boring? They just go on and on and on and on. And... And there's no character development. There's nothing that's hooking me into the story. I'd rather just wait for the movie. And to that end, behold, my Dream-Project-inator! Y-You'll never guess what it does. It projects people's drea— I-I guess it's in the name."
Doofenshmirtz,"See? It duplicates everything eight times. When I zap those streets there will be eight times the traffic, and Danville will come to a standstill! That's where I will make out like a bandit. See I bought this tow-truck off the internet, I'm going to call it the ""Tow-inator"" or something. And open a service, and then I'll go and… 'Course it'll be hard for me to drive anywhere, with all that traffic. But you know- T-that's a bridge I'll cross when I get there."
Doofenshmirtz,"Yeah, no, we already had the trial. The judge gave me a choice of doing hard time or community service. So, here I am, ready to impart upon these young, sponge-like minds all my vast knowledge of evil sci—I-I mean science. That's right. Regular old science. No evil at all. In fact, I've crossed out the word ""Evil"" whenever it appears in my old textbooks. So, this should be a piece of cake. (to Vanessa) Hi, sweetie-kins! (Vanessa slams her head on her desk.) Thank you, Principal Lang. I can take it from here."
Doofenshmirtz,"Oh, why do I do this to myself? I'm not even thinking about hot dogs and I just walked by this place and it's like I lose all control. (takes a bite) Ich! But by the third bite, you're committed. Wait, is that—Is that Perry the Platypus? Well, he is an animal. Maybe he's got worms or something. He should watch what he eats. Hmmm. What is he doing? Look at him over there, protagonizing. Now I have to go over there and antagonize! Eugh! Oh, one more bite. (He stuffs the entire dog into his mouth.) Oh, I hate myself."
Doofenshmirtz,"That was me! Th-Th-That was me! I drained the power from those superheroes! Winning! Ooh, ooh, I-I should update my evil blog on the L.O.V.E.M.U.F.F.I.N. site! (sits down at the computer and types) OMG!! I drained all the powers from a group of superheroes all the way in New York, and those powers belong to me now! Happy Emoticon (Typed out as >:D >:D >:D) And send! Norm, let's get the powers out of the canister so I can start wielding them! I-I can't wait to fly and run fast and carry a big hammer around for no reason!"
Doofenshmirtz,"(chuckles) Yes, yes! Just look at my bounty of gnome riches! Oh, this is a strange one. (The lawn gnome punches Doof in the face) Wait, who are you? (Perry takes off his fake beard and gnome hat) ... A platypus? ... (Perry puts on his fedora) PERRY THE PLATYPUS?! You are mine now! (Presses button, the garage door opens) Oh no, wait, wait, wait. That was the garage door opener. You are mine now! (Presses button, large monitor activates) And that was the TV remote. I've got to start labeling these things. Aha! You are mine now! (Presses button, the cage falls on top of Perry, laughs maniacally) Finally, I will rid myself of you! (brings out another control) But first, turn your attention to the giant screen and… (the garage door closes) Hmm, maybe I need to turn the cable on first?"
Doofenshmirtz,"I just realized something about myself; apparently I run faster than a panda bear, but not quite as fast as a platypus. Eh, who knew? You really do learn things about yourself in times of crisis. Wait, wait, turn left up here. That door must be the way out. (They reach a door, which opens to reveal Balloony in an armored suit. Baloony is holding energy axes) Balloony, it's you! Oh boy am I glad to see you. (The robots stop chasing them) Uh chill guys, Balloony and I go way back. So Balloony it's a good thin- (Balloony swings one of his energy axes at Doofenshmirtz) Well it's been nice catching up, but uh- RUN! (Doofenshmirtz and the agents run away) I think I misjudged his devotion!"
Doofenshmirtz,"Ah, Perry the Platypus, you are too late. W-Wait, is it eleven o'clock yet? Wait. (Pauses for a beat) Now! Now you are too late. So Perry the Platypus, tremble in fear before the most twisted, nightmarish creation the world has ever known! The Ball gown-inator. (Doofenshmirtz grabs the Ball gown-inator, and fires it at Perry, leaving him in a ball gown. Perry tries to jump at Doofenshmirtz, but falls due to his ball gown. A pair of mechanical arms pick of Perry so that he is at Doofenshmirtz's level) You see? It's hard to fight when you're in a ball gown. It's portable too. Ooh, you look so elegant, like you're going to a cotillion. It's a word, it means dance. So, why would I create such a device as this? Hm? Hm?"
Doofenshmirtz,"Oh that's ridiculous, Rodney. (Stammers) What you'd have me believe is that daughters (Vanessa walks in) are useless, and if only I had a son instead of a daughter, I'd be much more successful, and my life would be so much better. (Notices Vanessa, who walks off) Wait—No, Vanessa— (Gets up) No, wait—Wait! How long have you been standing there—Vanessa? (Vanessa walks into a room) Vanessa, honey! Oh I can't believe that she would think that I— (Walks back to the desk) I mean, sure it would be nice to have a son in addition. (Sits down) You know, someone to have a nice game of catch with, but—"
Doofenshmirtz,"(a door bell chimes; walks over, clad in only a towel) Hold on, I'm coming! (He opens the door and a gift basket is sitting in outside in the hallway.) Another gift basket? (He takes a card off of it and reads) ""**We regret to inform you that due to The Regurgitator's recent evil behavior, you have been downgraded to a minor threat. If you believe this to be a mistake, please fill out the included appeal.**"" A minor threat?! Regurgitator. Ugh, well there's a lot of weirdos out there. (He goes to his computer and types on it) Oh, here we go. He has his own blog. (He reads) ""The World's Most Evil Villain""?! Who does this upstart think he is? It's time to show him who's boss! (He rushes off screen and the towel is laying on the floor, his head appears with a nervous smile as he quickly picks it up.)"
Doofenshmirtz,"Oh, wait, wait, ho-hold that thought, sweetie-peeps. A-as long as my Do-Over-Inator is on, this day could start all over again. I could lose it all. So, so, you know. (holds her hands) Go 'head and start packing your stuff. I'm just gonna run over and turn off my Inator. We're, we're movin' on up, Kiddo! (runs over to his Inator just as it is getting sucked into another blue portal as he grabs at it) Hey! Well, uh, I didn't see that coming, but it's gone, so I guess that's the end of the looping! And now, (flips to Doofenshmirtz on the balcony of the Tri-Governor's mansion with his left arm around an unimpressed and slightly annoyed Vanessa) everything's gonna be hunky-dory, 'cause I'm in charge, baby!"
Doofenshmirtz,"It's the box those flea collars came in. And there's his return address. ""The Bottom of the Grand Canyon."" Hey, hold on a second. Parenthesis! I know that guy! I met him at an evil convention about three years ago. Walks around in those pink slippers pushing his screenplay on everyone. Sure. (closeup on Doof) And now we got his home address! (Long shot to reveal Doof alone.) Perry the Platypus, we should go to your secret lair and get your hover car... (the rest are already ahead) Okay, fine, just... Just remember it was my idea!"
Doofenshmirtz,"Oh, man, how many different kinds of on-off switches can there be? I mean, look-look at this. An octagon? One shaped like the Statue of Liberty? That doesn't even make sense. Oh, and here's one. The exact same size and shape that I'm looking for except it's upside-down. I mean, the words are actually printed upside-down. What kind of a dummkopf would invent an upside-down... switch...that... (Pauses, sighs, and flips the switch so that it's right-side-up.) I did it! Time to find out what this bad boy can do! (He flips the switch) On."
Doofenshmirtz,"Aha, a gelatin monster. I knew there was going to be something fun. Get him! Now you can bow down before my cartilaginous creation. It's so corrupt and cantankerous and carnivorous and, uh... Uh, low in calories and ca– Ca– Cow– Couch. Hm. Ah, that's all I got. (Perry flings his hat at the sprinkler system, and sets it off, melting the gelatin monster, and shorting out and destroying the Turn-Everything-Evil-Inator ) My Turn-Everything-Evil-Inator! My monster! No! My beautiful, fruit flavored monster! You come back here, Perry the Platy- (He slips on the bar of soap, and the toothbrush lands in his mouth) Whoa! Oof! Mm. This isn't the toothbrush I use to brush my teeth."
Doofenshmirtz,"My new nemesis toy! Go run my bubble bath while I open it. I wonder which one it is. (opens it) Oh, not another platypus. I was hoping for something more like Manny the Mongoose or something. Hey, let's see if it lays eggs. (The ""platypus toy"" kicks him.) PERRY THE PLATYPUS?!?! Say hello to my little friend! (He pushes a button on his watch, and an inator rolls in.) My new Straitjacket-inator! Haha! it was tailor-made just for you by my other little friend. (Whip pan to reveal a small robot.) It may be small, but it's stronger and smarter than Norm and it's so much more efficient."
Doofenshmirtz,"Who's tap tap tapping? Is that that pesky raven again? (Perry kicks Doofenshmirtz backwards, to which he responds with sarcasm) Oh, big surprise! Perry the Platypus! And by ""surprise"", I mean completely... Uhhh... uhhh, I got nothin'. (He activates a remote, we hear something drop and Perry looks around) I was really expecting the raven. I'll be honest. And by the way, you're trapped in an invisible box! Yes, I know, I trapped you before in an invisible cage, but this is different! It's a box! It's all part of my evil plan to rid the world of annoying mimes! You see, recently, I was..."
Doofenshmirtz,"And when the chickens hatch, that's when the marshmallows kick in. Oh, oh boy, this one really taxed my brain. I-I'm telling you, I am pooped. Anyway, forget the details, the circles are touching so the plan can't miss. Now, I've got a pretzel problem, and I'm about to straighten it out. Hahaha, you see? 'Cause they're-they're pretzels, they're twisted, they're not straight. It's- You like that one Perry the Platypus? I've been saving it up. (Perry twists around in his trap, and using the mist that got stuck to his head, he rips off the sheet tying him down. He then launches himself at Doofenshmirtz, and causes the -inator the fire off a few shots, hitting a girl with curly hair, a yoga class, and a roller coaster)"
Doofenshmirtz,"Bingo! City Hall! The first step of my conquest of the Tri-State Area! No longer will I be made fun of by small children and their silly jokes that mock me! Like, ""Knock knock!"" ""Who's there?"" ""Doofus in a lab coat!"" ""Doofus in a lab coat who?"" And then they hold up a mirror. That-That's not even a punchline! It's this—Uh, nevermind. They will all soon learn to fear the name of Dr. Heinz Doofenshm— (The Doof zombies walk away.) Hey, come back here! You guys are my army!"
Doofenshmirtz,"Now that I'm old enough to buy my own, I'm disappointed by the shabby quality of the cheap model reproductions. Which is why I'm going to travel the globe and shrink the world's greatest architectural treasures. (breaks out of Doofenshmirtz Evil Incorporated) Just to put them in my train set, see? The Shrink-inator ray is for the shrinking, the cardboard box is for holding the shrunken treasures, and the bicarbonate of soda is for my motion sickness. First stop: Cairo, Egypt. (laughs) Wrong way."
Doofenshmirtz,"(Narrating) I came upon an online auction for a Super Multi-inator. I wasn't even sure what it did, but you know Zupermuhltienator was my grandmother's maiden name. It was a sign. I had to have it, but then something terrible happened. A pop-up ad kept me from hitting the ""Bid now"" button. It really hit me where I lived too. You see, I always hated advertising ever since the early '80s when I did a little product modeling to finance my first -Inator."
Doofenshmirtz,"(Voice over) When I was young, I entered a science fair with my very first Inator. I-- I wasn't very clever with names yet. It was just, you know, Inator. Just as I was about to demonstrate my invention to the judges, a kid with a baking soda volcano stole the show! The next year, I tried again with my even bigger Inator. And again, my thunder was stolen by a baking soda volcano! I had enough of science. I decided to devote my life to poetry instead."
Doofenshmirtz,"Am I getting warmer? Hmm? (Laughs) The sofa. My keys fell between the cushions, right? Uh, no. Oh, come on! I defeated you fair and square, Perry the Platypus! Why can't you accept your death with dignity and maturity and play ""You're getting hot or cold"" with me? Fine, be that way. I'll find my keys myself and teach you the meaning of grace under fire. (Disintevaporator beeps) Please! I'll do anything! Oh, for the love of Great Caesar's ghost, what would you have me do? (Perry smiles coyly; Doof is then seen balancing plates on poles while standing on a ball; he then falls off)"
Doofenshmirtz,"Hey, I think you're eh -- (sees his picture) Heh heh, see, this isn't me. This is just the superhumanly attractive male model that came with the frame. I mean, really, look at this guy, right? That's funny, he's wearing a lab coat just like me -- (Perry holds up a mirror, Doof gasps) Oh, this is horrible! I can't be handsome! It's -- it's everything I despise! Don't you understand? Beautiful people, they—they just get everything they want in the world. I mean, watch this. Hey, lady, nice baby."
Doofenshmirtz-2,"Oh, no, you don't! Ha ha! Now the baseball is on the other foot! Or however that saying goes. I'm not-not really sure... (sees Phineas backing up) Hey, hey! Where are you going? (he aims at Phineas, and backs him into a wall) You know, all that's going to happen from you guys coming up here is that I'm going to have a brand new Platyborg! Hehehe! And maybe even a Boyborg too, huh? Try saying that five times fast: boyborg, boyborg, boyborg, boyborg, boyborg, boyborg... eh, I guess its not that hard. Never mind."
Doofenshmirtz,"Don't close that door! (The door slams. The camera zooms out and he walks on-screen holding a candle) Oh, that's just great! The storms made my security system go all cuckoo, and you just locked us in. (Sighs) Well, you might as well make yourself comfy, 'cause we're stuck in here till the power comes back on. (Thunder crashes as the scene switches to Doofenshmirtz and Perry sitting in chairs) Ooh, quite a storm, huh? Reminds me of a story Papa Doofenshmirtz used to tell me to scare me into wetting the bed. (Laughs) That prankster! (Camera zooms into him) It began a long time ago with my great-great grandfather, Dr. Jekyll Doofenshmirtz!"
Doofenshmirtz,"Phew! This whole evenly matched thing is exhausting. How about we take a short break? Do you ever get tired of lugging this big tail around? I mean, sure, it's great for fighting, but it's kinda weird for sitting and stuff. I just figure I'd ask you 'cause you know, you would know. Uh, sugar or agave syrup? (Perry points to agave syrup) Here. I don't know if this is fur or really tiny feathers. I can't tell. It's so warm, but it breathes. Well, back at it, I guess. (Both resume fighting)"
Doofenshmirtz,"So, Perry the Platypus, I hope you didn't come here because of all the holes, because the Metal-Unearth-inator is not even my final plan. May I present to you my real plan? It's the All-Purpose-inator! You've heard of a man's man? Well, this is an inator's inator. (His hand is seen on the control panel) It does everything! (Takes his hand off the control panel) Of course, once I activate it, it will make all my other inators obsolete, but, uh... I guess that's progress. Unfortunately, I ran into a little snag..."
Doofenshmirtz,"(sighs) It takes a long time to clean out a chicken coop with a spoon. And I still don't see how that was rude. I mean, th-that thing was gargantuan. If anything, I was showing restraint. Anyway, today, it is International Good Manners Day, and we've got a visiting dignitary. She's the ambassador from England! Only the most etiquetty country in the whole world, hello! And when Roger's introducing her, I'm going to zap him with my Rude-inator!"
Doofenshmirtz,"(voice over) I was young and in love with a beautiful girl. She taught me how to see the beauty of life, and I taught her how to hold a petty grudge. She was very interested in whales, for some reason. In retrospect, it was probably more of an unhealthy obsession, but to win her heart, I created the Whale-Translator-inator! I rented the best oceanographic vessel that I could afford, and we headed out. But when I turned the Translator-inator on..."
Doofenshmirtz,"This is nice, huh? You know, I was thinking the other day about how much better you would be as an ally. So I created this. I call it my Turn-Everything-Evil-inator. Now, you just sit still. Okay, great. You know, after I turn you evil, we can use it to create a whole army of evil minions. Won't that be fun? Hold still. Hey. Stop it! Wait! (He fires his -inator at Perry, while Perry dodges the rays) I'm beginning to think you don't want to be allies at all. I'm not trying to make it personal!"
Doofenshmirtz,"We should study up, Perry the Platypus. It's like they say, ""Know thy enemy."" I don't know who says that. (looks through book) Bu-but look, mantises have long necks, triangular heads, and bulging eyes. Ooh, kinda like me! (snaps fingers) Mantis fact! Did you know that mantises are the only insects who can see in 3D? (snaps fingers) Mantis fact! Look, my inator! (picks it off the floor) Ugh, the battery's dead. Ooh, Perry the Platypus, you've got to try my homegrown rhubarb. Here, I'll break you off a piece."
Doofenshmirtz,"I am not kidding, leave those alone. I-I just don't understand it, why would you take my lunch, when you're in the dining car and you can have your own lunch. Oh it makes me crazy when people pick at my food. (Lyla winks at Perry, and Perry understands) Seriously, why is your hand out like that? You-I'm seriously going to lose it. I'm-I'm- (Perry takes a fry) Aw, now you're both doing it!? Stop it! Stop it! Oh no, not even taking now but squishing! I can't take it! Wha- (Doofenshmirtz stands up and screams loudly) **Get your own lunch!**"
Doofenshmirtz,"Enjoy your little welcome-to-Danville luncheon, ladies. (Point of view shot from Doof.) For soon, Grulinda, you shall taste the wrath of my--(Perry suddenly appears in front of binoculars) Perry the Platypus?! (Cut to Doof and Perry.) Oh, before I forget, I got you a little lair-warming gift. (Doof gives him a ring box. Perry opens it, and a yellow rope is tied tightly around him.) Ha ha! You fell for the old spring-loaded-cable-trap-hidden-in-a-ring-box trick. What? Th-Th-that's a thing. Obviously. I bet you're wondering why I'm spying on a garden party. (Cut to Doof.) OK, maybe you're not wondering, but I'm going to tell you anyway. (Flashback.)"
Doofenshmirtz,"Hello? Oh, Perry the Platypus. What do you want? Oh, a gift for me? (Unhooks chain lock) Oh, how sweet of you! Oh, what's this note attached? ""Congratulations, Dr. Heinz Doofenshmirtz, on defecting to the good side""? Oh no, not you, too! The-The TV's been repeating that news footage all day! First of all, I'm not going to the good side. Second, I'm going to keep this basket. There's a lot of goodies here. Third, let me tell you what really happened."
Doofenshmirtz,"Ha! Close, but no... Cigar! See, Perry the Platypus, my new jet rocket skiff has more hidden traps than... (Snaps fingers) Um, uh—What's something with a lot of hidden traps? Huh, wow, I felt so confident going into that sentence. Man, okay. Anyway, you might be wondering why I got such an early start on my evil scheme today. You see, my dating life has been a seemingly endless series of disappointments. And it all started at a drive-in movie."
Doofenshmirtz,"(a little hoarsely) Everything is going— (clears throat) Everything is going according to my plan! Soon, Danville will know what it is to be trodden upon by true genius! (Perry attempts to get out of his trap) I think I'll start with a pond or some bushes or something. You know, to-to beef up the whole anti-environmental theme I've been dancing around. (Perry finally comes loose from his trap.) Wait, where was that from? (Perry punches Doofenshmirtz.) How did you get out of that double knot? (Perry flings himself at Doofenshmirtz, but Doofenshmirtz pulls a lever opening a window, and Perry jumps out.) Hey, you like the window? I just had it installed! Sayonara, Perry the Platypus! (Agent P's parachute pops out.)"
Doofenshmirtz,"Okay, technically, it's my fault. But if you weren't sitting around in a cold alley whining to rats and feeling sorry for yourself, this whole situation wouldn't have gotten so out of control! Before, I was a regular evil scientist, and now, suddenly, I'm part of this big organization of supervillains bent on world domination! I'm not comfortable with that! The point is you should've been there to stop me! And you weren't! (He puts two pennies into Monogram's tin cup and walks away.)"
Doofenshmirtz,"So, Perry the Platypus, in order to rid myself of that horrid, bearded statue, I've invented the... (He pushes Perry's cage but soon stops) Ugh. Perry the Platypus, this is so heavy. Can you just step out for a sec? I've invented the Bread-inator! Not only will this machine emit a ray that will turn Mr. President into whole-grain bread, it will also release a flock of hungry magpies that will devour the doughy statue! Beard go bye-bye! (He laughs maniacally) Ow, ow. Aw, my evil head."
Doofenshmirtz,"Ah, Perry the Platypus. I'm glad you're here. Actually, I was just getting ready to serve some **platypus under glass!** You're just in time to witness my latest invention... my Deflate-inator Ray! Which I will demonstrate by deflating all the tires of the Jefferson County Motor Speedway! After which, I will deflate everything in the Tri-State Area! That way, if anyone want's anything flated, they will have to talk to me."
Doofenshmirtz,"Whoa...check it out, Perry the Platypus, I...I'm totally beating you inadvertently. (Pushes button, -inator starts to spin) And when I say inadvertently, I... I mean completely vertently...ha ha...you know, fighting you makes me feel a little better. It's a... it's a good feeling. (Climbs onto spinning -inator) Like a comfy old sweater or something...like an old friend. Yes... (-inator fires) like a comfy old big woolen friend named Joy C. Terrific from the hinterlands... I'm literally just blathering now."
Doofenshmirtz,"(rolling up to Perry while in a hamster ball) Ah-hu, hah! I can see by the confused and somewhat annoyed look on your face that your little mammal brain is working overtime trying to figure out how I anticipated your every move, not to mention the purpose of this... hamster ball. Well, it's simple! See, this protects me from when you eventually escape from that! (notices Perry has escaped) Like, like that, but you can't punch, kick, or otherwise bruise me, because I'm safe inside of (Perry punches the ball and Doofenshmirtz starts rolling around the room) thii-oooo"
Doofenshmirtz,"Ha ha, everything is ready! (doorbell rings) Oh, what is it now? (opens the door and saw the disguised Perry) Oh, are you my new temp? Well, let me just get you up to speed. I know it's bit of a mess. I'm just putting the finishing touches on my latest maniacal plan. You see, in a few minutes, I will unleash an unprecedented reign of terror upon the entire... (holds a magnifying glass on the eastern coast of the U.S.) ...Tri-State Area! And Perry the Platypus will never be the wiser. (Agent P removes the Groucho glasses) Perry the Platypus? You're a temp? Are times that hard?"
Doofenshmirtz,"I know what you're thinking, ""But Doof, you have a terrible singing voice!"" Well, feast your eyes on this little baby! (unveils a cowboy hat) Ta-da! I call it the Yodelinator! Pretty cool, huh? Oh-Oh, right. You just think it's a big cowboy hat. It is so much more! (presses a button on the hat) See? Huh? See? It's designed to make my singing voice sweet and mellifluous. So, my first gig is in an hour. Come on, you can help me hand out fliers. Everyone's going to (singsong) love me!"
Doofenshmirtz,"(Flashing back) See, during my teen years, I was very adept at hand shadows. It was great for entertaining at parties, and for meeting Fräuleins. But then one day, there was a new puppeteer in town. His name was Hans, and his hands were huge. We called him ""Huge Hands Hans"". His puppetry was garbage, but unfortunately, it was good enough for my Fräulein. (Sighs) I lost her to a boy with bigger fingers, and I never did a shadow puppet again."
Doofenshmirtz,"(shift back to D.E.I.) Of course, that was just a toy. Let's try it out on a real monster truck. Huh? Which brings me to my next invention. The Monster Truck Locate-Inator! (notices the animal at top) Perry the Platypus? Guess what? That's not a monster truck locate-inator at all! It's a Chinese platypus trap! (Laughs) I got you. Here's the real Locate-inator! Okay, now, where is the nearest monster truck? Yes! Right here in Danville! Okay, everybody, get in me and we'll go."
Doofenshmirtz,"Hey! (sighs) For Pete's sake, I'm pontificating here! Sheesh! Okay, okay. Long evil plan short, I wanted to ruin Roger's day. You see, he's officiating at an ""Everyone's A Winner"" beauty pageant. Ugh! That's so him. Uh, my scheme involved domesticated squirrels, paper doilies, and those containers that pantyhose used to come in. You know, about this big? (Agent R glares) But, uh, I couldn't figure out a way to make them all work together..."
Doofenshmirtz,"Okay, I think I finally got the right one. Now, Perry the Platypus, (Shines flashlight on him) you will finally understand… my PAIN! (presses remote; Flashback) Back in Gimmelshtump in the days of my youth, the Doofenshmirtzes were a proud family. But those were lean times for my father and our beloved lawn gnome was repossessed. Who would protect our zatzenfruit garden from witches, spells, and wood trolls? From a tender age, my father decided that it would be me."
Doofenshmirtz,"I can't believe how lucky I was at that garage sale, someone's personal collection of on-off switches. Score! (Begins trying the switches on his -inator) Hmm, looks like this one doesn't fit, more where that came from. Nope. How 'bout this? Come on, Papa needs a brand new -inator. (Gets hit in the head with a rubber duck) Oh! what the--? Perry the Platypus, are you making your own keys now? Oh, you like all the stuff I got at the garage sale huh? Want to know what else I got? This lobster trap!"
Doofenshmirtz,"Welcome Perry the Platypus. What took you so long? I'm speaking to you through this amplifier right next to the self-destruct button. The rocket will soon be in orbit around my brother's house, ready for the next dinner party. And you can ride that rocket until your tail falls off, I don't care. Or until you find the self-destruct button which is right next to (Perry presses the button) Aw, dang it! Curse you Perry the Plat-- (The -inator explodes) ...typus."
Doofenshmirtz,"Jump. Jump. Jump. Jump. Jump. Jump. Jump. Jump. (Doofenshmirtz collapses) Aww. Oh, sugar crash. (The -inator starts beeping) Oh! The Bring-out-the-Dessert-inator. it must be almost time for Roger's dinner party to begin. (Doofenshmirtz sees Perry on the floor) Haha! Sugar crash! (The -inator launches) There she goes! And you can't do anything about it, 'cause you're on a sugar crash. (Perry takes a plate of food out from under his hat.) Wait! What-what's that? Protein, and carbohydrates? No, well don't eat that! (Perry does so anyway) No! (Perry chases after the -inator on his jetpack) Okay, but, but let's do that jumping thing again sometime huh?"
Doofenshmirtz,"Alright! Put your pseudopods down. Hey, what's that? My De-Evolutionator. Right here on the ocean floor. If it's still working, I can throw it into fast forward, and evolvinate back into my former wickedness! Ah, it's a good thing I installed this molecular scale control panel. It seemed frivolous at the time, but I'm glad I did it. And... (evolves back into his normal self, then swims to a nearby island) Ugh. Phew. It's strange that my underwear and socks evolved with me."
Doofenshmirtz,"(He pulls out his phone) My cellphone alert says there's a new platypus video online that's trending. (He sees the video) Perry the Platypus! And Agent Lyla? On an old time-y-- (Perry come in and kick Doofenshmirtz down, causing him to spin on his head) Oh! Ha! Bet you can't do that. I learned that in the 80's. I also learned how to back away slowly on a newly installed escape platform! Haha! So long suckers! And now to watch my evil plan play out from the observat-- This, this is an observation deck? Chairs nailed to a roof?"
Doofenshmirtz,"(Nervous laugh) She's new. Anyway, at this very moment, termites from all over the Tri-State Area are being controlled by me! Using my Termite Controlling Helmet. See? See? They have cute little helmets just like me. (Laughs) I don't want to tell you how long it took to put them all on. So, watch this! (Termites buzzing) Soon I will have them devour all of the wood in the entire Tri-State Area. Then everyone will have to buy Aluminum Siding from me! (Laughs)"
Doofenshmirtz,"Here, I'll show you how it works. Okay, Perry the Platypus, how'd you like to trade places with a hungry, man eating shark? (Doofenshmirtz zaps the two with the -inator, causing the shark to flail on the floor, while Perry swims gingerly in the shark's former tank) Oh yeah, you're semi-aquatic. Well, I've got some other tricks up my sleeve. Like switching places with a- (The shark, flails around, and manages to bite Doofenshmirtz's upper body) Ow, aw man, I did not see that coming. (Doofenshmirtz throws the shark off him) Okay Señor pantalones inteligente, that's, Mr. Smarty Pants... Spanish. (He fires his -inator switching the places of a lightbulb, and the tank. The tank flips and falls, trapping Perry under it) ""Tanks"" for playing Perry the Platypus. See ya' around. Hehahaha!"
Doofenshmirtz,"Ahh, Perry the Platypus, welcome to my evil space station! (Echo: Station -tation -tation cookie -tation) Wait, did you hear that? That ""cookie"" part? I think my echo is broken, I really do. Any who...have a seat. I've set up a presentation for you. Ten years ago I was backpacking across Europe, when I came across a group of Canadian college students. Dylan was the most popular among the group, but-but I was the oldest, so rivalry was inevitable."
Doofenshmirtz,"What are you looking at, Perry the Platypus? This is a great job! And look at all I've accomplished. I mean, just today, I organized his evil invoices, swept his evil lair, picked up his evil dry cleaning. A-A-And look, I even had the time to do this, see? ""Best Boss."" And if I do a good job, I could be promoted to head assistant in just three months! Where are you gonna be in three months, huh, huh?"
Doofenshmirtz,"Oh, man, if I wasn't so hungry, this would be horrifying. (Perry is surrounded by several strands of shredded cheeses.) Well, you may have shredded it, but you haven't stopped it! (The shreds all come at Perry. Doofenshmirtz laughs evilly. Perry then kneels down and begins eating the shreds.) Oh, I see. I don't know how I forgot that cheese was edible. By the way, I believe you're over the five-second rule there, Perry the Platy— (Perry flings himself at Doofenshmirtz's head.) Ow! Well, I hope you didn't leave room for crackers! Crackers, go get 'im! (A cabinet opens and several boxes of oyster crackers fly out.) Why do I have six boxes of oyster crackers? Must've been on sale. (The boxes open and fire crackers at Perry.) Eh?"
Doofenshmirtz,"That's your emotionally scarring backstory? That's your great tragedy? Dude, I wa-I was raised by ocelots. I mean, literally. Disowned by my parents and raised by Central American wildcats, and-and you're telling me you lost a toy train? That's it? That's all you got? Really? I had to work as a lawn gnome, I was forced to wear hand-me-up girl's clothing, neither of my parents showed up for my birth!"
Doofenshmirtz,"What? I said, ""pseudo."" Anyway, once I collected enough elixir, I put it in this: my Warthog-Sprayer-inator! See? There's a method to my lameness. I'm gonna find out when Roger's on stage and then I'm gonna turn him into a warthog in front of everybody! That will remove him from power because of the aforementioned Warthog Nepotism Act. But, y'know, the embarrassment is just a...it's a cherry on top."
Doofenshmirtz,"And I never saw Balloony again. (Flashback ends) He's still out there, somewhere. Not to put too fine a point on it, but I put that Long Lasting spray on him. So he's still around. And I plan to bring him to me! Balloons, you see, are drawn to static electricity, so I created this. Behold the Static Electro-Amplif-Inator! Upupup! Keep-Keep beholding, keep beholding, beholding, and we're still beholding, and scene."
Doofenshmirtz,"Perry the Platypus? (Doofenshmirtz activates a trap, trapping Perry in a door) Hahaha! You like that? I call it my ""Indoors-inator"". I got the idea from the Perry-shaped hole you left in my wall, and in my bathroom door, a-and in my fridge. Man you were hungry that day. Anyway, here's my evil plan. (He reveals his new -inator) Ta-da! I'm calling it the ""Duplic-8-inator"". Get it? Duplic-, then the number ""8"", then -inator. I bet you're wondering what it does, huh? Here I'll show you."
Doofenshmirtz,"Ha-ah-ha! Perry the Platypus is out of the picture. I'm Perry-free for the rest of the day. I'm sans-Perry. I am platypus-less. And now, because I still need to get it out of my system, behold! The Ultimate-Evil-inator! Isn't it ugly? You see Norm, it occurred to me that fighting underlings like Perry the Platypus is a waste of time. Why not go straight to the top? Why not take out the big boss?"
Doofenshmirtz,"I could eat this health food all day. Just look at this lifelike glow I've acquired. I'm the picture of health! And all from eating nothing but this... ah, I don't know what's under here, but I think it's a vegetable. I'm as strong as an ox! (Squelching noise as his stomach pops out from his shirt. Doofenshmirtz breathes out heavily as he gets tired) But nobody else will be after I fire off my Junk Food-inator. (Machine rumbles, but stops, having run out of corn syrup and coconut oil) I should really refill this. But you know I'm- (Yawns) I'm so tired. I should really take a nap first. (Falls over into Junk Food-inator and starts snoring)"
Doofenshmirtz,"Who never actually wore any pants. Come to think of it, I don't know why we called him that. Hmm. Anyway, I just love giving people nicknames. For instance, you're Mr. Duck-Bill Face. And Major Monogram, I call him ""Monobrow"". (laughs) That's a good one, you know, because he's... He's got the one, you know? And his little friend, the intern, is Dr. Coconut. (pauses) Yeah. Sometimes I wish I didn't know so much."
Doofenshmirtz,"(continues imitating whale cry; laughing) I just told him his macaroni and cheese recipe is too cheesy and not macaroni-y enough! (laughing) (imitates whale cry; Perry rolls his eyes then leaves the hovercraft on his jetpack...can't say I blame him) Wait, wait, Perry the Platypus. Where are you... Where are you going? Wait! Wait! My evil plan isn't evil enough for you to foil? Is that it? Really? I've just insulted the macaroni and cheese recipe of a whale! What part of that is not evil? (After a pause, he turns his hovercraft around to follow after Perry.) Perry the Platypus, you get back here and thwart me this instant!"
Doofenshmirtz,"This is great! The best inator I've ever made! And you know what, Perry the Platypus? There's no self-destruct button on this, so there's no way you can stop me from taking over the entire Tri-State— (The giant tire swing lands on his inator before he finishes his statement) Huh. Well, like my Uncle Boris used to say, ""When life's goin' well, a giant tire comes along and smashes your inator."" We all thought he was crazy at the time, but now it seems rather prophetic."
Doofenshmirtz,"Perry the Platypus! (Perry unbuckles himself) That's right, take it in, Perry the Platypus. No traps. And, no, telling you that there are no traps is not part of a trap. Though that would have been genius. Oh, I missed that one. I'm actually not doing any evil today! Seriously. I promise. (Perry looks at him with his arms crossed.) So, whadaya say, how 'bout lending an old nemesis a hand, huh, Perry the Platypus? (Perry just looks at Doof and holds out his arms.) Your eyes say, ""No!"" but your hands say, ""Yes!"""
Doofenshmirtz,"Funny, I've never thought about you shopping. Aw, your little cart with your little groceries! You're... You're a complete mystery to me. You can relate to this big problem I have. Don't you hate it when you get stuck in traffic coming home from the store and you have ice cream and other perishables? Don't ask why I don't have any bags. Anyway, then everything starts melting and... hold on."
Doofenshmirtz,"Ah, Perry the Platypus! Yes, yes, I've acquired a few more things that need to get somewhere fast. There's an expectant mother, a magician holding his breath, and an ice sculpture of a pregnant magician holding her breath. Don't ask. It's been a weird day. Perry the Platypus, I'm not even breaking any laws, the lights are green. You're trying to get me to break the law. This is entrapment!"
Doofenshmirtz,"Yeah, yeah, th-that'll be covered in the thwarting portion of our seminar. Don't...Don't get ahead of yourself. Okay, step four is the big reveal! (Takes tarp off his inator.) Behold: the Motivate-inator! (The screen behind him says ""Music Sting"", which plays.) The music sting. That totally ups the drama. So what does it do? I'm glad you asked! You, come on up here, I'll sh-I'll show ya. Let's give him a big hand for being such a sport, shall we? (The dude that asked the question in the audience comes up to applause.) Alright, what's your name?"
Doofenshmirtz,"Well then, what does she mean, ""turn the corner""? It's just a flat wall, it's a— What are you doing, Perry the Platypus? (Perry shows a combination lock near the corner of a picture frame.) Oh, the corner of her picture! Give it a turn with your little platypus hands there! (Perry turns the lock and an unlocking noise is heard and bags of cash drop out.) At last!! Wahoo!! I'm rich! I am rich! I am comfortably well off! Don't worry, Perry the Platypus, I won't forget about you. You'll be the first person I invite to my next piñata party!"
Doofenshmirtz,"I know, right? Behold, my Tableturn-inator! Wait, uh... it's actually just a diagram. I put the real table in the restaurant... (stammers) ""Behold, this diagram of my Tableturn-inator"" is what I'm trying to say. So y'know how these fancy restaurants are so overpriced and they serve these tiny little portions? Well, with this, if I sit in the red chair and spin the table, I'll get all the good food!"
Doofenshmirtz,"Already they fear me, listen to their screams, huh? Imagine the mayhem once my Deflate-inator ray is fully charged. (at the mouse in the machine) Run! Run like the wind, my little indentured rodent. And I will give you some cheese. Heh, I know I had some around here somewhere. (Perry pulls out a briefcase filled with cheeses; Grabs stinky cheese and loads it onto a crossbow.) I think there's some- There used to be some Roquefort in the back here. I don't... (Perry fires the crossbow.; Mouse squeaking) Hmm? (He starts screaming hysterically, and the glass breaks) Agh! Oof! (Laser fires, Blimp deflating) Hmm. I suppose I should've seen that coming."
Doofenshmirtz,"So I... I guess I'll go with you then.(Doofenshmirtz begins to run as well, then stops) Wait up Perry the Platypus, my-my shoe's untied. Just hang on a second. (Lyla and Perry stop) You can't be too careful when you're running across a moving train. There we go. W-Wait-Wait-Wait, On second thought, I'll double knot this. Okay let's go! (Doofenshmirtz walks forward and falls through a hole) Ahh! Aww, gross some joker left the seat up. Would you guys mind bringing me some paper towels, or something? (Lyla and Perry continue running) Is that a no?"
Doofenshmirtz,"Ha-ha! What, what? A Mongol army? Really? Huh, I must have had the dial set for...""Hun"". Oh, well, you don't look a gift horde in the mouth, so...hello! Hi there, me, yeah. Welcome to the future, my ruthless Mongol Army. I realize you can't understand what I'm saying, and you're probably confused a bit by the Spartan General's uniform, uh, but together, we will rule the Tri-State Area..."
Doofenshmirtz,"But I digress. E-Every day I digress. I go off-topic and just ramble... Look-look-look, I'm doing it right now. Right now, I'm digressing! Anyway, behold! My Droogen-Chocolate-swap-inator! With this, I'll swap out all the droogens in a one-mile radius for chocolate! Then all those little droogen lovers will finally know my pain— (Perry escapes his trap) Whoa, hey! Tampering with the yellow tab is a safety viola—"
Doofenshmirtz,"How dare you! No one barges into my home and demands desserts. What sort of plan is that anyway? Let's go to a stranger's house and in song form refuse to leave unless he hands over a fruit dish no one's prepared since the 16th century. Well, if that's how things are, I have my reason to push this button. So long, Christmas, you're Feliz Navi-dead to me! (Pushes button) (chuckles) See? It's...Uh, that was Spanish."
Doofenshmirtz,"This looks like a good spot to fire up the Really Bad-inator. (taps on the control panel of the machine) I can't wait to see what it does. Guess we'll have to wait. Ooh I brought snacks. (walks over to the picnic basket) Let me see what I have here. (rummages through the basket) I brought some baby carrots, and some grapes, and a- ooh, peanut butter! Ooh, and some honey! See, Perry the Platypus, most people like peanut butter and jelly sandwiches but I really prefer peanut butter and honey."
Doofenshmirtz,"...so conspicuous. So it was decided never to allow another warthog to be in a position of authority. Pe-Perry the Platypus, are you texting while I'm monologuing?! (He is. Doofenshmirtz takes the cell phone away. Perry simply shrugs.) Y'know, I'm just gonna hold onto this until I'm done, (puts phone in his pocket) 'cause I-I can get your full attention. Anyway, I'm thinking, ""Nepotism. City Hall. My brother, Roger."" And suddenly, I know what to do! Turn my brother into a warthog!"
Doofenshmirtz,"FINE-ally! The plumber. The garbage disposal is stuck again. The-The same one you fixed last week, by the way! And while you're at it-- Oh! Oh, who needs to see that?! Yeesh! Oh, I'll be in the other room. I mean, oh, for crying out loud--(Perry gives him the bill) What, y-you're done already? You've only been here for, like 15 seconds. And I was talking for, like half of that. What kind of a plumber are you?"
Doofenshmirtz,"(On video) Oh, hello, Perry the Platypus. I'm sure you're getting this. I– I was hoping you would stop by today for some tea. See, I've got all these little tea things set out and ready and, um... Uh, please use the front entrance, Perry the Platypus, because– Uh, because, uh, all the other entrances don't work today. So bye-bye. I'll see you later today! Coming in through the front entrance."
Doofenshmirtz,"Ooh yes. Peanut butter and honey sandwiches. The trick is the honey, and you get to use one of these weird honey-spoony things. It's- (crashes are heard) Perry the Platypus, did you just say gungalingdung? (Perry kicks Doofenshmirtz in the face, causing honey to pour all over Doofenshmirtz) Aww, great! Now I'm all sticky. (he gets up while Perry goes to the controls) Oh, now this was my last clean lab coat too. Ugh, it's on now!  (Perry takes the controls with a mischievous smirk on his face as he rocks the platform back and forth.) Hey! Hey, hey! What are you doing? Oh, oh I get. Payback. Very funny, Perry the Platypus. Very mature."
Doofenshmirtz,"(stares at him) Wow. Cuttin' deep, man. Well, I'm off to our annual evil potluck and press conference. I'll just leave you here to, you know, meet your doom. Look, I saw this in a movie once. I didn't catch the ending, because I had other things to do, but I-it seemed pretty foolproof. Well, gotta run! Can't be in two places at the same time, but of course, soon you'll be able to! (turning to Norm) Norm, let's go."
Doofenshmirtz,"You've heard of a ship in a bottle? Well, you're a Perry the Platypus in a bottle. (picks up bottle) Anyway, today is the day I become the supreme leader of L.O.V.E.M.U.F.F.I.N.! You remember L.O.V.E.M.U.F.F.I.N., the League Of Villainous Evildoers Maniacally... (mumbling) Whatever? Huh? Remember them? Well, we gotta get moving. (holds up bottle) Maybe we'll get some hot dogs or something on the way. (walks off) You like hot dogs, right?"
Doofenshmirtz,"Perry the Platypus! How noel-y of you! (shoots his trap wrapping Perry in wrapping paper; he reels the trap) For some reason, Christmas seemed to have snuck up on me this year, and I'm a bit behind on my shopping. But I have a solution: (Pulls tarp) The Transport-inator! (ominous music plays) To instantly transport me to the stores while everyone else is circling around looking for a parking spot. I-It's not exactly evil, but it's slightly unfair. Let the last minute shopping begin! (activates the Transport-inator; he disappears and the -inator fires a laser)"
Doofenshmirtz,"Meevil, steevil, cleavil.... heevil. As soon as I get this done, lunchtime will never again be fun. Oh, great! There's a rhyme! There's a rhyme, but sure, everything rhymes with ""fun."" (Perry/Candace tries to hit him with his tail, but only waves his/her behind in his face) Ha! You don't have a tail anymore. Now you are no match for me! But wait a minute. I-I-I can't hit a girl. (gets hit with Perry/Candace's shoulder bag) Oof! Did you have that purse when you came in? (Perry/Candace twirls the purse like it's a set of nunchucks) Well, I'm out of here. (attempts to speed away, leaving a smoke figure which dissipates, revealing Doofenshmirtz again) What just happened?"
Doofenshmirtz,"Perry the Platypus, you really are quite the mime! It really looks like you are inside an invisible b—(gasps) Oh, that's right! You really are inside an invisible box! Ha ha ha! I'm already tired of that joke, but I can't stop saying it. (activating the inator) You know, it works so well with the mimes, I've decided to put everyone in the Tri-State Area in an invisible box! Ha ha ha! (The inator stops moving. Doofenshmirtz clicks the remote several times.) Oh, for crying out loud! (He walks over to a handle bar and starts moving the inator manually.)"
Doofenshmirtz,"Can I get you a sports drink, Perry the Platypus? No? All right. Suit yourself. Say, as long as you're tied up, I'll tell you the evil plan I just thought of while we were working out. See, I figured my Pick'em up-inator works so well; I could mass-produce them and pick up everyone in the Tri-State Area! (drinks the sports drink) Then, they would have to do what I tell them. Man, what is in this stuff?"
Doofenshmirtz,"What the--? (Scorpion collides into the -Inator) That's my- Suddenly I feel like a glass of sparkling apple cider. I don't know how you did that, but get ready to pay, Perry the Platypus! (Stomach growls) Uh, can you-can you hold on one mo- one second? Okay. (Goes to washroom; toilet flushes) Okay, here we are, let's do this thi-- (Stomach growls) Uh, uh, you know, just uh just hold on. (Door closes) Uh you know Perry the Platypus, uh, you-you can just let yourself out. I...I may be a while."
Doofenshmirtz,"(voiceover) Back in 1805, Danville actually elected a warthog as mayor. The public was fed up with the previous administration and thought, ""Hey, what's the worst that could happen?"" Nepotism, that's what. He filled the cabinet with his uncles and brothers and distant cousins and all of City Hall was full of swine. Except for one chair that they kept empty, so y'know it wouldn't be..."
Doofenshmirtz,"(voiceover) ...strolling through the park, when suddenly, I had the strangest feeling that people were looking at me. And laughing! Probably because people were actually looking at me and laughing! And I couldn't figure out what was going on until I turned around and saw a mime! He was mocking me: my walk, my incessant hand-wringing, my mantis-like posture! (The mime gets a giant grasshopper from the left side of the screen and chomps it) Then I decided to get even."
Doofenshmirtz,"Perry the Platypus, I'm so glad you're here. L-L-Lemme catch you up via monologue. I've recently gotten into home gardening, y'know, fruits and veggies, and the... Anyway, the garden was doing well, and it even attracted a colony of praying mantises. All female. Go figure. Vanessa got me this books of facts about them. (takes out the book) See? They naturally prey on garden pests. Mantis fact! (snaps fingers)"
Doofenshmirtz,"And now he's getting a rep as the most evil guy in our building! (Cut back to present. He is popping some popcorn.) A title that should rightly go to me! It's my name on the sign! It's my name up there! So it got me thinking, if he's the most evil by spoiling things to people in the building, what if I spoiled things to the entire Tri-State Area? Y'see, tonight is the two-hour finale of a very popular show, Acquaintances."
Doofenshmirtz,"(laughs) Also, you owe me $40. (wheels into the park) Now, you may be confused about why I have an industrial-sized vat of Doonkelberry oil. Back in Drusselstein, we used Doonkelberry oil for everything: skin care, verb conjugation, making scented candles, but strangely not Doonkelberry-scented candles, vanilla mango for some reason. Anyway, so when I saw it on sale, I may have gone a little overboard."
Doofenshmirtz,"Hey fellas! Look who decided to make an appearance. (to Perry) You see, it occurred to me that what I should really be doing is fighting fire with fire. And by fire, I mean Perry the Platypus. And by fire, I ALSO mean Perry the Platypus. It occurred to me while I was on fire. I made a bunch of doppelgangers to discredit and totally destroy you. Behold the Plata-Proliferator-inator!"
Doofenshmirtz,"Here we go. (rolls backwards off the stern but lands on a metal grate) Ow! Oh, okay, that hurt. All right, better just, uh... (prods the water with his spear gun) Okay, I'm good. (jumps off his boat and swims down to the Saltwater Taffy-inator; he pushes a button) Now I will activate my Saltwater Taffy-inator. (turns a handle; the -inator begins spinning taffy) At last! Now nothing can prevent me from promoting tooth decay! Ha-HA-ha-ha-ha-ha-ha... (fogs up his scuba mask) Aw, I fogged up my mask again! (clears his mask to reveal Perry in a wetsuit swimming towards him; Perry punches him backwards) Perry the Platypus? How did you get out? (Perry flashes back to the crabs forming a ladder, but Doofenshmirtz grabs him from behind) Ha! I grabbed you while you were flashing back to your escape! Hee-hee-hee... drbt! (Perry kicks him and starts swimming away)"
Doofenshmirtz,"Perry the Platypus, how did you escape? Hmm… I probably should have used cement. Ah, no matter. You'll never catch me! (laughs; He runs on the rooftops with Perry in pursuit; chuckles) You can't stop me, Perry the Platypus! You couldn't stop me with a billion Perry the Platypuses! Because I am unstoppabl- (Doofenshmirtz falls from a skylight and into a container of Perry the inaction figures) -llllllllllllle! (laughs) Finally, I lost you, Perry the Platypus! I'm free of you! (notices the inaction figures, then screams) Get 'em off of me! Get 'em off of me! Get 'em off of me!"
Doofenshmirtz,"And so, Perry the Platypus, to recap what I said mere moments ago before I was so rudely and painfully interrupted, once I have charged my Backstory-inator, the tragedy of it all will be re-injected back into me, and I will be transformed into the ultimate creature of evil! And look, we're almost there! (the gnome is shown teetering at the summit of the Gnome-o-Meter) One more backstory should do it! Let's see... remember the time..."
Doofenshmirtz,"Not only will I defeat you with this Flab Crusher, but I'm simultaneously getting a good burn on my delts. $10.99! Hmm? (Perry holds a vacuum-like device and turns it on. Doofenshmirtz yells and they charge at each other with their devices. The vacuum-like device sucks Doofenshmirtz's face) The Tornado Vac only needs one setting because of its painfully awesome suction power! (They go out onto the balcony and Doofenshmirtz backs into his Shrinkinator-plant and activates it several times. He gets out a notepad and pencil and writes something.) Shrinkinator, why haven't I unplugged this thing? I keep leaving myself notes, and I keep forgetting. ""Shrinkinator. Unplug Shrinkinator."" (He sticks the note onto the Shrinkinator.) Ugh! I'll do it tomorrow. (Pan to reveal all the notes say essentially the same thing.)"
Doofenshmirtz,"Oh, I hate that song so much, I've stolen all the clowns, and I'm going to rip their tape boxes out. You know, like you do. And I'm going to replace it with my own evil jingle. I just have to finish writing it. I'm having a hard time finding a good rhyme for ""evil,"" though, you know. Believe me, I've tried. Keevil, deevil, feevil... You know, none of these are words."
Doofenshmirtz,"Should I go with Make-Up-Your-Mind-inator? Or is that too-on-the-nose? It's funny. Now I can't make up my mind. Oof! (Perry attacks Doofenshmirtz in a frenzy and cuffs him to a wall) Perry the Platypus! What are... Well, I--I did not see that coming. (Perry clamps the other handcuff onto a pipe) Calling headquarters, huh? Hmm. Yes, you—you didn't even give me a chance to trap you. (Camera pans to a giant snow globe, with the S'winter song) See? I was going to put you in that giant snow globe over there, and... (Camera switches back to him) now I have to return it."
Doofenshmirtz,"W-W-What does this mean? (Cut to Doofenshmirtz in Norm's embracing arms) W-When I'm awake I build evil inators that fail, and when I'm asleep, I build nice inators that work? Ah, what is my subconscious trying to tell me? It's just so exhausting. Ugh, I feel like I've been up all night, which, I, I guess I have, building nice inators, apparently. It's just... (droopily) Yeah, I'm getting sleepy. Ripple dissolve imminent."
Doofenshmirtz,"Well, hello, Perry the Platypus. You like the new Bi-plane? Pretty sweet huh? Uh, I got it off the internet. (Perry gets trapped under a hair drying machine) Don't worry about your hat; the heat is really good for the felt. Look what I invented... (pours a tonic on a mannequin which regrows its hair he chopped off) It grows your hair back. I got it in all the stores, but it's not selling as well as I thought it would. I don't know why, it's even got a catchy name: Get Back Hair."
Doofenshmirtz,"Thanks for that, Mr. Norm-It-All. I've installed a switch back here that prints out propaganda leaflets. All I have to do is speak my evil message into this microphone, err let's see... eh, ""slap yourself""! Push this button and, whatever I say (presses button and leaflet comes out) comes printed out on a leaflet. It's gonna work! I'm using a very convincing font. It's bold and it has a lot of serifs!"
Doofenshmirtz,"(Narrating) You see, back in Gimmelshtump in the depths of my childhood, my parents were expecting a brand new baby girl. My mother spent months knitting pretty dresses. U-Unfortunately, the baby turned out to be a boy, and because we were out of material, I was forced to wear those same dresses for an entire year. Drawing mockery and scorn from all of my manly classmates."
Doofenshmirtz,"Can you do this, Perry the Platypus? Can you jump really fast, up and down, up and down, up and down, up and down? Yeah, that's it, Perry the Platypus! Doesn't it feel good? Let's be jumping buddies. Let's just eat dessert and jump up and down and up and down and up and down all day. It'll be our thing. Just remember: I-I invented it. Because I am the inventor."
Doofenshmirtz,"Ah, Perry the Platypus. It's ironic that you look like a stuffed animal in one of those claw machine games. And by ""ironic""... (Doof pushes a button on the claw machine, and the claw grabs Perry, trapping him) I mean ""totally flat-out ronic."" And speaking of claw machines, (showing a joystick on another side of the blimp) I've gathered up all the arcade claw machines in the Tri-State Area to make one giant Super Claw (cut to the Super Claw under the blimp)....inator. My fascination with these started when I was just a little boy."
Doofenshmirtz,"Did you ever have an old box of junk that's just been sitting in the attic forever, and you think: ""I bet I could just get rid of this whole box, and my life would go on completely unaffected by the loss of whatever may be inside like, for instance, an old forgotten video tape made in high school"". Look in the box, Perry the Platypus. Always. Look. In. The box."
Doofenshmirtz,"And I was... Use the door! Yeah, that was, uh, hmm, not... Not, uh, good. Oh well. (pushes a button to trap Perry) There, that's better! I much prefer you trussed up in my happy Jump-inator! Which goes with the theme of my new scheme, the Baby-Cry-inator! I know what you're saying. ""But, Heinz, you've already done a baby-themed evil plot."" But this time, I've really nailed it. Let me explain."
Doofenshmirtz,"And you forgot to close your shades, (Gretchen and Katie walk up to the door. Gretchen knocks the door) so they come to the front door, and they can see you! (Gretchen and Katie peek through the window) They can see you, right in there watching TV or whatever, (Doofenshmirtz sits back) and you can't pretend that you're not home (Doofenshmirtz sinks in his chair) because they can see you! And they have those big, pleading eyes making you feel guilty, and-- (Scene switches back to Doofenshmirtz) So, I-I'm just gonna shoot them with a ray so I don't have to look at them."
Doofenshmirtz,"Ahh, look at you. So evil. (Inhales) I wonder what you do. Le-Le-Let's see. (He activates the first inator. It zaps a table, which turns into confetti.) Wait, how is confetti evil? I-I mean, it makes a mess, sure, but i-is it really evil? I- (walks up to the second inator) Alright, let's try this one. (He activates it, it zaps a couch, which turns into a giant cupcake.) A big cupcake? (Walks up to the cupcake) Well, maybe it tastes evil. Yes. (He dips his finger into the frosting and puts his finger in his mouth.) Mmm, yes, chocolate!!! The most evil flavor in— (sighs) Who am I kidding? This is delicious. (Walks to the third inator.) Ugh! Let's see what this one does. Oh, Norm!"
Doofenshmirtz,"Nope. First, I'm gonna do a little pre-gloating. I'm goin' to wipe the floor with you. I'm goin' to make you scream for mercy and there will be none! Men will weep. Children will wail! Whales will wail! Like...like-like this... (Mimics whale song.) Like they do, except they'll be doing it on your behalf! And women will look away as you walk the hall of shame! (beat) Okay, now I'm ready."
Doofenshmirtz,"Ooh, that was exhausting. Ah. I have one last surprise for our lovely guest. This will be the grand finale of Vanessa's party - the world's largest firecracker! All we need now is a victim to be tied to the rocket so they'll explode up in the sky in a grand display! So, here's the awkward part. Uh… (camera pans over to the firecracker, which Doofenshmirtz has tied Perry to) And when I say ""awkward,"" I mean for you, not so much for me."
Doofenshmirtz,"Ah, the award ceremony. And there's my insipid brother Roger. (the tower viewer goes out) What? Oh, let's see if I've got another coin. Now, what was I saying-- Oh! I despise him so much. You are about to witness a truly petty act of vengeance, Perry the Platypus, brought on by my own mindless jealously. (At Vanessa) Vanessa, fire the harpoon! (Vanessa shoots the harpoon) Perfect. The time has come! Do not fail me, my pigeons! (The pigeons walk out on the rope in a line)"
Doofenshmirtz,"Hmm, that's peculiar. I suppose it could be some type of anomaly caused by messing with the space time continuum. Might even be dangerous. Oh well, I'll have to... ignore that in my payroll, because (shows Perry still fighting through the series of traps) now that I've gotten a full thirty steps ahead of Perry the Platypus, I'm free to take over the Tri-State Ar— Vanessa, where are you going? (walks over to Vanessa) Don't you wanna talk?"
Doofenshmirtz,"I didn't even create the Naughty-inator myself because I compulsively, obsessively, just couldn't be bothered. Nah, the plans were mailed to me from Borneo where my Uncle Justin is rumored to be in hiding. It's really a sweet gift, but how can I destroy Christmas without having a good reason? (sighs) Well, I guess I have no choice. (Presses a button and a chair pops out of the ground and he flops in it) But to sit and wait for a reason."
Doofenshmirtz,"Norm, I told you: You don't celebrate 'til midnight, not all day. What if midnight never comes? Then you've squandered a whole day celebrating. Ever think of that, tough guy? (crashing sound is heard) Perry the Platypus? (the floor opens up below Perry, trapping him in the top of a bottle) Ha-ha! It's a bottle of sparkling cider trap, and you're the cork! Which makes you Perry the Cork-apus! Ha-ha, you got a funny name. Anyway, it's New Year's-themed!"
Doofenshmirtz,"Okay, so we have the Great Wall of China, oh, excuse me, I mean the Great Small of China, and the, uh—The Shrinx (Sphinx), and the Teeny Tower of Pisa (Leaning Tower of Pisa), and the Roman Coliseum—The Coliseum—Coli—I'll have to think about that one. No matter. Because last but not least, the Taj Ma-Small (Taj Mahal). Ha-ha, oh, that's a good one. Back to the Tri-State Area and let the fun begin."
Doofenshmirtz,"See, Perry the Platypus, I've been setting my sights too high, I think. Trying to subdue a modern city, I need to conquer a backward land where people are superstitious. That's why I'm going to turn the Tri-State Area into a reasonable facsimile of Gimmelshtump. The buildings, the clothing, the more easily conquered backward mindset. Here's a sample, look."
Doofenshmirtz,"Wait, thi-this doesn't make any sense. The moon is rotating, but the dark side isn't moving. Ohhh, I bet you had something to do with this. Didn't you, Perry the Platypus? You're always messing me up. Y-You're just mean. Mean, Perry the Platypus, born mean, that's all. Wait, what are you doing? Making magic fingers at me? Wha--are you even listening to me?"
Doofenshmirtz,"Yeah! Everything is repeating! Th-that bang on my head, that-that thing with Norm and the stupid cake, a-and you! (starts walking to his Do-Over-Inator) I-it works! My Do-Over-Inator must work! Ah-your little friend must have (Vanessa catches up to him) activated it yesterday! A-and by ""yesterday"" I mean ""today"". Later today, your-uh little friend will activa– and the days will probably keep repeating until I shut it off!"
Doofenshmirtz,"(on the phone) But Charlene, I'm waiting for my exercise show to start, so I can't go get Vanessa from class. Well, why can't you pick her up? Well, how long does knee surgery take? What about afterwards? Okay, okay. All right, I'll do it. I'll figure something out. Yes, yes, I promise. Good bye. (turns off the phone) Sheesh. (Gasps) Maybe I can make some sort of Inator that will pick her up for me!"
Doofenshmirtz,"Okay, okay. (to Perry) See that, Perry the Platypus? Compromise. (Perry blinks) Who am I kidding? Grrr. (at himself as he goes over to the Regurgitator) You can do it, you can do it, you can do it. Okay, Regurgitator! I've done everything for you. I- You see those hard-to-reach files up there? Well I invented these rocket shoes just so you can reach them! And look at this! I even put in the self-destruct button that you forgot!"
Doofenshmirtz,"Perry the Platypus, come out, come out, wherever you are. You've got an appointment with the nearest chicken. I've got something that I need to— (He gets startled as he sees Perry standing in front of him) Now, prepare to be turned into a— (Perry takes out a rubber chicken) Huh, what is that? A rubber chicken? What are you gonna do with- (Perry puts the rubber chicken into the inator's beak) Actually, that's kinda funny. No matter! Prepare to meet your chicken! (He activates the inator, which starts to inflate and overheat) What the heck's wrong with this? Oh boy."
Doofenshmirtz,"She doesn't like the party. I can't believe I failed again. Well, at least I can watch you explode. Hey, that's not fair! Well, then have a taste of my ray gun, Perry the Platypus! Take that! And that! (To Vanessa) Help me, Vanessa! (To Perry) Stay still, you obnoxious - Aah! Perry the Platypus, wait - My hand is stuck in here. Hold on. Hold on. Wait, wait, don't go anywhere."
Doofenshmirtz,"Ah, you see, Perry the Platypus? For years I've been trying to rid myself of you with traps and bombs and poisonous gas and automatic tennis ball machines. I--I don't even know what I was thinking back then, but now I have the ultimate platypus elimination weapon. Perry the Platypus, recoil in horror at my new creation! A giant...killer...robot...man."
Doofenshmirtz,"Balloony, please help me. Balloony! Oh, don't let me go like I did with you. Balloony, what ever happened to us? (Suddenly, Balloony fights and wipes out nearly all of the robots attacking Doofenshmirtz) Balloony! I knew deep down inside you were still my best friend. Think of all the good times we can have, now that we- (One of the robots which survived Balloony's onslaught fires a laser, popping Balloony) Nooo! (Balloony collapses to his knees, falling into Doofenshmirtz's arms) No. Balloony. Stay with me, I- (Peter and Perry, who are now free, look at each other and approach Doofenshmirtz, who is holding a deflated Balloony) I'm not going to let you go a second time. Balloony! (Sobbing) I can feel my heart... popping."
Doofenshmirtz,"Oh, I hate golf! It's boring to watch and tedious to play. That's why I came prepared. You think this is a normal golf bag, don't you? But when I twist this club here... (an inator appears on the green) Behold, the Accelerate-inator! With the Accelerate-inator, I can fast-forward my brother through this boring golf game in seconds. (looks through the monitor) Ah, there he is. Let's give it a shot. Fast forward!"
Doofenshmirtz,"Thank you! Thank you for my making my point for me! (to Planty) Now, I'll cover it with an irresistible gravy coating, (covers the biscuit in gravy) and then it will take off and soar through town, getting all the dogs to chase after it until they follow it right off the edge of the Tri-State area! (smiles smugly) Well, Planty the Potted Plant. Pretty clever, eh? (pauses, then pushes Planty away) Don't give me that look. Prepare to launch..."
Doofenshmirtz,"(offscreen) There he is, Norm! Down there! O- top of the puppet! (Doof gets lowered on the rope ladder.) Lower! Perfect! (Falls down.) Aah! Gotcha! Heh heh! Give up, Perry the Platypus! You know nothing of puppetry— (Perry manipulates the puppet to punch Doof.) Ow! Okay, I-I admit it, y-you do have a certain knack for it. (Perry manipulates it some more. Wide shot to reveal Doof tied up in the strings.) Okay. Well, maybe, ""knack"" wasn't the right word. (Perry manipulates it to flick Doof off.) Oh no. No no! (Doof gets flicked off the head.) Whoa! (The puppet dives into the ocean.) Curse you, Perry the—blub! (Coughs.) Platypus. I was trying to say, ""Platypus."""
Doofenshmirtz,"(standing in front of an inator) And see, it takes four orbs of mundanium finite to power it. I-It would only take one orb of Pizzazium Infinionite but that's so hard to find. Oh, don't get me started! So we just lock the module in here and...Viola! Yeah, I know, it's a large violin. I-I don't know why people say that. Anyhoo, what did you guys need a second Power-Drain-inator for?"
Doofenshmirtz,"Well, hello, Perry the Platypus! Sorry I couldn't be there to capture you personally. I was called in for jury duty. But no big deal, I've got the perfect ""get out of jury duty free"" card! (Perry chatters) Relax, it's totally legit. Meanwhile, I'm leaving Norm in charge, the big lump. Hey, try to make yourself useful, Norm! Would it kill you to show some initiative?"
Doofenshmirtz,"Ow! Hey, what are you... (notices the Mongols messing up the kitchen) Oh, you're hungry! I-I guess it has been 1,200 years since you've eaten. Well I suppose we could call out... (the Mongols trample him again and bust through the wall) Oh, you ruined my helmet. Now I've gotta get a new costum... Wait a second, that's it! I'm in the wrong outfit! All I have to do is hit the costume shop, then round up my Mongols, and the Tri-State Area will be mine! (runs off laughing)"
Doofenshmirtz,"(clip starts) That's right. It- it was my very first -inator! Just as I was about to demonstrate my invention to the judges, a kid with a baking soda volcano stole the show! The next year, I tried again with my even bigger -inator. And again, my thunder was stolen by a baking soda volcano! I'd had enough of science. I decided to devote my life to poetry instead."
Doofenshmirtz,"I can't believe it's Perry the Platypus. (He traps Perry in an ice cube tray) Hohohohoho Perry the Platypus, what are you doing here? I thought you guys were having budget cuts. Well, it just shows to go ya. Hey, let's walk and talk. So, you're probably wondering why my space station has two enormous arms. Well, what you should be wondering is why it has two giant hands! Ha ha ha ha!"
Doofenshmirtz,"(Sobs) Thank you, Perry the Platypus. (Sighs) Now, (Laughs maniacally as he traps everyone) I can't believe that worked! You know, Peter the Panda thought that he had disassembled my Freeze-inator ray, but that was just a decoy! Bring in the real one, boys! You see, my plan was simple; assemble all the best secret agents in one room, and then turn them all into statues for my giant chess board! (Laughs) Hit it!"
Doofenshmirtz,"(Recording of his call) Hello? Monogram...are you home? If you're home, please pick it up. Pick it up. Hello? Oh, I-I-I hate these machines. Okay, listen. I'm being evil and I need Perry the Platypus to come over and stop me. (Beep) Wait-- wait, did-did I hear a beep? Did the machine just cut me off? Oh-ah-oh I don't know what to do. You know what, I'm just going to call back."
Doofenshmirtz,"(The wall flips and Agent P appears) Perry the Platypus? (phone rings) Hello? It's for you, Perry the Platypus. (He ties the phone cord around Agent P) Haha, prank call! Now say hello to my new evil weapon: My Evaporator-inator! It's made completely out of recycled materials. It's green… (takes off lab coat to show a recycling sign and ""greevil"" letters on it in green) …and evil! I call it, ""Greevil."" (laughs) Backstory time! You see Perry the Platypus when I was a young boy, my mother would never let me swim in public pools."
Doofenshmirtz,"Uh… Perry the Platypus? (Chuckles nervously) Yeah, I'm uh… I'm over here. Yeah I uh… I forgot my keys so I thought that uh— you know, I could just fit through the uh... (Perry opens door) Oh good, you're gonna… You're gonna go get the building super? Maybe tell him that I'm up here, and uh... (Perry hangs a ""do not disturb sign"" on him) Wait, what's that? That better not be a ""Do not disturb"" sign. Curse you, Perry the Platypus!!"
Doofenshmirtz,"(Perry climbs out of the waterfall plunge pool with Doof close behind) Hey! Hang on there, Steven. I'm tired of running. And I don't mean tired like, I need to sit down for a while, I-I mean although I am tired and I do need to sit down for a- I mean- I'm fed up with that guy! And with your animal instincts and my vast knowledge of science, I think we can make a stand. What-What do you say? Are you with me? (Perry pauses for a while, then gives Doof a thumbs-up. We then see a montage showing Doof and Perry gathering wooden poles and placing them in a tree, lifting a statue with ropes, Perry stopping to sniff a rose before making use of its thorns to make a rope, which is then twined tightly around some Cattail reeds which in turn, are placed in the lake. Perry is seen moving a stone with his bill to hold them down, Perry and Doofenshmirtz are seen constructing a cage of some sort with the poles from before and string, Perry climbs a tree to pull some of its bark down. This is used to make a glove, which Doofenshmirtz wears and uses to crush a pear. All of this happens while the dramatic music from the start of the episode plays) Groovy!"
Doofenshmirtz,"Vaness— ugh. Well, you'll see. This is going to be my moment to take over the Tri-State Area and then that will prove to you I'm not as big a loser as you think I am. (walks towards his Tri-Governor-inator on the balcony) Okay, no pressure. Tri-State governor's mansion, here I come! (pulls a lever on the Inator that activates it and makes it shoot out a purple beam that creates a mansion on top of City Hall) Sa-weet! Now I've just gotta get someone to vote for me— anyone, actually, 'cause I'm running unopposed. (comes out of his building in cardboard that says ""VOTE FOR DOOF"", and a voting booth that says ""DOOF"", ""VOTE HERE"", ""VOTE EARLY"", and ""VOTE OFTEN"") Voting today!"
Doofenshmirtz,"Is that the cable company? So, Mr. Cable Man, you don't carry the Evil Science Channel? What's up with— Perry the Platypus?! Oh, give me a break! I-I'm moving, legally. I bought this place, and cheap too. It's supposed to be haunted by a terrifying old sea hag. (Laughs) Look, Perry the Platypus, just because I'm evil doesn't mean everything I do is evil."
Doofenshmirtz,"At last, my efforts have come to fruition! And nothing can stop me! (Turns on Sandwich Remove-Inator, Sputters) Hmm. (He walks out, and returns with a gas nozzle) I told Vanessa if she takes out the big head, she has to fill it up. (Doofenshmirtz fills the -inator) Ah, yes. All zeroes make it so much easier to balance my check-- Perry the Platypus, are you asleep? (He groans) Sometimes I wonder why I even bother to soliloquize. Where was I? At last-- Well, you remember the rest. (Doofenshmirtz flies out)"
Doofenshmirtz,"I put an energy whatchamacallit in here and... (pushes the remote, nothing happens. Pushes it rapidly several times, still nothing happens.) Nice. (He walks up to an electrical fuse-tank and opens a small door and gets a battery out.) Wow, these things go fast. I guess I need a new battery. (Looks in his electrical toothbrush) Nope. (Looks in a toy car.) Nope. (Looks in a flashlight.) Uh-uh. (Looks in Frankenstein's monster's head.) Not here. (Looks in a cymbal-banging monkey toy.) Nope. (Looks in his radio.) Ah! Nope. (Looks in his smoke detector.) Nope. (Looks in his alarm clock.) Nope. (Looks in Norm's butt.) No. (Cut to Doof holding a new battery.) Finally! (He loses his grip on the battery and it goes under the fridge.) Ah, dangit!! Oh, sorry, Perry, I didn't mean to get all street there. But now (bends down) it's probably got all that grease and refrigerator fluff on it. Oh, there's my retainer! (He puts it in his mouth off screen.)"
Doofenshmirtz,"No? Okay, fine! The L.O.V.E.M.U.F.F.I.N. team will still be unstoppable! As you know, kicking a ball is now my forte. (He kicks a soccer ball, but misses. Takes out an inator.) Behold, my Bring-Me-A-Ringer-inator, which, as may have deduced, will bring me a superstar soccer player, because, let's be honest, we are athletes of the mind, not the body, obviously. So, our team, y'know, needs a little— (a soccer ball hits him) Ow!"
Doofenshmirtz,"Oh, Perry the Platypus, you caught me. I've been putting recyclable trash in the regular trash bin; I am so bad! You've taught me a valuable lesson. From now on, I'll be green. I'll be all the shades of green. (places circular device on Perry's back under pretense of patting it as he sees Perry out) They will call me El Verde, and tell my tale in Greenland. Goodbye now, drive safe, and thanks for busting down my door. I deserved it!"
Doofenshmirtz,"Who'd have though we'd be such a good team? My daughter, my nemesis, and my hot beverage. (Takes a sip.) Hmm. Counter-clockwise on that jib bolt, Perry the Platypus. Okay, stop. Perfect, it's done. The days won't loop anymore and I'll have my daughter back! My life will be on a new path and the world will be saved, thanks to brand new good guy, Heinz Doofen—"
Doofenshmirtz,"Ah, the Grand Canyon. It's nice. You got the Colorado River, you got the giant robot fleas. you got these nice red rocks right h— (gasps) Wait a second! The Colorado River?! I thought we were in Arizona! (gasps) And wait another second! Giant robot fleas?!? Yeah, those are definitely the attack drones of an evil scientist. Yeah, y-you're gonna wanna punch it."
Doofenshmirtz,"(Laughs) You may think that I am defeated, Perry the Platypus. But I still have my Termite controlling Helmet! (Laughs, Jet pack sputtering; Screams) Save us, Perry the Platypus! Woah. Oh, (Laughs) I survived! ('Perry flips switch) Wait, what was that? Did-did you just hit the reverse switch? Oh, why do I even put that on there? I can't even reach it! What is wrong with me, anyway? (Termites buzzing) (Screams) Wait! Go away! (Screams) Stop! Help me! Help me!"
Doofenshmirtz,"Actually that's not uh, that's not really a Backstory, it's just an expositional Flashback. It doesn't uh, have any childhood trauma. It doesn't really form who he is. It's not... It's just Flashback, there's a difference. It's subtle, but there's a difference. (To Bannister) Anyway  you're not the only productive one. I've taken care of your moose problem."
Doofenshmirtz,"(looking at his watch) Perry the Platypus should be coming in about three, two, one. (Perry comes in on his rocket chair and lands in the bass drum, then the bass drum is put in the drum set) Ha-ha! And, (Perry rolls towards Doofenshmirtz  in the drum and he hops out of the way) drum roll! (Perry rolls past him) Missed me! (Perry hits the staircase, flips over, then pops out of one of the drum's head and hoops.) And, skull! (a giant skull falls over Perry and traps him, then Doofenshmirtz walks over to him) It worked! It worked, and finally I get some use out of these old Halloween decorations. I'm the master of ti- (Perry opens the skull's mouth and clamps it down on Doofenshmirtz's body) ow! Oh, this really bites. (Perry breaks out of the top of the skull) Oh no, wait! Not my Inator! (Perry pushes the ""X DESTRUCT"" button on the Tri-Governor-inator and it blows up) That's okay, Perry the Platypus. I'll be the master of time tomorrow."
Doofenshmirtz,"Yes, yes, there he is. The second he takes that award, ba-zing! There it is. It's chicken time, baby! (Perry throws the net back onto Doofenshmirtz) The net? Again? (takes it off) Really? You know somethin'... What are you doin'? (Perry hits the inator with a wrench and breaks the pedestal) Careful with that! (Doofenshmirtz catches the inator) Perry the Platypus, you are gonna get such a chickening! (He zaps the wrench which is replaced by a chicken.) Ah! (He zaps something down below. Cut to a posh old lady with a dog. The dog gets replaced by a chicken. The lady laughs. Doofenshmirtz zaps it again. It zaps a car, which gets replaced by a giant chicken. The man in the car laughs. A crossing guard is then replaced by a chicken. Two boys crossing laugh.) I hope you're noticing this, Perry the Platypus! Chicken laugh! Chicken laugh! See?! I told ya!"
Doofenshmirtz,"(gasps) Perry the Platypus. Quick, could you hand me that staple gun right over there? Thank you. Ahh… So what do you think? It's for my daughter Vanessa's birthday. I try to throw her a party every year. (He pulls out a roll of pictures, each with an unhappy Vanessa at an excessively girly party.) I know we usually go about our daily battle of good versus evil, but instead, could you maybe help me set up the party for my little girl? Please?"
Doofenshmirtz,"It makes whoever it zaps intolerably rude! He'll cause an international incident and in all the confusion, I'll just waltz in and take over. So, why the catsuit? Well, we're going to be at City Hall to watch the fireworks, you and me, and I figured a platypus in a fedora might attract too much attention! Smart, huh? (walks away with a smug look) See, me, always thinking."
Doofenshmirtz,"Perry the Platypus? You know, you could've waited till I put my pants on, that would've...at least been polite. And do you know what we do to rude people around here? (presses remote, trapping Perry in a capsule) We put them in a water-soluble capsule. Ha ha! And there's not enough platypus spit in the world to get you out of it. Yeah, hop this way, let me show you what I've been up to."
Doofenshmirtz,"And I quote, ""No additional agents are allowed to thwart any single evil scientist if said first agent assigned is still well and able to carry out his duties."" And though surrounded by salt, Sergei the Snail is technically still ""on duty,"" so as long as I have him trapped, you can't touch me! It's all here in black and... Whoa! Whoa! Whoa!"
Doofenshmirtz,"Doof likey! Well, first, I would place a robot army right here. Wait-wait, that's a one-way street, so they would actually, I guess, be over here. Wait—this is no longer a vacuum store. They actually sell tires. (gets out a red marker and writes on the building) T-I-R-E-S. Tires. They sell tires there. Wait, and who made this model? Th-This can't be a restaurant! They're not zoned for food."
Doofenshmirtz,"It's okay; I'll just take the jet pack. Now where did I put that-- Oh, what was I thinking!? I put the jet pack in there too!? I might as well have given him an escape hatch! I mean- (Bell ringing from the escape hatch) Well... guess I'm running. (Screaming) Heeeeelp!! Aaaaaaahhh!!! Heeeeelp Meeeeeeeee! Heeelp! Ugh! (Screams) Wait, go back! I forgot my little wooden head!!! (Explosion!) Yes! Yes, we are safe!"
Doofenshmirtz,"...because I was distracted by a leaky faucet in the kitchen! Turns out that that was actually the perfect idea. So I ditched the squirrels... You know, this isn't really making my evil plan short like I promised. Sorry. Anyway, behold! The A-Leaky-Faucet-inator. I will disgrace and humiliate Roger by dropping one big drop of water and..."
Doofenshmirtz,"You know what would be really impulsive? If you and me went out and did a little evil, just the two of us. (Perry slaps him in the face.) Yeah. Yeah, you're right. Maybe I should just go hit on the cute jump instructor instead. (to the jump instructor) Hi there. Y-Y'know, one of the best things about being a successful scientist is that I get to meet lots of attractive women, such as yourself."
Doofenshmirtz,"Wonder what that hit. Whatever it is, there's two of them now. Soon there's gonna be two of me, and then nothing can defeat me! Except maybe a-a bigger platypus made out of metal. Yeah, like that. (grunts) Curse you, Perry the Platypus! Even though I'm also a platypus at this point, and, uh... I hope this wears off soon. The novelty has worn thin."
Doofenshmirtz,"Gotcha, Perry the Platypus! If you think this is a sticky situation, you better hold on to that fedora. Behold, the Gum-Under-The-Shoe-inator! I took all the wadded up chewing gum in the entire Tri-State Area and fed it into this -inator. Yeah, I know, it's really unsanitary. Why don't people just throw the chewing gum in the trash? Huh?"
Doofenshmirtz,"(Ejecting a voice box) Not anymore! (crash) A teenage girl? (Perry/Candace dons the fedora) Perry the teenage girl?! (He pulls out a controller from his lab coat, pushes the button, and Perry/Candace is trapped in a platypus sized cage) Sorry about the tight fit, but, you know, if I knew you were going to disguise yourself as a teenage girl, I would've set a bigger trap. I suppose you're wondering why I have all these clowns, right? Well, you see, I've had that Slushy Burger jingle stuck in my head for, like, a week."
Doofenshmirtz,"""Where's Perry?"" is written on this wanted poster, hanging on a tree. And we see this little hand reach up and tear the poster down and the music kicks in all ""Chicka, chicka, chow, chicka, chow, chow, chicka, chicka, chicka, chicka, chow,"" and the opening credits start, like one of those cool 80's TV shows with a voice over. You know..."
Doofenshmirtz,"Thanks for pulling me out of the water, Perry the Platypus. But...this shirt's a little snug, are you sure you don't have anything bigger? (pause) Nothing? Hm? (another pause) Be careful with those marshmallows though, seriously. (to Vanessa) D-do you know how many s'more related accidents happen each year in this country alone? Do you? (The pieces jump on the mountains in the distance while the Quirky Worky Song version of the Skiddely Whiffers theme is heard.) Uh, I -- don't, but I bet it's a lot."
Doofenshmirtz,"Say hello to the Platypus Secret Agent Arrival In Order To Foil My Evil Plot Capture-inator! Or as I like to call it: my P.S.A.A.I.O.T.F.M.E.P.C.-inator. I made it up myself. Enough chit-chat! Let me tell you my latest evil scheme. You see, back before I was evil, I was something a little less than evil. I was a bratwurst street vendor."
Doofenshmirtz,"Okay, I'm almost ready, Perry the Platypus. (pointing to a heart monitor on his wrist) This monitor takes my pulse and transmits it to the Bum-Bum-inator, which will then broadcast my heartbeat to all the babies in the Tri-State Area. See? (the Bum-Bum-inator begins beating.) You might say I'm wearing my sleeve on my... I- I mean my heart is wearing, uh... Never mind, whatever, you get it! Ah-ha-HA-ha-ha-ha-ha-ha!! (raises the Bum-Bum-inator through the roof, broadcasting the heartbeat)"
Doofenshmirtz,"(sighs) Well, that could've gone better. (Perry consoles him.) Why do I even bother, huh? At least there's one relationship in my life that's worked out pretty well. Thanks for coming along, Perry the Platypus. Let's go home. (They walk away from the curb.) You are my rock. (Cut to a cannon.) And by that, I mean you're there for me, you're not made out of rock. You're actually made out of...well, platypus, probably. (They climb into the cannon, which fires.)"
Doofenshmirtz,Ah-ha-ha-ha-ha-ha! Now let's test my Gloominator 3000-inator! A couple of these ought to be enough. Let's see. Whoo-hoo! Look at them go! (A couple of pellets get shot into the sky and out pops a tornado) Perfect! Now for the real thing. (Perry pops out of his magic hat. Doofenshmirtz doesn't realize the platypus standing on his head) Hmm. Maybe I can squeeze a few more in there. Lemme see. Perry the Platypus? (Perry shoots a rabbit out of the top hat) Bobo the rabbit! Do you know that I've been looking for you since the seventh grade? (top hat cocks as Perry starts shooting more rabbits) Aah!
Doofenshmirtz,"Ha haaaa, you're trapped! Anyway, you know that feeling when you think you're biting into a delicious, gooey chocolate chip cookie, but (gasps) it's actually a gross oatmeal raisin cookie instead? That... That's how I feel about droogens. Seriously. Droogens have a very discouraging flavor. I left Drusselstein just to get away from that stuff."
Doofenshmirtz,"You've changed, Balloony. And I thought you were actually back-story worthy. It makes me sick! Well, I don't even need you anymore. Yeah, I've got an even better best friend. He's a really good listener, he even put up with me going on about how great you were! Ha! (Perry finally climbs into the spaceship) It's clear to me now that my real best friend is Perry the Platy—Oof! (Perry knocks him out of the large hole in the bottom of the ship)"
Doofenshmirtz,"You know, fire is the leading cause of fire. Woah, woah. Is that a Puttmaster 3000? (runs up to Lacie's tent) I love these babies, they're—they're so far out. They almost never collapse and...suffocate you while you sleep. But you know, (pulls out a book) the Tri-State Almanac says, they should be at least twenty feet from running water, (measures the distance of Lacie's tent and the water) and yours is an inch too close, maaaan."
Doofenshmirtz,"You know, I'm getting pretty good at getting down. What do you think, huh? After all, everyone knows dancing is evil! Perry the Platypus, what are you doing? Stop with the conga line. We're doing the Macarena. Perry the Platypus, where are you going? (-inator whirring; falls off the balcony) I don't believe it! You defeated evil while dancing! Curse you, Perry the Platypus. (-inator fires a ray; explodes)"
Doofenshmirtz,"Oh, this seems to be unplugged. There. (The -inator fires hitting Perry's trap) Oops. Uh oh, the film melted into…oil? That doesn't make any sense, it's not a Melt-inator. It's a-Oh right. Film is made from some petroleum product, and it makes it younger so, I goes it makes some sort of ridiculous sense. (Perry attacks Doofenshmirtz) One last setting on the De-Age-inator, and it will be ready to fire."
Doofenshmirtz,"Anyway, I had a lot of pests, so I decided to make the mantises bigger using my ultra-grow-inator. I would behold it, but I left it on the balcony. (Doof pushes a lever making him and Perry fall into a vent, as they sneak in.) The inator has a reverse switch, but there's an entire army of giant mantises in the way. (Doof pulls another lever and they emerge on one of the couches in the living room.) So you've got to help me get out there, Perry the Platypus! It's the only way to defeat them."
Doofenshmirtz,"Oof! (Exclaims as Esther sharply nudges him in the gut) I-it's uh it's Doctor Doofenshmirtz so- Okay, bye! (to Perry) See how cool I was with them, huh? (Perry's eyes flick to the camera, and he gives the audience a doubtful look) So, Perry the Platypus, I'll bet you're wondering why I haven't trapped you yet. It's because I've hired someone else to do it for me! (On cue, a boomerang flies on screen and slams into Perry. Scene cuts to show Perry tied up and suspended from an arbor) Hehe! Perry the Platypus, meet platypus hunter Liam O'Cracken! I found him on an evil consultant website."
Doofenshmirtz,"It's made up of only the most evil parts of my old Inators, cobbled together without any rhyme or reason. My plan is to load it on my floating platform, take it high above the Tri-State Area and, you know, turn it on and see what it does. (turns towards Perry) I have no idea but I-I'm sure it's gonna be bad. Hence, Very Bad-inator. (pretends to shiver) Ooh, I got a chill!"
Doofenshmirtz,"Oh man, 103? Seriously, if I was a hot tub people would be getting out of me. They'd be all like ""Wow, Heinz Doofenshmirtz is way too hot. We should get out of him."" Anyway, since you're here, I-I taped my rehearsal. I'll just play it for you. That'll be just as good. I shot this yesterday, I was feeling considerably better then."
Doofenshmirtz,"Now with my ball gown-inator, I will be the manliest man in the Tri-State Area! You know, by comparison. Because everyone else will be wearing dresses. A-After I shoot them with my ball gown-inator. Am, am I over explaining this? Because I have this whole musical number prepared, and... Oh, oh you're good. Okay. (at the dancers) Take five girls."
Doofenshmirtz,"(Screams) Ow! Easy, easy, you're tearing it! Eh, oh. I remember when this picture was taken. It was the happiest day of my life. (Snapshot) It was the day I decided get my picture taken. But, it wasn't till I got outside the photo store, that my life changed forever. I had a feeling that there was someone hiding behind the mailbox. I had a nemesis!"
Doofenshmirtz,"Aaaaaaaahhh!!! Hey, Perry the Platypus! (Perry opens Doof's parachute for him and then opens his own parachute.) Okay, Perry the Platypus, that is it! (he takes off his gold chain) This mid-life crisis isn't nearly as much fun as I thought it was going to be. From now on, I'm sticking with my predictable boring old life, (Doofenshmirtz drops the chain) with my predictable boring old friends. Uh, th-that reminds me, did you reserve the lanes for Thursday night? (Perry nods)"
Doofenshmirtz,"Yes, of course, I return the cart. I'm evil, not a monster. Anyway, behold the Red-Green-Shift-inator! It can turn street lights from red to green, and get me home before my groceries get grosser...ies. There's... There's something in there. I'll... I'll workshop it later. Anyway, I simply press this button, and switcharooney!"
Doofenshmirtz,"Ow! Oh! Ah, man! Ah! Uh, not to be high-maintenance or anything, but d-do you mind if we could fight a little quieter? Uh, the girls are watching a movie and I don't wanna dis— I didn't mean you have to walk away. (Perry comes back with pillows.) I mean we can continue to fight. It's just they're so— (Perry whacks him with a pillow) A pillow fight! Perfect! It's violent and quiet! It is on!"
Doofenshmirtz,"I'm just trying to figure out how to get out of here without ruining Vanessa's night. Food poisoning? No, no. Fake alien invasio— No, no, it's... (He falls backwards accidentally flushing the toilet he is seated on.) I'm just spitballing here. I'm spitballing. Ooh, ooh! Perry the Platypus, you stay here, and when I go in there, you call me with an ""emergency"". All right? Yeah, yeah, that'll do."
Doofenshmirtz,"And... whoa! Uh, you know that whole taking over the Tri-State Area thing? I-I was just bluffing. I-- I hoped maybe if I just told everyone I was in charge, they'd be too lazy or too busy to, you know, actually... check. (His phone rings) Oh, hello, Roger. (He makes a face to Perry) Uh-huh. What? You are? Me? In charge? It worked? You're kidding! Y-You're not kidding?"
Doofenshmirtz,"(seeing the tilted Non-inator) Oh, now look what you made me do... 40 seconds ago, Perry the Platypus. Now I'm gonna have to even out the legs! But first, I'm going to get even with you! (pushes the remote's button, but it doesn't work) I, oh, I, uh, I... I seem to be out of batteries. Could you wait while I go get the, um, uh... (Perry points another remote at Doofenshmirtz and fires) Perry the Platypus, no! (Doofenshmirtz ducks; the remote's laser misses him and hits the Non-inator, which explodes) Okay, maybe the ""-inator"" name wasn't the problem."
Doofenshmirtz,"Uh, uh guys? Uh look uh don't hate me, but uh, I went into the kitchen to get some almond brittle...love it!...and lo and behold it turns out I did have figgy pudding. Quite a bit actually. I, I guess this whole thing was pretty easily resolved. I feel kinda sheepish about making such a big deal. Anyway here, figgy pudding."
Doofenshmirtz,"(voiceover) Then I decided it would be easier to just use a bat. So I ordered a retired stunt-bat from a low-budget bat circus that had recently gone belly-up. You know...the economy. I was on the precipice of Tri-State Area domination. At last, I had the ultimate creepy soldier! (Derek the bat squeaks) And then I remembered, I had a very mild phobia of bats."
Doofenshmirtz,"Okay, I'm almost done charging up the shocky-socky-suity suit. You know it's the technical side of evil that I think people don't really appreciate. There! Now watch as every balloon in the entire Tri-State area is ripped from the hands of children and clowns, and ... clown-children. Hahahaha. (He connects himself with the Static Electro-Amplif-Inator stealing balloons from children, clowns, and clown-children, filling up DEI) Wow, that's a lot of balloons."
Doofenshmirtz,"No no no. This isn't Johnny. It's, uh... (whispering) Perry the Platypus, I'm glad you're here. Could you go find Johnny and bring him back to the classroom? He's got greasy hair and he's wearing a trench coat. Mmm, and he's also part-gorilla, part-lizard. You can't miss him. (out loud) Class, Mr. Platypus is the...occasional assistant teacher."
Doofenshmirtz,"(in ad; **Instrumental: ""Kronk for Hire""**) All You Can Eat Drusselsteinian Buffet! It's food the way your mother never made! We've got Hassenfloffer Entrail Waterzooi, with Gopher Gut Au Gratin! Fuzzy Fungus Flugelbrotchen! And an assortment of tripe-based desserts! And those brave enough can try our new Mystery Lump! Remember, ""Doof"" spelled backwards is ""fooD""!"
Doofenshmirtz,"And with this garnish, I leave nothing to chance. Ha ha ha! The meatloaf is complete. (doesn't see Perry escape) Ooh, there's the judges. I'd better zap that guy's meatloaf. (tries to zap the meatloaf but zaps Perry's box, rotting it) I rotted the trap? Oh, I should've never made that out of biodegradable materials! Stupid Mother Earth! (Perry punches him) For that, I'll turn you rotten, then perhaps you'll stop annoying me! (repeatedly fires the Rotten-inator)"
Doofenshmirtz,"Meet Terry the Platypus, and say hello to Larry the Platypus, and say aloha to Jerry the Platypus. (shows distorted Perry lookalike) Yeah, he was the first one out of the batch, but you know, he was so cute, I couldn't bear to...(Jerry hits Doofenshmirtz with the pipe he was drooling on) Ow! Ow! No, no, Jerry, you do not hit people. You do not... (Jerry hits him again) Ow! No, use your words, Jerry. (talks to the Perry lookalikes) Anyway, all you guys, go get him!"
Doofenshmirtz,"(laughs) This is fun! There's just...one tiny, minor flaw to this machine. There's a good chance it could tear apart the very fabric of space-time, possibly even destroy the universe. But I mean, golf, jeesh! Totally worth it. (Perry runs off) Whadaya say we amp this up a little? (Perry whacks the inator with a golf club.) What, are you out of your mind?! (The scene reverses.) !?dnim ruoy fo tuo uoy era, tahW"
Doofenshmirtz,"(Groans) After all my evil attempts to dominate the Tri-State Area, this one little accident has ruined my reputation. Worst of all, it happened on the eve of the Evil Scientists' Fraternity Reunion. If they see that broadcast, I'll be a laughingstock. They might even take away my membership, and then I'll lose all my benefits."
Doofenshmirtz,"Ah, Perry the Platypus, just in time for your little lesson in static electricity! (A mechanical hand rubs Perry against the carpet, causing him to poof out, then flicks Perry onto a wall, trapping him) Looks like I rubbed you the wrong way, Puffy the Fuzzypus. You might ask; Why the carpet? What is he doing? What is going on? Why is he listing questions I might ask him? Well, I believe the answers are best expressed in back story form."
Doofenshmirtz,"How am I supposed to take over the Tri-State Area with a bunch of these? Uh where's the horror, the terror, where's the- (Perry gets out of his trap) Oh nooo! Well, you know you're gonna have to wait in line, Perry the Platypus! First I gotta deal with this! I mean, this looks like a turkey, it's like Thanksgiving. (Dodo bird pecks Doofenshmirtz furiously) It's EXACTLY like Thanksgiving!"
Doofenshmirtz,"What kind of twisted gibberish is this? (Perry approaches a chair under a veil and uncovers it.) That's it! Henrietta's chair lift! Oh yeah! Here, (patting his knee) you can sit here, Perry the Platypus. (Perry shakes his head.) No? Alright, suit yourself. (He activates the chairlift.) We're comin' for your treasure, Henrietta-aaaaaaaaaaaaaaaa! (The chairlift speeds up and flings Doofenshmirtz into the red stained glass window. It seems like he's about to crash and break it, but doesn't. Instead, the window flips over and Doofenshmirtz lands in the moat and takes out a piece of paper.) Ha! I got it! (An alligator arises from the moat.) Yaaaah!! They shipped the alligator, too? Get away from me, Susan! We talked about this!"
Doofenshmirtz,"Ha-HA-ha-ha-ha! Mmmm, so, how does it feel to be a loser, Perry the Platypus? I mean, that's a rhetorical question. 'Course, if anyone should know how it feels, it should be me, but... (to crowd) All right, everyone! Follow me; we're taking over City Hall! (runs out of room; no one follows him, so he comes back in to find the crowd cheering) Hello? What are you doing? Obey me! Hey, wha-what about your resolution?"
Doofenshmirtz,"Wha-? Where... where am I? How did-? (looks around and sees crop circles that he made) What's that awful taste in my mouth? And when did they do all this beautiful landscaping? (the clouds covering the moon float away; he sees the full moon then gasps) Oh, no!! (Perry arrives) Oh, Perry the Platypus, thank goodness you're here! Quickly, we have to get me back to my lab before I moo again! Or mow, 'cuz, you know, see, it's grass and you mow grass... (starts turning into a werecow again) Mooooo!"
Doofenshmirtz,"Hey, aren't you getting tired of this? Hold still! I'll -- (He suddenly zaps his meatloaf, turning it rotten) OH, NO! MY MEEEATLOOOAAAF! You know, I've noticed how often my inators hit things that I never intended them to hit. It's quite oft... (Perry punches Doofenshmirtz, causing him to release the Rotten-inator. He catches it) Perry the Platypus, give me that back. (Perry throws the Rotten-inator into the blender, causing it to be destroyed) AHH! Oh, and you had to put it on ""puree"", didn't you? CURSE YOU, PERRY THE PLATYPUS!"
Doofenshmirtz,"And now, Perry the Platypus, (activating his inator) it is time for revenge! Goodbye, hot dog street ven— (Perry pushes Doof to the ground.) Oh, what the?! How did you get out of my trap? (Cut to reveal a wooden Perry in the trap with a tag saying ""DECOY"" on it.) A decoy? That doesn't even make any sense! But, okay, I surrender, I'm a reasonable man. (reaching around) I know when it's time to (grabs a bratwurst and whacks Perry with it) fight back! Waa-ha! (Perry wipes away the grease on his fur, takes off his fedora, and produces a hot dog from out of it.) Woo-ho-ho. Your hot dog is no match for my bratwurst!"
Doofenshmirtz,"You see, Perry the Platypus, you are no match for my pigeons. I have conditioned their tiny, little bird brains to do exactly what I say, by using my brand new very evil invention called: The Poop-Inator. (at Vanessa) Vanessa, please. Thank you. (at Perry; stammers) You two have met, right? Vanessa, Perry the Platypus. Perry the Platypus, Vanessa."
Doofenshmirtz,"Welcome to my Hall of Inators. Ah, here's a good one. This-This was my Oatmeal-to-Porridge-inator. I know. It's a fine distinction. Don't get me started. And here's my Multi-Helio-Tactical-Baboon-Glom-inator. I-I-I think that one's self-explanatory. Oh, and, uh, here's my Waffle-inator, and the Junk-Mail-inator..."
Doofenshmirtz,"So, what I am going to do is I'm going to move the light house all the way over here, to the other side of town! (moves his cardboard lighthouse to the other side of the scale model) The boats will follow it, like moths following a...have I already used that, uh...that metaphor? I think I...how about bees to...whatever bees go to, or flies to...oh, let's just go with the moth thing."
Doofenshmirtz,"(panting) Man, you guys are... You guys are fast. Ah, so this must be your...your host family's house. What's with all the rockets in the r— Oh, those are mine! That must be where they landed! Wh-What a coincidence! Well, it's a good thing they're not armed or... (The rockets start beeping. Doof chuckles.) Don't worry, Perry the Platypus. Everything is gonna be okay."
Doofenshmirtz-2,"(laughs) I got you, and I got your little friends, too. Game over. You lose! I win! Mark this the hour of your doom, Perry the Platypus! (checks his watch) Three-forty...ugh, I got one of these watches with just the little hash marks. It doesn't even have numbers on it! Wait. Let's just say it's between 3:30 and 4:00, Eastern Standard Time."
Doofenshmirtz,"And, well, I forgot exactly what happens after that. (The lights come back on) Oh, hey, the lights! What do you know? (Gets up and stretches.. Perry also gets up and stretches) Oh, I got no time for my diabolical plan now. I've got the chiropractor at 4:00. (Walks Perry to the door) Could we pick it up tomorrow at, say, my evil scheme monologue? Good! (Camera zooms into him) But, you know, I wonder who actually did win the Best Monster Contest."
Doofenshmirtz,"(Flying in his biplane) Now to go make my millions with my trusty Switch-Place-inator! Where is it? (He sees Perry has it, and Perry shoots himself and a bird, switching their places, and making Perry fall into Doofenshmirtz's plane) Perry the Platypus, you-you didn't by any chance-(Perry hits him with the inator) hand it over, it belongs to me. Give it, give it, give it, give it. (They begin fighting and doing other things on top of the wing. They start with playing badminton, then fishing) This is what I call ""fly fishing"" (Now Doof's teaching Perry to ride a bike) Haha! Yes! Yes! Attaboy! (Throwing Perry a party) Make a wish. (Perry blows out the candles) What'd you wish for (Perry resumes beating up Doofenshmirtz) That's what you wished for?"
Doofenshmirtz,"Now, I will conquer my fear and jump from the high dive. But you know, I-I still don't want any of these people to look at me and make fun of me. So I invented the Look-Away-inator! You'd think it would attract a lot of attention at a public pool, but so far no one's noticed it. It must be leaking or something."
Doofenshmirtz,"First stop on our shopping spree. You know, I've always dug the Sphinx. I mean, what is it? A man? A cat? A cat-man? It doesn't matter. Aaand gotcha. Now I switch on my Shrink-inator ray and... it's mine now. There you are. Perfect. Look at—look at the detail. Well, you know the saying: ""Honk if you love evil""! (laughs, flies off)"
Doofenshmirtz,"Agh! What kind of elevator falls at the speed of gravity? Why did they even put an elevator there? I could just jump down the shaft or... (gasps) The deed! Well, I guess it's not...not all that hidden, then, is it? Well, maybe it's just easier to find 'cause I'm hidden! Yes, I (reappears) knew that was a real saying! Come to Papa! (gasps)"
Doofenshmirtz,"Oh, I see Roger left me a note. Let's see. ""Bro, thanks for filling in for me. You're going to make a great fall guy. I mean, mayor."" Aw, that's so sweet. (Perry shakes a box he's holding) Go ahead and put that on my new desk. (Perry sets it down only to have it wrap around him, trapping him) Ha ha! Made you carry your own trap. Now, my first order of business is to make all the citizens of Danville bow down--"
Doofenshmirtz,"But he's your nemesis! He's gotta know what he's thwarting! I mean, that's just common courtesy! What, you expect him just to infer it from your complicated backstories? (Mystery simply walks away.) Wait, don't—Oh, no. Don't tell me that you've never even given him a backstory! Well, there's your problem! There's your problem right there!"
Doofenshmirtz,"What's wrong with it? Do you realize what would happen if all the other evil organizations found out we were sharing? They'd be all, ""Oh, look! There goes L.O.V.E.M.U.F.F.I.N.! They share! They're gawky and uncoordinated and they wear no name-brand jeans!"" Well, maybe people can't afford designer jeans, Julie!"
Doofenshmirtz,"And stop interrupting me! Anyway, I've done lots of research for the past... you know, few hours... and I, and I found out that most people will believe anything they read! And I know it's true, 'cause you know I... I read it online somewhere. So, my new weapon to take over the Tri-State Area is... propaganda!"
Doofenshmirtz,"See? They all have ""-inator"" in the name. That is why they fail. Which is why I named my latest creation, The Video-Beam-Hijack-Non-Inator! You see, I added ""non"" to the name, because ""non"" means ""not"", so it's a ""not-an-inator"", therefore, it can't not fail. Get it? I mean, it can't… can't fail, it… okay. It-"
Doofenshmirtz,"Hehehe, what Francis doesn't realize is that this is more than a Music Video Clip-inator, it's a Music Video Mind-Control-inator! AHAHAHAHAHAHA- (Notices crowd, maniacal music stops abruptly) Oh...Hi, um, ahem, I mean uh- I was- I was just saying... Mimes control my gator! See, look over there! (Pan out to see two mimes performing in front of two alligators) And you thought I was making it up! Now, onto video number 6!"
Doofenshmirtz,"But this year, I won't be celebrating my birthday alone. Behold, the Slave-inator! You see, the crowd will do whatever the Slave-inator tells them to do! (he types some keys and the word CLAP appear on the inator; horn blows; Agent P claps) I even have a ""clean up party"" button, (CLEAN UP PARTY MESS appears on the screen; horn blows; Agent P picks up the cake) because the worst part of a party is the cleanup, am I right? (helicopter blades lift the Slave-inator) Farewell, Perry the Platypus, and happy birthday to me!"
Doofenshmirtz,"So, now you know my plan. (Footsteps approaching) C-Can-Can you hold on a second? I've got to go settle up with the dancers. (to Dancer) Okay, so you guys are all union, right? (Signs check and rips it out of checkbook) All right, here you go. And... Uh hey, you know, when I'm done with this thing, maybe you and I could, uh... (Dancer walks out of room) Uh, okay, okay. I'll call you! (At Perry) I think I got a shot there. (Camera pans to Perry, who rolls his eyes)"
Doofenshmirtz,"Not yet, Norm. Now on to my plan: I recently learned that in most of the world, there's a tradition where people decide to change something about their lives in the coming year, and they call it ""a New Year's resolution."" I-I-I had no idea; you see, back in Drusselstein, change was frowned upon. Any change!"
Doofenshmirtz,"(Though he is still strapped to the metal panel, he has changed back into his usual form) Ah! Back to my old self. Y-You know, that wasn't so bad. In fact I rather enjoyed large portions of that process. (Two robots load the container into a pneumatic tube, which sends it to an upper floor) Hmm, extraction. Who knew? (Peter the Panda and Perry the Platypus appear at the back of the metal panel) Peter the Panda! And Perry the Platypus! You're working together to rescue me? Oh that's really nice of you. (The two robots notice the agents and begin to advance towards Doofenshmirtz) Uh-oh. Hey guys? A little help here. (Peter and Perry pivot the metal panel upwards, which sends the robots crashing through the wall. More robots start to stream out of hatches in the walls of the chamber) This is some rescue. (Peter, Perry and Doofenshmirtz run away from the robots)"
Doofenshmirtz,"(looking like Teddy Roosevelt) Okay. I can tell by the way you're looking at me that I'm suddenly the twenty-sixth president of the United States, Teddy Roosevelt. Downside is: I'll be succeeded by William Taft. Blech! The upside, Perry the Platypus, is that the hero of San Juan Hill was a heck of a pugilist. Put up your dukes. Come on."
Von Doofenshmirtz,"Allow me to introduce to you my sidekick, Pneumatic Pnorman. And both of those are spelt with a ""P"". You know, the... The ""P's"" are silent. I don't even know why they put them in there, if they're not gonna pronounce 'em. It's just a waste of a good letter, that's what it is. But, I babble. Back on topic."
Doofenshmirtz,"That doesn't even make any sense! Why would you make resolutions if you're not ever gonna fol... (to Perry) Did you know about this? You did! You knew about this and you still punched and kicked and pinched me. (Perry shrugs his shoulders) Ah, I guess you're right. That's... that is what we do. (Perry blows a noisemaker) Aw, thank you, Perry the Platypus. (Doofenshmirtz blows the noisemaker) Happy New Year."
Doofenshmirtz,"Welcome, you lucky people in attendance, I am Dr. Heinz Doofenshmirtz and I'm here to introduce you to my eight-step program for ruling the Tri-State Area! I- I mean overcoming obstacles and the path to self-fulfillment. Heh, heh! Right! Nothing evil there. Anywho, behold, the Inator Method! Hit it, Norm!"
Doofenshmirtz,"Now, which button was it? Because one of these buttons just makes it fire willy-nilly all over the place. And heh, I don't want to hit that one by mistake. (Perry uses his tail to knock on the door that is holding him) Oop, someone's at the door. I'll be right there. Oh excuse me Perry the Platypus, what can I do- (He opens the door, freeing Perry, who punches Doofenshmirtz into the Dupic-8-inator, setting it off) Oh see there, that's, that's the willy-nilly button. (Perry dives at Doofenshmirtz, while the -inator fires off randomly)"
Doofenshmirtz,"Oh, she's fine, but she could use a little company! (He pushes Isabella into the trench) Ha Ha. Now, if you don't mind I've got a little ceremony to conduct. Let's see, probably instructions on the back or you rub it or twist it... (The amulet activates and starts shooting out yellow lightning.) AAAHHH! AAAHHH! Okay, okay. Getting used to it, getting used to it. And, I'm good! Ha, Ha, Ha, Ha, Ha, Ha, Ha. (The yellow lightning hits the colossus and it awakens)"
Doofenshmirtz,"Fortunately, Vanessa's wearing the earrings I got her. They're made out of these cool little tracking devices. Look, see; the signal's not too far away but it's on the move. That way! Woohoo! Team Doofenshmirtz, ho! (Perry and Major Monogram glare) What? What, Like I'm going to let you name the team? Organization Without a Cool Acronym?"
Doofenshmirtz,"What? How are we supposed to go over the- OOF! (Perry kicks Doofenshmirtz off his chair) Aw, curse you, Perry the Platypus- a-and by ""curse you,"" I mean ""thank you!"" By humiliating me, you have inadvertently provided me the last tragic backstory I need to put this baby over the top! Remember two seconds ago when you foiled my latest plan? I do!"
Doofenshmirtz,"You didn't think I'd recognize you, did you? But I do! You're Dr. Lloyd Wexler, my greatest hero in all of evil science. Oh, I can't believe I'm actually talking to you! You know, I wrote my thesis on one of your early ransom notes. Gee, you wouldn't mind if I just hung around with you today, would you? (Perry blinks twice)"
Doofenshmirtz,"(laughs) And now you're imprisoned by your own celebrity. Now I suppose you're wondering why I have this large papier-mâché version of my own head. Don't worry, it will come into play soon. You see, ever since I was little, people have always forgotten my face. I was even voted Least Recognizable in high school."
Doofenshmirtz,"It's an expression! Hmm! (At Perry) Perry the Platypus? Wow, Rumpkinhossen'. Five seconds and you've already gone native. Well, don't worry, I'm not doing anything evil today, I'm just here to renew my driver's license. (Shows his license) Say, as long as you're here, why don't you stay and keep me company? (pause) Pleeease? It's so boring. (Perry facepalms)"
Doofenshmirtz,"My plan is to give everyone all the sheep they can count, putting all of Danville to sleep, allowing me to take over the... What? What? You're giving me that look. You no likey? Y'know, they can't all be gems, Perry the Platypus. (sighs) You really know how to take the wind out of a guy's sails, you know that?"
Doofenshmirtz,"Oh, what a little angel. I'll just have to tell you my evil plan subliminally, like, like when people listen to foreign language CDs in their sleep. I did that once and now I can totally speak Portuguese to sleeping people. Anyway, recently, I was musing to myself about how lucky my brother, Roger, is."
Doofenshmirtz,"(kicks Perry out of the way) Perry the Platypus, I can't fight you and drive at the same ti-Ugh! It's a good thing I installed my Hitch-a-ride-inator. A-ha! Voila. We are locked together. They do all the driving and I don't have to. Now, where were we? Wait. Hey! Where did you go? (Perry attacks him from behind) Ow! Ow! Ow! No! No! (Perry pushes Doof against the windshield) Hey! Hey, what the heck, man?"
Doofenshmirtz,"You betcha! Y'know, y'know, I really took our last session to heart, so I built a very special inator. Behold! The self-destructing-self-destruct-inator! Designed to self-destruct the self-destruct button. A symbolic act of confronting my self-destructive behaviors. I know, it's a little on the nose."
Doofenshmirtz,"Nobody reads them, they're like a hundred pages long and pages 2 through 99 are useless, like, like parsley on a dinner plate. Nobody eats it. Y'know, if they're gonna put stuff on your plate that y-you're not gonna eat, why not make it something useful, like a-like a keychain or, or gold doubloons."
Doofenshmirtz,"...and by ""inopportune"", of course, I mean, ""Completely opportune!!"" I was just on the way to drop an entire container of ""eulg"" on the Tri-State Adult Diaper Factory! And what is eulg, you may ask? It's the opposite of glue. (Squirts some on a boombox.) A few drops of this will make anything fall apart. See? Now, witness as I—"
Doofenshmirtz,"You know what? Just—Just bring the ball in front of the Kickinator. Just—Put it right th—What are you doing? I didn't say a mile away! Right here! Bring it closer. Okay. No, no! Oh. That's a little bit better. Step back and get ready to witness some real kicking. (He kicks the ball perfectly, and the ball goes into a tree. A bird falls out.) I did it! I did it! (The Kickinator kicks his chin again and he falls on his back.) I still did it!"
Doofenshmirtz,"Ha! Gotcha! See, I began to think, ""If only I had a nickel for every time you pushed my inator's self-destruct button"", and then it hit me. You wouldn't have a nickel either because you don't have any pockets! Wait, wait, wait, what are you-?! (Perry takes off his fedora revealing a nickel on his head.) Oh, I forgot about your hat. (Perry puts the nickel in the slot.) Curse you, Perry the Pla--"
Doofenshmirtz,"Oh, who needs him? He never even does anything until after I tell him my plans. He just stands there like a potted plant. (pauses, then notices a potted plant) In fact... (places a folded newspaper hat on the plant) Ah, Planty the Potted Plant. How unexpected! (pushes a button) I'd invite you to foil my latest scheme, (A rope comes down from a vent) but I can see you're all tied up. (Planty gets captured) You see, I don't even need Perry the Platypus!"
Doofenshmirtz,"Well, it isn't so much an evil scheme as much as a childish prank, but I've invented a-a Mustache-inator! (shows Monogram the inator) It gives people big, bushy, ridiculous-looking mustaches. Because, as we all know, there's nothing sillier than a big, bushy... (chuckles nervously) All right, uh, uh... But hey, you know, it-it looks good on you!"
Doofenshmirtz,"So, Perry the Platypus, allow me to introduce the Media Erase-inator! Patent pending, Doofenshmirtz Evil Inc. It will erase all video signals, print ads, photographs, basically it will erase any image in the entire Tri-State Area! And I will be able to attend my reunion without any embarrassment."
Doofenshmirtz,"But counting sheep does work for a lot of people. Hence, and behold, the thing that you're already beholding, my Go-to-Sheep-inator! Lookit, Perry the Platypus, this is my favorite part. The inator rehydrates sheep from a packet of dehydrated sheep that I ordered off of a Drusselstinian website."
Doofenshmirtz,"Perry the Platypus, I-I'm so sorry I hurt you; When I wasn't actually trying to hurt you. If you give me another chance, I promise to hurt you in the right way. With cartoonish physical violence and elaborate traps constructed out of strange things I purchased over the Internet. What do you say?"
Doofenshmirtz,"No, no! No jumping! No jumping! Uh, y'know what? Just give the phone to Vanessa. Could you get—? Thank you. Vanessa, I have some very specific instructions for— (An extension cord finally drops out of the sky the way Doof wants.) Oh, thank you, sweetie! (hangs up) I mean, if I don't harness it, this human power is just wasted. (He plugs the treadmill into the extension cord. To the man on the treadmill.) Keep running, dude. Keep running. Keep running."
Doofenshmirtz,"Here it comes! Here it comes! (gets the key) Ha ha! Yeah! I got it! At last, I, Heinz Doofenshmirtz, can open any door with this, the Key to the City—you know, I can't believe it's so cartoonishly big. I-It's almost like it's not a real key, but just sort of, symbolic of a key. It's... (sees Perry) Hey, what are you doing?"
Doofenshmirtz,"I know, huh? These massive propellers will physically dislodge the entire Tri-State Area from the Earth and raise it up into the sky where I will then pilot it around and you know, run some errands or something, and refuse to return it, until they make me their leader. (Doofenshmirtz activates the propellers, dislodging the Tri-State Area from the Earth.) Hmm. Well, that went well."
Doofenshmirtz,"You know, if you were flashing back just now, I couldn't see it. I'll bet you're wondering what I'm doing here at the beach... At the clam bake. With an oven. And normally, I'd be all about telling you, and it's a really cool plan, too! It involves my latest invention, the Peach Cobbler-inator."
Doofenshmirtz,"Yes, this new robot of mine is much more evil than Norm. Course, it can't talk, but that can be a good thing. And it even has a convenient blender attachment. (The robot's dome opens and produces a smoothie.) Next, I'm thinking of a platypus purée. (cut to Norm's room) This new model requires so little energy to run, it really makes clumsy old Norm quite obsolete. (Norm peaks out from behind the door.)"
Jekyll Doofenshmirtz,"(Back to normal) Jameson, I think I found the problem. I had the Brew-Inator set to ""Fairy Princess"" by mistake. (Turns the dial) You know, in hindsight, I question even including a (Turns on the Concoction Brew-Inator) ""Fairy Princess"" setting to begin with. (The Concoction Brew-Inator whirs then turns off. He grabs the cup) But, you know, live and learn. Cheers! (Drinks the potion) Hmm... Evil has an interesting flavor. I must tell my friend, Dr.-- (He grunts and screams as he turns into a monster)"
Doofenshmirtz,"(sarcastically) Oh, very clever. Take my accusing finger and point it back at me. (Normal) So-So you think I'm responsible for my failures? (Perry nods) Well, you're wrong! I can prove it. If you would just let **me** try my junkyard scheme without interfering, it will prove to you that **you** are the source of all my failures!"
Doofenshmirtz,"(after landing near a hamburger flipper) Ha! I'll crush you with my Burgermatic hamburger flipper! (He turns it on, but the top parts simply spins around. He throws it away.) Alright, forget the Burgermatic. Let's see how you fare against my Shrinkinator! (Perry turns it on, and Doofenshmirtz shrinks.) Curse you— (Doofenshmirtz holds up his hand to reveal it is massive.) Hey! Hey, you missed my hand! Oh, now not only am I shrunken, but I'm freakishly shrunken! Curse you, Perry the Pl— (His giant hand practically crushes himself.) Aw, this is kind of heavy."
Doofenshmirtz,"OH, he makes me so angry! I'm... uh, because he's so right! I need time to finish my Inator! All I've got so far is the fog machine and that's just to add some ""pizzazz"" to the presentation. I could turn it on and fog out the whole contest, but all that would do is buy me some time...heeeey!"
Doofenshmirtz,"Perry the Platypus?! Oh, and-and your pet dog. How did you escape the clutches of bureaucracy? (Perry holds up a piece of paper with the number ""7"" on it.) Oh, oh, you took a number. I guess the line wasn't as long as I thought. But you're too late! (disappears again) Once I get outside, I will own the Tri-State Area! (Pinky kicks Doof into the ground as he reappears again and a bunch of rolled up papers fall on the ground) Wait Which one is it? Oh, great, now I'm confused!!"
Doofenshmirtz,"You see, Perry the Platypus, the entire Tri-State Area-- (Scratching) Hey, what-- What are you doing? Is that an invisible file? You've forced my hand! I have no choice (Presses the button) but to open the trap door, (The door opens) and release... the invisible tiger! (Turns around) Hmm... Uh, are you feeling any biting or scratching in there, because--"
Doofenshmirtz,"And that's a weird thing to tease someone about because who practices photosynthesis? It's literally just plants. But I guess they'd run out of taunts and had to get creative. But now they won't laugh at me anymore because I've created an entire army of me-plants! Look at these guys, huh?"
Doofenshmirtz,"You know, in retrospect, I probably went a little overboard with the traps on this thing. Alright, I'm going to try to reach the release switch for the trap holding your arms. Then you try to reach the steering wheel and change our course away from Mount Kilimanjaro. Interesting trivia..."
Doofenshmirtz,"My father said the dog was like the son he never had and named him Only Son. Only Son became an award-winning show dog, bringing my father fame and fortune, while I was forced to be the lawn gnome. Y-You remember that story, right, with my neighbor, Kenny? I don't have to go through - OK."
Doofenshmirtz,"Oh, Perry the Smarty-pus! (Perry quickly looks up) Behold, the Sand-inator! (Perry glares) I'll bet you're wondering what it does, huh? Huh? Well... Well, it's easy. It causes great, irritating sand to wedge itself into your swim trunks, causing you to chafe and get a rash and have a lousy day at the beach. How do you like...?"
Doofenshmirtz,"Oh, that. You see, as I get older, I find it's harder and harder to read my small, little wristwatch. So, I will launch Big Ben into space, and fly it all the way to the Tri-State Area. (He demonstrates on a scale model) La-la-la, here I am, la-la-la, I just woke up and I want to know what time it is – Yes! I am a genius!"
Doofenshmirtz,"...And done. So Perry the Platypus, in fifteen seconds, the Tilt-inator will turn my building into the leaning tower of Doofenshmirtz! And you'll notice, there's no self-destruct button, no reverse levers, no abort switches, it's completely Perry the Platy-proof! Nothing can stop me now!"
Doofenshmirtz,"(gasp) The mysterious platypus from the casino! (Perry puts on his fedora.) Perry the Mysterious Platypus from the Casino?!?!? Bet you're tired of standing 'round, aren't you? (Doof pushes a button and traps Perry in a pile of tires.) See? Tires. I thought it apropos, you know, this being the Grand Prix and all. Wait 'till you see my new lair! (The yacht drives into a cave tunnel.) Not too shabby. Hey, Norm, I'm back!"
Doofenshmirtz,"Ooh, check it out, Perry the Platypus. There she is. That's Rosie. (cut to a woman with light red hair and freckles wearing a magenta dress holding a red Solo cup) She's from Hazel Park (whispering) by the racetrack. (out loud) Why don't you go over there and sit with the other wingmen? (cut to outside a barn where a fighter jet is parked and three fighter pilots are sitting and giving thumbs up) And you can, you know, give me hand signals in case I get stuck. Right? (He approaches Rosie) Heh, hi there. I'm...I'm JohnnyRingoenshmirtz217."
Doofenshmirtz,"Don't go away, folks. When we come back, we'll have the final four. (He pauses and holds up three fingers. He realizes his mistake and holds up four. The crowd laughs) Plus, a special video that will ENSLAVE THE TRI-STATE AREA!! HAHAHA... I-I mean uh... engrave my pie-plate carrier! (pauses and picks up pie plate carrier) Look, it's silver! It was a wedding gift. I got it in the divorce! That's right ladies, I'm available!"
Doofenshmirtz,"Ah, The Unicorn Whisperer, the feel-good movie of the year. And soon it will be gone. (Laughs maniacally; Agent P appears) Oh, no! It's Perry the Platypus! Ha! I fooled you, Perry the Platypus! I'm not really scared! (Laughs) I'm not scared, because I have a new security system. Voila! (door opens to reveal two robots that look like Abraham Lincoln and George Washington) Ha ha! Do you like them, Perry the Platypus?"
Doofenshmirtz,"What? Perry the Platypus! How did you get out? (Doof charges with a wrench) Aaah! (Perry dodges and Doof hits his inator) Ow! Hey! Not fair! Oof! Okay, no more Mr. Nice Guy! Come back here, you little... (Accidentally presses one of the buttons; wires fall on him; he brushes them off) Ah, see? I told you I had to watch my step in here. (Pushes another button; gets trapped by wires; more falls on his head to create a turban; even more completely covers him) I know what you're thinking, but this is neither ironic nor funny. (Pauses) Are you... Are you still there?"
Doofenshmirtz,"And what does he expect, he's my nemesis. I'm a stone-cold villain. I'm ruthless. I have no ""ruthes"". ... Still he...he looked so sad and pathetic when the bus pulled away, and—AH, I should think of something else. Kreplach! Kreplach! Eastern European comfort food. You like kreplach?"
Doofenshmirtz,"Oddly enough, she did become a pop star later! I'm still struggling with the whole Tri-State Area thing, but y'know, the dream is alive. (walking to the other side) Anyway, they recently reopened that drive-in, dredging up all these unpleasant memories for me. So, naturally, I built this. (He gets trapped, and trips, causing the huge device to fall off the rocket-powered jet skiff.) Oh, really?! Really?!!"
Doofenshmirtz,"Ah, Perry the Platypus! Your timing﻿ is impeccable. And by impeccable I mean: Completely peccable! (Laughs) You are just in time to witness my latest scheme. Behold, my Drill-Inator! I will bore a tunnel to China, build a toll highway, and make millions! So, as they say in China: Arrivederci! (Perry uses his own drill machine to drill into Doof's Drill-inator and begins delivering punches)"
Doofenshmirtz:,"(he drives up to the entrance in his truck.) Yeesh, what a dump! (enters into the motel; mockingly) Well so much for Mr. Big Shot Super-villain. (walks over to the man at the front desk) Uh, yeah hi. I'm looking for someone named... (Checks piece of paper) Mr. ""The Regurgitator."" (The man rings a bell, and the front desk slides away to reveal a secret elevator. He steps inside the elevator curiously [**Instrumental: ""****I'm Lindana and I Wanna Have Fun""**] and then it goes down to the lab. He exits into a hallway and sees a blue button labeled in red text warning.) Hmm. ""DO NOT PUSH"". Eh. (He stares at it for a few seconds before he pushes the button and is sucked into a vacuum tube, screaming all the way down. He lands hard on the ground in another room.) Oh, my Heinz henie! Look at this. All this technology, a giant vacuum tube, and they can't afford a throw pillow? (notices The Regurgitator nearby) Oh, hello."
Doofenshmirtz,"I started throwing them in a drawer years ago, and I-I'm sure there's probably one wire you could pull like a... (Camera pans back to Perry) like a load-bearing wire that would just make the whole thing unravel. But how do you find it? (Camera switches back to him) I figured it was just easier to use it as a trap, so I did. See? Recycling."
Doofenshmirtz,"What? They have those. See? Nobody remembers them. You know why? Because of the hot dog vendors! Oh, how I hated them! They had it all! They had chrome-plated carts and endorsement deals, fancy blimps! And what did we have? Only superior workmanship, finer meats, and exotic spices."
Doofenshmirtz,"Backstory! Backstory! Backstory! (Breaks his pointer.) The backstory is what drives an evil scientist. It is the ""Why does he do what he does?"" of the ""What does he do?"" (Accidentally throws a broken half of the pointing rod, causing a cat to yowl.) My point is, at its best, evil science is like undergoing deep Freudian analysis with a theremin constantly playing in the background."
Doofenshmirtz-2,"Oh, this is rich! I-I see what's going on here. You, you really think that he's your pet, don't you? WRONG! He's using you! You're just his cover! He's a secret agent! Here-here, let me prove it. (he looks up) General Platyborg, come down here at once! He'll be here in just a second, and then..."
Doofenshmirtz,"And that's our new logo. Foreboding, yet comforting. So basically, if you want us to put the Earth back in its proper orbit, you have to meet our list of demands. Number 1: the minimum height to get on any rollercoaster will now be this high. (puts his hand three inches over Dr. Diminutive's head) (Diminutive puts Doof's hand on the very top of Diminutive's head) I-I mean that high. Number 2: pretzels."
Doofenshmirtz,"I've got to get off this island. What I need is a BO-AT, or boat as I'm now been told it's pronounced. (notices Perry, who's loading bags of coconuts onto a boat) Oh, look! A BO-AT- A boat! (at Perry) Ah, Perry the Platypus. I've decided that our efforts would be better spent if we work together to get off the island. Here, l-l-l-let me help with it."
Doofenshmirtz,"It makes me so happy to be surrounded by so much evil. Oh, look! It's your autobiography. It's always been a dream of mine to have you read it to me. (He pauses) Oh, wait, wait, wait, wait wait! (Pulls out a teddy bear) Okay, now I'm ready. (laughs) Come on! Don't be shy. Paragraph 4. ""Upon an evil winter's heart."" Go ahead."
Doofenshmirtz,"Grr. You see? See, that's what I'm talking about. Ever since those condos next door started allowing pets, it's been driving me bonkers! All day and all night with the barking, barking, barking! (pulls the lever) Oh, that is why I created my latest masterpiece of evil... giant Dog-Biscuit-inator!"
Doofenshmirtz,"Dr. Gevaarlijk already? (Opens door) Oh, oh, it's you, Perry the Platypus. I don't have much time today. You see, my old evil science professor is visiting, and we've always had a rather strained relationship. (Puts down a chair) I think it's best expressed through song. (Presses a button on a remote and the chair traps Perry) Tell me what you think, but no pressure."
Doofenshmirtz,"Now, Perry the Platypus, with a push of this button, we will move out of the automobile age, and usher in THE AGE OF THE BO-AT! I'm driving on water! Look at me! I'm BO-ATing! Woo-hoo! Living the dream! Perry the Platypus? How did-- I always forget you are a semi-aquatic mammal. (Perry kicks Doofenshmirtz in the face)"
Jekyll Doofenshmirtz,"Yes, of course, of course. This time I know I've created something evil enough to warrant your full attention and anger. The Concoction Brew-Inator! A diabolical machine that produces a potion (Turns the Concoction Brew-Inator on) to turn a normal man, (The Concoction Brew-Inator turns off) like myself, (Grabs the cup) into a horrible monster! (Drinks the potion) Now... tremble before me!"
Doofenshmirtz,"The ""song of the summer"". Who decides it's the song of the summer?! Vaporized! I know, I know, today's inator's a little basic, but I'm purposely starting off slow. You can't just dive back into the deep end of evil without warming up. You'll pull a muscle, Perry the Platypus."
Doofenshmirtz,"Perry the Platypus? Well, first of all, I just want to state for the record that this island was not my first choice. I wanted Skull Island right over there, but it was already booked for Jacob Bernstein's Bar Mitzvah, and so all that was available was... Pink Unicorn Island."
Doofenshmirtz,"(In a sing-song manner) I'm controlling Perry the Platypus... and... uh... slap yourself! (He pushes a button on the remote. Perry slaps himself) Haha! (He pushes the button several more times, forcing Perry to slap himself over and over again) Why are you hitting yourself? Why are you hitting yourself? Why are you hitting yourself? Why are you hitting yourself? Hahaha! Hahaha! I can make you do anything!!! (Gasps as he gets an idea) Oh, oh! Eat that gum off the sidewalk!"
Doofenshmirtz,"Yes! The Dynamic-inator is finished! And I couldn't have done it without you, new partner. Now if you'd be kind enough to point it at my face and blast me, I'll be the most fascinating and charming person in the Tri-State area! And then maybe we'll go to a movie or something."
Doofenshmirtz,"You don't stand a chance with that tile still stuck to your feet. (Perry jumps, hits Doofenshmirtz's knee and runs) Oh oh, my knee again, really?! (Doofenshmirtz chases after Perry. Perry comes behind a wall, forces one of his feet off the floor tile and uses it to trip Dr. Doofenshmirtz into a window) Wait wait wait wait! Time time time! I need a bathroom break. I'll be right back. Okay? Don't do anything until I get back, okay? Don't touch a thing. I'll be right uhh... Ooohh. (Doofenshmirtz realizes his bathroom was changed into a pot and a light bulb, Perry jumps out of the Gimmelshtump-inator)"
Doofenshmirtz,"Oh, Perry the Platypus. Hello. Have you come to see my new hobby? Scale model reproductions of actual railroads, train depots... look, even scale model litter. Shameful. My father bought one for me when I was just a little evil, but you know, he wouldn't let me play with it."
Doofenshmirtz,"Wait, wait, wait! Whoa, whoa, wait, what, n-no trap? No monologuing? I-It's like you're no longer interested in a fully nuanced relationship! Okay, okay, behold, my turnover-inator! And n-no, it doesn't make delicious turnovers, but it could. It could. There's an attachment."
Doofenshmirtz,"We're back, my loyal ""Shmirtzies"", all... ten of you. And, as I was saying, O.W.C.A. would be nothing without me. My evil helps them exist. (A bell dings.) Wai... Wait. What's this? BeefyMustache55 is calling me a hack? All right, you're going live! Oh, I shoulda known it was you, Francis."
Doofenshmirtz,"Unfortunately, my Translator-inator only worked in one direction. So I was not able to tell the whales what I thought of them. Until today. Watch this. (mimics whale cry) See, I taught myself whale song. I just told him he's fat, and he has barnacle breath. (Whale squeals) Come on, come on, who's diabolical? (Perry gives an annoyed face)"
Doofenshmirtz Recording,"Good morning, Perry the Platypus. I had to step out for a minute, but please, help yourself to some gnosh. Eggs, vitamins, ice, or leeks. I have no idea what you platypuses eat, but whatever you do, don't destroy my new evil -inator. (Perry takes a nearby sledge hammer and go to destroy the -inator, however, Perry's feet get trapped in braces) A-ha! You're trapped! A-hahahaha Sucker!"
Doofenshmirtz,"Prepare to be blitzed by my inexplicable, new found martial arts mastery! (He shows off his new found talent, but accidentally kicks off his shoe) I hate to ask Perry the Platypus, but have you seen my other-- (Perry is seen rubbing his head, with Doof's shoe lying beside him) Oh, there it is. Oh yeah, that-that's what I was planning to do. Perry the Platypus, looks like this is the end for you. (He lines up his -inator to hit the platypus. However Perry throws Doof's shoe at him, causing the -inator to fire at his building, and Doofenshmirtz to flip over the edge of the building, having him hang their by only his knees) Just not nice! (The top of D.E.I. lifts into the sky)"
Doofenshmirtz,"Anyway, when I do my man making dive, you can bet that nobody in the Tri-State Area will be looking. Sure, it'll be tough for people who happen to be driving, plus, brain surgeons might have a problem too. But it's really a small price to pay for me becoming a man, right?"
Doofenshmirtz (cont'd.),"Perry the Platypus! How did you escape my net? It was the mouse, wasn't it? Get out of the way, Perry the Platypus! Don't make me drop this giant magnet on you! Well, then, as a lazy tailor would say, ""Suit yourself."" (Flips the switch making the magnet fall on Perry, but Santa Claus picks up the magnet) But that doesn't make sense! It's the middle of July!"
Doofenshmirtz,"I'm worried about her, Perry the Platypus. Hey! You were going to blow down my door! (Perry sets the bazooka down, but accidentally fires it leaving a big hole in a Warholian picture of Doofenshmirtz.) Oh, great! See, this is why I can't have anything nice! Anyway, c'mon, let me show you what I've been workin' on. Y'see, it all started when I was just a small boy back in Gimmelshtump."
Doofenshmirtz,"Perry the Platypus, what's up? Oh, are you here to...? Oh, no, no, no, no. I'm running a little behind. I'm still in the middle of basic plotting and scheming. Plus, I-I...can't give you my evil scheme monologue because I write that last. Sorry! That's just how I roll."
Doofenshmirtz,"Very good, Perry the Butler. The trash chute is right down the hall. (Notices Agent P's fedora lying on the ground) Hey wait, you forgot... (Gasps, picks up fedora) Oh, look at this thing, huh? Such memories! All the adventures, the excitement, the pummeling, the thwarting... Oh. You know, I'm feeling rather sentimental about it. (Tosses Perry's fedora off the balcony) Oh, well!"
Doofenshmirtz,"(offscreen, muffled) Welcome, Perry the Platy— Off, off! (A pile of sheep uncover Doof dressed as a shepherd.) I bet you're wondering why I'm depressed as a traditional Drusselstinian shepherd, right? Well, that's because sheep are a part of my latest dastardly plan! Also, I've started taking up knitting. I made this adorable sweater for you."
Doofenshmirtz,"No! Huge Hands Hans is getting away! Not this time, freak fingers! (Doofenshmirtz chases after them) Just you wait, Huge Hands Hans! You can run, but you can't hide! You know, he can run, but he can't– (Perry's ice tray smacks Doofenshmirtz across the face) Ow! Wait a second. How did you--? (Perry has the remote between his flipper feet) Oh, I see. That's it— (Perry, with the remote control launches back at Doofenshmirtz, making his tongue stuck to the ice) That's not fair! (Doofenshmirtz lets go and the ice shatters, knocking him out and letting Perry free) Oh, that's it, it's on now! (As Perry and Doofenshmirtz fight, the arms of the robot swing, matching Doofenshmirtz's movements)"
Doofenshmirtz,"(Snatches Carl's wrist communicator and placing it on the table) We'll have none of that, Mr. Squirrel Man. Besides, you're too late. Ever since Perry the Platypus quit your agency to become my butler, I have been freed up to create my ultimate inator, the Vaporizer-inator! With my mind now clear, I stumbled onto a scientific fact."
Doofenshmirtz,"But I hate homework! I'd rather just play with this snowglobe. (Another anomaly appears and sucks the snowglobe out of his hand.) Oooh! Oh, man, this is serious! I thought for sure my machine would've turned itself off when it disappeared, but it's still creating rifts in the space-time continuum! (pushes intercom) Melanie, bring me another snowglobe."
Doofenshmirtz,"Hey! Hey, no. Shoo! Shoo! Get out of here. Go-Go find another symbiotic relationship! Anyway, now that we've... Hey, hey! What do you... This actually feels great. Oh, I see why you like it. A-Anyway, and I'm going to power up the inator now. (pushes a button on the inator) Here we go. Powering up."
Doofenshmirtz,"Seriously, Perry the Platypus, was it really necessary to destroy everything? (Perry jumps off the destroyed inator and chatters. Doofenshmirtz backs away leading Perry onto a giant black ""X"" in the middle of the room) N-nn-n-n-now, now, that's a good trollish gigantic platypus. (Doofenshmirtz claps twice activating a giant cage that drops on Perry) Ha! Let that be a lesson to you: Never stand on a big cartoony ""X""! And now, I have a little appointment to keep with the mayor. (Doof exits laughing. Perry chatters)"
Doofenshmirtz,"Hey, Perry the Platypus, say goodbye to blinking detour signs! Forever! (Laughs maniacally; The Shrink sphere blasts and bye bye go the detour sign) Yes! I'm an evil genius! Ha ha ha ha! Now I have to wait 4 minutes for it to recharge, which isn't so bad. I think I'll go with pelicans next. What do you think Perry the Platypus? Pelicans next?"
Doofenshmirtz,"Ooh, I'm taking that puppy home with me, 'cause I'll have a greater Inator this year. Not a grater, it's...I-I'm not gonna bring a block of cheese and make nachos for you guys. It's-it's greater in the sense that it's better than it was last year. (pause, walks away) That's what I mean."
Doofenshmirtz,"(talking to a Perry bobblehead) You see bobblehead Perry the Platypus, I have created a powerful -inator that will deface anything it contacts! Including my brother Roger's statue that's being unveiled at today's festival. It's going to humiliate him! Isn't it genius, bobblehead Perry the Platypus? (flicks the bobblehead)"
Doofenshmirtz,"And then I thought, why be a brigadier general when I could be a major general? I mean, why not? Right? I'm a modern guy. And then I thought, maybe I'm still shooting too low. Why be a major general when I could be a lieutenant general? And then I thought, why be a--"
Doofenshmirtz,"Well, it looks like we got all of the zinc from this area. It's time to move on to the next quadrant! ""Quadrant."" ""Quad-rant."" Quad—It's—It's—It's a weird word when you think about it. ""Quadrant."" ""Quad-rant."" (Perry resumes filing the bars.) Quad—It's—See-See? Now it doesn't even sound like a word."
Doofenshmirtz,"Well, looks like I'm stuck down here. Guess I'll have time to figure out what ""big laundry"" mea—Oh. (sees a huge pile of dirty clothes) Oh, that's right. It's Tuesday. (gasps) I know! (runs to the bathroom) I can get out the same way Perry the Platypus did! (Toilet is heard flushing and water comes out from under the door.) Oh! Oh! Oh, that didn't work at all! Oh, now I really gotta do the laundry!"
Doofenshmirtz,"Well, well, well, look who's here. Perry the Platypus. All shackled up and no place to go! Uh, I think we made too much potato salad, Norm. I-I guess we'll have to give everyone a 2-ton take-home container. And I still think you should have added more green onions."
Doofenshmirtz,"Sure, let me demonstrate. (Fires laser, shooting at the evil investor) See? It doesn't affect people at all! (the evil investor's head swells up) Except maybe a little swelling, but don't worry, it will go down. You know, probably. Now, watch what it does to this miniature monster truck! (Fires laser; Evil Investors talking at once) I don't know where it sends them, maybe another dimension."
Doofenshmirtz,"Or technically, I guess, turn it on its side. Y'know, it just doesn't sound as good. You say, ""I'm gonna turn this city upside-down"", people get that. But ya say something about, ""I'm gonna rotate this city 90º""? That, that... that doesn't mean anything to anybody."
Doofenshmirtz,"I remembered who you were, but I pretended not to cuz last time we worked together, you showed me up a little and... B-But right now, you are the only one who could make a good droogen strudel. So, will you work with me? For the good of the Tri-State Area? Please?"
Doofenshmirtz,"(with a bandage around his head) Ah, Perry the Platypus. So glad you could ""gum"" by! I mean, I knew gumbody would visit, but it's gum. It's gum. You're in a gum trap. No, really. Don't. Don't break out so fast. I-I-I-I put way too much effort into that trap. Took me six days to chew all that gum."
Doofenshmirtz,"Well, it doesn't matter because I'm in control. Okay, turn, and... let's go outside and see what this baby can really do! And let's make this snappy, I gotta pick up my daughter by 5:00. You remember Vanessa, right? You know, you blew me up at her birthday party."
Doofenshmirtz,"Surprise, Perry the Platypus! (Giggles madly) Okay, (Presses elevator button) enjoy your trip! (Giggles again) Oh, oh, the look on his face. That was priceless, (Giggles and sighs) Oh, here he comes back again. Alright, try not to laugh, okay serious. Ahaha, did you enjoy the other floor—Wait, Perry? (Second elevator door opens revealing Perry) Perry the Platypus? (Goes inside the elevator) Wh-Where did he go?"
Doofenshmirtz,"Yes, see? Fun with sound. Behold, Perry the Platypus, (Presses the remote button) my Invis-inator! (The Invis-inator fires) And why would I need an Invisibility ray, you ask? Well, you know when those cute, little Fireside Girls come by to sell their-- Their cupcakes, or their-- Or their raffle tickets or whatever?"
Doofenshmirtz,"(Narrating with the clip) The stress of running a family weighed heavily on him. We were so poor that one day our beloved lawn gnome was repossessed. Who would protect our zatzenfruit garden from witches' spells and wood trolls? From a tender age, my father decided that it would be me..."
Doofenshmirtz,"Uh, Perry the Platypus, I be-I bet you're wondering why I'm cowering outside my lab. Well, day started like any other day. You know, I- ""how am I going to take over the Tri-State Area?"" But- And I suddenly remembered a movie that I'd seen long ago at a drive-in."
Doofenshmirtz,"Hey, all of my inators work! It's just that, you know, I...I don't use them properly. I have poor planning skills. (takes out blueprints) But it was me. I have the blueprints right here. (The villains all look in amazement.) You see, yeah, just ignore the coffee stains or whatever that is. (sniffs) Uh, I think that's nacho cheese."
Doofenshmirtz,"So long, Perry the Platypus! Next time you see me, I will be the indisputable ruler of the Tri-State Area! (flies off on his inator) And when I say ""indisputable"", I mean totally disputable! Wait, no, no that doesn't work, I mean...uh-uh-putable! I-I mean puta—no. Eh, the moment's gone."
Doofenshmirtz,"Ah! Perry the Platypus. You got yourself in quite a pickle there! See? 'Cause it's-it's a pickle. And you're inside it. Anyway, backstory. (flashbacking) It all started the other day when I was visiting Tony's Deli. I had gotten a bowl of chicken soup, but it had a fly in it."
Doofenshmirtz,"Y'know, it's weird that I was not invited to this. I'm a doctor and a scientist. An evil scientist. Not an evil doctor. That would be weird. And now, as they say in Uruguay, point me to the buffet! And... who's kidding how? The buffet's the only reason I came."
Von Doofenshmirtz,"Sweary the Swan, did you know that the World's Fair is in town? They have all of this amazing new technology. Here, look. It's all represented here, on this commemorative coin that I-- (Sweary the Swan bites Von Doofenshmirtz's thumb) Ow! Now look what you did! You made me drop it. Pnorman, go find that coin."
Doofenshmirtz,"8...9...10! Ready or not, here I come! (Takes hands away; sees Norm hiding behind a pole, which is revealing) Huh? Oh! No, no, no! It's called hide-and-seek! You hide, and I seek. I cannot seek if you don't hide. So you go hide yourself. Ignoramus. Go, go, go. Let's - Let's try this again. (Recovers eyes) One, two, three...ten! (looks over at the crates) Now, where is he?"
Doofenshmirtz,"What does that matter? You can't open your mouth. Here, grab Perry the Platypus. Isn't this place fabulous? I found it through an international lair exchange website. It's even got its own rocket. Y'know, I think I might've gotten the better end of this deal."
Doofenshmirtz,"(gasps) Or even better than that, I can chip Perry the Platypus! Haha! This is amazing! This is, uh, like a platypus-find-inator that I didn't even have to think of or build! It's, it's like getting a freebie! Man, I need to hit Slushy Dawg more often. Sorry, thighs."
Doofenshmirtz,"Okay, now I just have to set the spritzer, and the timer, and whoomp!, there he is! My brother, the warthog, mayor no more! (maniacal laughter)  Yeah. (sighs) Y'know, it's not the same without Perry the Platypus. I can't believe he ditched me. One lousy award and he goes all diva! Pfft!"
Doofenshmirtz,"Self-destruction? S-Self-destruct... Wait, wait! That's it! I remember now! They took out my self-destruct button! (he pulls it out) I don't know why I put it back in, but here, I'll just rewire this, like so, and there! (he clips in a wire and turns it on, it forms a portal) It's working! It's working! It is functioning properly!"
Doofenshmirtz,"So I figured as long as I invented the thing, I might as well use it to whip up a little evil. (Perry chomps on leg warmer while Doofenshmirtz is talking) I set it up right over there next to the creden– Ow! (Crashes through magazine cover; Ray charges up) Hey, you know, it cost me a lot to have that printed up! Oh! (The laser fires and now Doof and Perry are dancing together; **Instrumental: ""Aloha 'Oe"" [****Leroy & Stitch arrangement]**; to the camera) To add insult to injury, the platypus is leading."
Doofenshmirtz,"Ah, Perry the Platypus, what an unexpected sur- (Perry moves to punch Doofenshmirtz) Oh, whoa, wait, wait, wait! You're trapped! By societal convention. Look, we're in a fine dining environment, everyone knows not to thrown a scene in a fancy restaurant. That's right. You're trapped. Sit down."
Doofenshmirtz,"(voice over) Hey, guess what, Tri-State Area? I, Heinz Doofenshmirtz, have seized control and am now your supreme leader. Seriously, life as you know it is over. (Shows him speaking to a crowd) Thank you and remember: Doof you, doof me, doof us! (In a small box on screen, he appears saying) I'm Heinz Doofenshmirtz and I approve this evil message."
Doofenshmirtz,"And here's the best part, Perry the Platypus: I get a cash refund deposited directly into my pockets. No banking necessary. (A cash register is heard dinging as several coins appear in Doof's pockets.) The only flaw is that the refund comes in pennies. Y'know, sometimes, I don't really think through the functionality of these things."
Doofenshmirtz,"Behold, Perry the Platypus, as I make myself abominable. (Doof presses the button on the -inator's remote. The -inator's beam bounces off the igloo and hits the marshmallow trapping Perry, causing it to burst and splatter all over Doofenshmirtz.) Ooh, it's all marshmallow-y and hairy. Not completely unlike summer camp. Apparently, you gotta aim this thing a little better... (the -inator shoots a beam directly at Doof's rear end) Whoa! Owww! Hmmm, something's not right in the hinterland. (his bottom suddenly becomes large and hairy, causing him to fall on the front of the sled) Yikes! Oof! (the igloo slides off the mountain top and hits a rock, causing it to break; Perry flies into the air and grabs the scarf trailing from the -inator)"
Doofenshmirtz,"Ooh, wai-wai-wait, these droogens look awfully chocolatey. Does that mean... (Doof tastes a piece of Shriveled Man's legs.) Mmmm! (He tastes some more.) Oh, this Shriveled Man is chocolate! The droogens are gone! I'm... My plan worked! Whoa! What is this weird feeling? Is this getting a win? 'Cause I'm gonna get used to this!"
Doofenshmirtz,"Those are my keys, aren't they? (On the phone) No, I-I don't have my card. Yes, the keys are still in there and-and it's running. (Engine shudders to a stop.) Okay, now it's not running; now I need gas... Forty-five minutes huh?... (Sighs) Well I'm not going anywhere. (Puts phone away) Eh, well at least I can get my -inator. (Aims the -inator.)"
Doofenshmirtz,"It's my omni-directional amplifinator. It will blast my scorching guitar licks in all directions, ripping through the vacuum of space to summon the alien armada that will help me conquer the TRI-STATE AREAAAAAAAA!!! I don't know why I always say that loud."
Von Doofenshmirtz,"(Talking loudly) Ah! Sweary the Swan! How completely unforeseen is your--Uh, hang on a second! (turns off a large machine behind him) Ah, that's better. Sweary the Swan, how completely unforeseen is your presence here! And by that, I mean, completely foreseen! (Sweary attempts to bite von Doofenshmirtz) Hey! No bites. I've got a little something for you."
Doofenshmirtz,"Oh what a mess. Curse you, Sal Tuscany! (smashes the CD) Well, I should probably call Uncle Justin and thank him for the gift anyway. (on the phone) Hello, operator? I'd like to place a call to... “Barneo?"" I thought it said Borneo. Wait, where's Barneo? The North Pole??? Wait a second!"
Doofenshmirtz,"Huh, I thought it would be more than that. I guess I could get a candy bar or something. Anyway, I've been studying all my previous schemes and I figured out why they always seem to fail. Let's see if you can figure out what they all have in common. Look!"
Doofenshmirtz,"Wow, what a mess. But don't worry, Perry the Platypus. OWCA's got plenty of money now. They'll... (snaps fingers) They'll fix this place up before your host family even gets back and they'll, they'll replace all this junk with...y'know, pretty much identical junk. (Harry gives him a look.) What?"
Doofenshmirtz,"But today, I will finally get my revenge! You see, my brother, the honorable mayor Roger Doofenshmirtz, will be unveiling a new piece of art for the lobby of City Hall. Hence the Stain-inator, hence revenge, hence, uh... (Perry slowly wheels himself and his trap to the edge of the jet) no more hencing. That's about it."
Doofenshmirtz,"You know what I'm noticing a lot of? I blow up more than the average guy. (Perry notices a ceiling fan near his trap while Vanna is on the phone and starts swinging toward it) Do they have blowing-up insurance? I should get some of that. And if they don't have it, I think they should make it, 'cause I would buy some. Oh, baby, what an emotional workout!"
Doofenshmirtz,"I mean, werewolves alone must account for like, 20% of that! How can I compete? Then I realized; if I could rotate the moon, then the dark side would always be facing us, bringing all other evil to a standstill, and making me the only evil game in town!"
Doofenshmirtz,"Okay, a few more tweaks and I'm ready to double down on some negatives! (Perry escapes from his trap and hits Doofenshmirtz on the head with the chair.) Wow I— (Perry jumps on Doofenshmirtz) Now that double negative did not make a positive! Ow! Oh, you are gonna get it now! (They run into each other but miss. Doofenshmirtz lands on the controls.) Oh no n-n-no! Now it's stuck in random fire mode! Don't know why I put that mode on there."
Doofenshmirtz,"(He laughs) Hey, nice move, Perry the Platypus, I got to ""hand"" it to you. Here, let me give you a ""hand."" Hey, hey. I'm gonna crush you with my big mechanical ""hand."" Ha! Well, I– I guess that one was just literal, but I've got you now. (Candace bursts through Doofenshmirtz's lair, cutting off the giant hand)  Wow. Nostradamus was right! (Perry uses the giant hand to smack Doofenshmirtz into the trap he was previously in)"
Doofenshmirtz,"Very clever, Perry the Platypus. I was trying to ignore you, but you forced my hand. (Pushes a button and traps Perry) And now...I shall relax with a nice, tasty deli platter. Oh-ho-ho, where are my manners? (Gives Perry his share) Here you go, Perry the Platypus. Care for some pepper? Just say when. (Continues to pour pepper) Anytime."
Doofenshmirtz,"The fox hops over the log...the rabbit crawls under the log... (ties wires in a bow, closes compartment) okay, got it! Now, to send -- (falls off) Ahem. And now, to send my daughter to the movies! (horror music plays) Nah, see, it's just doesn't work in this instance. You know what, you guys just take the rest of the day off."
Doofenshmirtz,"Oh, sure. Big Black Boots Boris the Bully. (clip starts) He was always kicking sand in my face. When I was in the sandbox: sand. My first date: sand! Balancing my checkbook: sand! The beach-- Oddly enough nothing. But I couldn't relax, because I kept waiting for it."
Doofenshmirtz,"(voiceover) I was able to complete wrangling a pig, and the Humiliating Stumblegimp Dance of Contrition. But then I couldn't do the generational kickball thing, cuz, y'know, my parents don't show up for things. Anyway, honey, I must enthusiastically warn you of..."
Doofenshmirtz,"Yeah, so the, uh, Key to the City ceremony's not starting for a while so, uh...we got some...Oh, you know, I-I just realized that I'm...I'm wearing a white lab coat and I'm leaning back against a black tire. That's... (sighs) I think I might have to go change."
Doofenshmirtz,"Observe! With this, I can implant the target image on their tiny, little brains in a flash! (Zaps the machine at the pigeon, making it lose its feathers) It-- It works better from a distance. Anyway, today at Town Hall, they will award the key to the city to My-Goody-Two-Shoes-Brother Roger. Oh, how I loathe him."
Doofenshmirtz,You're from Greenland? Do you know the punishment for misrepresenting your country of origin to the L.O.V.E.M.U.F.F.I.N. Organization? Plus your scheme is unnecessarily complicated and doesn't even seem like it would work! A-And that's coming from me!
Doofenshmirtz,"Hey, what are you. (falls over) Ugh! Now watch the ailerons! (He falls into bucket again. He climbs out of the bucket. The bucket falls over and crashes onto the wind amplifier. It breaks, causing Doofenshmirtz to fly into the air carried by a huge amount of water. The water shoots into the clouds, and Doofenshmirtz falls back down to earth. Perry tears apart his trap, jumps off, and catches Doofenshmirtz by his left leg. The parachute goes off. As Perry and Doofenshmirtz fall, the storm clears, but Doofenshmirtz falls off again, and Perry is left with only his left shoe. He lands into a tree, and the tree flings him onto the ground, causing him to roll to Grulinda's party. He stops at a woman's feet, and thinks she is Grulinda.) Oh, you! I almost dumped a giant bucket of water on you and your party. But then there was this whole mishap with the platyp- but I will get you next time! Revenge is a dish best served soggy, Grulinda!"
Doofenshmirtz,"Ah, look at him, he's— He's positively shaking with anticipation at the thought of helping me take over the Tri-State Area. He's— (The robot suddenly begins to transform and grow.) Hoo-hoo-hoo-hoo! I-I didn't even know he could do that, whatever it is. Wow! I'm a better evil scientist than I thought!"
Doofenshmirtz,"And then there's that whole economic downturn and I'm left holding a 300K house in a 10K neighborhood. My accountant just wants me to walk away from it, I'm like, I can't do that. Just because I'm evil doesn't mean I don't care about my credit rating"
Doofenshmirtz,"Okay, okay, I missed you several times, and I probably won't hit you anytime soon. I get that. But I must have hit lots of other things, and with a push of this button, those lots of other things will come to my side. And together we will defeat you! (He hits the button)"
Doofenshmirtz-2,"Actually, I-I-I don't really wanna be an evil dictator anymore. I've got everything I need right here. (He gives Choo-Choo to Charlene-2.) My Choo-Choo, my family, this lovely penthouse, my freedom and... (Cut to outside as Choo-Choo is thrown out the window.) Choo-Choo!!! Backstory reforming... Evil returning... Aw, yeah! I'm back, baby!!!"
Doofenshmirtz,"We could sail around the world in this thing! We could, we could visit exotic ports, fight pirates! We'd be like a couple of seafaring Huck Finns and the ocean would be our ho–! (The yacht sinks, and Doof's black hair dye creates a smudge in the water. He swims back up.) Or maybe we could wrestle alligators! No, wait, even better: Sports car! (He swims to shore, with Perry following.)"
Doofenshmirtz,"Man, you really kick this party up to an 11, man! (Perry knocks Doofenshmirtz to the ground.) Perry the Platypus, what's gotten into you? (Perry shows him the words on his chest.) ""Thait I live""? What's that, some new band? (Perry grabs a mirror and Doofenshmirtz gasps.) Oh, ""I fight evil""! V-Very clever. You wrote a note to yourself in the future. (Perry jumps at Doofenshmirtz again and begins to drag him across the floor.) I would not have predicted that."
Doofenshmirtz,"Now, just watch what happens when I zap those people over there. (Perry jumps in his high chair causing Doofenshmirtz to fire off his inator. The ray bounces off a sneeze guard, off a lamp and hits Doofenshmirtz.) Huh? W-What happened? How could I miss? Oh, I'm so hungry all of a sudden! (He munches his way through the Dagwood sandwich on his plate finishing it whole.) Oh, that was great! I...I can cut out the middleman and do all the eating myself! (gets up) I'm going back for seconds. (He digs into the entire buffet. The man who was about to get his helping opens up a bag of chips. Cut to Doofenshmirtz eating other people's plates.)"
Doofenshmirtz-2,"I don't know, one, two? It's-It's-y'know it's hard to tell with the one eye. Anyway, I don't know why you're being so uncooperative. All I'm asking you to do is make my machine work so I can invade and conquer your world and enslave your loved ones."
Doofenshmirtz,"Is it just me or is this a serious déjà vu moment? I-I feel like I've totally been here before. Like you were there, the tin foil was coming, and I- ""Quickly, we must separate the magnet"". E-e-eh. Huh. Oh, well, weird. Where was I? Oh yeah. Aaaahhh! (Resumes trying to move the Magnifinator)"
Doofenshmirtz,"(Screams)  I think I just tanned my eyeballs. Ugh. Now, with the push of a button, I will make history! (Laughs maniacally) By the way, do you like my mural? I did it myself, it's a silhouette of me going... (Laughs maniacally; Pushes button) All right, let's see, now. (Ding) Oh, needs a little more toner. Oh, copy jam."
Doofenshmirtz,"Look, that's not even me! It's a traffic cone with a dent in it! I mean, I don't think that's me. (puts down the yearbook and carries his trapped nemesis) On the other hand, Roger has the most recognizable face in all of Danville. He's got that je ne sais quois. And I would know. I minored in sais quois."
Doofenshmirtz,"Ooh, these waffles aren't enough. I...I wish I could just disintegrate them all. (gasp) Oh, right! The Disintegrator-inator! Duh! (switches it on, nothing happens) I don't know what I was—Hey! (flips the switch up and down) Hey, what's wrong? Hmmm. (picks up the unplugged plug) Oh, here's the problem. (He walks up to an extension cord outlet, but the plug is too short.) Okay, I just need an extension cord this long. (Runs off.)"
Doofenshmirtz,"Oh, I see you've taken notice of all the infomercial products. I seem to have developed an addiction to them. I-It started with the Fruit Dehydrator. Here I've been eating hydrated fruit like a sucker my whole life! (doorbell rings) Excuse me, Perry the Platypus."
Doofenshmirtz,"Ah, that's much better. I was parched, how about you? We should do this more often, this was nice. Now if you'll excuse me, I'm gonna jet-pack over to my neighbor's balcony and see what's going on with those plants. (jet-pack spurts fire, burning clothes) Right after I change my pants."
Doofenshmirtz,"Yeah, my Juice-inator, my giant menacing machine that I built that will turn City Hall into juice, completely discrediting and embarrassing my brother the Mayor at his 5pm media event. Step One, in my evil scheme to take over The TRI-STATE AREA!!"
Doofenshmirtz,"...and it will actually turn City Hall onto its side. Roger will slide out, and I'l run in and take his place. Unless he's lying down, at which point he will suddenly be standing up, and then he will become confused and run away. It's a win-win."
Doofenshmirtz,"Oops. I really meant to hit the self-destruct button. I-I-I'll just get this for you. (Kaboom!) So, uh, you need your parking validated or, uh... Oh, oh, you found a spot on the street! Huh! Lucky you! Curse you, Perry the Platypus and all that. You know."
Doofenshmirtz,"Okay, Perry the Platypus, this isn't working. I need to become something stronger than a platypus. Let's see, what's-- what's stronger than a platypus? (Gasps) Two platypuses, that's it! I've got just the thing right over here. (Runs to the roof to pull out a sheet covering the -inator to reveal it) Behold! My Double-inator!"
Doofenshmirtz,"But this is crazy talk! I-I'm an evil scientist, not a mad scientist! Th-There's a difference! Subtle, I grant you, but-but, still, y'know, I don't really like the new direction this organization is taking and I think we need a little fresh air. (he walks out)"
Doofenshmirtz,"You see, there were only 2 things that made my miserable childhood bearable: my giant pet cockroach, Hoarfrost and garlic ice cream. I love these two things so much I wondered if combining them would exponentially increase my enjoyment of them."
Doofenshmirtz,"Oh, and-and you need to tie up your food or you could attract bears, (puts all the food in a bag and throws it on a rope onto a tree branch, making the picnic table hang) which would make it extremely difficult to, hang loose and, be groovy. I-I've got lots of other righteous camping tips, but first, I need to get some life vests out of my van."
Doofenshmirtz,"Don't look at me like that, Perry the Platypus. I know what you're thinking. I-I'm not some lowly intern. I'm an evil scientist! I'm Heinz Doofenshmirtz, and he should be bowing down to me! (at the Regurgitator) Hey you, Mr. Regurgitator! Let's get things straight!"
Doofenshmirtz,"(While fighting Perry) Oh yeah, pretty much. I create -inators, and he breaks in and thwarts my scheme, and it's, it's kind of our thing. (Perry knocks Doofenshmirtz to the ground) Ooh! The Grievance! I saw this at the theaters. I still have nightmares about the greasy little girl who comes out of the base--"
Doofenshmirtz,"(Cackles) Welcome, Perry the Platypus. I knew you'd fall for the old kickstand trap. (Scratches an ear) Of course, I didn't know exactly where you'd park, so I've (Camera pans back showing that he had installed more than one button) really got to watch my step around here. But as you see, you are trapped... in a pile of old computer cables."
Doofenshmirtz,"(sniffs) D-Do-Do you smell something burning? What are you doing?! Give me that! Got it! What is this, a tiny magnifying glass? Oh, you think you're so fancy with your high-tech spy equipment. (He crushes the contact lens) What are you going to do now? Huh, Perry the Platypus? Huh? (laughs) (Perry takes out the other contact lens)"
Doofenshmirtz,"(He sighs) You're right. I'm sorry I got in your way. y'know, I know you can handle yourself, Vanessa. (He walks away sadly with Perry) C'mon Perry the Platypus. Maybe there's still time for a scheme today. You know? I-I won't even trap you. You can just start beating me up right away."
Doofenshmirtz,"What? Why did I put that button on the... Oh, I guess aesthetically, it ma... (Perry punches Doofenshmirtz, who flies across the room) Oof! You may have escaped my TV trap, Perry the Platypus, but I'm still going to change your channel! Ah-ha-ha-ha-ha-ha-ha! (Doofenshmirtz pulls a laser remote out of his lab coat and fires it at Perry. He misses and shoots several holes in the wall; Perry uses a nearby flatscreen TV as cover. Perry grabs another remote from the top of the TV and fires at Doofenshmirtz) Oh, that one shoots too? Ooh! Who knew? (Doofenshmirtz uses a nearby TV as cover as the two fight)"
Doofenshmirtz,"You know, this much I could've predicted, but I'm having a hard time explaining the giant metal shark. (sighs as the shark is pulled towards them by the taffy) Well, at least we'll go together, Perry the Platypus. (Perry ejects from his wetsuit through the scuba helmet and swims away) Oh sure, I reach out to you and then you use the emergency face plate ejector thing. (the shark crashes into Doofenshmirtz, the taffy, and the -inator, creating a cloud of bubbles)"
Doofenshmirtz,"Wait, wait, wait, wait, wait, wait... Oh, forget it! (He walks into his lab.) All right, back to work. I just can't think of a way to turn a cloud into a storm. Hmmm, maybe I can go online and research it or— Oh, what am I thinking? There's an easier way to do this."
Doofenshmirtz,"(crawling; pants) I said I wanted a sea otter for Christmas, they said I have to pick my present from the bottom shelf of the kitchen caustics aisle at the supermarket so I picked the oven cleaner. I loved that oven cleaner. OVEN CLEANER!! (notices a bus station) Hey, a bus station!"
Doofenshmirtz,"Soon, Perry the Platypus, the sun will be at full strength, and my plan will come to fruition. Unless, of course, it's overcast... (An alarm begins beeping) Eh, but what are you going to do? Proximity alert? Why are there so many people in space? What's up with that?"
Doofenshmirtz,"Perry the Platypus! You have grape juice on your shirt. I can't have my manservant looking like a street urchin. You-You should go clean up before it sets. (Perry gives Carl the fedora back and walks away.) Ugh, it's so hard to get good help these days, even when you ride 'em like a bicycle."
Doofenshmirtz,"Ah, Perry the Platypus. Look, Balloony's back. You remember Balloony, right? Why is laughing the only thing evil scientists do, you know, ""maniacally""? I thought, hey, I should stand out and something else maniacally. I'm expanding my brand."
Doofenshmirtz,"Ow! Ow! Oh! Ow! (Doofenshmirtz comes out of the laundry basket dressed as a bride to Perry's groom. Perry lets him have it, but then jumps away.) That's right, run away, Perry the Pla—aaaaaahhh!! (Doofenshmirtz falls into the giant washing machine. A bunch of monkeys on one side drop clothes into the machine.) Nice try, Perry the Plat— (Another group of monkeys drop in detergent.) Wai-wai-wait, what are you doing? Don't throw the bright colors in with the—Hey that's too much soap! (bulbs as the monkeys push the start button) Curse you, Perry the Pla—I told you no starch!"
Doofenshmirtz,"(pants) I-I don't have a ticket but I... I've got to get to Danville to be in a play! I-I've just gotta, I don't have any money, I'm tired and dirty, it's all my fault, I've.. It's always been my fault! I'm a failure, I'm a failure! (begins to cry off-screen) (while crying off-screen) I'm a failure."
Doofenshmirtz,"That's it? You-You just want to borrow Norm, my giant robot man? Fine. Knock yourself out. I'm going back to bed. Just so you know, he's a little low on oil. Oh, and-and, Perry the Platypus—(Puts grind guard back in) I don't want to see one scratch on that mathine."
Doofenshmirtz,"Doreen? Come out, come out wherever you are. I should have...should have brought some bread crumbs, or something to leave behind me, so I could find my way—Oh you know what? Better yet, I should've brought a sandwich, cause I am famished."
Doofenshmirtz,"Doreen? Come on, quit kidding around. (Gasps) Perry the Platypus! You found the Declutter-inator. Excellent. Okay, shoot me. Shoot me and I'll clean this whole place up. Oh, wait, What-What-What? It's- Oh, it's not plugged in. Hold on one second."
Doofenshmirtz,"Activate bug eye-bot. (The bug eye-bot activates) Yes, my little robot eye, find Perry's address for me. That's right, Eye-bot, towards the front door so I can see the number. (Gasps) it will be so delicious to know where Perry lives. I can ring his doorbell...and run away! (Laughs maniacally)"
Doofenshmirtz,"Oh, yeah. That's what they sing at the end of the birthday song...Well, y'know, at least they...would have if...anybody ever sang....that song to me. Anyway...Hey, the floating head and little arms thing. I-I tried that back in the '90s."
Doofenshmirtz,"Hit me again. Hey do you mind if I use your restroom? I mean, technically I haven't had any coffee here, but I've bought coffee here and I thought that would qualify. I had a lot of coffee earlier this morning... Heh, okay TMI, I get it."
Doofenshmirtz,"(Laughs) Welcome, Perry the Platypus. How do you like your trap? That's super quick drying cement. See? (Knocks on the cement) Solid as a, uh... I dunno, some rock-like substance. Cement, maybe! Now, with you safely trapped, I introduce you to the Metal-Unearth-inator! (The Metal-Unearth-inator fires, and a can comes back)"
Doofenshmirtz,"The molten lava at the earth's core completely slipped my mind. (They pull away, just as the lava flows above them.) Oh no! The lava is following us!!! (Perry uses a drill to divert the lava.) The lava is being diverted. You did it, Perry the Platypus! You saved us! (The drill comes back and Perry turns into the upper left and the lava is still pursuing them.) I hate to be a stickler, but the lava is coming again!!! Faster!"
Doofenshmirtz,"But it looked like fun! So with this dry-inator, I'll zap away all the water, and then I can replace it with my Doonkelberry oil. Then I can finally have fun at the oil park, and Roger's not invited! (He dumps Perry into the recycling bin, but the oil drum accidentally steps on his foot.) Ow! Oh! I use that foot for walking!"
Doofenshmirtz,"Oh, and I just sprayed for squirrel men. (Doofenshmirtz activates a trap that Carl runs into.) Well, now, it appears that fate has dumped our mysterious guest like an immense pile of assorted ""cheeses"" onto the ""lawn"" of my evil lab. (pause) Yeah, I know it's a strange metaphor, but I stand by it."
Doofenshmirtz,"Okay, I think I've gleaned from your expression that you are now going to lead me through a series of bizarre and seemingly unrelated exercises that will help me get my groove back. Does that about sum it up? Good. Let's do this thing!"
Doofenshmirtz,"Yeah, well, whatever, Perry the Platypus. (as Perry leaves) I got what I want! This giant, metal key that, when I think about it, is probably too big to fit into any of the keyholes that I would ever come across. Which makes me question the whole val -- (gets shocked by lightning)"
Doofenshmirtz,"(Watching) What is this? Now, why would an astronaut wear such big gloves? Wait a second! (He gasps) Huge Hands Hans?! It's Huge Hands Hans! He found me out in space! Oh, you're not going to steal a show from me this time, Huge Hands Hans! Nor my Fräuleins!"
Doofenshmirtz,"If Vanessa could only see this place for what it truly is, she would finally hate it and thus benefit from that hate, like me! I can make an inator to make things the way they used to be, and then Vanessa can have her own backstories."
Doofenshmirtz,"(gasps) Aw, what a little cutie. What's a cute little love bug like you doing out here all by yourself? I'll call you Mr. Fluffy Pants because you're fluffy and you look like you're wearing pants. Plus, you remind me of my uncle Fluffy Pants."
Doofenshmirtz,"Get it? 'Cause you're wrapped. In film. Well as you know, films sway public opinion better than any other medium. So I have produced a movie that will convince the people of the Tri-State Area, to make me their leader. Here's a clip."
Doofenshmirtz,"Every object on Earth, when heated to a certain temperature, evaporates! With this, I'll be able to vaporize things at will, and cause all kinds of mayhem! I'm a genius! (At audience) For realsies this time. (At Perry) Now, to your station, Perry the Butler!"
Doofenshmirtz-2,"Listen, Perry the Platypus, I know I told if you turned yourself in, I wouldn't hurt your friends, but change of plans. Now I need to hunt them down, which might involve a little hurting. I know that makes me a liar, but hello! Evil! (Perry glares)"
Doofenshmirtz,"Where the heck... hey, how'd you get over there? Don't do that! (Perry pries a board off the sled) Oh man! (Perry jumps off the sled and uses the board as a snowboard, grinding a rail while traveling down the mountain) Okay, now you're just showing off! (Perry spots trees ahead and snowboards off to the right) What? Is there something I should... AAAHHHH!! (Doof crashes into the top of a tree, bending it down) I fail to see how this could get any worse. (Doof's head turns back to normal) Oof! (the rest of Doof's body turns back to normal; now lighter, the tree catapults Doof into the distance) Curse you, Perry the Platypus! (trails off)"
Doofenshmirtz,"In 10 minutes, the show's gonna start, and with you trapped and the Rain-inator at work, nothing will interrupt me! (Perry takes this opportunity to start moving the tube over towards Doofenshmirtz's drain pipe.) Hey, less pounding back there, okay? I mean, you're lucky I sprang for the clear tube, this way, you can watch too!"
Doofenshmirtz,"So just let me get this thing charged up and we'll be on our way. (Doof puts on some shades and covers Perry's eyes and pushes the button and gets the chain.) Ready? (He puts the chain around his neck and gets electrocuted. Perry walks offscreen to get a defibrillator, but Doof comes to when Perry arrives.) Wow, I feel pretty energized! I wanna do something exciting and fun and...and also incredibly stupid! Come on, Perry the Platypus, let's go have an adventure."
Doofenshmirtz,"Hmm. Anyway, I know we can't all fit in this, but...if we work together, there's a lot of blown up stuff lying around here, and I'm, I'm sure we can jury rig something that will carry, y'know, all of us. Like a well-bonded machine."
Doofenshmirtz,"Oh, you want to see my inators! Man...Man, you've got quite an accent there! Alright, (walks up to an inator) here's what I'm workin' on now. Behold, the Slothinator! It will give me the powers of a sloth...which are super-slowness and super-leaf-eating."
Doofenshmirtz,"How about a banana split? (He shove a banana split down Perry's bill) Haha! Finally got your just desserts. Good one, right? What are you doing with that pound cake? I was saving that for company! (Perry forces Doofenshmirtz to eat the entire pound cake in slow motion) Oh! Oh wow! Perry the Platypus, I'm getting such a sugar rush! How 'bout you? (Perry is shown to be having a sugar rush as well)"
Doofenshmirtz,"What's that? My inator remote? You're wasting your time. There's no way you'll get a clear line of fire from my place to here, what with all those commemorative hot air balloons in the way. How do they mass-produce those so fast?"
Doofenshmirtz,"Look at this, Norm. My brother Roger has been elected mayor! Look at him. He's honest and reputable and, ugh, law-abiding! Oh! There isn't room for both of us in the Tri-State Area! Hmm. Norm, I know what we're going to do today."
Doofenshmirtz,"(sighs) She's right, Perry the Platypus, I've been smothering her. You know, it's just so hard to let go, as a parent. But I'm going to turn over a new leaf though, I can tell you that. No more worrying, no more disguises, (takes off hippie costume) no more rules! (tosses Tri-State Almanac over shoulder)"
Doofenshmirtz,"Uh, Norm, take the dollar, leave the platypus.(He hands Norm the dollar, who puts Perry on the floor then walks out right through the wall) And when you come back, use the door! (to Perry) He gets that from you, you know. Anyway, my plan is to fly Norm all over the Tri-State Area and drop leaflets, then everyone will do my bidding!"
Doofenshmirtz,"(A beam from the heat ray focuses on the Steak Containment Unit) Not the SCU! (Pronounced skʰʌ) Not the- You know, that I'm looking at the sign, I think it really does look more like SCU (Pronounced skʰu). Not the SCU! Come back here! Perry the Platypus, come back. Ooh, something smells delicious. (The top of Doofenshmirtz's building explodes sending steaks flying) Curse you, Perry the Platypus."
Doofenshmirtz,"Ah, ha! You just wait till I connect with one of these. Then you'll wish you'd never been corned! Get it, 'cause it rhymes with... Hey what's with the fez anyway, we're not even in Egypt! (Perry pulls the tassel on his fez and it flies upwards, revealing a fedora underneath. The flying fez has an automated claw, which seizes the amulet from Doofenshmirtz. With the amulet still in its grasp, the fez flies upwards and out of the temple) You're a real spoil sport you know that?"
Doofenshmirtz,"(gasps) When you run, the bulb lights up with human power. (gasps) Aha! I can use human power to power my End-All-Be-All-inator! I just have to channel the energy to my power bank upstairs. (Doof opens the window and calls upstairs.) Norm, drop an extension cord out the window, would ya?"
Doofenshmirtz,"Ah, Perry the Platypus. Have you come to sign my cast? (over a close-up of said cast, with multiple signatures on it) Look, I saved you a spot right there. It says, ""Save for Perry."" Well, it was a bigger spot before I wrote, ""Save for Perry,"" but there's some room there. Grab that marker."
Doofenshmirtz,"(Not realizing what is happening) Off. On. Off. On. Off. On. Augh, I'm hearing a clanking voice, so I know it's doing something. (Realizes that the -inator opens the lobster trap) Oh, the -inator and the cage, they're connected. It's just, opens and closes the... Well I guess that's why I got the cage for free."
Doofenshmirtz,"Perry the Platypus, I swear, I've never seen this secret agent-looking panda before. (laughs) Well, there's a panda in my closet and a panda paw print on my cheek. But it's not what you think. We're not enemies, we're just bad friends."
Doofenshmirtz,"There! That ought to hold you. Lucky thing Mrs. Thompson had some salt I could borrow. (chuckles) Yeah. Yeah, consider yourself ""a salted"". Ah, man, I'm writing that one down. And now, to business. See that guy down there with the beard?"
Doofenshmirtz,"Oh, relax. The cat's right... (realizes she's gone. Rotates his seat at the fleas.) Take that! And that! One for you, too! There you go! Uh-oh. Where's Harry? Oh, there he is! I see a bright future for that kid. Well, y'know, if we survive today. Oh, and there's Karen. Hi, Karen!"
Doofenshmirtz,"So, then I say to him, ""That's not a penguin. It's a throw pillow."" And so he throws it at me. Turns out it was a penguin and its beak went right into my mouth. And I'm all, ""Ew! Their beak is their nose!"" Ugh! True story. (During this Perry frees himself using the sun's ray and punches Doofenshmirtz) Ah! (Perry takes the wheel)"
Doofenshmirtz,"(Narrating) It wasn't so much of a pool, as it was just a...well let's just say it only had water in it on alternating Thursdays, and leave it at that. Anyhoo, in Gimmelshtump, jumping from the high dive was an important rite of passage."
Doofenshmirtz,"(turning around to talk to her) Have you seen my nemesis? He was just here a second ago. He's about (holds his hand at an approximate height of Perry) yay high and—ha. You know what? No matter. When the guy who's punching you suddenly loses interest mid-punch, it's time to take serious stock of your life. (turns around) (sighs)."
Doofenshmirtz,"Yeah, yeah. Tell your story running. C'mon. Keep it up! Knees higher! Knees higher! Oh, yeah! You've got good form! Look at you fitter in no time, and nothing makes an ex want you back more than a revenge bod! Right? Amirite?"
Doofenshmirtz,Soon I will show them the havoc created when an acid and a base combine! (Laughs; dramatic music) But first I have to find an outlet 'cause there's a nice little laser show that goes along with it. Alright we'll take this out and put mine in. (Chuckles) Hello!
Doofenshmirtz,"What! Never! Oh, suddenly you know my characters better than me? Forget it! I'm no sell out. I just crassly calculated commercial appeal in a mad quest for financial gain. No, no m-my artistic integrity and I are out! Peace!"
Doofenshmirtz,"Yup. You know, uh, tsk, this is the time where you escape a-and try to destroy my inator. Oh, for Pete's sake, I... (releases Agent R) There! Now, attack! Start thwarting! (Agent R walks away) No... No, no, no, no, don't just walk awa... (sighs) I miss Perry the Platypus."
Doofenshmirtz,"Well, you might have destroyed Plan A, but behold! (Another -inator rises from the bus) Plan B! (Pushes a button and the -inator explodes) Which I have just destroyed, so now we're even. But not even I am prepared for Plan C! Haha! (Third -inator rises from the flatbed) Behold! The Be-Gone-Inator! How do you like me now Perry the Gone-a-pus?"
Doofenshmirtz,"Wait, w-w-what are you doing with that? Oh, no, my-my-my Eiffel Tower! Gotcha. Uh, hey, Perry the Platypus, I saved the Trifle Tower (Eiffel Tower). No, Perry the Platypus, don't zap it again. I-I-It will make it grow. (cries out) Oh, no, I'm shrunk."
Doofenshmirtz,"Ah, water. It's like drinking wet air. Now, Perry the Platypus, sit back and listen as the entire Tri-State Area screams the name Heinz Doofenshmirtz and never forgets it again! (Two aerosol cans fall into Perry's trap, and he uses them like a jetpack to propel his way out) Hold it right there, Perry the Platypus. (Doofenshmirtz tries to crush Perry with his giant mechanical hand, but Perry dodge it) Agh!"
Doofenshmirtz,"I'm a man! Not a schnitzel. (Climbing up the high dive) I will prove it right now! (scoffs) Nobody calls me schnitzel anymore! I bet he doesn't even know what it means the little... (He reaches the top) Hey, hey, wait a minute. This isn't as bad as I remember...it's so much worse! (Clings onto the diving board)"
Doofenshmirtz,"Thanks for taking time out of your evening to thwart me, Perry the Platypus. You know the old saying, ""Give a man a fish, he eats for a day. Give a man a fish-inator, and he can rule the entire Tri-State Area!"" Order's up!"
Doofenshmirtz,"Wow, if it worked on that jetpack squad, I bet ya it'll work on my brother, Roger! Maybe he'll take pity on me, and make me mayor! And that's just a hop, skip and a jump from having people give me the whole Tri-State Area!"
Doofenshmirtz,"What is it? Oh-Oh, Perry the Platypusss. Uh, hold on one second. (Takes out his grind guard) What? The pressures of an evil life! I need a grind guard. Wait a minute. Why are you here? You're not due to shatter my plans till tomorrow. Oh. Come on in."
Doofenshmirtz,"And that is how the bad luck setting works. Except, of course, I won't be shooting random blasts off the balcony. Now, check out the good luck settings. A-And, again, I won't be just shooting it off the balcony like this. (He shoots it.)"
Doofenshmirtz,"Perry the Platypus? What's he doing here? He's not a doctor. I don't think he's a doctor. I... I don't know for sure, I guess. He... He is truly an enigma. Wait, Diminutive! Whenever I trap Perry the Platypus, he escapes."
Doofenshmirtz,"Look what you made me do! Oh, guess who's paying for this! (Perry ties Doof's hands with the duct tape) What is this? (Perry jumps out) Hey, why did you jump out that-- (Gasps) Oh, you clever, little plat-- (gets dragged out) Well, that wasn't very bright! Now we're both going-- (gets wrapped around the gutter of a plane) CURSE YOU, PERRY THE PLATYPUS!"
Doofenshmirtz,"Wow, my own cubicle. (Agent Kitty joins him and Perry) How nice! I'm gonna put a poster, right here, a kitten that says, ""Hang in there."" (Doofenshmirtz turns and sees Agent Kitty; chuckles awkwardly) No offense. It's not like I think that's all you guys do, or anything. (Agent Kitty walks off) Oh, great, now he's going to Human Resources."
Doofenshmirtz,"(laughs) There you go, much better. Now you look like an adorable duck-billed baby. A trapped, adorable duck-billed baby. That's you. (tickles him) Coochie-coochie-coo! Ah, yes, the eternal question, Perry the Platypus, do you even sheep, bro?"
Doofenshmirtz,"They're almost here. Oh, look, here they come! Perfect! The crescendo of all my— (Perry finally arrives on cue) Ah, Perry the Platypus. You don't stand a chance against my awesome heavy metal gear! (He presses a Wawa pedal and the amp next to him releases a trap.) Haha! Get it? Get it? Heavy metal. Like it's...? Ah."
Doofenshmirtz,"Oh, uh... oh! (takes the ring) Well, this is so sudden, but... but yes! A thousand times yes! And now that I've married into the family, I can use this mantis army to take over the entire Tri-State Area! Ladies, trap Perry the Platypus!"
Doofenshmirtz,"Let me show you my Paper Cut-inator in action! (He steps on the edge of the toilet paper, causing Perry to spin very quickly, then shoves some paper into the Paper-Cut-inator) First, we get a piece of paper, and then load it in and--oh! That auto-feeder. It scares me every time! Okay, Danville. Get ready for some serious minor cuts and abrasions!"
Doofenshmirtz,"I rushed across the street to get my brother, Roger. He was in the middle of his favorite meal. A sloppy joe, greasy french fries with ketchup, grape juice, coffee, and chocolate pudding. And I insisted he come at once."
Von Doofenshmirtz,"(To the Lumière brothers) No, no, no, you're not getting my best side. But here, let me show you my worst side! (Von Doofenshmirtz's swan eats the camera and Louis with it) What? Sweary the Swan?! (Sweary the Swan shows up, driving Phineas and Ferb's chore-doing machine directly at Von Doofenshmirtz) Ah, you want to play swan chicken, huh? (Sweary rams into von Doofenshmirtz, then backs up for another go) Oh, no—get back here! (Sweary uses the chore-doing machine to fire corn into von Doofenshmirtz's robot's mouth) Oh, no, he's using the old foie gras maneuver!"
Doofenshmirtz,"Finally, Perry the Platypus! All the other animal agents were here on time before they got captured. I'm just saying. It's embarrassing. Anyway, join your friends in the inhospitality suite! (tosses Perry into metal container) Ha ha! Oh, and Perry the..."
Doofenshmirtz,"Ooh! Ooh! We can call ourselves Double Doctor Squad! Oh, no, that abbreviates to D.D.S, and I don't want people to think we're dentists. Ooh, how about Doof 'n' Diminutive Squad? No, no, same thing. Name TBD. Let's go!"
Doofenshmirtz,"(Laughing) I have you cornered! This time, I will hit you with everything I've got! (sets the machine to MAX Power) Say goodbye, Perry the Platypus! (Lasers zapping, Explosion. Doofenshmirtz are now an old man and old...platypus man) (Elderly) Wait, wait, wait, that's not right. (Thud; chuckles) Perry the Platypus, just- just look at yourself. You really let yourself go."
Doofenshmirtz,"(putting an arm around her) Oh, Honey, that's (smiles and points at her) very perceptive of you! (a slapping noise is heard and Doofenshmirtz turns his head) Yes! (turns back toward Vanessa) So, let's just put a pin in this. I'm kind of racing against the clock here. I know it seems like I'm putting you second, but it's only so I can put you first eventually!"
Doofenshmirtz,"(voiceover) I mean it's not as weird as counting counter-topped whittling crabs to get rid of leg cramps, but still, you get the idea. Granted we had a lot of sheep for accounting purposes, but it just never really worked for me."
Doofenshmirtz,"A chipping gun? L-L-L-Like a tracking chip? Wait a minute, just so I understand this correctly, this is an apparatus that will plant a tracking chip into an animal, allowing anyone to know where they are at all times?"
Doofenshmirtz,"Man, that was difficult. It used to be so easy, just like filling out a piece of paper and dropping it off. All right, Perry the Platypus, you can do your thing now. I've got the rest of the afternoon off. Apparently."
Doofenshmirtz,"That was your last highly-improbable judo maneuver Perry the Platypus. I will now evaporate-innate you into non-existence! (The Paper Pelican flies by covering the sun) Oh no! My… My power source! Oh, great, now I can't see a thing! (Perry runs and kicks Doofenshmirtz off the building) Curse you, Perry the Platypus!"
Doofenshmirtz,"Any last noises, Perry the Platypus? You know that little chirping silly noise that you make? (Perry chatters) That's the one! (Laughs; Perry swings over to safety, burns the rope and reaches for a purple ""Caution"" button) Wait, don't touch that button! No, no, the other one. (a black and yellow caution button) Yes, that one! That's the one you should not touch!!! (Gasps, Alarm buzzing)"
Doofenshmirtz,"Perry the Platypus?! (traps Perry in a roll of toilet paper) Ha ha, ha ha ha! Amazing what you can do with toilet paper! Which you'd know, if you were a real plumber. In fact, it's amazing what you can do with all kinds of paper! (showing several stacks of paper in the background) And no, I'm not a hoarder."
Doofenshmirtz,"Perry the Platypus? What? I didn't do anything wrong today. I just built an Inator to pick up my daughter. But, hey, as long as you're here, why don't you join me for my evil exercise show? I've got a spare headband."
Doofenshmirtz,"Comfy, Perry the Platypus? I've prepared something special just for you. You see, until now, every attempt to eradicate you has been foiled. Then I came across a... (He interrupts abruptly with the sound of someone Slurping) Excuse me, who are you and what are you doing here?"
Doofenshmirtz,"(to Perry) So you're a superhero, huh? Don't you have some sort of power to get us out of this? (Perry pushes a button on his utility belt) Hey...Oh, wow! You've got...super wire cutters, huh? What, were they nail clippers that got bitten by radioactive pinching shears?"
Doofenshmirtz,"But, but, vogueing was my idea! I started to say ""vogueing"" and you just cut me off right before when I just got ""vo"" out. Y'know, I— (to Monogram) What did you think I was gonna say? Vociferous? What other words start with ""vo""?"
Doofenshmirtz,"Perry the Platypus, I can't believe you removed this shopping cart from the supermarket parking lot! You must be feeling so evil! (Laughs) Oh, look at the time. I've got to go pick up Vanessa. Mush, Perry the Platypus, mush!"
Doofenshmirtz,"(Laughs) Now onto the rest of the Tri-State Area! Oh, and Perry the Platypus, you know what the best part of my plan is? I can do it from the comfort of my own living room! With my favorite flat-screen TV and recliner. (Sits on recliner) Ah..."
Doofenshmirtz,"Oh, uh, oh, oh I get it. Nemesis confrontation, huh? Yeah, yeah It looks serious. Uhh one of those ""it ends here"" kind of things. Whoo-ee Not fun. Okay, well-well don't mind me, I'm just playing through as they say."
Jekyll Doofenshmirtz,"(Seen as a fairy) What? You're not so much trembling. Wait, wait, wait, wait! Come back! (The mob leaves. The last person in the mob closes the door) So you're not an angry mob right now, but... I bet you're slightly irritated, right? I should get points for that! I should get points for that."
Doofenshmirtz,"Oh, oh, right, right, you don't talk. Here, here, I'll help you. (grabs Perry's bill and makes it seem like he is talking) ""Ah, Perry the Platypus, what an unexpected..."" Well, I am really gonna have to carry this whole show, aren't I? Anyway, normally, it looks like this."
Doofenshmirtz,"Well, as much as I hate joining forces with good, I need to take my responsibilities as mayor very seriously, if I plan to abuse the position later, so... (He presses something on his desk) Melanie, have you gotten me the phone number of The Beak--?"
Doofenshmirtz,"Shh shh shh shh shh. You see, what I'll do is I'll zap myself with good luck and then I'll go zap Roger with bad luck, then I will ascend to become the Mayor of Danville and then I will rule the ENTIRE TRI-STATE..."
Doofenshmirtz,"(voiceover) Luck is called ""stinkelkrampen"" in Drusselstein and I never have any of the good kind. Turns out that every object has a positive or negative energy field. I harness that positive and negative energy and created..."
Doofenshmirtz,"(as they walk off down the street while Perry watches nervously) Who would've thought that after all these years, all I needed to take over the Tri-State Area was a grammar-school goon. A ham-handed half-pint. A knee-high ne'er-do-well. A pint-size palooka. A pushy prepubescent."
Doofenshmirtz,"(shooing some cats away) Shoo, shoo! Get out of here! It's not a real fish! (at Perry) As I was saying, the De-Evolutionator will blast past the Pacific Ocean, bounce off the satellite, and completely blanket the Tri-State area, de-evolving everyone!"
Doofenshmirtz,"(voiceover) ...so I went out to get one. But then, Beverly told me I couldn't have it because they only make it in the winter. No matter how I begged and pleaded, she stood firm. No Minty Wink Eggnog! Because it's not winter!"
Doofenshmirtz,"A-ha! I-I wanted to say something clever about ""cat got your tongue"", but I haven't worked it out. You see, when we were small children, my brother Roger was always better at the whole manners and etiquette thing."
Doofenshmirtz,"I will not be attending the ceremony, but my pigeons will be there to rain on his parade! (Laughs) You see, Perry the Platypus, my brother Roger is at the top of a very long list of people I despise. (At Vanessa) Vanessa, music please."
Doofenshmirtz,"Ow ow ow ow ow. Oh yeah? Take that! (Perry's hat flies in air) Haha, oh no no, not the fore, not the forehe-- (takes breath) I don't know if you noticed or not but I was boxing champion in my middle school back in Gimmelshtump and I got a few moves in... (Perry punches him in the stomach. Doofenshmirtz falls in the inator and Perry jumps onto him)"
Doofenshmirtz,"(While pushing a shopping cart) Okay, I've already got the chicken wire. Let's see. Oh, here! (Hands a list to Perry, who's sitting in the child's seat) You-you...take the list and cross things off as we go. Should we get something for later, like uh like one of those big pickles or a three-bean salad? (he bumps the shopping cart against another one)"
Doofenshmirtz,"Woohoo! Time to boogie, baby! Whoo! Whoo! My hustle's out of muscle but I can still shake my brick house or whatever the kids are calling it these days. (a kitchen timer dings) Norm, get the doonkelberry pie out of the oven, would you?"
Doofenshmirtz,Enjoying the shade Perry the Platypus? It's your jetpack! I found it stuck in the mouth of a fiberglass dinosaur I mean how often does that happen when you really need it? Climb aboard. Come on! Come on! Hahaha.
Doofenshmirtz,"Wait, I- I forgot what comes after the bridge. (Electricity fizzing) (Gasps) Peter the Panda, what are you doing? (Electricity fizzing) You're disassembling my Freeze-inator ray? While—While I' singing about my feelings? You! You're dead to me! You're dead to me!"
Doofenshmirtz,"Hang on, sweetie! (to Perry) Well, I guess it's just like the old saying, ""You turn a guy into a gorilla-lizard, and he carries your daughter up a bell tower."" It never really made sense to me before, but now I guess I... (Johnny pushes a bell off and it lands on Perry with a long DONG!)"
Doofenshmirtz,"So I figured it all out. A fish in the hand is worth two in the inator, but a fish in everyone's hands means they can't stop me from taking over the entire Tri-State Area! (laughs) Because their hands are full. Of fish!"
Doofenshmirtz,"(Laughing evilly) My neighbor's cat is totally shredding her drapes again. Too bad I can't see the OWCA from here. But it should be over by now. Pack up the -inators, Norm. Doofenshmirtz Evil Incorporated has a new headquarters!"
Doofenshmirtz,"If we do nothing, there's a hundred percent chance that the time pocket will dissolve and it'll destroy every— Y'know, there's a whole illustration I can do with a paper towel and a hook, but I don't have time."
Doofenshmirtz-2,"I spy with my one little eye, a new Tri-State Area that's one dictator short of a dictatorship. (he pushes a button and the Other-Dimensionator rises on a platform) Well, that's all about to change. Pretty soon I'll be ruling over two Tri-State Area's, a virtual Six-State Area!"
Doofenshmirtz,"(As the Butler-inator takes measurements of Perry) When my Butler-inator is finished with you, not only will you have a perfectly-tailored uniform and wig, but you will actually think you are my butler! You won't even remember that you fight evil for a living!"
Doofenshmirtz,"Perry the Platypus, you—you're early. I haven't even started yet. My-my daughter should be here any minute with the blueprints, though. Oh, there she is. (At Vanessa) Good morning, Vanessa. You remember Perry the Platypus."
Doofenshmirtz,"I'll take that. (takes folder) Uh, since my parents didn't show up to my birth, I'm not technically a citizen and I was never able to complete my citizenship test when I was your age. So I'm doing it now is what I'm saying."
Doofenshmirtz,"You want culture from the old country, you go to the old people. A note? (reads the note on the door) ""Heinz, in preparation for your arrival, we've taken a vacation until further notice. Give our love to Nessa, please don't call. - Mom"""
Doofenshmirtz,"Hey brothers and sisters, I'm back with this industrial size first aid kit, and this state of the art security system. Not to mention-- (he gasps and grabs a fork from the unammed goth boy) Too sharp! (He dulls it down, then returns it to him) Righteous. (shoos a bird away from Lacie and puts a quarantine box on her hand instead) Quarantine! (puts helmets on Johnny and Vanessa) Acorn helmets. Better safe than sorry!"
Doofenshmirtz (current),"Ow! You know, I don't come to your house and– Wait, these don't have any chlorofluorocarbons in them at all. These aerosol cans are completely harmless! Wh-what was I thinking!? Curse you, Perry the Platypus!"
Doofenshmirtz,"Look, I know what you're thinking. This could be dangerous with traffic and all. But have you had room temperature tuna, Perry the Platypus? That's the real danger. That's the collapse of society right there."
Doofenshmirtz,"Ha-ha-ha! So nice of them to leave the keys inside. (Perry stops at a red light) That's what you get for being the good guy. You have to stop at all the traffic signals. (laughs) Uh... Oh, no! What.... What is this? (Gets caught in the tornado) Curse you, Perry the Platypus!"
Doofenshmirtz,"I am NOT in love with Sophie! I am not! Oh, you're gonna get it now, Perry the Platypus! (puts on paper hat) Boom! (no effect) Well, that doesn't do much. I'm gonna get you with the Paper-Cut-inator! (trips) Flypaper? Well, it doesn't matter! Look!"
Doofenshmirtz,"(Walking back to Perry and his inator) Well what about that? She didn't hear me. I'm still a great dad. And the sitcom cliche has been resolved. I guess I didn't need this inator after all. Say, here's a thought. How about if I blast you instead?"
Doofenshmirtz,"(Sighs) Perry the Platypus...my head is killing me. This-This is all a wash anyway. I'll turn on the ray and you'll turn off the ray, thwarting my plan. Let's just get it over with, all right? Ray on. (Doofenshmirtz fires the -inator, but the beam bounces off a mirror, two men were carrying; Perry turns off the -inator and releases the magpies) Ray off. Good."
Doofenshmirtz,"It was my idea! (turns on the TV) Oh, there he is. And he's fighting a giant puppet girl. What? There's something very familiar about the way she fights. Wait a minute. (The puppet punches the camera and the screen goes to static.) Perry the Platypus?! (Gets off the chair) That does it! I'm going down there!"
Doofenshmirtz,"No, but he doesn't actually, you know, talk. So, you gonna tell me why you kidnapped me? (no response) Um, hello! I know you're still out there. I can see your eyeballs. What's with all the silence? It's very off putting."
Doofenshmirtz,"So, let me guess, Mr. Goody-Two-Shoes, we're going to return everything I shrank, right? (Doof sighs) Even the Roman Small-iseum? Hey, look, I finally figured that one out, huh? I-(Perry smacks his hat) Ow! Oh, curse you, Perry the Platypus!"
Doofenshmirtz,"And now that the bees are out of the way, let's try this baby out. Just a little spritz. (He activates the Aroma-inator and gets more than just a little spritz.) Uh...okay...needs a little adjustments. (The doorbell rings) Oh, that's right. Charlene's coming over to get Vanessa's headphones for her. (He walks over to the door with the headphones and opens it to reveal his ex-wife.)"
Doofenshmirtz (cont'd),"(like a cheesy tour guide) Mount Kilimanjaro is actually comprised of three volcanic cones: Kibo, Shira, and the one that we're about to crash into, Mawenzi. Cool, huh? (Doof struggles to get to the button until finally pressing it.) There! Oh. Oh, that wasn't the release. Who knows what that did?"
Doofenshmirtz,"One small note, sweetie. You don't have to read the stage direction. Anyway, you get the idea. Kick here, punch here, bada boom, bada bing. Oh, no! Look out! He body-slammed me into my self-destruct-inator!"
Doofenshmirtz,"Behold, the Other-Dimensionator! Actually, this is the Other Other-Dimensionator, the Other-Dimensionator is back in the other dimension. (2nd Dimension Doofenshmirtz glares) Okay, step 1 is push this button. (pushes it, it powers up) Step 2, stand back in awe! (it starts up, but then shuts down) Awww..."
Doofenshmirtz,"I may be starving and dying of thirst, but at least I've got my hovel. What has he got? Nothing! He's a platypus. They've... They've got like... webbed fingers and no opposable thumbs. Practically flippers."
Doofenshmirtz,"Wait! How did you do th-- (backs up against a pole) Hey, where did that whale come from? Oh, this is the worst party ever! (Perry escapes on a red balloon while Doofenshmirtz screams) My birthday cake! (Escapes on the helicopter blades with his cake) Goodbye, Perry the Platypus! At least I still have my cake! (Cake splats onto Doofenshmirtz while the bats squeak and charge at Doofenshmirtz) Curse you, Perry the Platypus! (All that can be heard from him were shouts of pain)"
Doofenshmirtz,"Elected officials of the Tri-State Area, look to the skies in horror! (The ""aliens"" arrive) You are being invaded from space by invaders from space! And I, the King of the Aliens, am here to accept your unconditional surrender!"
Doofenshmirtz,"Wait, wait, You saved her and now you're running off with her like...? OH! I have very mixed feelings about you! (to Perry) Uh... Perry the Platypus, how did you get here? I-I need a ride. Could you guys help me out?"
Doofenshmirtz,"Man, I've had off days before, but this is a lulu, even for me. I-I never thought I could get so sick of myself. Oh, well. You know, at least with a disaster of this proportion, things can't get any worse."
Doofenshmirtz,"With these Doofenplants, I will take over the Tri-State Area! I made them omnivorous because carnivorous just wasn't evil enough. I mean, ""carnivorous""? What? They can't hurt plants? What's that all about?"
Doofenshmirtz,"Uh, Perry the Platypus, you don't mind if I say goodbye to Peter the Panda, do you? I-- I just feel weird how everything happened. Hey uh, Peter the Panda, I just wanted to let you know that uh, I feel—Ow!"
Doofenshmirtz,"My sweet misguided Francis, your jobs wouldn't exist without us! (reading the comments) Let's see, ""fight it out""... What... What's a ""simp""? ""Settle it over a soccer match""? That's so random. Hmmm. Whadaya say, BeefyMustache55?"
Doofenshmirtz,"Well, you see, I'm part of a U.S., Canada, evil scheme exchange program. I come up with a scheme, and this other Canadian guy comes up with a scheme, and-and we switch. I-I do his scheme and he does mine."
Doofenshmirtz,"Aw, man, why did I save all the manual labor on my newest inator for the hottest day of the year? I might as well be doing hot yoga up in this piece! Can I get a ""what-what?"" (no response) Norm, where's my ""what-what?"""
Doofenshmirtz,"Well, yes, but... but I souped it up. It's now my travel-size-inator, and it will shrink anything I want dow to travel-size so it will fit in my bag. And then when I get home, I just reverse it and voila!"
Doofenshmirtz,"No!! What have you done, Perry the Platypus? I'm getting less evil! (crashes into and smashes the Backstory-inator) No! Significantly sooooooo!! (returns to normal) Darn it, I really liked that shirt. (Perry hang glides away from the building) Curse you, Perry the Platypus! Okay, so I-I'll see you tomorrow, right?"
Doofenshmirtz,"So let me explain my new evil scheme. A while back, my doctor put me on a low-carb diet, but I still can't lose those last ten pounds. (Lifts his shirt up revealing his rather large gut. Puts his shirt back down.) Every time I get close to my goal, there's this knocking at the door."
Doofenshmirtz,"Oh, Perry the Platypus, what do you say we open the up the roof and activate the Sphere-Attract-inator? Then I can get a good nights rest before all the crowds arrive to see the world's biggest ball of--"
Doofenshmirtz,"I'm not speaking metaphorically. Perry the Platypus actually came in wearing his little fedora and destroyed my inator every single day last sum—Hold on, I think I'm having a breakthrough! I think maybe—"
Doofenshmirtz,(On his hovering platform) It won't be a beautiful day for long. Not after they all start telling the truth about each other. I'll start with that hotdog guy down there. Wait 'till the world hears what's in those things. And fire!
Doofenshmirtz,"That's right, go on! Your services are no longer required. The lighthouse is gone, and there's nothing you can do about it. So you might as well run back to Major Monogram and tell him you lost this one."
Doofenshmirtz,"(pretending Vanessa is still there) Oh, uh, yeah, thank you. I am the greatest dad ever. Thank you for noticing. (""hangs up"") Okay, first things first. Use my dry-it-off-inator to remove all the water, so I can then replace it with my Doonkelberry oil."
Doofenshmirtz,"I'm gonna beat the rap, you know. I've been working on a rap-beat-inator. I just don't know if it works in France. I mean, have you seen the electrical outlets here? I wouldn't even know where to start."
Doofenshmirtz,"Hey!!! Who are you calling foolish you ingrate?! Boy, one successful bid for world domination, suddenly he's full of attitude! I guess I should've expected that from a guy with a SQUIRREL FOR A HEART!!!"
Doofenshmirtz,"Vanessa, thanks for coming with me on this cruise. I... I've been needing a break from evil. It's so much more than a job. It's a lifestyle. That you can take anywhere. So behold! (unzips his fanny pack) My travel-size-inator!"
Doofenshmirtz,"No! No! No you're nerds! Get away from me, I'm not like you! I'm... I'm cool! Or, I was going to be cool, when I shot myself with the -inator, which is now destroy... uh... curse you Perry the Platypus!"
Doofenshmirtz,"Oh, Perry the Platypus, you melted their wax, but you can never melt what's inside—pure evil! (The two robots leap out, only to fall in the sphere making it explode] Ehh. I should have seen that coming."
Doofenshmirtz,"Aww man. I left the electrical tape in my other labcoat. (He notices what Norm is looking at) Oh, now I get it. Y-y-you've got a thing for that girl robot. Ah, she's not bad. I think you got a chance with her if you play your cards right."
Doofenshmirtz,"How did you get out of the trash, you drop-out bohemian? (To Perry) I'll be right back. I've got some deleting to do. That's right, tremble, my rejected friend. (accidentally presses the ""Delete All"" button) Oh no! I pushed the ""Delete All"" button by mistake!"
Doofenshmirtz,"Perry the Platypus?! How did you get in here?! Oh, never mind. Ha ha! Behold! Well, it started as a chipping gun, but now it's my platypus-finder-inator! You missed the... the whole rebranding process."
Doofenshmirtz,"Yes, but then I would have to drive to a store, and find a parking space, then you have to choose from, like - dozens of styles, I- It just seemed like so much work. This will be much less complicated."
Doofenshmirtz-2,"Yeah, you know what, we're totally cool now, I'm-I'm just going to go back to my home and live out the rest of my days with my Choo-Choo. Okay then, ciao! (he steps through the portal) Ah, home, it's good to be... (the 2nd Dimension Fireside Girls (also known as the Firestorm Girls) march up) Uh-oh."
Doofenshmirtz,"(on CB radio) Well, let's see. I'm eastbound with a smoky on my 20, on a cab over Louie with... You know, I'm gonna level with you. I-I don't know where I am or what I'm saying, really. Is-Is there a code for that?"
Doofenshmirtz,"Okay, that wasn't as successful as I'd hoped.... (grabs jet-pack and puts it on) but at least I can beat a hasty retreat before I'm too humiliated! (He revs up the jet-pack and it shoots into the sky, tearing his clothes off and leaving him in his underwear and socks. The underwear is patterned with Agent P heads. Agent P notices this and gives him a dumb look) Huh? (laughs nervously) For your information, I had these way before I met you. (jet-pack shoots by and he walks away) (Halfheartedly) Okay, see you tomorrow."
Doofenshmirtz,"Oh, (Laughs) No, not really. But follow me. (They walk to the kitchen) I-I do something even more impressive over... There. Eh my brand-new... Blender-Inator! (Opens the lid and puts a Granny Smith apple in the Blender-Inator) Spelling doom for even the toughest of apples! (Turns it on) Bow down to me, Granny Smith!"
Doofenshmirtz,"Wai-wai-wait! Or... go with me here... I make everyone else a moth. Cuz, y'know, like in a city of men, I'm like a four at best. But in a city of mothmans, who knows? I could be like a... like a six!"
Doofenshmirtz,"Oh, yeah, we're gettin' there now! Soon I will preempt my brother's documentary marathon with my own live video! And there's not a thing you can do about it, like... li... like all those other times."
Doofenshmirtz,"And since my lawn gnome was taken away from me, I will destroy every lawn gnome in the entire Tri-State Area! Behold, the Destruct-inator! (He pulls a curtain, revealing the giant machine) And now, Perry the Platypus, to activate my creation! (pushes a button and opens Perry's trap) Noooo! (Perry hits him)"
Doofenshmirtz,"I see you, Perry the Platypus, now kick the door… (Perry kicks the door and the trap, a large TV, activates) Haha! Gotcha, Perry the Platypus! Hee hee hee! I saw you coming on my video surveillance system! Ah, if I had a nickel for every time I trapped you."
Doofenshmirtz,"Now, say ""goodbye"" to splashy-pool time fun, forever! Even my power source is greevil. Look, look! It's solar! Do you mind Perry the Platypus, this is-this is really a two-handed job. (He hangs the phone up on Perry. A panel in the floor rotates Perry to a potted plant, then back to Perry, now free) Ah! Seriously- (Perry kicks Doofenshmirtz in the face, knocking his into his -inator, and firing it in an unintended direction)"
Doofenshmirtz,"Ow! Oh, look, it's the kickball field! And Vanessa! Time out, Perry the Platypus, for emotional reasons. Look, look at my Nessa! She's having fun in Drusselstein! (sighs) I never had that. It's nice to see."
Doofenshmirtz (original),"Oh nice... nice one. Catch the villain in his own trap. That's not ironic Perry the platypus, it's...it's cliché, that's what it is. It's just plain lazy on your part. Curse you, Perry the Platypus!"
Doofenshmirtz,(voiceover) Friday was always Cruise Night and everybody would come out to see the hipsters and their cool cars made from cannibalized parts left over from Drusselstein's many foreign occupations. But for me...
Doofenshmirtz,"Vanessa! Vanessa! Alright, alright, party's over! I've had it up to here with you me's! Y'know, I'm really getting sick of the sound of my own voice. Now I understand where Charlene was coming from."
Doofenshmirtz,"(pouring oil on the floor) Okay, twenty-third time's the charm. I totally got it all covered now. (walks over to Norm) Hand me that box of angry weasels, would ya, Norm? (Norm hands it to him and Doofenshmirtz opens it, then the weasels attack him) Ow! Ow! Ow! O-ow! (closes the weasels back in their box, and reveals his face, covered with injuries) Yes, they'll do. It's the latest Perry the Platypus trap."
Doofenshmirtz,"I finally spotted it, when... (With binoculars, Flashback Doof spots a gopher take the key and run into its hole) I could tell he was laughing. You know, that way gophers do. And there was no way I was going to go all the way down there to get the key. I've got a schedule to keep."
Doofenshmirtz,"Stabby Barf Pain? Just when we were sure we only had four seasons, suddenly there's a fifth. Anyway, we'll have to take the bus because maniacal parallel parking turned out pretty much as expected."
Doofenshmirtz-2,"You know, I don't even know what I was thinking with the whole ""evil robots"" thing. Actually, when I look around, I-I'm really embarrassed. Here, let me clean this up. (he pulls out a remote labeled SELF DESTRUCT) Look. ""Self Destruct"" button."
Doofenshmirtz,"Perry the Platypus, you came back and saved me! Thank you, Perry the Platy... (He begins to breakout.) Hey... wha... what's this? I'm having an allergic reaction to these stupid plants! Curse you, inadequate immune system!"
Doofenshmirtz,"And let me tell you, transitioning to adulthood was painful, but, actually, I guess a good indicator of things to come. (in a flashback on screen) In Gimmelshtump, jumping from the high dive was an important rite of passage."
Doofenshmirtz,"How is this possible? I took every precaution! I had the Rain-inator, I had you trapped in a - what the? (Perry, standing next to the gushing remains of the Rain-inator, salutes and hops into his hovercraft.) ¡Maldito seas, Perry el Ornitorrinco! Man, this is gonna cost me a fortune on my water bill."
Doofenshmirtz,"You did it! You saved us, Perry the Platypus! You sa—again, again with the déjà vu. You were up there, I was saying, ""You saved us."" And then, hm, and then something came from– (The tin foil ball crashes into the building) Curse you, déjà vu!"
Doofenshmirtz,"(reading) ""Bring Your Nemesis In for Bragging Rights and a Special Prize!!!"" That's easier said than done. I catch Perry the Platypus every day, but like suppressed flatulence, he always manages to escape."
Doofenshmirtz-2,"See? One last trick up my sleeve. It's me! I'm the trick up my...own sleeves. Cause I'm-I'm in the sleeve, get it? (they look) Ugh, pearls before swine. (he pulls a lever, the bot aims back a punch) Hope you got your 3-D glasses, cause I'm comin' at ya!"
Doofenshmirtz,"All right, you broke it. I consider myself thwarted there. This is not how I wanna—Whoa! A huge cloud with a face! You don't see that every day. Wait, wait. How could I use this for evil? Hmmm..."
Doofenshmirtz,"(Laughs evilly) Yeah heh, anyway, sorry I can't tell you my evil scheme, because I... I don't know what this does yet. I'm still looking for an on-off switch. Life was much simpler when I worked as a lawn gnome."
Doofenshmirtz,"This is, uh, it's kinda weird, actually. I'm usually thwarted by this point. Hm. Well, I guess he's not coming. (he turns it on, a portal forms) And now! Behold! The mind-blowing first images from beyond our dimensional reality!"
Doofenshmirtz,"If that's you, Perry the Platypus, I'm not doing anything evil. I— That is definitely not Perry the Platypus. (runs like crazy) If you... If you plan to eat me, I'm all gristle and very gamy! I'm not good at all!"
Doofenshmirtz,"Yes! I'm going to have my own show, on television! And then, all of these fans will be so enamored of me, they will do my bidding. (Laughs) It's actually happening! I am going to rule the Tri-State Area!"
Doofenshmirtz,"Yeah, you know, any, any kind of adhesive, anything. A sticker, adhesive bandage, uh... (He pulls the mustache off the Monogram Robot) Oh. This'll do. That's it, the Re-Good-inator, it's finished. Wait, wait hold on. Behold the Re-Good-in..."
Doofenshmirtz,"Oh. We're starting here now. Hey, it has been brought to my attention that I should tell you guys there's a 55% chance this will work, but a 45% chance that it'll destroy reality as we know it."
Doofenshmirtz,"How completely unexpected! (climbs down the ladder) And by that I mean, it really was actually unexpected. (walks towards Agent R) Well, you have a hat, so you must be an agent. I guess that means Perry the Platypus is not coming, so... (takes a controller from his lab coat) A-ha!"
Doofenshmirtz,"All right, here it is. (continues reading) ""Charismatic, inventive, beloved, should be leader of the entire Tri-State Area. My dear... Uncle Roger, the Mayor""? Wait. What? Why would she choose my brother over me?"
Doofenshmirtz,"Hey, if I can get everyone in town to exercise, I can tap into all this free electricity, store up the surplus and use it to take over the Tri-State Area! I'm gonna need a lot more treadmills."
Doofenshmirtz,"I-I don't even know what you're talking about. (turns to the fedora-less Pery) Who's this platypus? Why am I handcuffed to him? And where is Perry the platypus? (Liam just ignores him) So to recap in order of importance, why am I handcuffed to him?"
Doofenshmirtz,"What is he doing up there, just flying around in circles, uhh. It gives me the creeps! Well, it worked out in my favor anyway because, turn, close latch, I'm finally ready to begin my scheme!"
Doofenshmirtz,"Hello? Where am I? Oh, it's all gastrointestiney in here. Hmm... Brain. (gasps) I'm inside a dog! (Pinky wakes up in surprise then glares) Perfect. Now I can pee all over the Tri-State Area! Ha ha ha ha ha! (sighs) Oh, what am I doing with my life?"
Doofenshmirtz,"Oh, yeah, this is where all the years of studying evil science really pays off. (Doof looks behind him to catch a familiar sight.) Ah, Dr. Diminutive. I won't say it's good to see you, but it is, it is hard to see you because you're so small. (laughs)"
Doofenshmirtz,"You think you're so clever, Perry the Platypus. But for the first time in my life I can actually use a self-destruct button that I have installed! Prepare to be vaporized, Perry the Platypus!"
Doofenshmirtz,"Focus, must finish Inator. (hears applause) Wha... what's all that noise out there? I don't get it, what... what's there to applaud? My fog machine should've obscured everyone's Inators. What could they be..."
Younger Doofenshmirtz,"Cool, I'm fourteen years old. Ha, ha, I totally beat you, dude. Now all I got to do is take this DVD to the Film Festival, and then I'll, like, have a lot of power, and stuff. And I'll like–"
Doofenshmirtz,"It's working! It's working!! And so much better than I thought it would! (Perry throws his fedora, which breaks apart some heating tunnels and drop onto the switch) All my life, everyone told me I couldn't make a mountain out of a molehill, well, everybody, take that!... (Doof gets electrocuted) (yelling)-whoaouch!"
Doofenshmirtz,"With the De-Evolution-inator back in my hands, I can reverse the settings, and I'll have the most highly evolved brain on earth! (hits himself with the De-Evolutionator, only to have his head swell up, making him fall over) Now that I'm so smart, I don't think it was such a good idea."
Doofenshmirtz,"Okay, did I win? (He takes off his helmet, which splashes more water onto him.) Oh, wait, no! Curse you, Paolo Vanderbeek! Y'know, that just doesn't roll off the tongue the way ""Perry the Platypus"" does. Perry the Platypus, Perry the-Perry the Platypus."
Doofenshmirtz,"Ah, Pericles the Platypus! I-I dunno what ""Perry"" is short for, so I'm just trying stuff out. 'Til you tell me any different, Pericles the Platypus, that-that's your name. In the meantime..."
Doofenshmirtz,"It was at that point that Norm and I decided to come out here. Plus the bat kinda looks like my cousin, Narthelliot, which, as you can imagine is weird for me. Isn't that about right, Norm?"
Doofenshmirtz,"Well, my luck may be back to normal but at least I still have an entire trunk full of delicious almond brittle. (Opens a can and fake snakes pop out.) Ugh. Mental note: Never accept canned confections from a guy in a clown suit."
Doofenshmirtz,"(as the sled goes off a ramp) Aaaaugh!! (Perry climbs up the scarf and lands on the front of the sled as Doof's feet grow big and hairy, causing his shoes to fly off) Oh, my feet! Now it's working. (several more pops are heard as Doof becomes completely abominable) Hey, not bad. A little hairy, but not bad. Now, to deal with you! (Doof grabs for Perry, who darts under his legs) Gotcha! Hey, where'd you go? (Perry tugs on Doof's back hair) Oh, there you are. (Perry beckons Doof to come closer) Yes? (Perry punches Doof, whose head causes the Abominable-inator to point upwards) Ow! Ow, Oh, stupid thing! (Doof attempts to adjust the -inator, but it hits him in the head again) Ow! (the -inator fires)"
Doofenshmirtz,"You almost foiled my plan! (Perry is seen ensnared by pink sticky string.) Luckily, I had an extra can of sticky string to subdue you with. Oops, I forgot to plug it in. I always wait 'till the last minute 'cause it takes a lot of power. (plugs it in, only for the electricity to go out in Danville...)"
Doofenshmirtz,"Hello, and welcome to L.O.V.E.M.U.F.F.I.N.'s first annual... (The agents' cheering is still heard. Doof speaks louder.) I said, L.O.V.E.M.U.F.F.I.N.'s FIRST ANNUAL DISSERVICE **AWAAAAAAAAAAAAAAAAAAAAAAAAAAARDS!!!** So, who's ready to have some fun?"
Doofenshmirtz,"Aw, look how cute you are! All snug in your cozy widdle trap. (chuckles) Why the chef's hat you ask? It's the cheapest way I could find to trap you. Hey, times are tough waiting for my alimony check!"
Doofenshmirtz,"You know you can drop the whole ""bad guy"" spiel. (Mitch's robots strap Doofenshmirtz onto a metal panel) I'm actually willingly going along with this, in case you hadn't noticed, but, you know, okay, you're a bad dude, cool, whatever, I get it."
Doofenshmirtz,"We should be over Grulinda's party any minute. Then it's soggy revenge time! (part of water from giant bucket falls off) Whoa! It's windy up here. If that keeps up, I don't have enough water to dump on her. (Perry thinks for a while, then bumps giant bucket on purpose. He does this one more time.) What? Did you hear that? (Perry just keeps quiet)"
Doofenshmirtz,"I took the liberty of going through your address book and inviting all your little friends, including a nice fella named Johnny. He had hearts by his name. I think I know what that means."
Doofenshmirtz,"I don't remember inviting him. (To Perry) No, wait! Perry the Platypus! No, no! Please! Don't turn that dial to the ""Doofenshmirtz mobile and Evil Investors away-inator""! (Perry flips switch) I have to rethink my dials. (Car disappears)"
Doofenshmirtz,"Wow. That could have gone better. (Perry walks up) Oh, there you are, Perry the Platypus. Oh, you... You saw that, huh? Yes. Of course. (Pause) You think I'm evil, right? (Perry smiles) Thank you, Perry the Platypus. (Camera pans to Perry and him looking at the moon) Thank you."
Doofenshmirtz,"(Now on top of the caboose) Oh, man, I never have a grappling hook when I need one. And I totally looked at mine this morning when I was getting dressed. Right there on the dresser. Oh, I hate it when that happens."
Doofenshmirtz,"Hello, Perry the Platypus! I take it for granted sometimes what a professional you are, especially after dealing with that guy they sent instead of you yesterday. So how was debate camp?"
Doofenshmirtz,"The best part is the pop-up ads will never go away. There's a little button that says ""Click here to close"", (Camera pans to Perry) but guess what? It just opens another pop-up ad! (Camera switches to him) (Laughs) Pop-up ads. Best idea ever."
Doofenshmirtz,"It is you! My father will be so happy! Well, maybe not happy, but anything is an improvement on surly and dismissive. Let the father-son healing begin! (He arrives at the old Doofenshmirtz house and takes Perry out of the baby carrier.) Wish me luck, Perry the Platypus! (Perry smiles and gives him a thumbs-up.)"
Doofenshmirtz,"(on phone) Yes, Mother, I know I promised that I'd spend some quality time with my brother, but, golf? Really? I mean... No, I am not a big baby! I- I am not! Oh, there he is now. Goodbye, Mother. (hangs up)"
Doofenshmirtz,"(voiceover) It all started when I was a child, back in Drusselstein. There was this mean girl named Grulinda. Every day she would pour water on my head. (Young Grulinda laughs after pouring water over young Doofenshmirtz's head.) No matter where I was, (Young Grulinda again pours water over young Doofenshmirtz's head and laughs.) or what I was doing, (Young Grulinda again pours water over young Doofenshmirtz's head and laughs.)"
Doofenshmirtz,"Now see, I can release you and it doesn't matter. The entire world has forgotten all about that humiliating video of me on roller skates. And I won't be needing this anymore! (He throws the Delete From My Mind-inator on the floor, breaking it. He then runs out of his room.) I'm free!"
Doofenshmirtz,"You know, in the future we won't sit and read newspapers in the morning. Instead, giant robots will control us in human death matches. (Camera pans to Perry, who is putting poker cards on the table) Well, that gives us something to look forward to."
Doofenshmirtz,"(offscreen) No! No! Not that! Anything but the fake red licorice! It tastes like... (Doof grunts. Perry stops walking and figures he has to save Doof.) No! What possessed me to make such a horrifying inator?! (Perry jumps on the DVDs and hops onto the inator aiming it. He lands on the floor and hits the remote. The inator hits the vending machines. A giant nickel rolls by and the machines run for their lives.) Well, I guess now we know what scares vending machines."
Doofenshmirtz,"I've got it ready. It's filled with crossword puzzles, and a big, fat, house cat that will lay on my belly and warm me into my...senior years. (Pause) Anyhoo, where was I? Oh, yes. Evil laugh. (laughs manically)"
Doofenshmirtz,"What? Weapons!? (angrily) Oh brilliant! Like nobody ever thought of that. I mean, you destroy the Tri-State Area and what are you ruler of? Rubble! And where's the panache? The je ne sais quoi?"
Doofenshmirtz,"Really? Really? W-why does everyone just stampede to that conclusion? O-Other people wear lab coats you know. Why, why don't you say, ""Oh look a rocket scientist."" Or a veterinarian?"
Doofenshmirtz,"Oh, great. (sighs) Great instinct turning me back into a human, Perry the Platypus. And frankly preferable to that whole ""make everyone else into mothmans"" thing, (puts on the aviator cap) 'cause, ya know, ""reasons""."
Doofenshmirtz,"Okay, that's enough. Wait, no! It's too much electricity! It's gonna blow! Okay, gym's closed! That's it! You're all buff enough! Stop... Stop pedaling! It's too much! It's too much!"
Doofenshmirtz,"I'd like to help you out, Norm. Really. But look at my tongue. (his tongue is blue) See? Look at that. My doctor said no more raspberry icicle-pops until the blue dye flushes completely out of my system."
Doofenshmirtz,"Oh, I was just passin' by, you know, communing with nature and all, like, you know us, us hippies do it, a-and I thought, you dudes might want a few groovy pointers from an old pro."
Doofenshmirtz,"(Gasps) Oh, so you had an Age Accelerator-Inator proof suit! (Laughs) Well, I have a little surprise of my own. (Fabric tearing but it's just his underwear) Heh. Well, It's already 4:30. I think I'm going to bed. Curse you, Perry the Platypus."
Doofenshmirtz,"Well, if it isn't Perry the Platypus! And when I say ""isn't"" I mean ""is"". I know you're into martial arts. But I prefer the confectionery arts myself. (A gingerbread house falls on Perry) That's gingerbread house trap. (Peeking through a window in the house)"
Doofenshmirtz,"(To nobody in particular) It's not like I wanted to go to the desert. He-He just jet-packed into me and dragged me along. No animals on the bus, it's not my rule. It's-It's company policy. It's not my fault."
Doofenshmirtz,"Stop! (panting) Hm. That's an interesting shape. It looks famil-- (steps on a soda can) Aah! (sighs; sees the ""Anti-Gravity Fun-Launcher / Anti-Gravity Evil-Launch-Inator) Wait. An anti-gravity evil launch-inator. I found another one. Heh. What are the odds? (turns on his phone) Norm, get down here. I need help."
Doofenshmirtz,"Yeah, I know it's gross, and my jaw is killing me. Anyway, behold my Face-Plant-inator! It doesn't make people fall on their faces. It makes plants with my face! My face on a plant!"
Doofenshmirtz,"Now watch as the smell of dirty diapers (The growth elixir lands in his hand without realizing this) pollutes the very molecules that surround this building! I just snap it (putting the growth elixir in the machine) into place and set the range for, say, 200 yards (setting the range selector to 200 yards) around the building."
Doofenshmirtz,"Ah, Perry the Platypus! As usual, your timing is uncanny! And by uncanny, of course I mean: Completely canny! (Button beeps) So, Perry the Platypus, let me introduce to you my assistant, Vanessa."
Doofenshmirtz,"Really? It says ""do over"" right in the name. I-it does the day over again, but I haven't worked out all the kinks yet. Matter of fact, I gotta work out the kinks in a lot o' these."
Doofenshmirtz,"Curse you, Perry the...I guess he doesn't really get credit for this one. He was just playing tambourine with Swine Flute. It's not really.... (sighs) Well....Sort of anticlimactic for me."
Doofenshmirtz,"See, this is what it's like having a teenage daughter. You're never cool enough. Anyway... (With a gleeful look) Why are you hitting yourself? Why are you hitting yourself? Why are you hitting yourself?"
Doofenshmirtz,"And don't worry about your lack of training and experience, because I have an ace in the hole. (pulls out a raygun) This - the Misbehave-inator. It, uh, well, it does what the name implies. Watch this."
Doofenshmirtz,"All right! Nice one! Oh, let me help. We gotta have some weapons around. Wait wait wait, what does this lever do? (pulls the lever several times) No, no, no, that, uh, it doesn't...it doesn't seem to do anything. (Cut to reveal Perry's seat hitting him, revealing what it does.)"
Doofenshmirtz,"I have to renew my evil business license at Danville's Embassy for Evil today. You can come along in case I need someone to vouch for my evilness, which I think—I think you can do."
Doofenshmirtz,"You know, Perry the Platypus, that dress sort of suits you. If you know, you just accentuate the positive as they say... Um, I'm going to stop talking now, I'm moving into a weird-"
Doofenshmirtz,"Wait, wait! Why don't you help me? That way I can finish faster and you can defeat me faster. It's-It's win-win! Let me grab my coupons. We'll start by shopping for some supplies."
Doofenshmirtz,"Step three: Infiltration. They'll take them completely by surprise. They'll just walk right in the door past that giant lava lamp, and... Why would there be a giant? (record scratch) IT'S A TRAP!!"
Doofenshmirtz,"Hey, wait a minute. I've been going about this all wrong. I should be zapping you with the Least-Likely-inator so you'll lose! But first, I gotta get this sandwich out of the way."
Doofenshmirtz,"Okay, it's time to go. Luck and cover. (He shoots himself with the inator and chuckles.) Good stinkelkrampen tickles! (gasp) Look, a penny! It's working! Aw, man, tails! Well, you know the rules, Heinz. Turn it over for the next person."
Doofenshmirtz,"What happened? Something just happened. I-I smell bitterballen. Where are we? (Perry lifts his hands off his eyes.) Hey, not bad, I can totally go for a mid-afternoon nosh. (Perry hops onto the Teleport-inator and looks at the self-destruct button.) What are you doing? (Perry turns the knob to the ""home"" setting.) CURSE YOU PERRY THE -- !"
Doofenshmirtz,"You never meant to work with me, did you, Perry the heartbreaker? Yes, go. Go back to your agency with their...Their uncool acronyms! Just remember, we once had something special!"
Doofenshmirtz,"(drifting away on the puppet) Okay, well I guess I'll see you both later. Unless I miss my guess, I'm on my way to...Norway, so, uh, take it easy, Dennis the Rogue Rabbit and uh, curse you, Perry the Platypus!"
Doofenshmirtz,"Well, first of all, that's a little sad. But, second of all, technically, you would be third banana. It would go: Kelly, and then me, and then you. And, I would be second banana."
Doofenshmirtz,"(from inside) He's getting closer...he's looking into her eyes! (Perry attaches a grappling hook to a passing airplane.) He's opening his mouth! (Perry ties the other end to the Rain-inator) He's forming his lips to start to articulate the syllables! Tell her, Juan! Tell her why you love her!!!"
Doofenshmirtz,"(gasps) Peter the Panda? Oh, that was a good shot of me. Oh, and that one. That one, too. And that one, that one was terrible, my nose looked all crooked, eh, it needed scribbling on it."
Doofenshmirtz,"Perry the Platypus, why don't you have a seat in my waiting area? Read some magazines! Sorry they're all in Spanish, I--I steal them from my neighbor. You know, evil never rests."
Doofenshmirtz,"Wait a minute. First of all, he's my nemesis! And you can't get rid of him now. Where's the fun in that? You-You need to explain your whole plan to him. Don't you have a nemesis?"
Doofenshmirtz,"So-So you know when you walk around in socks and rub them on the carpet, you get that little static shock? (He comes out from behind the screen) Behold, the new uniform of pure evil! I call it the socky-shocky-suity."
Doofenshmirtz,"Okay, so everyone pay attention to this. This is what I was talking about. The DNA of a human is only a few base pairs from that of a monkey. (Johnny's left arm becomes a lizard's arm.) Or... or a reptile for that matter."
Doofenshmirtz,"Oh, Perry the Platypus, look at us! We're fighting over the remote like an old married couple! Hahaha. It's not cute. And I have a remote too; I'm going to get my own talk show!"
Doofenshmirtz,"And we're back. The Inator Corporation was generous enough to send us a giant check for $23. Thank you, Sid and the guys. You do an important job. (pause) That brings our tally up to..."
Doofenshmirtz,"What? It just -- vanished? What's wrong with this thing? (looks at the microwave timer, it says ""3:00"") Oh, the microwave was on the ""baked potato"" setting, so I guess everything is just gonna last for three minutes. My bad!"
Doofenshmirtz,"Yeah, I'm aware that I look like someone's grandma, but I've taken up gardening because it was supposed to be relaxing. But instead, it brought up a lot of long-buried memories."
Doofenshmirtz,"(Climbing into the helicopter) He's a platypus, not a beaver. Hiya Banny! Pardon me, official exchange buddy coming through. (To Bannister) Yo, bro. Back so soon? My evil plan usually takes all day. How'd you do it so fast?"
Doofenshmirtz,"You know Perry the Platypus, I...I didn't realize this trap would be so heavy. City Hall is still like a few blocks away, you don't mind if I just leave you here, do you? Hello?"
Doofenshmirtz,"Exactly! Ever since that stupid billboard went up, my panoramic view is completely ruined. I used to have this perfect vantage point for enjoying the delicious misery of others."
Doofenshmirtz,"(reaching for the bottom button) This one should be the right—Okay...I....got it! (Perry gets released) Quick! (Perry jumps onto a cage and steers the skiff away from Mawenzi. He falls backwards and gets trapped...again.) You know, Perry the Platypus, I just— (Gasps) A golf course! A golf course has a lot of traps in it! That's what I shoulda said."
Doofenshmirtz,"Alright, Danville, get ready for a carbon footprint you'll never forget!! (The Carbon-Footprint-inator stomps onto the faucet, but the gum gets stuck to it.) Hey hey- What? Oh, see? This! This is why I hate nature! It's always getting stuck to your foot! Yech!"
Doofenshmirtz,"(as Buford drops a gob of spit on the plastic model of Baljeet's house) You know, I'm kind of surprised that we haven't had a visit from my nemesis yet. (Switch to show Perry hiding in the rafters, looking deeply uncomfortable) I-I'm sure he'll be along. I can't wait to see the look on his face when he gets a load of you."
Doofenshmirtz,"But, after I launch this baby into orbit, my problem will be solved! Then, I can go on to eliminate all the other annoyances that make my skin crawl! Like, uh...nature! (Laser zaps) Beauty! (Laser zaps)"
Doofenshmirtz,"Are you trapping me? But we were getting along so- (Perry motions towards the turbo switch) The turbo switch!? Are you kidding? I-I can't control this thing at that speed. O-Okay Perry the Platypus, if you think so... (Perry throws the switch)"
Doofenshmirtz,"That mystical melody is now in my very hands. And once I learn to play it, I can summon the aliens to me and I will become overlord of the TRI-STATE AREAAAAAAAAAAAAAAAAAAAAAAA!"
Doofenshmirtz,"NOOOOOOOOOOOOOOOOOOOO!!!!!!! (takes off his gloves) That's it! That's it! That's it! (takes off his lab coat and shirt) I've had enough of you me's! (Doof is now in his underdrawers.) Alright, you freaks! Fresh meat! Yippee-ki-yay, you pharmacist freaks! Yippee-ki-yay!"
Doofenshmirtz,"Wait, what is this? Perry the Platypus in a death trap? What the—When did L.O.V.E.M.U.F.F.I.N. get so evil? And wh—Hippos? Wait, aren't sharks more traditional in a death trap?"
Doofenshmirtz,"Heh heh. Uh, I neglected to mention they've also developed a taste for wood, and paper, and Vanessa's pleather boots, and basically, anything I've put in front of their mouths."
Doofenshmirtz,"And now we have a two-ton ball of tin foil traveling two hundred miles an hour directly at us! Quickly, we must separate the magnet from the Magnifinator before it is too late!"
Doofenshmirtz,Whoa whoa whoa! That was not nearly humiliating enough! Where was the part about bowing and pulling your shirt up over your face and juggling piglets? Where were the piglets?!
Jekyll Doofenshmirtz,"Oops, gotta go. (Chuckles) (Runs to Castle Phineastein) Evil! (Knocks the handle) (Evil laughing) Hyah! Got your nose! (Laughs) I got your... I... I... I really do have his nose. (The platypus monster is seen without his bill) Oops. Heh. Okay, okay. Well, we'll just put this back. (The platypus monster is seen with his bill, but slanted) There you go. Good as new."
Doofenshmirtz,"Ah-ah-ah, Perry the Platypus. Park policy states that you can't enter without a wristband. Luckily, I always carry extra wrist-oriented ornamentation. Here, admission for one."
Doofenshmirtz,"Perry the Platypus, I'm glad you're here. I'm just in line for the high dive. You see, it reminds me of the high dive I knew as a kid at the Gimmelshtump Public Wetness Maker."
Doofenshmirtz,"A junk yard? Wh-Why can't they have their party in a nice place, like the Caribou Lodge? You ever been to the Caribou Lodge, Perry the Platypus? They have a nice spread there."
Doofenshmirtz,"To the basement! (a man walks up to the buttons and attempts to press up) Aah! Quit it! Fresh! (looks at the buttons) Alright, let's see, garage, basement, catacombs, pessimistic humanoid underground dwellings...Ah! Here it is: gift shop and secret vault! (Pushes the button.)"
Doofenshmirtz,"So, Perry the Platypus, (Giant Candace is seen out the window climbing up as he walks by with Perry, somehow not noticing her or feeling her vibration as she was climbing) I found a way to distill the smell of dirty diapers into a concentrated liquid form, (He shows Perry a beaker filled with blue liquid.) which I will spread throughout the festival using my Smellinator!"
Doofenshmirtz,"Eh, so what? Big deal. So it missed its initial target. A minor setback. (Perry puts his finger on one of the bratwursts in the pile.) No wait! You'll disrupt the pile's equilibrium! (Perry takes the bratwurst out, nothing happens.) Well, hot diggity do— (All the bratwursts fall onto Doofenshmirtz and crash through the building and go down the streets with the Hot-Dog-Vendor-Revenge-inator.) Curse you, Perry the Platypus!!"
Doofenshmirtz,"Wait! Star-crossed-love? Wait! Wait! Vanessa, was this your secret boyfriend?! This guy?! The guy with the enormous nostrils?! (to Monty) Hey, you've got a bat in the cave there, buddy!"
Doofenshmirtz,"Hello? Hello? Here, a selfie will make him jealous. (snaps a pic) Time to make my life look more glamorous than it is. Mmm! (sips his drink) Oh, cabana boy! What's his name? Benny? Ben? Benjamin? Benjamin!"
Doofenshmirtz,"Essay? (takes paper) Oh, Vanessa's applying for college! (sighs) They grow up so fast. (reading) ""The Most Positive Role Model in My Life, by Vanessa Doofenshmirtz."" Se—See, look, Norm. She wrote about me."
Doofenshmirtz,"How are we doing in the back row? Can you see okay? Alright; away we go! (turns the knob on a controller to ""de-evolve"", but nothing happens) Oh, for badness sake! What now? (climbs up to the lens) Oh, I see. It's.. it's just a little smear on the lens. If I just... (wipes away the smear)"
Doofenshmirtz,"Curse you, Perry the... (his phone rings) Hello? Oh hi, Vanessa. Yes, that was my -inator. Listen, honey, I'm in the middle of something, hold on one second. (at Perry) ...PLATYPUUUS! (at Vanessa) So, how was class?"
Doofenshmirtz,"Full steam ahead. Chugga-chugga, chugga-chugga, whoo hoo! Oh, hey, there. Is that the Doofenshmirtz choo-choo? No, it's not! You will all be late for your jobs and be fired. (laughs)"
Doofenshmirtz,"(sighs) I am so tired. The jet lag is really hitting me now, I just... (sighs) (beat) I should probably get up. This floor is just so comfortable. Is... Is this pine? (beat) Two more minutes, that's all."
Doofenshmirtz,"Alright so I'm on a runaway train in a tunnel. Afraid of the dark, I- probably also afraid of runaway trains, never really given it much thought. Doesn't come up that.. (They leave the tunnel) Ahh!"
Doofenshmirtz,"Buuuut, ya know who isn't a loser? The Tri-Governor! I just need to win that office and Vanessa will want to (starts walking towards his Do-Over-Inator) stay with me! And this (pets the Inator) little baby's gonna help me get it right."
Doofenshmirtz,"I don't believe it! An-An entire army of mes! Ha ha! (runs to the elevator) Oh! For once, I'll actually be able to take over the Tri-State Area 'cause I'll have, you know, the volume. Ciao, baby!"
Doofenshmirtz,"I think the turbo kicks in when it revs abo— (Perry gets another worried look on his face) Whoa! (The car speeds through an intersection and crashes into a dumpster.) Oh, oh! Oh, it's okay, we're fine! But we do seem to have picked up a passenger! I'll shake it loose up here at the turn. (Doofenshmirtz and Perry turn, while the dumpster continues on.)"
Doofenshmirtz,"Seriously? Y-you have an entire chamber reserved just for extracting things? That, that really comes up that often in your life? The extraction of things from other things."
Doofenshmirtz,"(to Perry) Errgh, this is all your fault! If you hadn't broken my inator, I could reverse all this! Listen, I'm gonna go try to fix the droogen strudel, you go stall those emissaries."
Doofenshmirtz,"Thanks for everything, Perry the Platypus. And don't worry, I - I'll pay for the dry cleaning on your Rumpkinhossen. All right, see you back home! I'm taking the trebuchet. (Perry blasts away on a jetpack)"
Doofenshmirtz,"(Narrating) I quickly discovered that although I loved painting, (Shows young Doof ripping his painting in half) my muse was sometimes... inaccessible. (shows him lying on bed, depressed) Then one day, just as I was about to give up in frustration, inspiration struck."
Doofenshmirtz,"Well, here we are! (chuckles) Right up close! You sit here, Perry the Catypus. (laughs) I just came up with that. That totally makes up for missing the ""cat got your tongue"" thing from before."
Doofenshmirtz,"Anyway, today is the day we reveal to the Tri-State Area, the existence of the League Of Villainous Evildoers Maniacally United For Frightening Investments in Naughtiness!"
Doofenshmirtz,"Time to start my Turkey Takeover! Commence random firing! (the Turkey-inator hits the following items: a passenger train that turns into turkey wings, a mailbox that turns into a turkey wing, which is eaten by two mail carriers, a cooked turkey, Perry's trap that turns into a turkey leg, in which Perry is led to escape) This is great! With Perry the Platypus out of the way, I can finish my sentences without getting punched in the-- (Perry punches him in the face mid-sentence)"
Doofenshmirtz,"Uh, Perry the Platypus, this ship is gonna expl— (notices Perry fighting robots) Oh, oh, never mind. I'm on it. I'm on it. Oh, I guess I just have to press this blue button. Uh, Balloony, what are you..."
Doofenshmirtz,"Woo hoo hoo hoo! How's the dye job holding up, Perry the Platypus?! Isn't this great?! If I had known it was this much fun— (Doofenshmirtz smashes into a yacht.) Hey, this is one of those fancy sailing yachts!"
Doofenshmirtz,"(praying) Please I wanna live I wanna live I wanna live! (lands on something. Zoom out to reveal it's the blimp.) What? I'm alive! Woohoo! (Part of the plane lands on him.) Ow! (More parts of the plane fall on him. Followed by a nail, which deflates the blimp) Curse you, Perry the Platypus, even though you weren't involved in this scheme, whatsoever!!!!"
Doofenshmirtz,"Now, you are too late! (He pulls a lever, activating the Magnetism Magnifinator) Quake in your boots and watch helplessly as the unimaginable electromagnetic forces, pull the eastern seaboard, thereby reversing rotation of the--"
Doofenshmirtz,"Oh, no! I just had the place cleaned. Curse you, Perry the Platypus and your destructive, fruit-loving simian friend who doesn't know how to use the door! Curse him, too!"
Doofenshmirtz,"(grunts) Ooh, I hate you, you little green -- (the arms punch him and disappear, he punches himself) Wait a minute, wait a minute, wait a minute. I don't have to do this anymore. (at Perry) Well, we still have you surrounded, Perry the Platypus."
Doofenshmirtz,"Well, I heard it ring the first time, so I was standing right by the phone. Oh, by the way, could you pick up some blueprints for me on your way over? Thank you, sweetie."
Doofenshmirtz,"Ah, Perry the Platypus. Come on in, take a seat. I'm just looking for the right… Channel!! (laughs; He pushed a button on his remote and the chair's arms trap Perry.) Now that you're nice and comfy, I can prattle on about my improbable pet peeve."
Von Doofenshmirtz,"That's not a cucumber, Pnorm. I'm sorry about that, Sweary, he has problems identifying objects. Pnorm, that's a swan, and we're going to tie him to the railroad tracks."
Doofenshmirtz,"I've attached rockets to the lighthouse, so when I push this button, it will fly to the other side of town, the ships will follow, and then I can finally get some sleep!"
Doofenshmirtz,"(offscreen) Y'know, chasing's not much of an option with my pants full of pennies. (Cut to inside to reveal Doof's pants pretty much about to explode.) Ah, well, live and learn. (An inator beam fires, Perry uses a picture of Doof to deflect it and it fires at Doof. His clothes disappear, but his underpants and pennies don't.) 'Least you hit my clothes and not me. I wonder what happens if a person— (Another beam hits Doof.)"
Doofenshmirtz,"No, no, no, no, oh, get back in there! Wait why isn't..? What? Perry the Platypus? I swear, of all the aquatic mammals I hang with, you are truly the most uncooperative! (As Doof is saying this the dang DVD just goes in and out and in and out because of Doof and Perry's insistent button pushing)"
Jekyll Doofenshmirtz,"I know! I'm just as surprised as you are! Put her there, Jameson! Psych! (Laughs) (Jumps a few times) At last! A whole new world of evil has opened up to me! You know what this calls for, don't you?"
Doofenshmirtz,"You know, I may be an evil scientist, but it doesn't take a degree purchased from the Internet with your ex-wife's money to know how special and important you are to me."
Doofenshmirtz,"Aw, he's such a cute little kitty. That's right. That's right. He wuvs his tuna fish. Yes, you eat that and I'll be over here working on my latest project. (pushes a button; chuckles) I'm painting."
Doofenshmirtz,"No! It's a.... it's a man. It's a deformed, tiny...turquoise man. Vanessa, take some of your friends here, uh, uh, Ponytails, Spikey Head, Tweedle-Tie and go get Johnny."
Doofenshmirtz,"Stymie meee! Foil meee! Hey, what about the fact that I held a petty grudge against an inferior mammal all these years, huh? (Perry glares, lowers his jetpack, and hides behind a dumpster. He flies past it on his hovercraft. Perry looks done with everything..and then DOOF JUMPSCARE.) Thwart me, Perry the Platypus. (Perry quickly flies away on his jetpack.; once again following the platypus) Aw, come on!"
Doofenshmirtz,"(looking like Teddy Roosevelt) Mm, guess the animal setting wasn't such a hot (Perry the Platypus (currently impersonating a gorilla) punches Doofenshmirtz) Ow! Wait. How did you punch me? The hologram was so much taller than you. (Perry picks him up) Ah! Ow! It defies logic."
Doofenshmirtz,"Heh, any day now. Hey, where are you going?! (Perry goes into the bathroom and slams the door.) Oh—Oh, I see. (The toilet is heard flushing) That's—That's the hot wings working there. Ha ha ha. (A knocking is heard. Pan left to reveal Perry outside the lair.) Hey, how did you—?! Oh, you got out through the—I—I see."
Doofenshmirtz,"Even with musical accompaniment, you just don't get it. Ugh! I'munna have to spell it out for you: It's not my fault that you and Peter are having problems. It's yours!"
Doofenshmirtz,"He is! No, you've just got to see him in action. He-Here. I'll let him go. (Presses a button on a remote and the chair trap releases) Go ahead, (Puts the remote away in his coat) Perry the Platypus. Thwart my plans. Come on. (Crosses his arms) Let me have it! (Pause) Thwart away, big guy!"
Doofenshmirtz,"Silence! Wrong! You're wrong! Do you know who that is? It's only Roger Doofenshmirtz, the mayor of Danville! So shut up! What do you know; you're only a crossing guard!"
Doofenshmirtz,"Careful. Careful. Everything depends on getting the mixture precise. (Becky drops the liquid into the beaker. Doof stirs it with a straw and drinks it.) Mmm. Excellent. Now that's how you make a Shirley Temple. Hey, Muscles, how's the antidote coming?"
Doofenshmirtz,"Oh no! Oh no no no! (The inator hits Doof's good foot.) OW!!! NO!!! Oh, my good foot! My good foot! OW! Ow ow! My bad foot! Oh, my good foot again! Oh, no, my bad foot—Oh, this is really a vicious cycle!"
Doofenshmirtz,"(talking to Vanessa on the phone) So you just took it from the little girl and left her there crying? Wow, that is evil! Honey, I am so proud of you! It felt good didn't it? Yeah, we can build on this. (The last line of **Not So Bad A Dad** is reprised as episode ends.)"
Doofenshmirtz,"Now where's the best view? Grassy knoll? Book depository? Ooh, a jungle gym! I don't know why they call it a ""jungle gym"". It's not very jungly, but I do love a slide!"
Doofenshmirtz,"Okay, now to relax and keep my heart rate slow and steady, you know, 'cause too much excitement would cause my heart to beat too fast and short out the Bum-Bum-inator."
Doofenshmirtz,"It's not a doll, it's a stand-in. Pretendy the Practice-pus, see? I wonder if Perry the Platypus practices with a fake me? It would be nice to know he cares enough...(tennis ball eye falls off the stand-in)"
Doofenshmirtz,"Okay, here's the odds. Save the day: 55%. Destroy the universe as we know it: 45%. But do nothing at all: a hundred percent chance of the end of time. So whadaya say?"
Doofenshmirtz,"Perry the Platypus, but you are too late. .... (Perry attenpts to turn it off but Doof smacks his hand away) Wait! Wait, don't touch that! .... Stop it! Stop it! (Perry tickles Doofenshmirtz) Stop it, I told you! Stop it! I said, keep your hands off of that."
Doofenshmirtz,"Sorry, sweetie, but apparently, there's a lot of stuff I have to attend to. Look on the bright side, you can brag about your dad to all your friends until I get back."
Doofenshmirtz,"Thanks for coming along, Perry the Platypus. You know, having you around just makes me feel, you know, safer. In this circumstance, Back home is exactly the opposite."
Doofenshmirtz,"Yeah. If anyone happens to see a canyon that looks sorta grandish, just speak up. Or maybe not speak up, maybe meow up, or squawk, er, whatever it is that you do, up."
Doofenshmirtz,"Listen, before I rebuild the machine, I've got some errands to run. You guys should come with. (Red Skull hisses) Is your head gonna burst into flames or am I thinking of somebody else?"
Doofenshmirtz,"Y'know, I-I-I-I can't stay anyway. As-As we speak, my nemesis is upstairs trying to work free from a trap that... So even if...if you wanted me to stay, I, uh... (she shuts the door on him) Bye."
Doofenshmirtz,"(laughs evilly) I've got you now, Perry the Platypus! This is the most sophisticated trap I have ever invented. (Chamber shows Agent P trapped) In fact, it's so escape-proof that- that I couldn't get that guy out."
Doofenshmirtz,Sell a state area? That just leaves a Bi-State Area! I'm not taking over some lousy Bi-State Area! Oh! (to Emissary 2) Please don't cancel the contract! You're making a big mistake!
Doofenshmirtz,"What, that? Oh, that's my first Inator. Good story. I'll tell you all about it tomorrow. Well, I should probably get back to my latest evil scheme! (Slams door with a foot) So long...sucker!"
Doofenshmirtz,"Hold that thought, sweetie. I've really gotta go and improve Perry the Platypus's trap. (starts walking away) B-R-B! (stretches back) That's uh, that's ""be right back"". It's hip today to talk in acronyms. (walks away again)"
Doofenshmirtz,(sighs) Today just isn't my day. It's Father's Day. It's the hardest of the greeting card company holidays for me. My issues with Father's Day began back when I was a child.
Doofenshmirtz,"Alright, here we go! The energy ball is growing and... (He presses the button and the ball drops onto the platform.) Ah. Alright, time for the unstuckinator. (A giant boot crushes the inator. We pan down all the floors of the building as the energy ball goes through every one of them.) You know, in hindsight, I probably shoulda done this in the basement."
Doofenshmirtz,"Uh, hello! Anyone there? Marco! Y-you're supposed to say Polo! There better be a satisfying explanation for this when it's over or I'm gonna be merciless on my blog!"
Doofenshmirtz,"No! Don't open the Metropolitan Oval Aquatic Trench! (moat opens up) No, no, no, no, no, no! Hey, look! It spells ""MOAT"". I never noticed that before. Curse you, Perry the Platypus!"
Doofenshmirtz,"Well, you know what they say. Any landing where you don't get stabbed with a fork is a good one. And I didn't get stabbed with a fork. Any of you guys? Hello? Harry?"
Doofenshmirtz,"(Coughs) Not one word, Perry the Platypus. You have to at least give me a chance to do my thing, okay? Good. Okay, here we go. Where is it? Here we go. (Deploys the trap on the other side of the room, nowhere near Perry) There. I trapped you."
Doofenshmirtz,"I'm so sorry, Perry the Platypus. I would never have brought you here if I'd known about the whole death by hippos deal. That is... That is not my style. That is..."
Doofenshmirtz,"Okay, I gotta tell ya, there's a lot of risk involved, but we've discussed it over, like, three loops already, and I think this is our only option. Are you with me?"
Doofenshmirtz,"Perry the Platypus? Uh, ha-ha, now I'm very embarrassed about all that ""coochie-coochie-coo"" stuff. Wait, wait. Where are you going? Bring back my Misbehave-inator!"
Doofenshmirtz,"You know that's funny, you know, even while I was attacking you, I was thinking; Why did he tie himself up in a dark closet with us? Wh-what kind of a plan is that?"
Doofenshmirtz,"So, not so tough without your mace. (Perry glares at him) Now, I have the upper hand. (Perry takes off the helmet) Prepare to meet your doo- (He holds up the shield after Perry throws his helmet at him.) You throw your helmet at me? That's so lame, Perry the... (Perry starts throwing helmets at him.) Ow! Ow! Ow! Ow!"
Doofenshmirtz,"Shoo, shoo! Go find your own inator to put your gross pigeon feet on! (walking away) Have you seen pigeon feet? Well, don't start now, trust me. You can't unsee them. (sing-songy) Disgusting."
Doofenshmirtz,But I'm getting way ahead of myself. I have to tell you about yesterday for any of this to make any sense! It all started with an establishing shot of my building.
Doofenshmirtz,"Whoops. One pizza delivery boy, comin' up! I don't know who that was for. It was just such a good line. It would've been a shame to hold it back. It's uh, oh hush."
Doofenshmirtz,"Ah, what's the point? I'm just going to sit here in the dark and rethink my life. (He flicks the ""light switch"" off and the Gigantinator reactivates.) Whoops, heh-heh. Wrong switcher. Y'know, I—I can see how that would be confusing."
Doofenshmirtz,"Aw, man; you know, I built a Move-A-Bunch-Of-Inators-inator at one point. This would have been a really good time to use it. I don't know how that slipped my min-"
Doofenshmirtz,"I'm not sure I can handle a party of this magnitude! (At Perry) Either way, we've got enough power for the inator now, Perry the Butler, you-you'd better tend to the guests."
Doofenshmirtz,So I've come up with a whole slew of products and services that I can advertise and my Pop-up-inator will (Snaps fingers) put pop-up ads virtually everywhere! I'll make millions!
Doofenshmirtz,"Okay, let's see, the Declaration of Independence, the Magna Carta, the Deed to the Tri-State Are—I mean the Mayflower Compact? Ha ha! (goes in the elevator with the ""Mayflower Compact"" and disappears) Goodbye, Perry the Platypus!"
Doofenshmirtz,"(in flashback) Norm, don't just stand there! Do something about this bat! (The radio is thrown, and misses.) Really? That's your solution? Throw a radio at it? Whoa whoa whoa! (cut to Norm about to throw a crowbar) Don't throw that! That's imitatable."
Doofenshmirtz,"A good guy? Me? I can be... Well, I guess I could. I-I could be a do-gooder, doing good, just for the sake of... doing good, or, er, what exactly do good guys do?"
Doofenshmirtz,"Oh, coochie-coochie. You are my little coochie-coochie. You are my ticket into the Danville Dog Show, and together, we will make them pay for all I have suffered."
Doofenshmirtz,"Aw, come on! Do I get to land one or not? (Perry hits him in the face with a pillow.) I take that as a no? (Perry flings Doof and he hits a wall. Doof spits out some feathers.) Talk about ""down in the mouth"". Get it? It's, uh... Ah, whatever. Meet my friends, (holds up couch cushions) Poly and Ester! (He throws ""Ester"" over at Perry.)"
Doofenshmirtz,W-Where did he go? He was standing right there about to foil my evil plans and now I'm...and now I'm totally free to go forward with my heinous project! Woo-hoo!
Doofenshmirtz,"Woo-hoo! Yeah! Woo-hoo! Woo! Woooo! I did it! I saved you guys and now we're safe! (some alligators land in their raft) Except for the fact that it's, you know, raining alligators. And secret lairs."
Doofenshmirtz,"Help, Perry the Platypus, help! (The plants squeeze Perry out of his trap) Yes, yes, Perry, you got it! That's it, you're free now, now come over here and... wait! Where are you going? Perry the Platyp... (Doofenshmirtz gets slapped by a vine)"
Doofenshmirtz,"Here they come, Perry the Platypus. Here they come, all of my minions. (He laughs) (A bar of soap and a toothbrush come to his side) I c– I– I could've sworn I hit more threatening stuff than this. Really, really pathetic."
Doofenshmirtz-2,"Well, maybe if you had, you'd have done better. Since you have neglected to take over YOUR Tri-State Area, I think I'll go over there and give it a shot myself."
Doofenshmirtz,"I love it when a song ends right as you reach your destination! Not to mention the free cans of almond brittle that I got during the chorus. (Cut to inside City Hall.) Well, hello, Roger."
Doofenshmirtz,"Wait, do...do I know you? (Monogram puts two fingers on his nose where his mustache once was.) Major Monogram? Francis, what happened to you? Look...y-y-y-you're a washed-up mess! This whole weather thing is your fault, you know!"
Doofenshmirtz,"(sniffing) Well, doesn't smell any different. I wonder what went wrong. (Perry kicks Doofenshmitz who lands on the table carrying the dirty diaper smell beaker, which he catches) Oh, here's my stinky poo-poo stuff! I thought I put this in the Smellinator. (Perry kicks him again, throwing the formula away) **NOOOOOOOOOOOOO!!!!** (Perry puts all the fish agents in a plastic bag and makes his escape)"
Doofenshmirtz,"Hey! (stammering) Wow, I look just like my grandfather, Jose Doofenshmirtz. I mentioned him before. It's... it's a weird story. I'll tell you later. You know, after I shave."
Dr. Doofenshmirtz,"(via answering machine recording) Hello! You've reached Dr. Heinz Doofenshmirtz. I'm not here right now, or am I? Muhehehehehe. Oh! And if you're calling about the piano it's already been sold."
Doofenshmirtz,"You know, Norm, it occurs to me that though I've never had a son, there is someone I can always count on to be there. Someone I've begun to think of as family."
Doofenshmirtz,Fine. Let's see... this is about a quarter cup... and there's two cups in a pint... that would make... I'll have nine-hundred ninety nine more of these please.
Doofenshmirtz,"Aw, I'd do anything for you, pumpkin pants! After we dismantle this thing, I don't know what I'm gonna do with myself. I've got no experience being a good guy."
Doofenshmirtz,"Man, it's dark down here. (hits over something) Agh! Uhhh! Turn on the light, Heinz, you're not a bat. (turns on the light) Hey! It's Norm's old head, the original prototype! I wonder if it still works."
Doofenshmirtz,"Behold, the Least-Likely-inator! All I have to do is zap someone with this baby and they can't help but do the least likely thing to their nature. (activates the Least-Likely-inator and a red ray comes out of it) Ooh, touchy."
Doofenshmirtz,Huh? You see? You see how dangerous it is out here? You got to help me over protect my daughter. Please? Please? Please? Oh great! I know just what you can do!
Doofenshmirtz,"I did it! (Cut to Perry, who looks up at the coffee cup. He continues offscreen) And now that my super dad status is intact, it's time to take care of business! (Perry hops over to the table and grabs the cup.) And by business, (Perry takes the lid off the cup) I mean evil. (Perry pours the coffee on the creamer block, melting it.) It's time to set my sights on City H -- (Perry kicks him, he slides down the inator.)"
Doofenshmirtz,"(scratching his head) I-I-I don't know what just happened, but I like it. Now, with you safely inside the cage, (pushes a button on a remote) I can unveil my new device of doom. (the inator rises from the floor) Behold, the Metal-Destructinator!"
Doofenshmirtz,I wouldn't want to be getting one of those rejuvenating sea salt scrubs right now. The stinging would be unbearable! I-It just takes a little while to warm up.
Doofenshmirtz,"(voiceover) ...and I've been getting royalty checks. The extra money is fine and all, but it really chafes my hide (shot of Doofenshmirtz observing the equipment being used) that something I invented is being used for good! Ughh!"
Doofenshmirtz,"The Tilt-inator is set with an automatic timer, once it's activated, even I can't stop it. All that's left to do is open the bay doors, (Doof sighs) this may take awhile."
Doofenshmirtz,"I'm still working on a real evil application for this, but, for now, I'll settle for serving people live fish without consent. That's a little evil. Toodles!"
Doofenshmirtz,"(voiceover) We preempt your normal programming with the first annual Telethon of Evil! (cut to studio) And now live, because it's evil spelled backwards, your host, Heinz Doofenshmirtz!"
Doofenshmirtz-2,"This is a message for other dimension Perry the Platypus. If you turn yourself in, I promise not to hurt your little friends. If you don't, all bets are off."
Doofenshmirtz,"Let's see what embarrassing truths that woman who's holding that unusually large hand mirror has to say. (He fires, but the rays bounces back and hits Doofenshmirtz) Secretly I'm very lonely. Where did that come from?!"
Doofenshmirtz,"Good boy! I love this new guard dog software. It's about time, Perry the Platypus. I was beginning to think you'd found another evil scientist to fight. Oop!"
Doofenshmirtz,"Ugh, you know, I don't have the energy for this. It's still early, do you wanna go grab some lunch? Come on. I skipped breakfast this morning. (he and Perry walk out) You like eggs?"
Bad Future Doofenshmirtz,"Quiet! I need to address the populous. Attention, underlings! People often ask me: ""Doof, how does it feel to wield such absolute power?"" Well I'll tell ya."
Doofenshmirtz,"Where'd you get that? Could I... Could I have some? (pauses) Wha-Wha-What, the line? (erases part of the line) Oh, no look, I was just kidding about- Look! Look! Look! I-It's not a real line."
Doofenshmirtz,Silence! Are you suggesting that I attempted to gather the leaders of the Tri-State Area but the best I could do was a crossing guard and my building super?
Doofenshmirtz,"Wow. But it's too late! While I was napping, enough grease dripped off my face to fill the Junk Food-inator. Nothing can stop me now! Hoo, I gotta sit down."
Doofenshmirtz,"Until tonight! (He laughs) And when the sun rises in one hour; see, right over there; Then everyone in the Tri-State Area will see my enormous hand shadows on the moon!"
Doofenshmirtz,"Well, okay. My name is Heinz Doofenshmirtz. (pauses) Tadaa! I'm sorry, I don't know have the whole… Where are those lights coming from, by the way, when you do that?"
Doofenshmirtz,"...is your allure. Yeah, yeah, I know. So-So do you tell Peter the Panda your plans before or after you trap him? I just...I'm always interested in process."
Doofenshmirtz,"Wait, wait! I can't- I can't fight you when you're dressed as a girl. It's so...como se dice... awkward. Look! Shoes on sale! (Perry/Candace looks where Doofenshmirtz points. He tries to run for it during his/her momentary distraction, but he/she takes out an MP3 player out of the purse and throws it at him, rendering him trapped in the now comically long wire.) Curse you, Perry the teenager!"
Doofenshmirtz,"That's enough looking! I'd love to debate you, but I have some pressing business to take care of, like remaking the Tri-State Area in my own, twisted image! (Laughs maniacally)"
Doofenshmirtz,"Ew, gross! I smell like...salad. (Mumbling; slips on vinegar; lands in the volcano, which then ""erupts"") Say goodbye to this pair of lederhosen. Hey, I'm unhurt! Yes, I am invincible! Wait, wait, wait, wait! Where are we going?"
Doofenshmirtz,"No, I don't want your baby. (at Perry) You see, Perry the Platypus, the unfair advantage good-looking people have? (becomes conceited) Heeeey?! (at a man) If I ran for Mayor, would you vote for me?"
Doofenshmirtz,"Oh, don't be silly, Francis. I'm also here for a classy dinner with my daughter and her new boyf— (recognizes Monty) Wait a second! (to Vanessa) ""Nostril Boy""?! Is he your new boyfriend?!"
Doofenshmirtz,"Yes, yes, I'd be obnoxious if I wasn't so charming. Anyway, I have one more inator to complete and I've got to do it fast, so I could really use your help."
Doofenshmirtz,"Now let's see. Take over the Tri-State Area speech, and water, in case I get parched during my maniacal rant. Hee hee. Loud-inator. (He gets up on a literal soap box and turns on his loud-inator.) Check, one, two, three."
Doofenshmirtz,"Whoa, whoa, hold the phone. I-I could be useful. What if you need a kidney? Or-Or a stand-in for boring functions you have to attend, or-or another kidney?"
Doofenshmirtz,So I represent the League Of Villainous Evildoers Maniacally United For Frightening Investments- (Doof's light goes out) Ah! Philistine! That-That was a perfectly good Charleston!
Doofenshmirtz,"Hi, Francis, it's your old friend, Heinz Doofenshmirtz, calling to gloat about my brilliant unguessable scheme to scientifically turn a cloud into a storm."
Doofenshmirtz,"Uh, this may not be the best time to tell you, but I actually flunked jungle gym in grade school. I-I just couldn't get the hang of all the climbing and..."
Doofenshmirtz,"Okay, found it! Okay, I just have to take three steps back. One..two.. (trips backwards and falls off the building as the inator activates) OWWWWWWWWWWWWW! WHY DO I KEEP STACKING BUCKETS?!?! CURSE YOU, PERRY THE PLATYPUS!!!!"
Doofenshmirtz,"I'll be honest, I didn't understand anything you said. But look at us. Who are we to stand in the way of young love? (to Francis) I'm sorry for being a giant man-baby."
Doofenshmirtz,"But never again! Behold! (Removes tarp) The world's largest baking soda volcano! I mean, it-it's got to be the biggest one here, right? It's gonna win. (Pauses) I feel confident."
Doofenshmirtz,"No! Mr. Fluffy Pants! (he grabs the cat just in the nick of time) Wait! Wait, wait, wait! Oh, that was close, Mr. Fluffy Pants. You almost... (screaming) You know, I think you're more trouble than you're worth."
Doofenshmirtz,"Now, I have the power to bla, bla, bla, supernatural, bla, bla, et cetera, et cetera. But first I'm going to New York; we'd kill on Broadway! (There is a loud explosion in the background) What the...!"
Doofenshmirtz,"Fine, fine. You have somewhere more important to be. But don't you want to know (Perry jets away) why I want to destroy the adult diaper factory? It's a terrific backstory!"
Doofenshmirtz,"Oh, Perry the Platypus, take that! And that! (gets head stuck in control board) Oh! Oh, man, that's disgusting! Still, it can't be the first time someone's got their head stuck in a turkey."
Doofenshmirtz,"Yes, I-I have traps, but th-they weren't necessarily for you, y'know, specifically, but... Look, enough of your excuses! I challenge you to a dough duel!"
Doofenshmirtz,Ugh! Don't you guys see what's going on out there? Game over! Your plan failed! There's no figgy pudding! There's no Christmas! You can all just go home!
Doofenshmirtz,"Wait wait, why is this turned on? Shoo! Shoo, bird, shoo! (The pigeon flies away.) Huh. I hope my Uncooperate-inator didn't cause any problems in that little building over there."
Doofenshmirtz,"Behold, the mime-inator! With this baby, I'm going to trap every mime in the Tri-State Area in their very own invisible box! I know, huh? Fun with irony!"
Doofenshmirtz,"(Narrating) I was out picking up a few things, and as I was walking out of the store, I tripped on something. As I fell, out of nowhere this kitten landed in my bag!"
Doofenshmirtz head,"Oh, look! A little arm that can move around on its own, (the arm frees Perry) It's-It's got its own volition. I did not expect that. Wait, you dummkopf! Look what you've done! (the arm attacks him)"
Doofenshmirtz,"Boy, it's just gorgeous out, huh? A perfect day for ruining a City Hall lobby art dedication. You know, if-if you're into that kind of thing. Which I am!"
Doofenshmirtz,"(activating the inator) Hey, Perry the Platypus, did you know that the plural of ""sheep"" is also ""sheep""? Isn't that boring? What about ""sheeps"", or ""sheepuses"", or ""sheeples""?"
Doofenshmirtz,"Now, Perry the Platypus, why don't you say hello to my new pet crocodiles? Susan and Susan. I named them after each other. Now, prepare to be delicious!"
Doofenshmirtz,"Wait, your hat has a pressure release valve? Wow, so that's what the inside of a platypus smells like? Could've gone my whole life without knowing that."
Doofenshmirtz,"(Jekyll Doofenshmirtz puts the screw on a machine) (Narrating) He was obsessed with being (Jekyll Doofenshmirtz screws the screw into place) the most evil scientist of his time. Back then, to be considered truly evil, you actually had to have an angry mob after you."
Dr. Doofenshmirtz,"Yes, that is why I chose Japan over Paris at the last moment! That makes perfect sense. There is no other ulterior motive behind it all, so, you know..."
Doofenshmirtz,"Back when I was just a little schtumpel, my father came home with a brand-new spitzenhound puppy that he won in a game of Poke the Goozim With a Stick."
Doofenshmirtz,"People of the Tri-State Area, you may begin quaking in fear at your earliest possible convenience- (Doofenshmirtz's light goes out) Wait, really? Were-Were you even watching that move?"
Doofenshmirtz,"Asking for a shoe in size ten, maniacally. Going to the bathroom, maniacally. That was... That was a failure of epic proportions. You don't wanna know."
Doofenshmirtz,"Well yeah, of course. But come on, if I knew he had a nemesis. I-I would never want to be the other evil scientist. (sees Professor Mystery's -inator) Ooh! An inator! So what does it do?"
Doofenshmirtz,"(voiceover) Unfortunately, the car had one major design flaw: The back bumper was a surplus dynamite plunger and the gas tank sat directly under the driver's seat."
Doofenshmirtz,"Okay, little Miss Osbourne, (coming back onstage with an inator helmet on his head and a remote) prepare to say hello to your doom (Agent P appears on one of the rafters above the soundstage.) at the hands of—or, I guess in this case, in the head of—the man who is not your co-host! (Perry holds onto a rope with one hand and holds a mirror in the other.)"
Doofenshmirtz,"The letters of ""A Sal Tuscany Christmas"" spell ""Santa Claus"" with an embarrassing leftover ""Y"". Let me see that picture. (He sees the CD cover; Sal Tuscany is revealed to have his facial hair superimposed over a familiar white beard.) Sal Tuscany is Santa Claus?!?"
Doofenshmirtz,"Alright, Roger, prepare to suffer the bad luck of the dra— (Roger gets up from his desk) Hey, hey, hey! Hey, wait! Wait a minute! You're s'posed to stay still for a good inatoring!"
Doofenshmirtz,"(Lying on the ground) Wait, wait. I-I was just about to break out the bubble machine! (Perry flies out of the building on his hang glider with Carl hanging from his feet as Doofenshmirtz yells after them.) Curse you, Perry the Platypus! And you, too, large squirrel man creature hybrid thing!"
Doofenshmirtz,"Wow, if I had a nickel for every time I was doomed by a puppet, I'd have two nickels, which isn't a lot, but it's weird that it happened twice, right?"
Doofenshmirtz,"(emerging from the coat room) Ha-HA! You'll never get out of that straitjacket. Why would anyone wear that to a New Year's Eve party? I guess maybe if you were a magician, maybe..."
Doofenshmirtz,"Yeah. I'd say that's probably the first time anyone has described my being abandoned by my parents and raised by Central American wildcats as ""lucky""."
Doofenshmirtz,"Well, Francis? I've been playing this whole time. Are you gonna step up or do you wanna just let me know what shaving cream works best with your skin? (laughs)"
Doofenshmirtz,"Oh, down on all fours! I know that fighting technique. (gets down on all fours) It's Singapore Crab! I learned it in Hoboken. (moves back and forth; stands up; imitates a crab) Oh, yeah, I'm gonna side walk all over you, baby."
Doofenshmirtz,"Come on, Balloony. This is us. I'm just so glad to have you back. But watch yourself, Perry the Platypus! I got maniacal fighting skills now! You saw!"
Doofenshmirtz,"(reading) ""To the most evil dad in the whole world, Happy Father's Day. Love, Vanessa."" Aw, a gift basket of switches and self-destruct buttons. (pushes a self-destruct button) That's my girl! (smiles)"
Doofenshmirtz,"Stop! My brothers! And...others. Uh, gaze at last, upon my appropriately Mongolian military regalia and know that you must now obey my every command!"
Doofenshmirtz,"Y'know, I never really know where these beams go, but I... I like to think it's a Mysterious Force for evil doing something bad to someone somewhere."
Doofenshmirtz,"Seriously, leave my lunch alone! Anyway, after Professor Banister gets the moose, it's going to ruin Canada Day, or you know, whatever. Crazy, right?"
Doofenshmirtz,"It is working! (laughs) It is functioning properly! (Perry chatters, getting his attention; he gasps) Perry the Platypus? You defeated my bubble of pure evil? Ooh! (he traps himself and Perry in a bubble and land in the river just as the dam falls apart) Oh, no! What? (Perry uses Doofenshmirtz's nose to pop the bubble and escapes) Is my nose really that pointy?"
Doofenshmirtz,"Yeah, well, I made one, and now you're in an invisible cage. And so you don't get bored, I put in an invisible tin cup in there for you to play with."
Doofenshmirtz-2,"What? You're blaming me? I-I-I've been locked up in here with Choo-Choo. Isn't that right, Choo-Choo? Yes. Yes, it is. See? H-He'll provide an alibi."
Doofenshmirtz,"(offscreen) Nice goin', Norm! (Cut to backstage where Doof is having a talking-to to Norm.) And the next time someone asks for volunteers to host the L.O.V.E.M.U.F.F.I.N. Service Awards, say your own name, Mr. Blabbermouth!"
Doofenshmirtz,"Let's see if I can rub this guy the wrong way. (He laughs as he rams a car.) Nice bumpin' into ya! Maybe it's time to use a little elbow grease. (He pushes a button and some grease spews out of the back of his car causing the car to slide right out of the race.) Alright, smoke 'em if you got 'em! (Black smoke spews out of the exhaust pipe.)"
Doofenshmirtz,Hm. Wait! That's it! Okay. Split up and start dancing like you've never danced before! Whoever gets on camera first can deliver our message of evil!
Doofenshmirtz,"Well, now, mine are bacon, apparently. (shakes his hands) Look, I'm shakin' bacon! You like that? It's a callback to something I didn't even hear! In your face, logic!"
Doofenshmirtz,"I bet you're wondering where my Inator is, right? C'mon, guess? Guess, no? No? You're not gonna play-A-alright alright fine. Don't play. It's Norm!"
Doofenshmirtz,"Woohoo! With all the cash I'm raking in, I'll be able to take over the Tri-State Area in no time! (A woman gives him a book, which he signs.) Thank you very much. Nice doin' business with ya."
Doofenshmirtz,"No, no. Wait. It'll be all right. (he turns over the cushion) I-I was planning on replacing this old couch anyway. Now come on, let's light this pop stand, or however it goes."
Doofenshmirtz,"Consider yourself trapped. Allow me to explain my diabolical plan. You see, my brother, Roger, the mayor, is hosting a beauty contest that will..."
Doofenshmirtz,"I did it! I...Not strictly according to plan, but I...Still, I have disrupted the ceremony. WOOT! WOOT! See? Everything works with the woot-woots."
Doofenshmirtz,"Okay, Perry the Platypus, I see someone. You'll understand the power of my sad eyes when you see them in action. You ready? Watch this. Excuse me?"
Doofenshmirtz,"(on the flying platform) Be careful Perry the Platypus, you're awfully close to the edge. Oh! Let me help you back. (laughs as Perry is sent from one side of the platform to the other) Oh. Oh I can't quite- Whoops! I'm just messing with ya."
Doofenshmirtz,"Drury Lane. Why would anyone buy a house on Drury Lane? It just sounds so, it sounds dreary, even though it's not actually ""Dreary"", it's ""Drury""."
Doofenshmirtz,"Ha! Trapped ya! You'll fall for anything, Perry the Platypus! (mockingly) ""It's gonna blow!"" (normal voice) As if-As if I would know ahead of time when something's going to—"
Doofenshmirtz,"What? A bathroom break? Next time go before you come… (While he's talking, the camera reveals that Perry's in the bathroom. After smiling mischievously, he leaves it carrying the now filled spray bottle.) Okay, how about some macaroni salad? (Perry holds up a spray bottle) Antacid? The only effective defense against deli foods. (grunts as Perry tackles him in the stomach)"
Doofenshmirtz,"What? Some kiddie TV show? Oh, the signal must have gotten switched. (Presses buttons) Urgh! Oh, now I've lost the picture entirely. (Pause) Hm. I hope it doesn't go rogue."
Doofenshmirtz,"Okay, I've had time to think it over and we need to put the world back. I, for one, do not want to live in a perpetual winter! (pushes Rodney) Scoot over, Rodney."
Doofenshmirtz,"Ah, Drusselstein! This way, Perry the Platypus. (Doof and Perry get up and the cat meows. Cut to outside Ye Olde Pawn Shoppe.) Okay, so the gnome tracker located my father's long lost lawn gnome at this location. (He opens the door and gasps.) There it is! (He picks up a lawn gnome, but it talks.)"
Doofenshmirtz,"You're through, Perry the Platypus. Through! Now it is time for Platypus Flambé! (Laughs maniacally; To Vanessa) Vanessa, did you bring the little wooden head the termites made?"
Doofenshmirtz,"(looking at a book) This is all wrong! Look, it says here that the Humiliating Dance of Contrition is now 85% less humiliating! H-How would they even calculate that?"
Doofenshmirtz,"No, no! Wait, wait, wait, wait! He's just about to do something. Wait for it! (Perry chatters) Hmm. I guess it's just a platypus. I could have sworn that was him."
Doofenshmirtz,"Okay, I know you've heard that one before, but...twice actually...but I really think that this is where my relationship with my father went awry."
Doofenshmirtz,"Once I zap Roger, nobody will recognize him and his unveiling will be a failing! Y'know, I'm... I'm gonna switch it back. This is too disturbing."
Doofenshmirtz,"Perry the Platypus, what are you doing here? Besides getting trapped! (laughs) You've been double-trapped by Dr. D. Squared. Yeah, that's still not right."
Doofenshmirtz,"...and once again, just as I was about to take over the Tri-State Area, Perry the Platypus hits the self-destruct button, foiling my evil scheme."
Doofenshmirtz,"(The elevator goes up.) Well, that doesn't really make a lot of sense. (The elevator reaches the top floor, which is just a view.) Why did she make us come all the way up here if the clue is down— (The elevator drops like the Tower of Terror ride and drops back into the moat. A hippopotamus rises from the moat.) Wait a second! (Approaching the hippo, which has another clue in its mouth.) Gimme that thing!"
Doofenshmirtz,"Okay, I might have a little bit of a pro— (falls down and ends up in the water. He gets on the raft but is surrounded by alligators.) Get back, you, before I get all Creole chef on you! (to the trainees) Come on, you guys! Jump! I gotcha! I gotcha! I got— (the trainees jump into the raft)"
Doofenshmirtz,"Oh, you're not gonna need friends. You're gonna be on top of the heap! (Sighs) It's lonely at the top, but, you know, it's the top, so it dulls the ache. (He walks away. Buford looks surprised)"
Doofenshmirtz,"No, I'm—Yes, I am! I am a doctor! Thank you. Thank you. A lot of people just stampede straight to ""pharmacist"" for some reason. I don't know why."
Doofenshmirtz,"(in a supermarket checkout lane, loading his presents onto the counter) Whew! Hey, what's with the total lack of Christmas decorations this year? A-Are you guys just being lazy or what? (reaches to pick up his presents, but is hit by the Transport-inator's beam) Wait, wha-, wait, my packages! (Doofenshmirtz disappears from the checkout counter)"
Doofenshmirtz,"Y'know, it, uh... It could've been worse. Uh, don't..don't all thank me at once. Knowing my talent has served my fellow agents is thanks enough."
Doofenshmirtz,"Wait a minute! Who's that boy you're with? He looks vaguely familiar. (Perry pushes a button on the gas tank) Say, isn't that— (The tank explodes sending Doofenshmirtz into orbit) AAAAAAAAAAAAAAAHHHHH!!! (a man passes by him) Uncle Simpkin? He's looking well."
Doofenshmirtz,"(pauses broadcast) Wait, w-w-what's going on here? Is it Christmas already? What happened to fall? I'm totally unprepared. I-I got to get my yuletide on, and fast!"
Doofenshmirtz,"What, what is that all about? I mean he's using a typewriter. When was the last time you saw someone using a typewriter? Wha-What is this, 1987?"
Doofenshmirtz,"Hate working out, but also hate paying for it? Well, come on down to Doofnasium, where I will personally motivate you to pump out iron for free!"
Doofenshmirtz,"Oh! Take that! And that! (Gasps) Perry the Platypus! I, uh, I uh, uh... There's no one else here. I mean, w-what are you doing here, Perry the Platypus?"
Doofenshmirtz,"But Vanessa, what if there were a blizzard or an earthquake and -- and you with no one to take care of you, not even kindly ocelots, like I had."
Doofenshmirtz,"No, no! (Laughs) Uh, that would be me. I'm Strudelcutie4427. Nice to meet you. Uh, this is my pet platypus. He was just going outside for a nightly walk."
Doofenshmirtz,"Oh, good grief!! It doesn't matter what we're called. What's important is that we get our evil message out to the people of the Tri-State Area!"
Doofenshmirtz,"Wow. That is scary. I tried that robot thing once, too. I hid the self-destruct button on the bottoms of their feet, so noone could reach them."
Doofenshmirtz,"Ah, Perry the Platypus. Just in time. (pulls cart) Our flight is about to leave. Behold, the Stain-inator! What's it for, you ask? I'll tell you on the way."
Doofenshmirtz,"(to Norm) Okay, see that cute popcorn machine over there? You just gotta walk up to her and say something smooth. Now, do you remember your opening line?"
Doofenshmirtz,"So, if we're enemies again, does that mean… (Perry drops him) Aaaah! Curse you, Perry the Platypus! (tumbles before finally landing on a throw pillow) Oh, now see there, a throw pillow. You, you guys do it right!"
Doofenshmirtz,"Wait a minute. Disqualified? OHHH! It can't possibly be that bad, let me try it. (eats meatloaf and moans) Yes, someone's gonna have to...call the...paramedics, I think."
Doofenshmirtz,"Oh, great. Now I have to scour this whole place and find the Pizzazzium and probably have to wrench it out of the hands of some random shopper."
Doofenshmirtz,"Oh, hello, Perry the Platypus. Could you be a sport and shut the door? It gets really drafty in here. Give it a good slam. Sometimes it sticks."
Doofenshmirtz,"So if you'll excuse me, I have to get back to my search for Doreen. Maybe I'll get lucky and find the Declutter-inator, too. (Yelling back into the clutter) Hey Doreen? Marco!"
Doofenshmirtz,"Aaaahhh! (Perry loosens the tape's film and successfully lands) Aaaaaaaahhhhh!!! (Lands on a soft mattress; Below...) Whew! What an unbelievable stroke of luck! (The mattress folds in half) Oof! I'm okay! I'm still better than the... (gets stepped over by the robot) Curse you, Perry the Platypus!"
Doofenshmirtz,"(Turns to Perry) In all fairness, Perry the Platypus, there was nothing in his profile about, you know, naming his boomerangs. Even I find that a little creepy."
Doofenshmirtz,"Wa-wa-wa-wait! What about the neighbors? (exits) They're really crazy. (Comes back in jumping around with his pants on his head.) Look, I live next door and I've got pants on my head! And, uh, (takes out a comb and puts it under his nose like a mustache) I'm Italian. See?"
Doofenshmirtz,"Don't worry, guys, we'll- we'll get this all straightened out. Va- Vanessa! Vanessa... (the guards drag him away) No no, you can't take me, I don't have anyone to curse!"
Doofenshmirtz,"(muffled) Curse you, Perry the Platypus! (at a coconut and a pelican) Listen up, both of you. Let's get one thing straight. I am supreme ruler of this place and don't you forget it!"
Doofenshmirtz,"Okay, how about this one? (He pushes a button which frees himself.) Good. Okay, well, at least I can still go on with my plan. (He manipulates the propellers in a vertical position. He raises the Tri-State Area once again.) I should go pick up my dry cleaning before it gets too..."
Doofenshmirtz,"Ugh! It wasn't even set in reverse. I don't think it hit anything, y'know, disturbing. But... Oh, look! There it is, Perry the Platypus. Look!"
Doofenshmirtz,"You know, I don't even remember what this does. (He pushes a button on the Inator, and a green beam shoots out of it) Oh, that's right, it just shoots a beam into space. No wonder I lost to a baking soda volcano."
Doofenshmirtz,"(voiceover) So, through the use of pseudo-technology, I created this elixir, that, when sprayed on an individual, actually transforms them into a warthog."
Doofenshmirtz,"After putting all the final touches on my All-Purpose-inator, I took a step back to admire my handiwork. Victory was finally within my grasp."
Doofenshmirtz,"Alllmost ready, Perry the Platypus, just a few more adjustments. I'm putting an extra ratty setting on the Underwear-inator. So embarrassing! (Perry takes a contact lens out of his eye, holds it up to the light and proceeds to cut through the net)"
Doofenshmirtz,"Hey, where'd you go? (Camera pans to Agent R, who's eating from the trash) Oh, no! You're getting coffee grounds everywhere! Oh! This is so much smoother with Perry the Platypus. I'm just saying."
Doofenshmirtz,"You think you've beaten me, but you haven't, because I can turn the Invis-inator into a Disintegrator, with just the simple (Pushes a button. The ray prepares to fire) push of a button!"
Doofenshmirtz,"Sorry for the lack of inflight meal or entertainment, Perry the Platypus, but one cannon can only go so far, so I set up a worldwide network."
Doofenshmirtz,"Wait. You're not trying to hack into the ray-gun system, are you? Wait, what am I worried about? You'll never guess my super-secret password."
Doofenshmirtz,"You don't communicate, you know that? Y-You don't share. I-I know nothing about your private life. Perry closed off...... Closed, that's you."
Doofenshmirtz,"(Depressed) Oh, Dr. Gevaarlijk, today was supposed to be the day that I impressed you (Walks away) with the enormity of my evil schemes and finally earn your respect."
Doofenshmirtz,"Ah, what the heck. Before we start, there's a whole buffet set up here. Please partake, I was expecting someone who seems to be running late."
Doofenshmirtz,"As soon as I get this honey off of me, I- (Candace's hair hits Doofenshmirtz, sending him screaming off of the platform and onto the pole where Candace once was.) Is this hair? (Perry is still on the platform and manages to disable the Very Bad-inator. He escapes on his glider.) Oh, no! Now I'll never know what the Bad-inator does! Curse you, Perry the Platypus!"
Doofenshmirtz,"(offscreen) Curse you, Perry the Plat- Oof. Bleah. (Cut to inside where he's tied up and mops are shot into his mouth by the automatic tennis ball launcher.) Curse you, Perry the Plat- Oof. Bleah. Curse you, Perry the - Bleah. Why did I buy so many mops? Oof."
Doofenshmirtz,"I hope you're ready for the big show, Perry the Platypus! [plugs the blue plug with the green wire) Because Evil Incorporated is on the air!"
Doofenshmirtz,"I suppose you're wondering why I'm wearing lederhosen. (Pauses; Perry glares at him) What? I've the legs for it! (Stretches right leg on dashboard) Eh? Eh? Eh? (Lowers right leg) Anyway, it will all become clear soon enough!"
Doofenshmirtz,"Oh no! Oh no no! Not again!!! (bang!) Ow, my head! (bang!) Ow, my head again! (bang!) Ow! Now I forgot math! (bang!) Ow! There goes social studies! (bang!) Oh, good, they're back! (Doofenshmirtz's head crashes into the giant bolt revealing the cogs, which loosen and cause Foamtown to roll away.)"
Doofenshmirtz,(gasps) What's this? A Sal Tuscany Christmas... Score! What a perfect way to enjoy the last several hours before Christmas officially doesn't come.
Doofenshmirtz,I bring to you... Doofania! Where there will be no brothers trying to make me look bad. No. I will be the ruler of my very own evil empire!
Doofenshmirtz,"No, no, stay with me. It makes sense. Back in Drusselstein, the kids would all go to the local oil park, like a water park, but slipperier."
Doofenshmirtz,"(groans) Oh, I forgot to hit the reverse switch, so it just made me even smaller. (to the mantises) Wait, hold on. Shouldn't we at least try couples counseling first?"
Doofenshmirtz,"Vanessa! Yes, yes, I know, you, you'd like to move in with your mother and you want to intern at OWCA and my being evil creates a conflict."
Doofenshmirtz,(to Perry) You're not very good at thwarting. I...I should hook you up with my nemesis Perry the Platypus for some pointers. It's an art form for him.
Doofenshmirtz,"Let's start with genetics, the building blocks of life. Your genes determine what you will be. A...A turtle or a bird or... For instance... (plucks a hair off of Johnny)"
Doofenshmirtz,"What is that ringing so- is that Eb above high C? Oh, for crying out loud, Perry the Platypus, really? Really? You're thwarting the ill...? (Begins hacking up a lung)"
Doofenshmirtz,"Okay, well, I might have pressed it by mistake. But at least I didn't push the release button I installed inside Perry the Platypus's cage! (Perry presses the release button with his foot and escapes his trap)"
Doofenshmirtz,"No, No, No! I've been good! Don't put me in your gundersack! Not the gundersack! Ahhhhhhhhh! The Kinderlumper! (Doofenshmirtz sits up in bed, breathing heavily, then gasps.) That's it! Der Kinderlumper! (Doofenshmirtz chuckles evilly as he comes to a evil realization.)"
Doofenshmirtz,"See? All you needed was a reboot. (Perry slams a platypus hat on Doof) …Wait! What is this? What happened to all the lights? Wait, it's coming loose. I think I can get it off."
Doofenshmirtz,"Curse you, Perry the Platypus! (Agent P looks around, trying to find where the voice is coming from. He finally shrugs then leaves; deciding that the mission is over.; Instrumental version of Perry's theme) Wait, wait! Where are we going? Is that sea water I smell? I hope I'm not on a boat, (the delivery boat departs) 'cause I get sea sick."
Doofenshmirtz,"Ah, Perry the Platypus, what a surprise. And by surprise, I mean not a surprise at all. Anyway, let me show you what I've been working on."
Doofenshmirtz,"Perry the Platypus, hold your tiny horses! I just remembered. My inator had a reverse switch this whole time! I dunno what I was thinking."
Doofenshmirtzs,"(Cheering)/Geronimo!/Whoopee!/Santa Claus!/Native American icon!/Hey, there's the mall!/Well, that was fun!/Ooh, what fun!/Oh, I landed in a puddle."
Doofenshmirtz,"It takes a lot of power, so I can only fire it once, but don't worry. (Leans on his ray) I have it planned down to the last-- (The ray is pushed downward. It fires a laser and it hits a dam. The water starts flowing from the dam) (While looking through binoculars) Oops! (Chuckles) No more songs about dams?"
Doofenshmirtz,"(Sighs wearily) Well, Planty the Potted Plant. You have proven yourself quite the adversary. Why don't we just...call this one a draw? (Plops himself against the door) I'm kind of pooped."
Doofenshmirtz,"Did everyone take note of his reply? (walks behind the inator) Totally lackluster. But that's all gonna change. Okay, Billy, now hold still. (Fires the inator on Billy) Now whadaya see, Billy?"
Doofenshmirtz,"Woo! Oh, boy, that was great! Hey, I've got an idea, let's go get some ice cream and spoil our dinner! I mean, who's gonna tell us no huh?"
Doofenshmirtz,"Oh, hello, Vanessa! Let me introduce Rodrigo to you. He's starting evil science school in the fall and I'm mentoring him. I'm in mid-ment."
Doofenshmirtz,"Every day, when I go downstairs to get my mail, my neighbor, Tyler, is down there spoiling the ending of every show to my other neighbors."
Doofenshmirtz,(to Perry) Are you sure we haven't met before? You look so familiar. Something about your platypus-like beak. Hmmm. Can't quite put my finger on it.
Doofenshmirtz,"Very clever, Perry the Platypus, but let's see how you do against the hard stuff. Parmesan, give 'im a taste of your crystalline texture."
Doofenshmirtz,"Yeah, yeah. Listen, you're an actor, so act. If anyone slightly bumps into you, fake an injury. Do a, do a whole soliloquy, just sell it."
Doofenshmirtz-2,Charlene Doofenshmirtz. She's my ex-wife. I-I guess you guys have never met. That kinda takes away the drama of the reveal. But it's her.
Doofenshmirtz,"Pfft, don't worry about me making money, mister! I've-I've got a complicated plan. I—Like I'm gonna take advice from some guy in a diner. (Perry bounces in his high chair out of the diner.)"
Doofenshmirtz,"So, to recap, my entire fragile self-esteem is totally dependent on your performance today at the dog show, but, y-you know, no pressure."
Doofenshmirtz,"I...I did it. I did it! Ha ha! Who's the loser now, huh?! L-O-S-E-R! Who's the loser?! You are! Let's boogie! That's right! Let's boogie!"
Doofenshmirtz,"Perry the Platypus? I'm just gonna assume it's you, 'cause I don't hear any talking. Anyway, I was wrong. Please come back and thwart me."
Doofenshmirtz,"Well, it was just a simple Repulse-inator, y'know to, to make Roger ugly, but then, there was some sort of power surge and this happened!"
Doofenshmirtz,"I don't really remember much about it, I was pretty young at the time, but- ooh! Ooh-Ooh! (The tube connected to the helmet Doofenshmirtz is wearing begins to bubble) I can feel it tingling; something's coming out!"
Doofenshmirtz,"That's the trap I was gonna use on you, but my evil license expired as we previously established, and I don't wanna pay all those fines."
Doofenshmirtz,"Oh, Vanessa, it would be good for you to get in touch with your roots. Who knows? You might even come up with your own tragic backstory!"
Doofenshmirtz,"Okay, you can keep the 401(k), but the daycare you're gonna have to pay for out of your own pockets! I-I-I've made enough concessions here!"
Doofenshmirtz,"Okay, the welds aren't really bonded on this machine, so, y'know, try not to move around too much in flight. Grand Canyon, here we come!"
Doofenshmirtz,"Oh, ha ha ha! Laugh it up now! A-And when your friends ask what happened to Casual Fridays, you can tell them you opened your big mouth!"
Doofenshmirtz,"Wait, what? You were coming here, anyway, and... (He accidentally steps on the button and water balloon is released from the rope holding it to the tower and flies up into the sky) Oh, and uh... As far as flinging that water balloon into orbit, hehheh... (puts his fingers on Major Monogram's mouth again) ""I did that."""
Doofenshmirtz,I never thought of it like that. We'll get started as soon as I pick up some fresh lab coats. These have got scorch marks all over them.
Doofenshmirtz,What?! But that's the opposite of what I— They're the good guys! I thought for sure now that I was Tri-State Governor that we'd be okay!
Doofenshmirtz,"Okay, note to self: Only use the Make-Bigger-inator outside. You weren't supposed to get that big, Perry the Platypus, only 20% bigger."
Doofenshmirtz,"So just because I miss a few payments, you're selling my building? A-A-And where am I supposed to get that much money on short notice?!"
Doofenshmirtz,"No, no, no, I'm just kiddin'! I'm kidding! Come on back! Hey, uh, guys, you, y-you forgot the cat. (to Karen) They forgot you. And you're the cat."
Doofenshmirtz,"Well, I could tell you, but that would be taking the easy way, and you know what they say about that. Ooh, look! Pizzazium Infinionite!"
Doofenshmirtz,"Well, come on in, come on in. Check the place out. I-I decorated it all myself. Well, mostly. Wait till you see this. Wait right there."
Doofenshmirtz,"And nice to see you, too! (to the class) Y'know, we knew each other long ago, but that's a story for another time. I'm Dr. Doofenshmirtz. (writing on the blackboard) D-O-O-F-E..."
Doofenshmirtz,"Yeah, it's mine. See, I told you I never lost it. It was in a box in my pantry labeled ""VHS Tapes"". Go figure. Anyway, you can have it."
Doofenshmirtz,"Oh, that's unfortunate. (takes the dish off) Uh, hopefully, the DNA in the petri dish won't combine with... (Johnny starts growing a lizard tail) Oh! Oh! No, see, it's... It's happening already."
Doofenshmirtz,Perry the Platypus? You're just in time. (Pulls out a remote) Just in time to be trapped! (Presses the remote button. A crashing sound is heard. Perry looks around for the trap) Didn't Major Monogram tell you I was working on an invisible ray?
Doofenshmirtz,"Yes! It's almost full! Come on, people! Ha ha! I have the power! Time to fire the End-All-Be-All-inator! I almost have too much power!"
Doofenshmirtz,"Ladies and gentlemen of the press, kindly put a cork in it. So you've probably figured out that the Earth has moved away from the sun."
Doofenshmirtz,"Oh, well, let's see. (Looks to Perry who rubs his belly) We could rub our stomachs (Perry opens his mouth and points to inside of it) and point to our mouths and later we could roll our eyes and put our head in our hands."
Doofenshmirtz,"Wait, w-what was that? (Perry jumps out of the scuba mask and the bars drop off.) Huh? You were trying to escape?! After I shared my wings with you! Well, granted,  I did trap you like a monkey— (Perry punches him.)"
Doofenshmirtz,"Perry the Platypus? (Chuckles) Thank goodness, I-- I thought you were the guy with my hot wings. In two more minutes, my order will be free! Yes!"
Doofenshmirtz,"Well, Planty the Potted Plant, since you're just hanging around.... (chuckles) Let me demonstrate the brilliant evil-losity of my latest inven..."
Doofenshmirtz,"Why is dating so difficult? I'm not finding any matches, even with my Swipe-inator going full— Oh, what! Oh, wait! I just got a match!"
Doofenshmirtz,"Wow, I can't believe they built an airport in Drusselstein. They used to just kick us out mid-flight. I'll just hail a horse if I can—"
Doofenshmirtz,"You know I've had it with you, Perry the Platypus. You never, never let me have the last -- (Perry pulls Doofenshmirtz's parachute, sending him flying off the plane) AAAAAAHHHHH CURSE YOU, PERRY THE PLATYPUS!"
Doofenshmirtz,Enough of your blabbering on and on! My little nemesis is out there all alone. I-I can't believe it! Stop the bus! Stop the Bus! Stop-
Doofenshmirtz,"Ohh, did I say traveler's- Uhh, no, no... I do wanna spend time with you... l-look, look. I'll drop the water balloon right now and... (gets kicked by Perry)"
Doofenshmirtz,"Ah, bummer. Anyway, as a musician, not as a co-host, mind you, I'd like to get in on this little songwriting thing you're about to do."
Doofenshmirtz,"Oh, I see what you're doing. You're messing with my head. Trying to get into my mind. Walk around in there, rearrange the furniture..."
Doofenshmirtz,"I'm building a Re-Good-inator, solely from parts from this plane. Do you know how many evil scientists could actually accomplish this?"
Doofenshmirtz,"Very effective, don't you think, Perry the Platypus? (Sips drink, then spits it out upon realizing Perry is here) Perry the Platypus?! (at some pigeons) Get him! Stop him! He's headed for that clearly marked exit!"
Doofenshmirtz,"It's a good thing I had this old Cooler-Off-inator. All right, where'd that cloud go? Oh! There she is! (fires the inator) I'm gonna make it rain, baby!"
Doofenshmirtz,"You know, all I really want for Christmas is the ability to hate Christmas. Is that too much to ask? (knock on door) Hmm, were you expecting someone?"
Doofenshmirtz,"(Laughing) Listen to those fools, as they worship their candy-colored race car man. How about a little demonstration of my deflationary prowess? (Fires laser)"
Doofenshmirtz,"(Weaving from behind a giant pink kangaroo) Now you see me. Now you don't. Now you see me. Now you don't. Hehe. (Perry punches him, and Doofenshmirtz falls down the stairs, and slides across the ramp of the trap) Hey, whe-where'd ya' go? (Perry bounces up to the catches mitt holding the anvil) I've got you now Perry the Platypus. (Doofenshmirtz bounces up to get him, but smashes into the anvil, which then falls on him.) Ow!"
Doofenshmirtz,"Oh, there they go with the whole ""pharmacist"" thing again! I-I should become one, that-that would show 'em! I'll become a pharmacist!"
Doofenshmirtz,"(on CB radio) No, no! It's not Miss, it's... it's Misfortune. Like, like one word. It's like... It means bad luck. One word. So, uh, where are you?"
Jekyll Doofenshmirtz,"(While being slammed on the floor) Really, really, I don't have your nose! Wait wait. Time out. Allow me one little drink before we continue. I'm-I'm-I'm parched, okay?"
Doofenshmirtz,"Ha ha! Isn't it great? It's like old times. I... Like I always say, ""If you love something, set it free. If it comes back, trap it!"". (laughs)"
Doofenshmirtz,"Hey buddy, watch where you're... Say, you look fabulous. (a brief clip of **""Fabulous""** plays) Haven't I seen you somewhere before? (Perry chatters then flees the scene) No need to get huffy, you ran into me!"
Doofenshmirtz,"Okay, so now that we got the basics covered, we can get to the fun part. Let's start with trapping your nemesis. (Cut to Perry with a nametag lanyard on taking notes. He gets trapped by the lanyard.) Nametag, you're it!"
Doofenshmirtz,"Finally, I am the Grand-Taker-Over-er! It's better than I've dreamed! Ironically, and... Oh, oh! I have a little hat and everything!"
Doofenshmirtz,"Oh, ""thwart""! Yeah, it makes more sense. I'm thinking maybe you should go see a speech pathologist or a-a-a dialect coach or someth—"
Doofenshmirtz,"Wait, th-th-th-that's not the Stumblegimp Humiliating Dance of Contrition! (he lowers his hands to reveal there's nothing in them and sighs) One day, I gotta ask Norm what he did with my binoculars."
Doofenshmirtz,"Don't sell yourself short, perhaps you can be one of my minions! Not an indoor minion, but a minion that keep the coalfires burning."
Doofenshmirtz,"Whoa! Oh, I get it! This is what it does! Flying through a hoop! That's what I get...for buying a bat...from a defunct...bat circus!"
Doofenshmirtz,"""Ah, Perry the Platypus! How unexpected for you to burst in on my nefarious..."" (Looks at a script) Nefarious? No, that's- That's too much, even for me."
Doofenshmirtz,"Oh, this is great, Vanessa! Why don't we talk these guys into giving us a tour of Paris? We can go check out the Guillotine Museum!"
Doofenshmirtz,"(laughs sheepishly) Now that I think about it, uh, those two boys made some modifications to my design which may have allowed it to, you know, to work."
Doofenshmirtz,"I mean, he drives a taxi, for heavens' sake, he can work anywhere. But he expects her to just pack up and move to Vegas. Seriously."
Doofenshmirtz,"If we weren't in the middle of a runaway train crisis, I would totally be giving you a hard time for leaving me in the toilet bowl."
Doofenshmirtz,"(laughing maniacally) Now my ultimate triumph is at hand! Prepare to be hypnotized by a video scientifically created to get stuck in your heads, forever!"
Doofenshmirtz,"Oh yeah? Well-Well-Well I'm too flustered to come up with an insult, so I'll call you later, and give it to you then. Come on Norm."
Doofenshmirtz,"Eh, it doesn't matter. Anyway, I get it. I understand now.  There's just one thing I gotta do before the whole thing starts over ag—"
Doofenshmirtz,"Oh, gross! You're really going to do it? Perry the Platypus, that's so unsanitary! Didn't your mother ever tell you not to do that?"
Doofenshmirtz,"(offscreen) Now, why do we always have to meet in drafty abandoned warehouses? I mean, why can't we meet in a drafty abandoned poolside cabana?"
Doofenshmirtz,"Oh, my Power-Drain-inator! Ooh, that was a cool one! And it was...destroyed by my nemesis, Perry the Platypus. You just missed him."
Doofenshmirtz,"Well, I must say it's good to hear your voice again, too, after so long! I just came down here to get some parts for a new -inator."
Doofenshmirtz,"So, what you're saying is that I'm good at being evil after all! (calls Norm) Norm, we're back in business! Dust off the inators! (hangs up) Later, chumps!"
Doofenshmirtz,"Pay attention and learn something, Perry the Platypu-- Wait, wait! Where's Perry the Platypus? He's escaping, with the Poop-inator!"
Doofenshmirtz,"They dare to laugh at the Drusselstein Boomshlaka 320-I? Well, we'll just see who has the last laugh! Norm, fire up the Rustinator!"
Doofenshmirtz,"Ow! Shot in the butt while covered in honey and hair? What do you know, my horoscope was right. (hugging pole) My beautiful, beautiful horoscope."
Doofenshmirtz,"(still pouring pepper) Wow, you sure like a lot of pepper. I'm more of a paprika man myself. (Perry blows over the pepper, Dr. D coughs) It will take more than condiments to foil my brilliant plan! (The robot sneezes them out, and they crash through the Huge-O-Records building.)"
Doofenshmirtz,"If I can get a ladder, I can defuse them before they blow up. (Notices the house is destroyed.) Eh. Well, on the bright side, now we don't have to find that ladder."
Doofenshmirtz,"Oh, for Pete's sake, Perry the Platypus. I told you to go before we left. (at himself) He better bring back some popcorn, that's all I can say."
Doofenshmirtz,"(holding a finger over Vanessa's mouth) Sh, sh, sh. (lowers finger and smiles) I know exactly what you're going to say and I'm on it, but right now, I need to (looks at the clip board and points at it with a pencil) study Perry the Platypus's every move."
Doofenshmirtz,"Oh, Vanessa! Well, you're looking... uh... Oh, no matter. Where we are going, you can dress up like a clown every day if you want."
Doofenshmirtz,"But if you and I teamed up and both trapped Perry the Platypus, he'd be twice as trapped and we could split the tag and bag prize!"
Doofenshmirtz,"Hah, you don't wear trunks. What is that? A European thing? (gets hit by an incoming wave) Oh, hey it works. I have sand in my trunks and it's really irritating."
Doofenshmirtz,Oh so you're just trying to make me look like a fool. Well I don't need you for-- (accidentally turns on jet-pack) Ow Ow Ow Ow Ow! That. I'll just take the stairs.
Doofenshmirtz,"Hey, cool it, man. I think I'm getting a raise. Ooh, ooh, y-y-you should give the operation a name, like ""Operation: Shared Evil""."
Doofenshmirtz,"(yelling below) Pierre!! (giggles to Perry) Did anyone look? A-hee-hee-hee! I betcha, like, half the people down there are looking around, like (fake French accent) ""Who called my name?"" (laughs in his normal voice)"
Doofenshmirtz,"Oh, hey, it's me. It's me. I'm back. Perry the Platypus, look, the—oh, oh, it's the chopper cam. (singsong) Hello? I'm back. Hi, hi, Mom. Hi."
Doofenshmirtz,"Ha ha! See that? That's called ""karma""! You do a little good and the universe pays you back with a whole lotta evil! Right, honey?"
Doofenshmirtz,"Oh, I built an All-You-Can-Eat-inator that speeds up your metabolism so you don't gain any weight no matter how much you eat ever."
Doofenshmirtz,"(inside his giant walking building robot) Ha ha ha ha! When it comes to havoc, nobody wreaks like me! (Perry removes a metal cover of a storage) Whoa! Wait wait, you're not supposed to touch that! (Perry removes a wire) Hey, hey, no fair! (The robot almost steps over the building, but turns around.)"
Doofenshmirtz,"(On speaker) (Coughs) Uh...hello, Major Monogram, this is Heinz, it's 7:45 on Tuesday, I'm really sick. So, I won't be able to do evil today. Anyway... (Coughs)"
Doofenshmirtz,"Hey, look, Old Norm Head. It worked. It functioned properly! Vanessa's all picked up and taken home, with three minutes to spare."
Doofenshmirtz,"(standing with Perry on his flatbed, balanced on the edge of the cliff) I can't believe nothing worked out for me today. After... I.. I had a A, B, and C and they all... 'course I destroyed the B so..."
Doofenshmirtz,"Okay, left on to Maple Drive, and here we are! Oh, great. There's no parking spot! I should've invented a Parked Car Away-Inator."
Doofenshmirtz,"(offscreen) Ah, the quaint town of Whiskershire. It's a great place to fly willy-nilly through, manacled to a rocket skiff this time of year."
Doofenshmirtz,"Nothing can stop me now! My alien friends, I command you to— (Steve's monstrous hand grabs the ""mushroom"".) No! Oh, stop! Aaah! (Perry comes out of his trap) This is not working out the way it did on paper!"
Doofenshmirtz,"You know what they have in here, they-they have those tiny soaps, they make my hands look so big, it's like I'm a giant. All set."
Doofenshmirtz,"It's even got an attachment to shoot five things at once. C'mon, Perry the Platypus, there's gotta be something that annoys you!"
Doofenshmirtz,"There he is! Welcome, Perry the Platypus! I knew my return to evil would be met with an equal opposing force of semiaquaticness."
Doofenshmirtz,"The stitching took twice as long as the online tutorial said it would, but... Uh, it's a little big on you, but we can fix that."
Doofenshmirtz,"(narrating) Yet, curiously, I still lost to a baking soda volcano! (clip ends) And what's worse, his poetry lacked subtext entirely. Hey, where's Perry?"
Doofenshmirtz,"Ah, we'll be on our way just as soon as Major Monogram drops this water balloon on the entire International Good Guy convention."
Doofenshmirtz,"I mean, people must call her ""sir"" all the time on the phone. It must be so em... (Laughs) She's standing right behind me now, isn't she?"
Doofenshmirtz,"A plunger jam?! AOh, I hate those! They always make the Paper-Cut-Inator-- (Hundreds of paper slices fly around Doofenshmirtz injuring him all around) E-E-E-E-E-E-E-Explode! Curse you, Perry the Platypus!"
Doofenshmirtz,"Heh-heh. Either way, it's nice to get out of the lab for a change and, you know, try to destroy each other out in the fresh air."
Doofenshmirtz,"That's it, Perry the Platypus! There is nowhere left to run! You have officially overstayed your welcome! (Perry goes under Doof) Hey! Hey, no fair! (He throws the lid at Perry, but he ducks and it hits a sign that flings the lid back at Doof) Ow!"
Doofenshmirtz,"So far, not that much luck. Walking maniacally, that ain't happening. You saw. You saw. Neither is brushing my teeth maniacally."
Doofenshmirtz,"Ahhh! Hehe all right, Perry the Platypus, could you just do me a solid and hold this thing up to the street address in front of-"
Doofenshmirtz,"I am loving this! We're all like partners, now! Like-Like Jack and Jill, or Alice and Wonderland! And with a super-cool vehicle!"
Doofenshmirtz,"Yep, gonna need some new pants. Well, I fail to see how this day could get any worse. (whistling overhead; at the camera) Flaming cactus. (screams, gets covered in flaming cactus) Yeah, that ought to do it!"
Doofenshmirtz,"Perry the Platypus, welcome to St. Louis! Now do something about this bat, please! (Perry shoots the inator at Derek and it shrinks back to its original size, leaving Doofensmirtz hanging in midair, then falling.) Aah!! Well, at least I lost my fear of bats!! (Doofenshmirtz crashlands into a shellfish restaurant.)"
Doofenshmirtz,"Oh, great, Perry the Platypus. This is all I need... So what did you want to talk to me about-- (He's suddenly hit by a chair and Perry starts going toward him. Doofenshmirtz quickly tries to scoot away) Oh! Whoa, whoa, whoa, whoa whoa!"
Doofenshmirtz,"Being stranded on a deserted island is much easier with a normal sized head. Oh, I got something. (Sees Perry) It works! I found a platypus!"
Doofenshmirtz,"We're moving... to a golden country on the sea, a country created by the greatest mastermind of our time, me. Assisted by Norm."
Doofenshmirtz,"I call him Mr. Fluffy Pants. You know, he's fluffy, he looks like he's got pants. Plus, he reminds me of my Uncle Fluffy Pants."
Doofenshmirtz,"The call of the carbs was too strong, and I, too weak to resist their charms. I probably shouldn't have built a reverse switch."
Future Doofenshmirtz,"I finally got you, Perry the Platypus. The end game is finally he-ere. (plays checkers) Oh wait, I moved the wrong piece. (sees Future Perry sleeping) I'll just put it back."
Doofenshmirtz,"Aw, there's that sass! That's what I've been missing. C'mon, for reals, there's gotta be something you want to vaporize, right?"
Doofenshmirtz,"...so I can take over the Tri-State Area. Somehow. You know, you could put the red king on the- Hey! you're not even listening."
Doofenshmirtz (cont'd),"...and-and the football player, the gorilla, and Lulu Jones, and Blanca Dishon and Director Dipthong. Everybody! Curse you all!"
Doofenshmirtz,"I'm sure if I thought about it, I could come up with some emotionally-scarring back-stories that are more outdoors-y... (Perry kicks Doofenshmirtz) Aouagh!"
Doofenshmirtz,"So now, with my giant claw, I will wreak vengeance on my brother, and take away his giant opera house! (Evil laugh) So, what's new with you?"
Doofenshmirtz,"Yes! And best of all, without your leadership, it will totally put an end to uh...W-What's the name of your organization again?"
Doofenshmirtz,"No fair! You distracted me with implied criticism! Aha! (he pushes the button activating the inator) Count the sheep, Perry the Platypus! Count the sheep and go to sleep..."
Doofenshmirtz,"You have to leave! It's not safe here for little kids, I mean for practically adults. Flee! Back to the city, away from danger!"
Doofenshmirtz,"I don't understand, I really thought two heads were better than one, you know, for the thinking. But I can't think of anything!"
Doofenshmirtz,"I mean, he drives a taxi, for heavens' sake, he can work anywhere. He expects her to just pack up and move to Vegas. Seriously."
Doofenshmirtz,"Now I wish I'd made that ""OFF"" button more accessible from the taffy itself. (sighs; he and Perry are completely trapped in the taffy) I wonder how this is affecting the surface water."
Doofenshmirtz,"Huh. But it isn't sandproof. Fancy that. I suppose, since I planned to take it to the beach, maybe I should have considered..."
Doofenshmirtz,"Why do they say ""Mark my words?"" I mean, they-they just mean listen to my words, why don't they just say ""Listen to my words""?"
Doofenshmirtz,"No! I have to save my daughter. This is a big deal! Oh please? Please please? Oh, please please-y weasy please please? Please?"
Doofenshmirtz,At long last I have found one! I have been scouring the Internet and... and garage sales trying to find the discontinued doll.
Doofenshmirtz,"(sounding bored) Who could've guessed it? It's back to normal. And explosion now. (Kaboom!) Yep. Just like that. Curse you, Perry the Platypus. Whatever."
Doofenshmirtz,"Thanks for staying trapped for so long, Perry the Platypus. I... I really needed to vent about Vanessa's essay. This was nice."
Doofenshmirtz,"(wiping away a tear) The dream is back, baby! Y'know, in restrospect, I should never have used my Droogen-Chocolate-Swap-inator in the first place."
Doofenshmirtz,"The world's largest ball of twine is on its way! Uh y-you'd better stand back, it's-it's supposed to be huge! (The ball of twine now much smaller arrives) What? That's it?"
Doofenshmirtz,"C'mon, gimme something good! Daddy needs a new pair of shoes, or, y'know, whatever the food equivalent of that is. (to Perry) You get it."
Doofenshmirtz,"Awww, thank you, Norm. I shouldn't have been so hard on you, but how come you were not affected by that strange energy thingy?"
Doofenshmirtz,"Just connecting the reverse switch and done. Thank you so much, Perry the Platypus. Step aside so I can zap it back to normal."
Doofenshmirtz,"Agent Lyla, from C.O.W.C.A.? Is this an international team up? Oh, you must hate that, Perry the Platypus. A loner like you..."
Doofenshmirtz,"Oh, Perry the Platypus, it's finally ready! (Button beeps) Too bad you can do nothing but watch as I prepare to launch my Space Laser-Inator!"
Doofenshmirtz,"Karen the Cat? Anything? Uh, no? What did you think of the rescue, Perry the— (Perry throws the training manual at Doof) Ow! (Perry takes off in his jet pack) Hey, Perry the Platypus, you're leaving us?!"
Doofenshmirtz,"Well, it's easy! (opens the floor revealing Roger at his desk looking up) Because I'm the boss of you! Nyah! (Closes the floor.) Ahh, this has already been a very productive day. (Melanie walks in with a huge stack of papers.) H-Hey, what's all this?"
Doofenshmirtz,"Wait til Benjamin gets to behold my Bring-Me-a-Drink-inator! Man, there is no grievance so petty that an inator can't fix it."
Doofenshmirtz,"Norm! What did you do, you big garbage disposal?! Now two of them are ruined! (Sarcastically) W-Why don't you just throw the third one over?!"
Doofenshmirtz,"And now, Perry the Platypus, I will smudge your face with ice cream! (Laughing maniacally; Perry blows whale whistle) Wait, W-what are you doing? What is that? (Whale jumps over Slave-inator, knocking the ice cream out of the cone) Nooooo! Wait!!"
Doofenshmirtz,"What is this, is this a hammock? If it's a hammock, it's way too tight. (Liam takes no notice, instead grabs rope and starts pulling Perry towards him, Perry struggles and resists, but is unable to, Liam grabs his fedora and slaps one end of a handcuff onto Perry's wrist) Hello? (sticks one hand out of the 'hammock') Mr McCraken, I think you caught me by mistake!"
Doofenshmirtz,"Curse you, Perry the Platypus... and my own poor planning skills! (notices smoke coming from an oven) Oh, no! M-M-My cobbler! Oh! How can this day get any worse?"
Doofenshmirtz,He-Hello? Evil scientist speaking! Can-Can I get a camera over here? What? Nothing? Why are they so focused on these dancers?
Doofenshmirtz,"(Looks down and realizes that he is leaning on a sign that reads, ""Keep Off The Grass"" in red letters) It's all good, ladies. I am a card carrying Danville Botanical Gardens club member. (pulls out card) See? Here's my card! And I'm carrying it! (Esther takes card from him and takes out a laser pen and proceeds to scan the card before returning it back to Doof)"
Doofenshmirtz,"Alright, we'll try this again. Blah blah blah carbon footprint! (Cut to trucker Perry. He pulls the brakes, and the back part lifts, dropping the big banana off of it. The carbon footprint slips and kicks the blimp deflating it. Doofenshmirtz sighs.) I suppose this was inevitable. Curse you, Perry the Platypus! (Crash!)"
Doofenshmirtz,"Yoo-hoo, Mr. Pelican, I'm going to shrink you now. Hee hee hee hee. Wh-why is it not working? Something's blocking the-- (sees Parry rattling the antenna) HEY! (he goes to Perry who proceeds to attack him)"
Doofenshmirtz,"A whole Tri-State Area where I am already in charge! (chuckles) Yeah! Hold on, I gotta go check something out. (he goes up to 2nd Dimension Monogram) Uh, yoo-hoo! Hello again!"
Doofenshmirtz,And... (The clipboard latches onto the lever.) Hey! (Perry punches Doof.) Perry the Platypus?! Take that! (Doof pulls a lever and Perry falls through a trap door.) You won't get out of there in time to stop me! (He pulls the lever on the inator. Cut to a wide shot to reveal Paul taping the inator shut.) What? What are you doing up there?
Doofenshmirtz,"(shooing the letters away) Knock it off! Hope that's not permanent. Oh, I get it! H-Hey, hey, you guys, come back. Come back! Now, let me just explain."
Doofenshmirtz,"Thank you. Platypus power. (His remote begins beeping) Uh oh. Batteries are low. Hmm... (He looks around for a place to recharge his remote) Take five, Perry the Platypus. (Perry sits down on the ground, and Doofenshmirtz runs over to an amp and plugs in the remote) Whew, that was close. (The remote and the amp begin glowing green; he screams) Ow! Oh! Oh!"
Doofenshmirtz,"Now, Perry the Platypus, quake in terror, as I punch a hole through to another dimension! (shows his Other Dimensionator) Behold! The Other-Dimensionator..."
Doofenshmirtz,"I wouldn't call it lousy, per se. A little off, maybe, but... Oh, come on. Harry the Hyena, it was a good rescue, wasn't it?"
Doofenshmirtz,No you hold it right there. Because I still have this! The Train-Operator-inator! Without it the train would be completely--
Doofenshmirtz,Perry the Platypus?! Do you even realize how much trouble it is to set a trap?! And for what?! You just jump out of the way!
Doofenshmirtz,"I gotta get out of this! (hops around in vain trying to escape from the MP3 wire and accidentally hits a button on the panel of an -Inator with plants all over it. It fires) Gah! Oh, my old Shrinkinator. (sighs) I suppose I should've unplugged it before I turned it into a planter."
Doofenshmirtz,"Wow, that seemed more painful at the time. Oh man, it's gonna take forever to get the gnome back up to the top at this rate."
Doofenshmirtz,"I dunno. I used the Carb-away-inator, it just goes away. (to Perry) And are you really gonna thwart me for making healthy life choices?"
Doofenshmirtz,"Well, at the moment, it just stops giant shuttlecocks, apparently, but it-it's supposed to let me go into other dimensions."
Doofenshmirtz,"I think I've said enough. I still don't get it. If we're the same person, why are you so much better at being evil than me?"
Doofenshmirtz,"Oh, I get it, I think I get it! The-the light from the moon is just a reflection from the light from the sun! Ah, dummkopf!"
Doofenshmirtz,"Wow! Great mad scientist weather, isn't it, Perry the Platypus? It's so dramatic! Ooh, the ceremony should be starting now."
Doofenshmirtz,"Not to make excuses, but sometimes, it's okay to be a little bit tacky. (He pushes a button and a bunch of tacks come out of the front, piercing his own tires.) Oh, maybe the tacks are supposed to be in the back."
Doofenshmirtz,"In my experience you get married, and then subsequently divorced but we don't have time for that. We gotta get you rolling."
Doofenshmirtz,"(voiceover) My tragic childhood and all those backstories, I could put up with that stuff. But droogens? That is where I draw the line."
Doofenshmirtz,"Heh-heh! How did I find you? Well, it was easy, with my Platy-Positioner satellite global platypus locator. Patent pending. (Perry kicks him.)"
Doofenshmirtz,"Benjamin? Benjamin? Benjamin? Ugh! Fine, I guess I'm gonna hafta work on vacation. What have I got to work with here? Hmmm."
Doofenshmirtz,"(To Perry) Haha! We got him good! And I couldn't have done it without you. (Perry turns Doofenshmirtz's finger towards himself) Oh, why Perry the Platypus... (Doofenshmirtz put the tear he collected earlier back into his eye) See I knew I'd need it later."
Doofenshmirtz,"Great. (Gives scripts to Norm and Vanessa) I thought we could try a little role-playing exercise. Perry the Platypus, you be me. (to his own reflection) Me, you be Perry the Platypus."
Doofenshmirtz,"(chuckles; awkward silence) Uh, wait a second. Hold on. (rummages in the pile) Not this, not this. There was a whole bunch of 'em just a couple of minutes ago. A-ha! Jackpot!"
Doofenshmirtz,"To the fair, my pets, where the freezing of the Tri-State Area will begin! (Perry pulls down a pipe to direct the bowling ball towards the penguins) Wait, wait, what is that, a giant bowling ball? (screams)"
Doofenshmirtz,"Hey Vanessa, Pumpkin Pants. Can you come in here for a second? (turns knob, Vanessa enters) Good news, sweetie, I can send you to the movies after all!"
Doofenshmirtz,"Uh, wait, wait, uh, I'm not ready. Let, let me psych myself up. Just a few breathing exercises, then I'll go, okay, right?"
Doofenshmirtz,"(sighs and dials his phone) Okay, I sorry I was not clear enough, apparently. Find another extension cord, but this time, you hold onto one end of it."
Doofenshmirtz,"So, I decided to build the Metal-Unearth-inator to track down and dig up the key so I can fire up my All-Purpose-inator..."
Doofenshmirtz,"(voiceover) I never got to go in myself, but I remember looking through the fence when my brother, Roger had his birthday party there."
Doofenshmirtz,"Yes, it's something you've always wanted. Something you've asked for time and time again. In my hand, I hold the key to..."
Doofenshmirtz,"This... This is why I have so many extension cords. (dials phone) Okay, now tell me, is one end of the cord plugged into the power bank?"
Doofenshmirtz-2,"Wow, y-you know, Charlene, you're really on top of things here. Tomorrow, I'm taking you shopping for a new evil pantsuit."
Doofenshmirtz,"Surprise! Matching outfits! It's John Phillips of London Bullywear. Plus, monogrammed jet-packs! Doof and Byoof! We rhyme."
Doofenshmirtz,"We make a great team, don't we? I think we make a great team, do you think we make a great team? (Perry continues fixing the machine without a glance at Doofenshmirtz) Yeah, you do. I can tell."
Doofenshmirtz-2,"Sheesh! She's got a penthouse uptown. You can't miss it. It has ""Charlene"" written in bright lights across the top of it."
Doofenshmirtz,"Wait a minute, wait a minute. How did you get the sunglasses to go on one side of your face? Who made these, M.C. Escher?"
Doofenshmirtz,"So, introducing my Combine-inator! With my Combine-inator, I was finally able to make the Triple Scoop Garlic Roach Cone!"
Doofenshmirtz,"Ah, very resourceful, Perry the Platypus! Using coupons to cut prices! Hey! (Perry jumps on the inator and it activates.) Hey! N-N-Not my baseball card collection! Oh!"
Doofenshmirtz,"Okay, let's see, the uh—the Roman Coliseum. The, uh, No-Man-Can-See-'Em-Because-It's-So-Tiny. No, that's not a good-- (Perry escapes out of using Little Ben, get it?, and hits Doof) Ah!"
Doofenshmirtz,"(runs through a curtain into a room filled with coats) What is this, the coat room? (Perry launches himself from behind the coats into Doofenshmirtz, who goes flying into a rack of coats; he emerges with a pink hat and coat on) All right, Perry the Platypus, if you really want to fight, here I a... (Perry kicks Doofenshmirtz into another coat rack) Ooh, Cashmere. Nice."
Doofenshmirtz,"Yes! See, Vanessa? I'm not a loser anymore. Now you'll want to live with me at the Tri-Governor's mansion, right? Right?"
Doofenshmirtz,"Oh, no! My Boom Juice! Heading for Cactus Gorge! (It goes over) Oh. Well, what do you know? My Boom Juice isn't as volatile as I had... (The rig explodes)"
Doofenshmirtz,"No wait! We can dazzle, we can. I will now saw The Amazing Platydini in half. See? See? Platypuses, they're like butter."
Doofenshmirtz,"Just for the record, Perry the Platypus, I was thwarted by Sergei the Snail, not you! You don't get any credit for this."
Doofenshmirtz,"Hold still! Hold still—Argh! (he shoots the gun at the platypus, but misses) It's a good thing I have this practice platypus, 'cause this is much harder than I thought."
Doofenshmirtz,"Okay, devastatingly aloof cabana boy whose name I don't quite remember, (He activates the inator.) but I'm pretty sure it's in the Benjamin family!"
Doofenshmirtz-2,"(smirks at Phineas) Well, look who just became redundant! Send them to their doom! (Platyborg points to Candace) Yes, her too. (He points to Perry) Yes yes, everyone. Doom, doom, doom, and..."
Doofenshmirtz,"Work? What do you... Oh, you mean them? No, Major Monobrow and Perry the Platypus, they...they were helping me find you!"
Doofenshmirtz,"(video off) Not bad, huh? I'm gonna do all my Inator introductions like that from now on! It just so much more professional looking!"
Doofenshmirtz,"Well, that was interesting. You defaced yourself. (pause) I-I didn't see that coming. To be honest, you have lost me completely."
Bad Future Doofenshmirtz,"Oh wait, Perry the Platypus. Change of plans; instead of doing that, DON'T. All right, see you later. Remember the oath!"
Doofenshmirtz,"(trapped in the taffy) Ha-HA! I still have the upper hand! (the taffy spinner rotates, moving Perry above Doofenshmirtz) Well, actually you may at this particular mo... (the taffy squishes them together, then separates them again) Chew first, Perry the Plat... ahhh!!"
Doofenshmirtz,"Yeah, well, I'm out of your blast radius today, so surprise me, why don't you? Try not to be a complete disappointment."
Doofenshmirtz,"Oh, come on, Francis, you've been zapped by my Ultimate-Evil-inator. I mean, if it didn't hit you, then who did it hit? (A large barrel comes down and traps them)"
Doofenshmirtz,"I'll take that. There ya go. (shrinks an umbrella) I'll take that! Just getting my money's worth! And, ooh, that would look nice in my foyer!"
Doofenshmirtz,"And thank you for washing your hands. Food safety and even-length shoelaces, two things people always take for granted—"
Doofenshmirtz,"But one should never walk the paths of Drusselstein with uncovered Doonkelberry cake, lest the Doonkelberry bats swarm."
Doofenshmirtz,(narrating) ...onto my rocket skiff and headed off to Roger's beauty contest. We arrived just in time for the swimsuit competition.
Doofenshmirtz,No! It's the greasy grievance girl from the basement! No! No! What have I done? Why do you have a grievance against me? (Doofenshmirtz screams and jumps out the window)
Doofenshmirtz,"Hey, would you look at that! Newton the Gnu is Agent Silent G. Whoo! I have to blog this. (Notices agents walking by with cups of coffee) Hmm, must be a coffee break. (Computer screen starts blinking saying ""security breach"" and he turns it off without looking)"
Doofenshmirtz,"(annoyed) How many times do I have to tell you that chocolate cake isn't for break— (Norm stuffs the bite in his mouth, Doofenshmirtz chews and swallows) I stand corrected. All right, up an' at 'em."
Doofenshmirtz,"Ah, no! Oh, why would you even do this? Now I need to open the door and reset the Tilt-inator countdown to fire again."
Doofenshmirtz,That day I made a solemn vow that Roger would pay for what he'd done. (cuts to them in an office) The next morning I had the solemn vow notarized.
Doofenshmirtz,"What was that, Swedish? You better not be broken, Norm. You still have to fly around the city and distribute leaflets."
Doofenshmirtz,"(cuts off Norm) Oh, for crying out loud, Norm! Listen, here's a buck, why don't you go get out of here and get a haircut or something!"
Doofenshmirtz,"This is really weird. I, I think I may have gone on a date with that one. I-I had no idea she was a robot at the time."
Doofenshmirtz,"What the?! Oh, the festival's so loud I can't even hear my own evil jingle! (turns around) Okay, guys, (cut to reveal four singers in a recording booth) take it from the top, louder!"
Doofenshmirtz,"Comfortable, Perry the Platypus? I made that platy-rack so that every limb is accounted for. So, what's it all about?"
Doofenshmirtz,"(cntd.) (voiceover) Once I was terrified, I was able to analyze the fear-based synapses of the brain and extrapolate some wonderful data!"
Doofenshmirtz,"Just in case anyone's wondering what happened to old Doofenshmirtz, I'm okay. (The giant tooth lands on top of him) Yeah well okay well, obviously not now."
Doofenshmirtz,"Perry the Platypus, need a ride? (a rope ladder drops down from the chopper) Oh, oh, oh, wait, I should've said, ""Need a lift?"" That's what— I totally missed it."
Doofenshmirtz,My parents were never there for my kickball moment. But you know what? I'm gonna be there for Vanessa. Take us down!
Doofenshmirtz,"(holds up Mary McGuffin doll) No, your happiness! Remember how you said if I got you a little Mary McGuffin doll, I'd be the world's greatest dad?"
Doofenshmirtz,"It's no use! It's no use! We are doomed! (Agent P sees a helicopter. He jumps onto the magnet and fires a grappling hook at it. He quickly wraps some of the rope around the magnet. The helicopter flies off, taking the magnet with it.) You did it! You saved us, Perry the Platypu- (The tinfoil crashes through the building.) Curse you, Perry the Platypus! (The Magnifier gets attached by the magnet. The magnet gets attached to the whole rollercoaster, which begins to rumble as it follows the helicopter.)"
Doofenshmirtz,"Eh, local news. (turns TV off with a remote) All summer long, we have this standing appointment and suddenly Mr. Big Shot can't be troubled to... (screams; spills his coffee)"
Doofenshmirtz,"Just introduce yourself and, you know, ask her what her sign is. And then run the other way if she says Sagittarius."
Doofenshmirtz,"(Doofenshmirtz and Perry circle each other) So here we are, just the two of us at a stalemate. Each looking for something to turn the tide, but what will it be?"
Doofenshmirtz,"Thank you, Vanessa, but I don't believe I was talking to you. Is your name Perry the Platypus? No, I don't think so."
Doofenshmirtz,"(takes some) Thank you! Mmm, mmm, I could get used to this good luck thing. It's better than having a genie. That was a mistake."
Doofenshmirtz,"And now...! (the Backstory-inator starts to send the memories back to Doofenshmirtz) I can feel myself getting (his skin takes a red tint and his teeth become sharp) more e-e-evil!! (his laugh becomes deeper and he grows massive and muscular) Feel the doom!! Nothing can stop me now! (he picks up Perry with a claw-like hand and continues laughing; Perry pulls out his wallet and reveals pictures of the two of them, causing good memories to flow through the extraction helmet) Huh? Uh? NOOOOOO!!!!"
Doofenshmirtz,"Right now, there's an elliptical who needs you. Don't you have some time to spare for these poor lonely treadmills?"
Doofenshmirtz,"It sounds positive for me, and I like that, but who is speaking nicely of me? Wait, was it you, Perry the Platypus?"
Doofenshmirtz,"(quietly, to Norm) That's my chair! The one with the foot control! (out loud) Uh, Francis, maybe you'd like this chair with the sleek upholstery."
Doofenshmirtz,"Perry the Platypus? Oh, looking for my remote, are you? Well, here. Take it. I don't need it anymore. I am in love!"
Doofenshmirtz,"What do you know? No more Perry the Platypus. Transported to some random location somewhere. (Perry reappears and punches his nose, he disappears.) Ow! What -- (Perry reappears behind him, grabbing his head.) OW!! OWEY!"
Doofenshmirtz,"I want someone to help take over the Tri-State Area and make me their ""guy-state area"". Yeah? See what I did there?"
Doofenshmirtz,"Well, now, who could that be? All right, already! (walks to the door) This better be important, or you are gonna get such a mustache..."
Doofenshmirtz,I have to watch every penny. And the 37 minutes or free deal from the local pizza guy can really make a difference.
Doofenshmirtz,"(takes off his helmet) If you want a car, (Vanessa takes off her helmet) you're going to have to prove to me that you're responsible, that you can do things by yourself."
Doofenshmirtz,"Perry the Platypus! Well, if you're going to crash my party, you're going to need a party hat. A party hat of doom! (shoots one at Agent P, who moves out of the way, causing the party hat to hit a table and the party favors to fall on the floor; he then charges towards Doofenshmirtz and hits him a bunch of times with the party favors)"
Doofenshmirtz,"Oh, sure, Vanessa! Oh no, no, good memories flowing! Aaahhh! Can't stop... pleasant reminiscences! (flashback montage starts) Aaaaahhhhhhhh!!"
Doofenshmirtz,"Ugh. Y'ever try to sue a genie? Oh, you're asleep. W-Well, let's try to see what kind of tunes are on the FM dial."
Doofenshmirtz,"Oh, great! A line! (At a boy) Oh, brother! What is this, a model of Pluto? (Laughs) That planet doesn't even exist anymore, you moron!"
Doofenshmirtz,"(voice over) She left me for that trash-talking 35-ton pile of blubber. And broke my fragile, 10-ounce utterly-too-human heart."
Doofenshmirtz,"Oh, yes, yes. Please come in. I-I have a very special melody that I'd like to learn how to perpetrate—I mean play. (He plays all open strings on the guitar as his daughter walks into the room.)"
Doofenshmirtz,"(muffled) Perry the Platypus, would you mind hitting the self-destruct button? I think my shoulders have to make a big bang."
Doofenshmirtz,"Wow, you've changed. You used to be so... you know, what's the polite way to say... you know, like this one? (points to mean woman) Ugly."
Doofenshmirtz,"Ex-leaders of the Tri-State Area, I have called you here to help ease the people through this transition of power."
Doofenshmirtz,"Hey, look how big the sun is through this magnifying glass. (Gets harmed off-screen) Ow! Ow! Oh!...No really, it's huge, you should see it."
Doofenshmirtz,"Well, little brother, you have had nothing but good luck your whole life, and I'm here to even things up for once!"
Doofenshmirtz,"So, Perry the Platypus. Let me tell you about my latest scheme. The other day, I was perusing the Internet when..."
Doofenshmirtz,"Oh, yeah? Well, no daughter of mine will date the son of my— Y-You get the idea. I'm just flipping what you said."
Doofenshmirtz,"(Snaps his fingers) We're gonna need a turban and a wig. And while I'm out, I'm gonna pick up some bagels. Anyone else want anything?"
Doofenshmirtz,"The keys to a good trap are the element of surprise and, also, if you can work in a good pun. That's always nice."
Doofenshmirtz,"Cool! But they didn't know it was a hair dryer when you pointed it at them, so...that means you're a little evil!"
Doofenshmirtz-2,"True evil is born through pain and loss. You see, when I was a small boy back in Gimmelshtump, I had a toy train."
Doofenshmirtz,"(looks out his window) Is this a stakeout, Perry the Platypus? I-I see you. Just come up. We'll have a stake-in. Come on in. Come on up."
Doofenshmirtz,"He, he, funny thing. I was flying over your party with a giant bucket of water, and this platypus hit me with a--"
Doofenshmirtz,"Oh! Oh, no! Everyone is enjoying themselves! E-Even Roger! Oh, my plan has failed! Curse you, Perry the Platypus!"
Doofenshmirtz,"And I like number seven, that's my lucky number. (The background starts to ripple.) It all started when I was seven years old, back in Drusselstein—"
Doofenshmirtz,"What? He's not my mysterious platypus. I didn't bring him in here! I just—Oh, oh, you mean the cat. (Doof takes a white cat from under the table and leaves.) Yeah, my bad."
Doofenshmirtz,"Okay, and the rest of you, Muscles, Ropey-Face, Slap-Happy, Buzzy-Pants, stay here and help me with the antidote."
Doofenshmirtz,"No, I'm a scientist. I'm gonna go with him on that. I might have a water pistol lying around. I-I can go get it."
Doofenshmirtz,"The adult diaper factory! I'll be over the target in exactly, ah, (tips the eulg bottle over while looking at his watch) five min— (gasps and watches some eulg hit the back of the plane) Oh, no, that's not going to be good. (The plane comes apart.)"
Doofenshmirtz,All through the cold night as the Spitzenhound howled.... My only companion was the moon. And my neighbor Kenny.
Doofenshmirtz,"(writing) Note to self, consider pulling off and replacing Norm's head. (Norm captures Perry in a bag) Oh, okay, much better (to Perry) this is a good look for you!"
Doofenshmirtz,"Oh, (chuckles) well, thank you. A-A lot of people focus on the, you know, the weak forehead. So you...so you care to dance?"
Doofenshmirtz,"Come on, commit to the bit. Here, like this. (He kneels down and puts on a fedora.) ""Oh, Dr. Doofenshmirtz, you're so evil. How can I ever thwart you?"""
Doofenshmirtz,"Now, to launch my creation and begin my reign of terror! Evil terror. (Button beeps, whirring; Ding) Huh? Ah. (ice cream splats onto him) Ugh... Well, this can't be right."
Doofenshmirtz,"Wait, Perry the Platypus, where are you going? I... I could use a non-latex second opinion, I... Please? Please?"
Doofenshmirtz,"Hey! Aw man, another inator bites the dust, and I'm stuck listening to Jerky McIrritating across the street now."
Doofenshmirtz,"Oh, look, this staple makes a perfect little chimney. I hope Perry the Platypus appreciates all this hard work."
Doofenshmirtz,"Oh, duh! Of course! You were going for the Slow Motion-inato--. Wait! Wait, no! Don't touch the reverse switch!"
Doofenshmirtz,"(pause) Curse you, Perry the Platypus. I didn't even get my popcorn. (realizes) Wait. If they were faking it, what did my ray hit?"
Doofenshmirtz,I'm just saying we only look happy because we were singing. It's not a true representation of our relationship.
Doofenshmirtz,"Perry the Platypus, be a dear and help a brother out. Can't seem to -- (Perry takes the control board off his head) Oh! Oh, thanks. (Turns around) No! What are you doing?!"
Doofenshmirtz,"Aw, now I have to clean this all up! You couldn't just hit the self-destruct button? That would've been better."
Doofenshmirtz,"Ah. (Turns to a Visigoth who is standing next to the park bench he and Perry are sitting on) Sorry, Alaric, I thought they were Visigoths. But you're not going to impress the punks. You're free to go."
Doofenshmirtz,"Oh, come on. You've got that whole thing up here, it runs right... It's one straight line, for crying out loud!"
Doofenshmirtz,Pfft! I prefer to inator my way to success...just like I wrote in my book! Available in dollar bins everywhere!
Doofenshmirtz,"Okay, this long. This long, lessee. (gets out a few extension cords) Too short. Too short. Too long. Way too short! Why would I even have this?!"
Doofenshmirtz,"Well, at least I found the key to the- (his roof explodes) Nice. Curse you, Perry the- (the roof crashes down again) Oh... Why does everything explode so easily? (the entire top of his building explodes)"
Doofenshmirtz,"What's that noise? (the huge amount of water splashes onto the machine, causing Doofenshmirtz to hold on to the handle.) What the heck man? You've been dumping out my water? Well, this had better not not be empty."
Doofenshmirtz,"(narrating over clip) A painful, but accurate choice of words, Norm. At the age of five, I was forced to throw my own surprise party."
Doofenshmirtz,"""What'cha doin'?"" What does it look like to you? I'm building an evil empire. My very own Fortress of Eviltude."
Doofenshmirtz,"Oh no you don't, I'm on the American side now, you can't touch me. (Perry throws a punch) O! Canada. (Lyla does the same) Uh! 'Merica. (Perry hits him) Ow! Oh, it's on now."
Doofenshmirtz,"(On screen) Okay, Perry the Platypus, all charged up and ready to... (Pushes button on remote repeatedly, but nothing happens) Oh, great. Now what's wrong with it? (Perry's left arm moves) I didn't do that!"
Doofenshmirtz,"Aha! Oh, wait. You're, you're just a regular platypus. I'm sorry. You're completely useless to me. No offense."
Doofenshmirtz,(falls down and lands on the ground) It's not the worst date I've ever had. There was that one that kept stabbing me with a fork. Get this off of-- (sees the Bigfoot dummies and runs for it)
Doofenshmirtz,All I needed to do was turn the thing on. (Flashback Doofenshmirtz pulls out a key) Then fate played a cruel joke. (Flashback Doofenshmirtz slips on green paint. The key falls off the balcony) The ignition key fell off my balcony!
Doofenshmirtz,"Hey, wise guy, I'm ex- Oh! (Chuckling) Sorry, madam. Sorry. (To Perry) Her voice was so masculine and growly. I thought it was a man."
Doofenshmirtz,"I could never maneuver out the front door, but-but I see you're pretty mobile. W-What are you guys doing here?"
Doofenshmirtz,"All through the cold night as the Spitzenhounds howled, my only companion was the moon. And my neighbor Kenny."
Doofenshmirtz,"You should think about that offer! Minioning! It's a growth industry. (looks at the blue copy in his hand) Oh, he forgot to leave me the pink copy."
Doofenshmirtz,"(growls in anger) Mark my words. You will remember the name of Heinz Doofenshmirtz. Hm! (He walks out of the diner, but soon pops his head back in) Could I still get my whole wheat on rye?"
Doofenshmirtz,"Aaah! I can't believe it! (inhales sharply) You surreptitiously record us? And even more importantly, I'm losing my little girl!"
Doofenshmirtz,"Sweetie pie, I'm back! Sorry it took me so long. Who would've thought being Tri-Governor would be so involved?"
Doofenshmirtz,"Oh, you know, different things, but today I'm building a Juice-inator (shows Paul the Inator) It's going to turn City Hall into juice!"
Doofenshmirtz,"Doctor, Doctor, Doctor! Oh, I-I'm sorry. I didn't mean to shout. To honor your visit, I will blow up the moon!"
Doofenshmirtz,"Ha, hah! So long, Perry the Sucker-pus! Look after my minions! (at himself) Those little traitors! (pauses) Oh, for crying out loud!"
Doofenshmirtz,"Good luck! Heinz is a great name. For a boy or a girl, I'm just saying! Isn't that lovely, Perry the Platypus?"
Doofenshmirtz,"It's much safer up here, huh? You might still wanna buckle up, though. It's my first time flying a helicopter."
Doofenshmirtz,"Wait, it's not even noon and you're already leaving? What... What am I supposed to do for the rest of the day?"
Doofenshmirtz,"Yes, we're taking a break from our usual hostili—you know, I've gotta go back one. Your first name is Francis?"
Doofenshmirtz,"All right, put up your dukes! Wait—Wha—what are you doing?! (Perry puts him in his hat.) Hey, this place is nicer than my first apartment."
Doofenshmirtz,(Sighs) I wonder how my scheme worked out for Professor Banister. I'm sure that Cloud Magnitizer-inator was a winner.
Doofenshmirtz,"I trusted him and he just cast me aside, like a, like, like an old newspaper. He didn't even wrap fish in me!"
Doofenshmirtz,"Can it wait, sweetie? I-I've got a lot of stuff on my evil to-do list to do today. To do today. To-do to-day,"
Doofenshmirtz,"Yeah, see, that's the problem. It's mounted to the deck, and I can't swivel it. Bit of an oversight, I guess."
Doofenshmirtz,"See, now that's a trap! I even made it based on my own daughter's fashion style. Vampire-pilgrim-scuba-diver."
Doofenshmirtz,"No, no. I- I just called to remind you that I'll be picking you and your Visigoth friends up after the dance."
Doofenshmirtz,"(reading the paper) Gracias, thank you, Norm. (to Perry) Does this make sense to you? Listen. ""Someone is secretly speaking on your behalf."""
Doofenshmirtz,"Wait, you're-you're getting paid for this? I'm doing this as community service! I-I gotta do like, 200 hours!"
Von Doofenshmirtz,"Wow! Do you preen your feathers with that mouth? They should call you Sw-- Oh! Oh, I get it. Sweary the Swan!"
Doofenshmirtz,"I'm dance... (clears throat) ""I'm dancing with your wife, pal. You got a problem with that?"" Oh, yes, that does sound tough."
Doofenshmirtz,"Come on, Perry the Platypus. Let's go home. I talk to you enough, right? Yeah, you're right. Maybe too much."
Doofenshmirtz,"Maybe the ""Giant Cannibal"" thing was a mislead! I think the dining set was his! (He hops behind Norm onto their rocket-powered sled.) Go, go, go, go, go, go, go!! (The Snowman makes a huge snowball and tosses it down the mountain after them. It crashes into their sled and they roll down the hill with it.)"
Doofenshmirtz,"Okay, so what's next? I...activate my -inator, okay. Give me a head start here. (Groaning, stands up and cracks his back.) I'll get there, don't worry!"
Doofenshmirtz,"Well, Norm, I've got to give it to you. Under my genius supervision, you turned out extremely adequate work."
Doofenshmirtz,"Well, it looks like that anti-platypus security system was a total waste of money. I am so taking that back."
Doofenshmirtz,"Okay, but you're supposed to bring the food out on the platter. It's... It's okay, we'll work on that part."
Doofenshmirtz,"Perry the Platypus, how nice of you to showcase your loyalty to me. You're on... You're on our team, right?"
Doofenshmirtz,"Seriously. Where's that coming… (Notices Perry in a trap) Oh, look, you've already captured Perry the Platypus! My, you do work fast."
Doofenshmirtz,"$23! Uh, let's go to the phones again. (pause) Okay, if no one calls in the next few seconds, the platypus gets it!"
Doofenshmirtz,"Cut it out, Perry the Platypus! No grabbies! Ha! No stopping it now! (Bucket clangs, Wind gusting) Even on my Sand-Kicking machine; Sand! (Bucket clangs, Boot flies, Soil patches gorge)"
Doofenshmirtz,"I'll just shoot myself with this baby, and then I will have the advantage because there will be two of me.. (Perry attacks Doofapus, which sets off the Double-inator, hitting Phineas and Ferb's invention, making it liquify)"
Doofenshmirtz,"Ah, ""trapped Perry the Platypus."" It's my favorite show; but you know what, my least favorite show is this. (turns on T.V.)"
Doofenshmirtz,"Nothing says ""Danville Day"" like doonkelberry muffins. Uh, Norm, can you bring me the thing I just printed?"
Doofenshmirtz,"Laugh it up, now, Rodney, but soon, you'll be crying like a...uh, like a...like a...something that's cries."
Doofenshmirtz,"Kickball. My mother's love was always inexplicably linked to kick... well, I'll just let the song tell you."
Doofenshmirtz,I live in the penthouse. I wear lab coats a lot. Speak with the accent I am currently speaking to you with.
Doofenshmirtz,"Time to see how my little friend is doing. (to the camera) You see, I installed a bunch of nanobot cameras on his backpack."
Doofenshmirtz,"Wow, that sounds kind of serious. Guess the first thing we should do is start looking for clues? Huh? Huh?"
Doofenshmirtz,"One of my recurring nightmares is being cooked and served as dinner, so this is... weirdly familiar to me."
Doofenshmirtz,Aagh! Can we not do this on the treadmill? We're just generating more power. Will you stop?! Listen to me!
Doofenshmirtz,"(Pause) What? That's it! You know, not every backstory has to have some big in-depth spiel, Mr. High Expectations!"
Doofenshmirtz,"Liar, liar, pantalones del fuego. (Perry starts attacking Doofenshmirtz from behind) Yah! You again? (Doofenshmirtz presses a button on the remote) There. Auto-fire in 30 seconds. Nothing can stop it now."
Doofenshmirtz,"I'm next, Perry the Platypus. After this concert, I will be the most well liked man in the Tri-State Area! (He goes onstage and begins strumming his guitar; **Song: ""****Yodel Odel Obey Me""**)"
Doofenshmirtz,"No! Not the number one requested Phineas and Ferb song! New extended version, never before seen. Not that!"
Doofenshmirtz,"Of course not, it's not gonna do nothing. There's also a 45% chance it'll destroy everything in existence."
Doofenshmirtz,Perry the Platypus? I didn't know you were looking for love. Hmm. I guess we're more alike than I thought.
Doofenshmirtz,"Aren't they adorable? How about you jump, and fetch me something too, huh? Something like, mmm, your doom?"
Doofenshmirtz,"Yeah, that's a lot of paper. Would you like to know what I'm going to do with it all? Well, I'll tell you. (retracts a screen in front of Perry and the show begins)"
Doofenshmirtz,"Anyway, after I cleaned up the coffee grounds, I loaded the A-Leaky-Faucet-inator and Agent R, I guess,..."
Doofenshmirtz,"Mind you, this does not mean in any way, shape, or hair color, that I am your co-host. I-I'm just sayin'."
Doofenshmirtz,"(sighs) Yawn! I mean I-I-I'd be so much more concerned if I understood what the stakes were, man. Y-Y-You've (sighs again) Man!"
Doofenshmirtz,"Seriously though, what's with the kidnapping? And why do you have an obsessive shrine to Peter the Panda?"
Doofenshmirtz,"Uh, can we still use this thing? (He activates the rocket and it blasts into an unknown area.) Heh heh heh. Well, y'know, hopefully that didn't hit anything important."
Doofenshmirtz,"Wait. What is everybody... Oh, I get it. Alien invasion. Yeah, that's, that's worth staring at. I get it."
Doofenshmirtz,And there's no cancellation fee because you never have to cancel! (solemnly) But don't do it for me. Do it for them.
Doofenshmirtz,"(grunts) Ow! Oh, so that's how you wanna do this, huh? Let's see how you karate chop with your hands full of fish!"
Doofenshmirtz,"Okay, I should have just about enough time to press this button if I'm not too overly dramatic about it."
Doofenshmirtz,"(As sappy guitar music plays in the background) It's starting! It's starting!!! Okay, now, Perry the Platypus, shhh. (Camera pans to Perry, who has nearly filled his tube trap with water.) I do-I don't want to miss anything."
Doofenshmirtz,So what are my co-hosting duties? What's next on the old co-hosting train I jumped aboard? What do I do?
Doofenshmirtz,"Nothin'. Looks like the whole building's out. (gasps) Look at me and my shorting power! It's so evil, I love it!"
Doofenshmirtz,"(cont'd) ...how daunting and uncomfortable these tests will be. Truly traumatizing. But you'll do great, sweetie."
Doofenshmirtz,"My autographed picture of Vance Ward! Oooh, you've perverted my ugly invention with something beautiful!"
Doofenshmirtz,"(voiceover) I tried it out on my cowboy hat. It was a success! My ten-gallon hat had turned into a 2,000-gallon-hat!"
Doofenshmirtz,"Hello, Mrs. Thompson. It's me, Heinz. I think I left my keys in the other dimension. Can you buzz me in?"
Doofenshmirtz,"Having... Argh! Having bread around me is too tempting. So I point it at bread, it sends the bread away."
Doofenshmirtz,"Well, I'd better run. I bought a used -inator today at the garage sale, and it's missing one small part."
Doofenshmirtz,"What? Another one? Why are there so many helmets buried in the Tri-State Area? (Tosses it off) Ah, onto the pile you go."
Doofenshmirtz,"Ah, Perry the Platypus, you made it! (to Dr. Shamai) I-I-I-I hope you don't mind I asked my nemesis to join our session."
Doofenshmirtz,"Ha! This is gonna be a piece of cake! (The tank rolls onto the stage.) I rule! (Confetti comes out. Everyone laughs.) I don't get it, what's the joke? Why is everyone laughing?"
Doofenshmirtz,I-I've got an even better best friend! It's clear to me that my real best friend is Perry the Plat-OOF!
Doofenshmirtz,You bet! I've been rehearsing my chitchat intimidation tactics all morning. Have you told him I'm evil?
Doofenshmirtz,(groans) What is keeping Roger? He's so rude. It's a good thing I have my Accelerator— (Cut to reveal the Baby alien with his hammer near the inator.) Hey! What are you doing?! (The baby alien destroys the inator effecting the space-time continuum once more.)
Doofenshmirtz,"There he is, the big show-off. With his big smile (leans against Agent R) and his keys in his pocket and his lumberjack-like..."
Doofenshmirtz,"Oh, no. Perry the Platypus tied to a big firecracker. Together we will launch our nemesis into the sky!"
Doofenshmirtz,"(The temple starts to collapse) (In a sarcastic tone) Oh, terrific. The temple is falling apart! Are you happy? Probably my face will melt now, and for what?"
Doofenshmirtz (cont'd),"...but the cannon place was going out of business, so I got them at a volume discount. (lights the fuse) Hang on. (The cannon fires.) Woohoo!"
Doofenshmirtz,"Oh, you mean calling Roger your role model was just part of a diabolical scheme? (wells up in tears and hugs his daughter) That's my little girl!"
Doofenshmirtz,"Really? Well, I-I must say, it's quite a bit of work in the morning, you know, but apparently worth it."
Doofenshmirtz-2,"I can't believe it! Choo-Choo, it is you! (he takes it and hugs it close) Oh, heart melting, backstory resolving, evilness diminishing."
Doofenshmirtz,"Okay, okay. I have something really evil. Really, really. It's-It's actually evil. (pause) Just kidding. Ha-ha! (mimics whale cry; Perry flies his jetpack to the eject button and pushes it, which then ejects Doofenshmirtz out of the hovercraft.)"
Doofenshmirtz,"(laughs maniacally) Hey! (Perry arrives at the top of the clock and kicks him and takes the remote; landing on the water slide Phineas and Ferb Built) Hey, look at this! It's like a ride! (part of the slide begin coming off) Woo-hoo! Cannonball! (The entire slide breaks into pieces and land in the water. Doofenshmirtz lands on the pavement) Well, I was expecting a bigger splash... (Perry presses a remote, and Big Ben lands back in place)"
Doofenshmirtz,"Wait, that's not nice! I-I thought we were buds! We were amigos! We had...We had a song and everything!"
Doofenshmirtz,"Because you cheated me! 37 minutes or free! That was the deal! And 38 minutes later, you welched on it!"
Doofenshmirtz,"Uh a little boost here, Perry the Platypus. (Perry crosses his arms) No, no, you're right, by myself. Okay all I have to do is- (gets zapped, dogs are heard and chase after Doofenshmirtz off-screen)"
Doofenshmirtz,"But, hey, dummy, if you destroy the Tri-State Area, what exactly will you have left to take over? Hmm?"
Doofenshmirtz,"Wow! Her violent nightmare was a musical? My little girl is a pile of contradictions, isn't she? Wha—?"
Doofenshmirtz,"Y'know, Norm, the Power-Drain-inator did get one shot off before it died. I wonder if it hit anything."
Doofenshmirtz,"Look, Norm. This is gonna have to wait. I have to blast Perry the Platypus and I'll be right with you."
Doofenshmirtz,"Yeah, yeah, yeah, I don't need your life story, just flop on the ground like a kid throwing a tantrum."
Doofenshmirtz,"I will rule the entire Tri-State Area. Aw, man, Norm, I told you, on the paper! On the paper! (Cut to reveal that Norm is drawing on the wall) Bad dog!"
Doofenshmirtz,"(Laughs) Obviously, your Queen Elizabeth I is no match for my dragon! (The Queen Elizabeth robot breaks the headlock she was in) That Queen Elizabeth is a tough old bird."
Doofenshmirtz,"Oh, come on! (Perry gets turned into a football player) Oh, I get it. Pig skin. Oh great. My -inator has a sense of... (gets turned into a dinosaur while falling to ground) Velociraptor power attack!"
Doofenshmirtz,"I am sure you will be most impressed with my latest evil inventions. (They walk into a room) Here, we have the Deflate-Inator."
Doofenshmirtz,"Good answer! How 'bout you, Perry the Platypus? Come on, if you got something to say, now's the time."
Doofenshmirtz,Good thing I installed a TV screen so I can follow the live coverage. Here's for stealing my ratings! (fires rays at the news van)
Doofenshmirtz,"Ah, never say never! Who's next? (Cut to Perry who takes a stick of bubblegum and chews it seriously and blows a bubble.) Oh, a mysterious platypus to take my challenge. Okay, I'll go first."
Doofenshmirtz,(examining his sheet music) Ach! Ach! It's so hard to see all these little notes. D-Do me a favor and flick on that light switch.
Doofenshmirtz,"Uh, uh, well, I wanted it to shake up the social dynamic, but making them literally shake also works."
Doofenshmirtz,Maybe a little change can be good. That's why I moved as far from here as I possibly could: Danville.
Doofenshmirtz,"Wait. Was that for the vengeance thing or do you still like me? (Water is thrown onto Doof. To Perry) Yeah, it was for the vengeance thing. (a cup is thrown onto Doof.)"
Doofenshmirtz,"Well, well, well, what do you know? A hapless sandwich man. Prepare to be eaten by the Remove-Inator!"
Doofenshmirtz,"(annoyed) Really? Again, didn't I tell you cake isn't for breakfast (knocks the cake out of Norm's hands and up and over the bed) yesterday? (realizes something) Hmm. I gotta check on something. (gets out of bed and runs out of his bedroom and Vanessa approaches him)"
Doofenshmirtz,"LIKE A BABY! YEAH, THAT'S RIGHT! That's what I was looking for. AND... IT'S THE LAST INATOR STANDING!"
Doofenshmirtz,"If only I had a battery, but there's so many mantises between me and the bottom drawer in my kitchen."
Doofenshmirtz,"Norm! Oh, no, Norm! What did he do to you? Did the bad little platypus switch you off? I'll fix that."
Doofenshmirtz,I coulda helped. I understand the Standard Evil Fortress Infiltration Technique. Step one: Diversion.
Doofenshmirtz,"Oh, no way, José! With Perry the Platypus out of the way, I can finally take over the Tri-State Area!"
Doofenshmirtz,"Ouch! Ow! What is that about? Man, you tie a guy up and he gets all foot-stompy on you for no reason!"
Doofenshmirtz,No! Look what you did to the moon! It's huge! It's... Uh... It's... Uh... It's actually kinda pretty.
Doofenshmirtz,"(back at D.E.I.; Perry has pressed the -inator's reverse button) A reverse button? Really? I guess you think you're pretty clever. (Perry kicks Doofenshmirtz, who reels him in with the wrapping paper shooter; Perry winds his wrapping paper around Doof's legs, tearing the paper and falling near a pile of fruitcakes. Perry uses his free tail to launch fruitcakes at Doofenshmirtz) Not fruitcake! (The first one misses; the second hits Doof in the mouth, and he falls down. The next three hit the Transport-inator, causing it to spark and activate. Perry jumps into the Transport-inator's beam and disappears) Now where did he go?"
Doofenshmirtz,"Using my intimate knowledge of the Tri-State Area, I have installed, in two precise locations, these!"
Doofenshmirtz,"Ah, Perry the Platypus! You're just in time for my backstory. You see, it all started a lifetime ago."
Doofenshmirtz,Cupcakes you say? I-I really shouldn't. I should get back to my exercise. I'm almost down to my goal.
Doofenshmirtz,"Oh, typical. Typical. Yeah, turn on your creator. You guys are all cliché, I'm just letting you know!"
Doofenshmirtz,"(At Perry) Perry the Platypus, you totally one-upped my entrance. But it doesn't matter, 'cause look what I got. (He points to the colossus and cackles as it approaches Perry and the dancing troupe)"
Jekyll Doofenshmirtz,"(Back to normal) Best monster, indeed. Wait till they get a load of pure evil! (Knocks off the punch bowl, cups and drink dispenser and puts the Concoction Brew-Inator on the table) We'll just adjust the dial, and-- (Turns around and notices the platypus monster. He gasps) You?!"
Doofenshmirtz-2,You would have to pass through the identification scrutinizer. Only a Doofenshmirtz can get through.
Doofenshmirtz,"Let's find our first target. How about... all the sand at the beach! (Sees that nobody is at the beach.) Wait. Wait, where is everybody?"
Doofenshmirtz,"Wait, wait, wait! Stop flocking towards me! You're not supposed to flock in such a spherical manner!"
Doofenshmirtz,"(While bouncing) What's up Honest Abe? Looks like the old Doofster's a little too, smart for y-- (The Abe Lincoln robot grabs Doofenshmirtz from the air) Oh, hehehe, hi, you."
Doofenshmirtz,(voiceover) I was sure that it was just a matter of time before the public would recognize our superior quality.
Doofenshmirtz,"(hesitates) Ih... Is somebody gonna say, ""Action"", or...? Oh. Oh! We're already rolling, okay! (""Maybe a Pharmacist""?) I'm Heinz Doofen—"
Doofenshmirtz,"A fake-out, eh? (gets out from under the fallen display stand) Okay, Perry the Platypus, the claws are off now. From here on in, I fight man style!"
Doofenshmirtz,"(Laughs) Well, I guess he can stay a- A little bit, but- You know what they say. Three's a crowd and whatnot. (Laughs)"
Doofenshmirtz,"You know, I-I think I'm with Perry the Platypus on this, I-I don't like seeing him teamed up either. (Perry kicks Doofenshmirtz down)"
Doofenshmirtz,"Oh, come on, Rodney, the last event's about to... What? Wait, that's my Make-Everything-Evil-inator!"
Doofenshmirtz,"Fly straight, you hunk of junk! (sees Perry unloading Norm's fuel) Perry the Platypus, how did you get- (Perry jumps off and opens his parachute) Curse you, Perry the Platypus!!"
Doofenshmirtz,"Right, but don't be too obvious. Women really like it when you challenge them, and act all superior."
Doofenshmirtz,"Oh, that was easier than I thought it would be. If only we had a ""W"", we could spell out ""teamwork""."
Doofenshmirtz,(Narrating) I don't want to talk about it. But then I realized I could use pop-up ads to serve my own evil ends.
Doofenshmirtz,"Really? We-we-well I guess you must have liked me a lot, 'cause there was a lot of, you know, water."
Doofenshmirtz,"Huh. I didn't count on an oscillate function, Somehow I...I don't think this bodes well for my plan."
Doofenshmirtz,"(Groaning) Where am I? (The Martians surrounds him) Okay. Be cool, okay? (Notices the crown) Oh, you're going to make me your king? Well, ok, if you must. (Stuttering) What?"
Doofenshmirtz,"Okay, so we'll have Christmas. I simply don't care. Curse my intensely burning apathy towards Chri-"
Doofenshmirtz,"No, no! I'm here! I'm here! (arrives with some rockets) Just a little late! I'm here! Phew! But it's okay, I made this to help."
Doofenshmirtz-2,"You know something, kid? You've been a thorn in my side all day long. (Perry looks and sees a bat on the ground, he whistles; Phineas looks) But that's about to change..."
Doofenshmirtz,"What a guy! Not so famous you can't stop by to trounce an old nemesis, are you, huh? But you can't!"
Doofenshmirtz,"While the other children played Kick-the-Schtumpel and eat Doonkelberries, I would stand for hours."
Doofenshmirtz,"Well, that figures. We only had the one date, but it was eventful. (clip begins) It was at the Danville Drive-In."
Doofenshmirtz,"(Coughs) Perry the Platypus, what-what are you doing here? Did you get my me—Oh, is that chicken soup? (Perry gives him a look) What?"
Doofenshmirtz,"I was up for three days straight gripped in glorious, artistic fever. Then finally, my masterpiece!"
Doofenshmirtz,"Curse you, Perry the Platypus! And to a lesser extent, Kelly Clarkson, although I do love her work."
Doofenshmirtz,"Oh, so we're workin' together now! Great! I'll be the leader! I've always wanted an evil entourage."
Doofenshmirtz,"Oh, this video is ruining my life, Perry the Platypus. I- I can't even go outside my own evil lair."
Doofenshmirtz,"Oh, but they will. Because you are going to confess that you did it on-camera for the world to see!"
Doofenshmirtz,"While the other children played Kick-the-Schtumpel and eat Doonkelberries, I would stand for hours."
Doofenshmirtz,"Okay. Well I'm going to put an end to Ah-ooh-CA, I guess...? Wow, that really isn't a cool acronym."
Doofenshmirtz,"(talking under) Okay, time to fill the void in the power vacuum. 'Cause you see, it's a-it's a real vacuum cleaner."
Doofenshmirtz,"Ah, Perry the Platypus I don't like your tone. (plays dramatic chords on the organ) Behold...I give you...The very VERY **BAD-INATOR!**"
Jekyll Doofenshmirtz,"(Drinks a potion) (Chuckles) Just wait till my potion kicks in, you big, dumb monst-- (Grunts and turns into a fairy) What? But I-- I thought I had it set to-- (Flies to the Concoction Brew-Inator and turns the dial. The platypus monster grabs him and yelps. 2nd Flashback ends)"
Doofenshmirtz,"Paolo Vanderbeek? He's back? Eh, looks like I'm gonna have to throw the works at him. There ya go. (The exhaust pipe flips open throwing everything...and the kitchen sink which the car dodges.)"
Doofenshmirtz,"(Gasps) My professor is here! (Laughs as he walks to the door) Now, Perry the Platypus, you will tremble before the mighty, (Opens door) Dr. Gevaarlijk!"
Doofenshmirtz,"Ha ha! What a shot! Norm, set me down next to the registration booth and you go get the car ready."
Doofenshmirtz,"Perry the Platypus, thanks for your help. I usually hate shopping, but, you know. You make it fun."
Doofenshmirtz,"Okay, Vanessa. I just need to take a picture of you because ... I love you and I don't need a son."
Doofenshmirtz,"Oh yeah, you got game now. (a man with a cotton candy machine stops next to the popcorn machine) Oh, now see, someone else is making a move. You snooze, you lose, Norm."
Doofenshmirtz,"Oh, curse this tin can! Ugh, I'm going to need a jump-start! (Phineas and Ferb;s rocket crashes into Doofenshmirtz's, causing it to begin to fall towards earth) I, uh, no, I guess it won't help now."
Doofenshmirtz,"It's not stealing. This cruise was advertised as ""all-inclusive"", so I'm getting my money's worth."
Doofenshmirtz,"But my intelligence specifically said that you would be sunbathing, it never mentioned an intern."
Doofenshmirtz,"Tails? What are they gonna do, wag me into submission? Well, you're too late, Perry the Platypus!"
Doofenshmirtz,"Alright, Mr. ""Eviler than Thou"", just how did you manage to take over the Tri-State Area, anyway?"
Doofenshmirtz,"Perry the Platypus? Balloony! Okay, clown-bots, let's try fighting to save my friends maniacally!"
Doofenshmirtz,"Don't try to wheel and deal with me. I get a big alimony check every month, so money's no object."
Doofenshmirtz,"Ah, he can wait. So what friend? Is it that girl with the dark hair who has all those dachshunds?"
Doofenshmirtz,"Oh, looks like oil and platypuses don't mix either! Ha ha! There's no way for you to get up here!"
Doofenshmirtz,"AAH! Someone always finds my self-destruct button! (Sighs) Curse you, Perry the Platypus, blah blah blah."
Doofenshmirtz,"Come back here! (Perry grabs a piece of the inator and bends it.) Oh, what are you doing down there?! (Perry activates it and salutes and gets teleported away. The inator turns into broccoli.) Uh-oh. Aaaaah!! (Groans and spits some broccoli out) Curse you, Perry the— (knock at the door) Coming."
Doofenshmirtz,"(takes the note) Oh, my little girl is all grown up! This is so exciting, Vanessa! I'll start looking for flights!"
Doofenshmirtz,"Not that being tied around a fish is what I imagined for my...-- Wait, what-what'd you mean ""we?"""
Doofenshmirtz-2,Poke the Goozim with a stick! Surrounded by lava. (the pathway retracts) My second favorite game is backgammon. Love it!
Doofenshmirtz,"Oh, I see. Oh, I see. You're re-dehydrating them. Okay, good. But wait, but you missed this ball!"
Doofenshmirtz,"No no-no-no. No, this. (showing a lever on the floor) This is the light switch! Ugh! (He pulls the lever) I tried to make it as obvious as possible."
Doofenshmirtz,"Yeah, that whole subtle thing wasn't working out for me as you know. Now, hand over that amulet."
Doofenshmirtz,I can't believe it! Just moments away from finally achieving full control of the Tri-State Area!
Doofenshmirtz,"""Bring us figgy pudding."" (chuckles) Well you could say please. But you know whatever great. Figgy pudding."
Doofenshmirtz,"(seeing the bobblehead bounce) Oh yes, so you agree. You know, I miss our little talks, don't you? (Doof hits a bump making the bobblehead Perry shake his head) Oh, what do you know anyway? (throws bobblehead out the back window)"
Doofenshmirtz,"It's just a Carb-Away-inator, Perry the Platypus. It's not even evil. It... It sends carbs away."
Doofenshmirtz,"(once again fighting over the joystick) Perry the Platypus, stop it! I-I have to put down this jukebox so I can pick up the Opera House!"
Doofenshmirtz,"Ooh! Oh, it looks so horrible! I can't look, I can't look! Stop! Stop, Perry the Platypus, stop!"
Doofenshmirtz,"Well, uh, it's, uh, just, uh... (Dr. Gevaarlijk walks away and he stops her) Wait, wait! Don't go. Let me show you this; my very own nemesis."
Doofenshmirtz,"This is what preempted me! Ugh! The newspeople, they're behind this, and I-I won't stand for it!"
Doofenshmirtz,"Oh, no! What-What are you doing? I worked all... (blubbering) Not the Gloom-inator! No, no! Get off, get off!"
Doofenshmirtz,"No, no, don't touch the... Oh, get away from that, you bad, bad kitty! No, not the Erase-inator!"
Doofenshmirtz,"Okay, okay, I've been reconsidering and I'm going to give in. I'm totally gonna be your co-host."
Doofenshmirtz,"What? What is it? Oh, great. Now I'm a single-celled organism. Now how am I going to drive home?"
Doofenshmirtz,"Oh, Perry the Platypus! I've drawn a line in the sand, and you are not allow to cross this line."
Doofenshmirtz,"It's one of Johnny's hairs. It's loaded with his DNA. With this, I can mix up an antidote to..."
Doofenshmirtz,"A beanie propeller cap? Tha... (The propeller spins and Perry takes off) Uh... alright I'll give that to you, that's-that's kind of cool."
Doofenshmirtz,"But— (Perry gives him the phone again. Doof growls and swipes it from Perry and dials.) Don't gloat, Perry the Platypus. It's not becoming. Hello, Charlene? (Charlene yells on the other line) Yeah, you told me so."
Doofenshmirtz,"Trophy room? Whoa-whoa-whoa hold on a second, I just hired you to trap Perry the Platypus, not- (steps onto trap, trap snaps shut with Doofenshmirtz inside)"
Doofenshmirtz,"Oh, Perry the Platypus, I'm sorry there's nothing to foil, I'm, I'm still down about- (Perry holds up Balloony, who has been patched and fully blown up) Balloony! (An instrumental version of ""My Wettest Friend"" starts to play to a montage of Doofenshmirtz and Balloony spending time together)"
Doofenshmirtz,"Well, I suppose I should've put some sort of steering mechanism on it, but, um, live and learn."
Inner Doofenshmirtz,"(in flashback) That's enough! Don't overtighten it, like your brain! Now, let's just imagine how it will work."
Doofenshmirtz,Something's not right. The corners of your mouth are pointing up. (feeling her forehead) Maybe you're running a fever.
Doofenshmirtz,"Ooooh, I just felt a disturbance in the cup-stacking universe. I think my record's been broken."
Doofenshmirtz,"(coughs) Oh, I sure hope the poor slob who lives here has insurance. That would be... (He looks around to see he is ""the poor slob who lives here"".) Oh, crud. Vanessa!"
Doofenshmirtz,"Check you out Perry the Bloat-apus. Hehehe! (Doofenshmirtz inflates as well) Well, uh, this is awkward. Seriously, you're gonna-"
Doofenshmirtz,"He was so impressed with my inator, it seems a shame not to have it here for the presentation."
Doofenshmirtz,"Okay, lemme get this straight: you're a soccer player turned actor turned actor-soccer player?"
Doofenshmirtz,"Make sure you get all these little pieces over here, too. No no, y-you're missing the big one."
Doofenshmirtz,"Ah, yes! The horse-drawn coach has arrived and Mayor...Wafflesomething is walking up to Roger."
Doofenshmirtz,"All right! By shaking up the other contestants, I will look grounded and stable by comparison!"
Doofenshmirtz,"Eh, so I missed. Oh whatever, I have a bigger bother to be-gone. Goodbye, stupid Roger statue!"
Doofenshmirtz,"That's it! Run away, Perry the Scaredy– Oof. (With his face puffed up from exposure to the vacuum of space) Oh, I think I need to put on my spacesuit. Uh oh. (The asteroid strike Doofenshmirtz's ship)"
Doofenshmirtz,"Ouch, they're really cranking up the evil a notch. I... I think they burned off my fingertips."
Doofenshmirtz,"Ah! Well, how about that! Did-Did you ever notice that the hood ornament here is a little dog?"
Doofenshmirtz,"Aah! (Perry locks the Drill-inator's target onto the Old Reliable Geyser and jumps off) Wait, where are you going? Aah! (The Drill-inator lands on the geyser) I'm okay, I -- (spins around and gets flung away) AAH! Fie upon you, Perry the Platypuuuuus! (Perry parachutes down to safety)"
Doofenshmirtz,"Oh, yeah, absolutely. There's a guaranteed 55% chance of success, so we're...we're good to go."
Doofenshmirtz,"Didja have to order for all of us, Rodney? I'm not crazy about this new grilled cheese flavor."
Doofenshmirtz,"Urgh. There, I'm better. Hey. Perry the Platypus, that's it? You're just gonna thwart and run?"
Doofenshmirtz,"Okay, okay, I'll show you. My Turn-Away-inator and I are ready to go! Ah (presses the button and everyone at the pool looks to the side, away from Doofenshmirtz) That's it, look away."
Doofenshmirtz,"Noooooo!!!! Ah, man! Now I'm gonna have to use the money I made for repairs and medical bills."
Doofenshmirtz,"...maybe we could drop by Niagara Falls. It's so close by, and I-I've always wanted to see it."
Doofenshmirtz,"I really don't remember an elevator down here. (An elevator bell dings.) Well, whaddya know? How could I have missed it? (A couple of Shining twins walk out of the elevator.)"
Younger Doofenshmirtz,"Dude, chill, it's mine. I don't have to give it to you. (As they fight, Doofenshmirtz unlocks the rapid fire, and sends beams of de-aging from his roof) Hey! Quit it. You're pushing me, dude."
Doofenshmirtz,"Steven, you came back. That's right, fifteen percent off in the gift shop. Nice going, Steven!"
Doofenshmirtz,"(At the colossus) Okay, you go smash the kids, then we'll take over the world later. As long as I still have... (He is interrupted by Perry, who kicks him to the ground)"
Doofenshmirtz,"Okay, I know that's just the air currents pushing you around, but that's still special! Aaah!"
Doofenshmirtz,"Tootie McFrutti has arrived on time! In a few seconds, he'll be flattened by a speeding tire."
Doofenshmirtz,"Okay, he's up at the top, Perry the Platypus. Hold still. Hold it. Steady. Steady. I got you."
Doofenshmirtz,"Also, I was not joking about mistaking you for my dentist. You guys are really... it's eerie."
Doofenshmirtz,"Well, let's hope nobody knows it's us. (walks off) Now, get out of my way, you perfunctory party planner."
Doofenshmirtz,"Ah, Perry the Platypus, you're just in time! Let's squeeze in a quick ride while I monologue."
Doofenshmirtz,"Oh, Paris! That makes a lot more sense. That's actually where she wanted to go. Good for her."
Doofenshmirtz,So I noticed in your online profile that you say you like tall men. Is--? Is--? Is that true?
Doofenshmirtz,"You can come out now, Dennis the Rabbit! (The disco ball opens revealing Dennis in cutesy animal mode.) Aw, look how cute! H-He's cute! (to Norm) Isn't he cute, Norm?"
Doofenshmirtz,"Oh, a joke about the commercial break, yeah, that's how I want to spend my last few seconds."
Doofenshmirtz,"Oop! Watch this! (He leaps on to the -inator, activating it, then jumps into Norm's arms) Prepare to face the wrath of Normenshmirtz! (Normenshmirtz fires laser at Perry) You can't get away from me now!"
Doofenshmirtz,"(While hiding behind Perry) He's gonna John Wilkes my Booth! (a beat) What, too soon? Ahh! Getting a little too honest here, Abe!"
Doofenshmirtz,"Yeah, thanks for the recap, Maggie. Anyway, you can't just go off and solve this without me."
Doofenshmirtz,"Well, of course I need—Wait a minute. No! I do not need that! You are absolutely right. Huh."
Doofenshmirtz,"Perry the Platypus, didn't you get my letter? Oh, of course not, here I-I'll read it to you."
Doofenshmirtz,"Why do I always use so much butter? (shakes the popcorn off, and lunges at Perry, but lies down on the chair Perry was sitting in) Y'know, I'm so groggy. That turkey really packs a punch."
Doofenshmirtz,"Man, what I wouldn't give for that kind of single-minded focus. Hey, what's that over there?"
Doofenshmirtz,"Closing in on the target. (Cut to the plane to reveal Doof reading a map.) With Perry the Platypus out of the scenario, nothing will stop me! (laughs)"
Doofenshmirtz,"Aw, man, not my new flat-screen! (Kaching!) Hey, no way! I paid way more for that TV! (Doof falls backwards and breaks a part of the inator with his back. The machine malfunctions and goes haywire zapping randomly.) Hey, wha? Ow! Ow!"
Doofenshmirtz,"(As he bends down) What's that? (Perry punches him in the nose) Ooh! Oh, I guess I walked into that one. (He falls backwards, right onto his scale model of Danville, destroying it) Aw, man, I worked all weekend on that! (Flashback of him gluing the buildings to the table)"
Doofenshmirtz,"Y'know, none of this would have happened if we had just gone for ice cream like I suggested!"
Doofenshmirtz,"(squeals) It worked! Hee hee! Ooh, time to give Roger a dose of bad stinkelkrampen he'll never forget!"
Dr. Doofenshmirtz,"(sarcastically) Really? I hadn't noticed! (to the bees) Alright, bees. You like honey, don't ya? (pours honey from the hive all over him) Come and get it! Come on! (runs off)"
Doofenshmirtz,This song montage is taking longer than I thought. I hope those emissaries haven't left yet.
Doofenshmirtz,"Ah, Perry the Platypus, how do you like my new Nemesis Catch-o-Mat? I bought it from the TV. (Perry gives him a look)"
Doofenshmirtz,Looks like somebody needs another shot of the I-Don't-Care-inator. (The car runs over some parts and the inator slips out of Doof's hand.) What? Uh-oh! That's mine! (Perry catches the inator.)
Doofenshmirtz,"Yes. Yes, you are. Y'know, you really should use sunblock. Y-You're burned down to the bone."
Doofenshmirtz,That's it! That is it! You will rue the day that you demoted Heinz Doofenshmirtz to co-host! (he leaves)
Doofenshmirtz,"Uh, I don't remember making a Power-Switch-inator, but, uh, y'know, I make a lot of inators!"
Doofenshmirtz,None! I don't like 'em the way you cook 'em. You always leave in the shells! Who does that?
Doofenshmirtz,"You've always had one, Norm. I just never told you where it was so you wouldn't pick at it!"
Doofenshmirtz,"Well, uh, it's not a vehicle. It's an evil device. You see, this is what I do for a living. (gets a ticket; changes to a shocked face)"
Doofenshmirtz,Ha ha! A birthday party! Perfect. This is next on the list of things I can ruin! With fish!
Doofenshmirtz,"Now, what's gonna be the first part of the Tri-State Area (Perry tears the floor tile from the ground - his feet still attached - and jumps onto Doofenshmirtz in the Gimmelshtump-inator) to get the Gimmelshtump makeover?"
Doofenshmirtz,"Ah, just go with it, Francis. (to Kelly) Hey, l-look at this! Strike a pose! Look, look, look, I'm vo—"
Doofenshmirtz,What the? Oh no! Dream creatures are coming out of the screen! How is this happening? Whoa!
Doofenshmirtz,"We wanted different things. She wanted to not be married to me. So what's new, Short Stuff?"
Doofenshmirtz,"I've got you now, Perry the Platypus! (They attempt to run into each other but miss; Doofenshmirtz punches a chair instead) Perry the Platypus, did you get yourself upholstered?"
Doofenshmirtz,"(Being tossed around like a beach ball) Nooo! Wait. Wait. Wait. Is that the Love Sandals? Ohh! Hey, oh, watch the hands lady. Heey!"
Doofenshmirtz,I did it! Did anyone see that? Anyone? Anyone? No one's lookin'. Nobody's payin' attention.
Doofenshmirtz,"Ah, I don't know, I thought it would make my entrance more dramatic. And it totally worked!"
Doofenshmirtz,"Hmm. It's a...it's a couch. That's a bit anti-climatic. I guess it's a nice couch, though."
Doofenshmirtz,"The spaceships should be here any minute. And then, it will be time to pump up the volume!"
Doofenshmirtz,"Ah, Perry the Platypus, come in, come in. I consider you a VIP, a very important platypus."
Doofenshmirtz,"Oh, stop panicking, Francis. I haven't even touched the main stabilizers, you know... yet."
Doofenshmirtz,"Wait, wait. What is this? Now we have to fill these forms out in the dark? Is that what..."
Doofenshmirtz,"""I'm Dr. Heinz Doofenshmirtz, and I like unicorns and rainbow..."" Wait, who switched my..."
Doofenshmirtz,"This is not at all what I had in mind! Oh! Oh, this really sucks! I mean, literally! Okay!"
Doofenshmirtz,"I dare you to try that again! (Perry kicks him again and the inators roll away.) Well, I did dare him, I guess. No! No! (The first inator falls off) A third of my inator! (Wide shot of the building as the falling inator activates)"
Doofenshmirtz,"AAAAAAAAHHHH!!! Ow! I know I didn't make you that smart, but you can't even walk straight? (doorbell rings)"
Doofenshmirtz,"And now, to summon the Spartan Army! (fires up the inator) Ooh! Here they come! Here they come! They're coming!"
Doofenshmirtz,"Nobody messes with my self-destruct button! (He sticks the mop's handle into the inizer and tries to lift it up.) You make a pretty good fulcrum there, Rodney."
Doofenshmirtz,"Aw, man, you have no idea how much that was worth! (Kaching!) Although, judging by the jingling— (Perry hits him) Ow!"
Doofenshmirtz,"This is why I'd rather not make friends, they find someone else, and ""Bam!"" you're alone."
Doofenshmirtz,"(angrily) No. No. No, No, not mad scientist! I'm not angry. Evil scientist. There's a difference..."
Doofenshmirtz head,Ouch! Ouch! Ow! Ow! Oh! Why couldn't I have disappeared before I hit the ground? Curse -- (disappears)
Doofenshmirtz,"(encased) I really asked for that, didn't I? Oh, now what? Some petard hoisting? Oh, okay. Figures."
Doofenshmirtz,"Oh, man, everything here in dreamland is so distorted and ugly. Say... (Wide shot to reveal a short green devilish imp that looks like him) you look familiar."
Doofenshmirtz,"Chicken and waffles! That's why I had ""waffles"" stuck in my head. That was it. (walks up to the inator) And...now! (fires the inator)"
Doofenshmirtz,"(offscreen) Oh, I remember this baby. Y'know, if I had a clip like that on my pen, I'd never lose it."
Doofenshmirtz,"Time to give it a little test. (he turns it on, it starts for a brief second, then shuts down) Hmm. Well, I just finished it. It can't be broken already."
Doofenshmirtz,"You realize most of the kids watching this show have never even seen a typewriter, right?"
Doofenshmirtz,"Oh, that? I-I planned to do evil today but look at me. I-I don't think it's gonna happen."
Doofenshmirtz,"Perry the Platypus? Well, yes, of course. He's my nemesis. I have to show him everything."
Doofenshmirtz,"Shoo, shoo! Go away! Whoo! Now, that was just disturbing. Waah! No, no! Get away from me! (falls into a box)"
Doofenshmirtz,"Yeah, yeah, we know the drill. We've hosted before. (pointing to Major Monogram) He's good, I'm evil, blah blah blah."
Doofenshmirtz,Let's just leave it at I know and I vow to be good from now on so your worries are over.
Doofenshmirtz,"(voiceover) When I was a lad, I had trouble sleeping, so my parents told me to try counting sheep..."
Young Adult Doofenshmirtz,"The movies are gray, the TV is black, the horses are running, please bring me some food."
Doofenshmirtz,"Curse you, Perry the Platypus, and also my own hubris for creating an army of me-plants!"
Doofenshmirtz,"I don't know yet, it's missing a part. But whatever it is I'm sure it will be pure evil!"
Doofenshmirtz,"Curse you, Perry the Platypus. And curse you, too, you awe-inspiring natural phenomenon."
Doofenshmirtz,"Norm, hurry up with that coffee! I've still got that terrible morning taste in my mouth. (smacks lips)"
Doofenshmirtz,"No, o-- Of course not! Uh—Peter the Panda doesn't talk either, he's a—He's a panda bear!"
Doofenshmirtz,WHAT!? An electric fan? I knew I could beat that if I just had a little more time! (sighs) Wait! (Stares at the Agent Containment Unit)
Young Adult Doofenshmirtz,"The movies are gray, the TV is black, the horses are running, please bring me some food."
Doofenshmirtz,"Uh, darling, you haven't even touched your cucumber water. I made it especially for you."
Doofenshmirtz,"Ooh, look at these buttons! Wha-What does this one do? (he pushes a button which launches a missile) Whoa! Oh, yeah, this is way cool!"
Doofenshmirtz,Okay! Okay! I get it. I get it. My daughter's moving out because she thinks I'm a loser.
Doofenshmirtz,"Oh, a helicopter fight? These can get really nasty. I'm-I'm just going to go play cards."
Doofenshmirtz Doll,"Hello Perry the Platypus. (Pulls string again) Sorry I'm not here to greet you myself, but this is...(Pulls it again) a trap."
Doofenshmirtz,"Wait a second, you're singing? Wai- I know what that means, you're leaving, aren't you?!"
Doofenshmirtz,"Oh, him? No, no, he likes it. (giving back the clipboard) Here ya go. (takes the package) I'll take that. Thanks for everything. See ya."
Doofenshmirtz,"I should really build an auto-aim-inator, because I cannot hit the broad side of a barn."
Doofenshmirtz,"(while the song plays) Hey, I love this song! I guess I shouldn't be surprised at this point, but what the hey?"
Doofenshmirtz,"Okay, any second, something will explode on me and then we can go home. Yep, any second."
Doofenshmirtz,"Oh, come on, don't act surprised. I literally just said we're evil, so we have to cheat."
Doofenshmirtz,"I want you to know that... you are appreciated, Perry the Platypus, you are appreciated."
Doofenshmirtz,"Well, sure, until you wanna hang under something. Then what are you gonna do, smart guy?"
Doofenshmirtz,"(He and Perry are tied up inside of a storage closet) Well what did you expect? It was like twenty of them, against one-and-two-halves of us."
Doofenshmirtz,(in flashback) What? How are we supposed to go over the- OOF! (it repeats as Doofenshmirtz laughs evilly) How are we supposed to go over the- OOF!
Doofenshmirtz,"Okay, first of all, they're not ridiculous. Convoluted and ultimately pointless, maybe."
Doofenshmirtz-2,"This is Perry the Platyborg! He was once my nemesis, but now, he is general of my army!"
Doofenshmirtz,"(gasps) That's right! ""Macaw"" has a ""W"" in it! So we can do it! Okay, here, from the beginning."
Doofenshmirtz,"Twelve pickles! How did you even get them all in there? (leaps at Perry, who kicks him onto the -inator) My Chicken Soup-inator! Nooooo! (A stream of chicken soup comes out and hits the asteroid as the latter passes by. The Chicken Soup-inator then explodes.)"
Doofenshmirtz,"All right, Norm, let's get this place cleaned up. There's backstory all over the place."
Doofenshmirtz,"Ugh, turns out that wasn't actual food. But you get the idea, Periodontal the Platypus."
Doofenshmirtz,"Curse you, Perry the Platypus! Uh oh. This is not going to end well for me, I'm afraid."
Doofenshmirtz,"Hey, the electricity's out. Are you... Are you powering that treadmill all by yourself?"
Doofenshmirtz,"(narrating) Ten seconds later, they confiscated the cake; apparently there's a two-person minimum."
Doofenshmirtz-2,"Ugh, now who's interrupting me? Remind me to berate my Indentured Executive Assistant!"
Doofenshmirtz,Ow! Can you get a little more lift out of this thing? I think I just bruised a kidney.
Doofenshmirtz,"Wow, I had no idea that smoke signals were so complicated! (Perry hops onscreen) Perry the Platypus! What a-"
Doofenshmirtz,"Oh, he-he-hello. Have you seen a platypus around here? About yea high, very trappable."
Doofenshmirtz,"Yes, something real, like in reality, like a reality dating show! That's a great idea!"
Doofenshmirtz,"We are talking about women here, right? Okay, now remember, don't forget to stay cool."
Doofenshmirtz,"I shouldn't dwell on it, i...it's just too painful. I-I gotta stop living in the past."
Doofenshmirtz,"Ow! Okay, I take it back. You're an abomination. Now, attack, my hench-plants! Attack!"
Doofenshmirtz,"Fine! Point it wherever you want, baby. I'll be there. (crawls onto the machine so that it would hit him when it fired) Say hello to the new dynamic... (Perry hits him with an uppercut)"
Doofenshmirtz,"No, Perry the Platypus, aww, you ruined it! Where am I gonna get another mountain now? (Perry kicks him again and he goes over)"
Doofenshmirtz,Hey I know you! You're that Mitch guy from space. Put me down you best friend stealer!
Doofenshmirtz,"Online? That, that was an option the whole time?! Well, ain't that a kick in the— (the rolling ball rolls him over to avoid him from completing the sentence) Ow!"
Doofenshmirtz,"Wait! You know, this isn't big enough to trap me!...CURSE YOU, GIANT FLYING BUILDING!"
Doofenshmirtz,Did you know that they're the only insect that can turn their head 180º? (snaps fingers) Mantis fact!
Doofenshmirtz,"Hey, groovy dudes and dudettes. How's it hangin'? Wanna try my seven-layer bars? Man?"
Doofenshmirtz,It began in Gimmelshtump when I was a callow youth yearning for a career in fine art.
Doofenshmirtz,How thoughtful! They're even going to feed me before we take over the Tri-State Area!
Doofenshmirtz,"See? A cat always lands on my feet. Wait, nobody move. Here. (takes a selfie) That's goin' on my blog."
Doofenshmirtz,What? What was wrong with that? I was gonna go for one of those big tubs from Lotsmo.
Doofenshmirtz,"(cntd.) I'm just going to lie down for a bit. I promise I'll be more evil next time, alright?"
Doofenshmirtz,"I mean, they look just like us. That's weird, right? Come on, let's go save Balloony."
Doofenshmirtz,"Well I'm going up to the top of the tower, I'm sure you two have a hot time together! (He laughs and exits)"
Doofenshmirtz,"That was purely coincidental. But, hey! I hit Roger! Oh, he's gonna be repulsive now!"
Doofenshmirtz head,"Look! Two more heads. Ha ha! Look at Perry and his little arms, aren't they adorable?"
Doofenshmirtz,"(Waking up to Perry’s chatter) Wait, what, who am I? Oh, oh, it's me! Perry the Platypus, how did you free yourself?"
Doofenshmirtz,"There ya go, papier-mâché me, don't let anybody tell ya you look like a traffic cone."
Doofenshmirtz,"Oh yeah? (Puts his fingers on the Major's mouth as if he's the one talking) ""I am Major Monogram. I dropped that water balloon. I have poopy pants."" Eh?"
Doofenshmirtz,"I was sure my arm would grow back, but it never did. (taps his left arm which makes a metallic sound) See? Pure titanium. It's a fact."
Doofenshmirtz,Wait. Was that Perry the Platypus? Great. They're probably letting him host the show.
Doofenshmirtz,"Uh, I hate Christmas. Yes! I hate Christmas! Woohoo! This is the best Christmas ever!"
Doofenshmirtz,"Anyway, you're gonna love it. I was so impressed, I commissioned a whole new jingle!"
Doofenshmirtz,"I was getting to you guys. I mean, without me and them. And the cat, wherever the..."
Doofenshmirtz,"(He is still falling) Oh look, his mustache fell off, and, and I didn't think today could get any weirder!"
Platypus-Doofenshmirtz,"Do you ever get tired of lugging this big tail around? ...Well, back at it, I guess."
Doofenshmirtz,"So this is why you shouldn't make mountains out of molehills. (The mole goes into the ocean.) Curse you, giant mole!"
Doofenshmirtz,"(Laughs) Look at you! You're just a bottom! (Perry punches him) Oh, it's on now! (Charges at Perry, who throws him over. Doofenshmirtz's body is now half invisible) Oop! Look at me! I'm just a top!"
Doofenshmirtz,"Ah! That's the first time anyone's actually listened to me! (dials phone) Norm, did you hear that?"
Doofenshmirtz,"Yeah, I guess it probably works better in the dark. Oh look, it's the jetpack squad."
Doofenshmirtz,"You see, when I was a small boy, my parents would never let me watch music videos..."
Doofenshmirtz,"Huh, I didn't see that one coming. Well let's just see what the players have to say."
Doofenshmirtz,"You know, ever since I installed the Away-inator on my helmet, driving is fun again!"
Doofenshmirtz,"Not important. Check it out. Perry the Platypus should be coming in three, two, one."
Doofenshmirtz,"Soon, there will be nothing that can withstand the wrath of Dr. Heinz Doofenshmirtz!"
Doofenshmirtz,"Thanks for bringing this down for me, Norm. For some reason, it runs on solar power."
Doofenshmirtz,"Hear that, Perry the Platypus? That is the sound of smell! Nothing can stop me now!"
Doofenshmirtz,"(voiceover) In Gimmelshtump, the other kids used to tease me for not practicing photosynthesis."
Doofenshmirtz,"Wait, that's my spotlight! If anyone's pushing this dancer out of the way, it's me!"
Doofenshmirtz,"Oh, hello, Perry the Platypus. Well, as they say in the film business, it's a wrap!"
Doofenshmirtz,"Oh, hey, now that we're agents, when do I get to use this thing? (launches a rocket launcher) Whoa! (The rockets crash into the OWCA headquarters.) Oops, sorry."
Doofenshmirtz,"It's okay, honey, it's on an orbit! It'll come back around! It's not all about you!"
Doofenshmirtz,"Ah, Perry the Platypus, it's you! At first, I was like, ""Who is that scrawny wimp?"""
Doofenshmirtz,"(dressed as a sun) Ah, Perry the Platypus! Step into my orbit and be my satellite, permanently! Ha ha!"
Doofenshmirtz,"Huh. Well, if the press won't come to us, we'll go to the press. To the dance hall!"
Doofenshmirtz,"Actually, I guess it doesn't really specify pants anywhere, so I guess you're okay."
Doofenshmirtz,"Psst! Perry the Platypus, over here. Hurry, hurry, it's- the show's about to start!"
Doofenshmirtz,"Ay caramba! Perry the cha-cha gram? I mean, Platy... Obviously, Perry the Platypus."
Doofenshmirtz,I never built an Amnesia-inator. I think I'd remember building something like that.
Doofenshmirtz,"(reading the label) ""Glycerol, glycerol, ester of rosin, yellow 15."" I guess they had 14 other yellows."
Doofenshmirtz,"Perry the Platypus is due any second. (checking the time on his watch) Hey, it's getting a little late. Where is he?"
Doofenshmirtz,"Thank you. (to Perry) I'm gonna take this downstairs to Vanessa. Party on, Perry the Platypus! (he flips the switch and the music and disco lights resume)"
Dr. Doofenshmirtz,"All right. Vanessa, Major Monogram. Major Monogram, Vanessa. There, you happy now?!"
Doofenshmirtz,"I don't understand! How—how is it possible? Uh -- you did this, Perry the Platypus!"
Doofenshmirtz,"Oh, yes, yes it is! It's nice to see you taking an interest in the family business."
Doofenshmirtz,"Mmmm, oh. That lining, delicious. I'm gonna be in my closet looking for more hats."
Doofenshmirtz,"Wait a second, You're singing? I know what that means! You're leaving, aren't you?"
Doofenshmirtz,Ha ha ha! At last! An inator above all other inators! The one that will finally...
Doofenshmirtz,"I'm Dr. Heinz Doofenshmirtz, but my friends call me.... (stops and thinks) I just got in such a funk."
Doofenshmirtz,So you're not mad at me for saying I'd rather have a son than a daughter like you.
Doofenshmirtz,"(sighs) Well, I guess I could warm up with this platypus. (He sticks the gun into Perry.) Here you go. (Perry gets away.) Hey, no—Hold still!"
Doofenshmirtz,The Time-Straighten-Out-inator! It straightens out time and keeps it from looping.
Dr. Doofenshmirtz,"Well, Vanessa, are you looking forward to seeing Tokyo on our daddy-daughter trip?"
Doofenshmirtz,What? That's a... it's an arts and crafts project! I've got a life outside of you!
Doofenshmirtz,"Uh-oh! Well, thank goodness for the plastic gas tank. (to Vanessa) Hey, Vanessa?! Is that you?!"
Doofenshmirtz,"Perry the Platypus? But-but, but how did you get out of the Chinese platypus trap?"
Doofenshmirtz,"You see, Perry the Platypus, a whole army of Doofenshmirtzs! Perfect copies of me!"
Doofenshmirtz,"Vanessa? Vanessa! (runs to her) I need to talk to you about your, you know, wanting to move out."
Doofenshmirtz,"(Laughs) The home of my former nemesis. Time to kick a little sand, eh, Perry the Platypus?"
Doofenshmirtz,"Just keep quiet over there. I've got a call from Rodney. (Doofenshmirtz answers) What do you want, Rodney?"
Doofenshmirtz,"I'm closing in on the key. I can feel it. (gasps) Perry the Platypus, how did you get out?"
Doofenshmirtz,"(rolling past him) Later! (A blue portal opens and the muffins get sucked into it) Oh, whooa... (bounces off the balcony) Maybe I'll get lucky and time will loop before (crashing noise) Oh! No such lu—"
Doofenshmirtz,That was just my prototype Gigantinator ray. It's n-nothing to be concerned about.
Doofenshmirtz,"Wait a second, I just realized. That was a conscious choice! You peed on my couch!"
Doofenshmirtz,"Oh, why, thank you, I have been trying to—Oh, wait, no, it's just the pheromones."
Doofenshmirtz,(angrily) I get it. Repulsive. I see. That's just the universe making a joke at my expense!
Doofenshmirtz,"Oh, heck no, I-I usually just pretend he's talking about recent movies I've seen."
Doofenshmirtz,"Drusselstein. Hmm. Curse you, Perry the Platypus, and my wretched, wretched life."
Doofenshmirtz,"Hey, how did you do that? (Gets hit on back of his head again) Ow! Ow! Alright Come out in the open where I can... Ow!"
Doofenshmirtz,"No, no, Perry the Platypus! (Cut to reveal Perry raveling up a towel.) Will you put that down right— (He smacks him with it) Ow! Ow, Oh that smarts! (Doofenshmirtz throws his shoe at Perry. Perry jumps as the shoe misses and hits the Monkey Enslave-inator off of the monkey. The monkeys all look angrily at Doofenshmirtz.)"
Doofenshmirtz,"Communication! Oh, for cryin' out loud! At least tell him what your inator does!!"
Doofenshmirtz,"Shut it, Norm. Whose side are you on, anyway? And the press will be here, Rodney."
Doofenshmirtz,"(shakes Billy's hand) Great to meet ya, Billy! Tell me, (motions toward the back of the room) whadaya see over there in the back of the room?"
Doofenshmirtz,This was actually productive. This... This food fight is gonna feed me for weeks.
Doofenshmirtz,"You know, someday I'll get out of this cage, but your name will still be Francis."
Doofenshmirtz,"(having been hit with the Age Accelerator-inator) Well, it's already 4:30; I think I'm going to bed. Curse you, Perry the Platypus."
Doofenshmirtz,(carrying a flashlight) Now I've got to walk all the way down and flip the whatever that thing is called.
Doofenshmirtz,"Tube socks? What is this, 1974? Well, it's too late now...oh! (Button beeps) What are you doing?"
Doofenshmirtz,"Behold, my deface-inator! One blast and your face becomes incredibly forgettable."
Doofenshmirtz,"Hey, you're not Perry the Platyp- Sorry about that. (retracts the trap) I was expecting someone else."
Doofenshmirtz,I got her! She's down there on that craggy mountain. Quick! Let's land this bird.
Doofenshmirtz,"Actually, I'm an evil scientist. A-A lot of people are confused by the lab coat."
Doofenshmirtz,"Uh-oh. (When he grows too much, Perry pushes his inator away, jumps onto it and escapes.) Curse you, Perry the Plat- (he groans, then spits out a chair) Why did I ever order such a large bedroom set? (Perry pushes the button on the Wrapped-Up-in-a-Nice-Little-Bow-Inator and the entire building gets wrapped up in a nice little bow.)"
Doofenshmirtz,"Patience, Dr. Bloodpudding, they'll be here. When have I ever let you guys down?"
Doofenshmirtz,"Aw, man, Roger's not on 'til the end of the show? Can't you get him back sooner?"
Doofenshmirtz,"Diminutive. I'd say it's nice to see you, but I'm an evil scientist, not a liar."
Doofenshmirtz,"Yeah, speak for yourself, I'm gonna try to land on you, so you'll break my fall."
Doofenshmirtz,"Ah, nothing can stop us now. Hee-hee-hee-hee. (Doof gets thrown flat on his keester by Perry. Doof gasps) Aah! Hey, what was all that about?"
Doofenshmirtz,"No, no, no, I want you to hate it like I did! Tragedy builds character. Come on."
Doofenshmirtz,"Oh, can it, Rodney. I think we both know that I'm a better evil dancer than you."
Doofenshmirtz,"(gasps) He can talk! (gets blasted by the robot) And shoot, too! Ow! Save me! Save me, Perry the Platypus! AAAAAHHH!"
Doofenshmirtz,"Wow, not only does this thing work, it has a sense of irony! (Perry punches Doofenshmirtz) Ow!... AAAAAHHHHHH!"
Doofenshmirtz,Almost all of them. Remember Perry the Platypus. He's still out there somewhere.
Doofenshmirtz,"(on CB radio) Metal up? What kind of a... (Perry lands on the windshield with suction cups on his hands and feet; at Perry) Hey! (on CB radio) Cheeky Monkey, I'm gonna have to call you back."
Doofenshmirtz,"Come on. Ooh, hey, random pounding works. Oh good, we're back on the Perry show."
Doofenshmirtz,What? You're wearing headphones? So you haven't heard a thing I've said all day?
Doofenshmirtz,"Well, well, well. Ohio Flynn and Rhode Island Fletcher. What are you doing here?"
Doofenshmirtz-2,"The mask makes me sound all creepy. Here, check this out. Fava beans... Fava..."
Doofenshmirtz,"I want you to shoot me. Hey, stop that! OH, you're just so difficult sometimes!"
Doofenshmirtz,(voiceover) Those were lean times for my father and our beloved lawn gnome was repossessed.
Doofenshmirtz,"And now, to pull the switch. (Perry jumps on him) Thanks for the headache! (Perry punches him in the eye) Thanks for the face-ache!"
Doofenshmirtz,"Y'know, I'm just gonna take the high road and use this as a backstory for some—"
Doofenshmirtz,"And if it was light, you would've seen us and run away, hence ruining the trap!"
Doofenshmirtz,(gasps) Take over the world? Tha-That's crazy! That-That's almost left-boot-trap crazy!
Doofenshmirtz-2,I just haven't seen a mirror for two months. Did my hair always look like this?
Doofenshmirtz,"Well, maybe that little friend of yours, too, 'cause she was inside the bubble."
Doofenshmirtz,Why would you carry that in your wallet? Why would he carry that in his wallet?
Doofenshmirtz,"Perry the Platypus, you're back! (walking up to the inator) I am never setting that puppy off again! (He presses a button, and, as usual, the inator activates and aims across town.) Oops."
Doofenshmirtz,But I feel... I feel a big emotional bit coming on. Maybe even a power ballad.
Doofenshmirtz,"A birthmark! It's a balloon you idiot! ""Colin"". Come on Balloony, let's scoot."
Doofenshmirtz,"(to Perry) I have no way of knowing, because I've never been there, and...you don't talk."
Doofenshmirtz,"Yeah, right there, I-I'm pretty sure that's my voice when I'm being sarcastic."
Doofenshmirtz,"(after a long pause) Ah, I'm going to have to do the right thing here, aren't I? Fine. Here you go."
Doofenshmirtz,"Behold, my Downgrade-inator! (Doof fires his inator at a car and it becomes a goat and cart.) All right! Pothole here! (He fires at a woman coming out of a clothing boutique.) Potato sacks over there!"
Doofenshmirtz,That we'll finally have that special daddy-daughter bond you've always craved?
Doofenshmirtz,"You know this balloon is actually– (He is cut off, as the balloon flutters about wildly) AHH! Curse you Perry the Platypus Balloon!!"
Doofenshmirtz,"Wait a minute, guys. Bear with me just a second here, okay. Watch this, ready?"
Doofenshmirtz,Peter the Panda? And Perry the Platypus? You're working together to rescue me?
Doofenshmirtz,"(throws the lamp at Norm and it lands on Norm's head) Eat it yourself, Norm, I gotta get Vanessa, and we gotta do everything faster!"
Doofenshmirtz,"(facepalms; notices Perry) Oh, there you are, Perry the Platypus. (At Norm) Hey, Norm, look who decided to show up!"
Doofenshmirtz,"Aw, when she says ""habengusher"" like that, it's easy to forget that it means--"
Doofenshmirtz,"Ow! Wow, you know, it's actually quite a bit roomier in here than you'd think. (When the inator hit the ground, it launches a ray into space, then it reaches a satellite and gets launched back to Earth.)"
Doofenshmirtz,"Uh, well, I may have enlarged it a little to make it a dry-it-off-inator, but—"
Doofenshmirtz,"Yes, and a fine job you did, too. We are sharing the space with another event!"
Doofenshmirtz,"Curse you, Perry the Platypus! Y-Y-You know, those, those really work for you."
Doofenshmirtz,Ha ha! Holy Boy! Even the great Francis Monogram's my slave in this dimension!
Doofenshmirtz,I'm up here Perry the Platypus! (to the audience) You knew we'd end up up here eventually right?
Doofenshmirtz,[still trapped by Perry/Candace] Great. Now I have this song stuck in my head.
Doofenshmirtz,"Oh, I am honored. And at the same time humiliated, so thank you and curse you."
Doofenshmirtz,"Vogue. Vogueing. That's it. Look it up, kids. That's what the internet is for."
Doofenshmirtz,"Have as many sheeples as you want, Perry the Platypus, I can always make more! (laughs)"
Doofenshmirtz,"Perry the Platypus, could... could... could we have a word in my, uh, office?"
Doofenshmirtz,"Ugh! Roger, Roger, Roger. Okay, fine. I just gotta take care of a few things."
Doofenshmirtz,"Oh, look at him. He's got a big head, suddenly some sort of marketing genius."
Doofenshmirtz,"(sing-song) I'm not saying a yes. (pause) Here, you can take this Pizzazzium locator. It'll help."
Doofenshmirtz,"I've got it! I've got it! (at Perry) There, you see? I told you it was water solu -- (Perry's capsule melts and he punches him) OH!"
Doofenshmirtz,"Perry the Platypus, stop chasing me; I'm supposed to keep my heart rate down!"
Doofenshmirtz-2,"You know, I'm starting to see why you haven't become ruler in your dimension."
Doofenshmirtz,I vowed revenge. Cheap revenge. My first plan involved exploding pizza dough.
Doofenshmirtz,Teamwork makes the scheme work! I even convinced Vanessa to show her support.
Doofenshmirtz,"Okay, first thing's first, we gotta take down these robots that look like us."
Doofenshmirtz,"(holding up a branch) Seriously, I'll be able to eat this whole branch, but...y'know, like, slowly."
Doofenshmirtz,"You know, I'm starting to remember why I replaced you and put you in storage."
Doofenshmirtz,"Huh, well I guess I might have over-thought that solution, just a little bit."
Doofenshmirtz,"(exclaims fearfully) Wait a minute. (pulls out magnifying glass from lab coat) Hmm, what do we have here? Oh, no, it's-it's Sergei the Snail!"
Doofenshmirtz,"Oh, man, this had better be a dream because I don't like where this is going."
Doofenshmirtz,"Wait, did I just help Roger's reputation? (goes to the inator) I can undo it. I can still undo it."
Doofenshmirtz,"(on the on-site TV) ...the wrong direction! The wrong direction! The wrong direction, I tell you!"
Doofenshmirtz,It's just I'm used to doing all the talking with my nemesis. (Perry drops off the chair.) He's a platypus.
Doofenshmirtz,"Okay, it's almost warmed up. Are you watching Perry the-- What? What the...?"
Doofenshmirtz,"They'll be here, they'll be here.  Clearly, the buffet alone will bring them."
Doofenshmirtz,"(as Perry escapes from the trap) It's ironic, I built my Underwear-inator while actually in my underwear. Ha! (Perry attacks him and the Underwear-inator fires up)"
Doofenshmirtz,"Uh, Perry the Platypus, when you get a minute, grab the controls, would you-"
Doofenshmirtz,"Oh no. It just sort of sounded like that. Well, I mean, we could. We should!"
Doofenshmirtz,"Vanessa? Oh, no! Vanessa, get out of there! (Crawling inside) There's a huge bat on the loose!"
Doofenshmirtz,"(offscreen) Ah, great! Can you give me a hand moving my amplifinator out onto the porch?"
Doofenshmirtz,"Curse you, Perry the Plummet-pus! 'Cause you're... 'Cause you're plummeting!"
Doofenshmirtz,"Ha! (slams down the Sculptinator start button, then poses) You're too late, Perry the Platypus! Ooh! Make sure to get my good side!"
Doofenshmirtz-2,"Oh pooh. Oh, well. Time to start the invasion! (he goes, the bots follow) And somebody get me a muffin!"
Doofenshmirtz,"(jet-pack landing) Hey you, I got a question for you. How do you get your plants—What? Plastic! (pokes plastic man)"
Doofenshmirtz,"Ah, you're right. He's not even my nemesis. H-H-He's more of a thwarty call."
Doofenshmirtz,"Oh, look, it's chickens! It's (groans) I guess chickens aren't as funny as I thought."
Doofenshmirtz,"Well obviously YOU did not have to deal with MY nemesis, Perry the Platypus!"
Doofenshmirtz,"(runs up to the inator but the arms pull him back) Noooooooo! Oh, you guys are so annoying. You're kinda cute, though. (two of the arms punch him) Get off!"
Doofenshmirtz,"(voiceover) ...the coolest car of all was the Boomshlaka 320-I, run by my Uncle Simpkin!"
Doofenshmirtz,"Oh, good, I'm early! And a killer parking space, too! Score! Time to set up."
Dr. Doofenshmirtz,"Oh, it's always something. Turbulence, headwind, giant jump-roping robots..."
Doofenshmirtz,"Ironically, she's still more nurturing than my own mother! Ow, off, quit it!"
Doofenshmirtz,"No, no, no, ""Doofenshmirtz."" Heinz Doofenshmirtz. Surely you've heard of me."
Doofenshmirtz,...and done. Now with the—Hey! Where'd you go? What are you doing up there?
Doofenshmirtz,But I'm running way low on materials. I'm gonna have to get a bit creative.
Doofenshmirtz,"No, no, it was a huge honor. Hey, since you're here, you wanna sing a song?"
Doofenshmirtz,"But it was you! Start pedaling! It's leg day, people! Leg day! Whoop whoop!"
Doofenshmirtz-2,"Wait, let me try something. Platyborg, do the same thing to those two boys."
Doofenshmirtz,"It's going crazy! It's shooting all over willy-nilly, both willy and nilly!"
Doofenshmirtz,"This apartment seems familiar. Hey, would you mind if I kick down the door? (he does so, proceeding to get his foot stuck)"
Doofenshmirtz,"No no, I made that mistake a couple of times, too, but that's him, I swear!"
Doofenshmirtz,What are you... You've got it pointed at the suburbs! My face is over here.
Doofenshmirtz,"No, no, don't give me the puppy dog eyes. You're gonna make me cry. Sheesh. (Perry jumps out the window.)"
Doofenshmirtz,"Ah, sometimes evil just cracks me up! (He hears Vanessa humming) Say where's that humming coming from?"
Doofenshmirtz,"Did ya' hear that high note? That was the A above middle C, not too shabby."
Doofenshmirtz,"Huh? You may have survived that trap, but let's you escape the cage! Ha-ha!"
Doofenshmirtz,"See you don't need her Norm, she's a know it all. Ugh. Ooh, look, corndogs!"
Doofenshmirtz,"Oh no. It just-It just sort of sounded like- I-I mean, we could. We should!"
Doofenshmirtz-2,So what you're telling me is you're still not ruler of your Tri-State Area?
Doofenshmirtz,"Perry the Platypus, do something! He's going to emancipate my proclamation!"
Doofenshmirtz,"Oh no, it's not petty; I was explaining to the platypus earlier; it's not--"
Doofenshmirtz,"Hey! Wait a minute. You're not my son. You're that walking junk pile, Norm."
Doofenshmirtz,"Ah, girls don't like guys who are whiny. You're whiny. I get it. I get it."
Doofenshmirtz,Giant Dog Biscuit-inator. (dogs bark) Thank you! Thank you for making my point for me!
Doofenshmirtz,"Ooh! The key detection alarm! I forgot I installed that. (tosses the sword and shield) Here it comes,..."
Doofenshmirtz,"No! What makes you say that? I-I mean, look at me! I'm wearing lederhosen!"
Doofenshmirtz,"Now to set the -inator on ""reverse"" and blast myself with all of the cool!"
Doofenshmirtz,"Mmm-Mmm. Delish! Well, here's your-STATION!! (Doofenshmirtz kicks the man out the door) Say ""hi"" to your wife for me."
Doofenshmirtz,"Check out your First Daughter suite! Not too keen to move out now, are ya?"
Doofenshmirtz,"You know, I can't help but notice that your scar goes over your eye patch."
Doofenshmirtz,What? And -- and leave my little girl all alone in the wilderness? No way!
Doofenshmirtz,"(at a ""Mystic Eye"" table) Oh, it's one of those 3D things. (holds up the picture) I can hardly see the... (Perry crashes through the picture, dropping the Pizzazium) Oop, there it is."
Doofenshmirtz,"Yes, yes I-I know, but I have a surprise for you and I just couldn't wait!"
Doofenshmirtz,"What? Now, I'll never know what he was going to say! (the inator explodes, Perry flies away) Oh, yeah, yeah, that."
Inner Doofenshmirtz,"(voiceover) Yes, late at night, I was instructing you how to make the ultimate inator!"
Doofenshmirtz,"Oh, wow. Aw man. We're not getting anywhere. How 'bout we take a time out?"
Doofenshmirtz,Sure you don't have anything else that's more ridiculous or irresponsible?
Doofenshmirtz,There's gotta be something you can do to help me with these carb impulses.
Doofenshmirtz,But the nighttime is the right time for a party. A PITY PARTY! (He laughs) Here we go!
Doofenshmirtz,"Uh, y'know, I'm not gonna change it. Everyone exaggerates on the Internet."
Doofenshmirtz,"I, uh, I believe the more appropriate response would be to flee in terror."
Doofenshmirtz,Ooh! Sounds like you're going to need a big oven. I can take care of that! (leaves)
Doofenshmirtz,Careful. He gets a little testy if he wake up from his nap too soo— (The floor creaks and Perry suddenly wakes up.) Uh oh.
Doofenshmirtz,"Oof! (Perry pulls lever and the sandwich Remove-Inator drops sandwich costume) I got you now, Perry the Platy– Oof! (He falls off) Curse you, Perry the Platy– Oof!"
Doofenshmirtz,"(Narrating) With all those people looking and laughing at me, I-I just couldn't do it."
Doofenshmirtz,"Hey, Vanessa! Vanessa! Hey, Vanessa! Vanessa! It's ""Jingle Bells""! Listen! (He slams the cabinet doors to the rhythm of ""Jingle Bells"", but we only get so far as ""Jingle all…""; Vanessa sighs)"
Doofenshmirtz,"Ugh. How come the reverse switch works for Perry the Platypus, but not me?"
Doofenshmirtz,You know that whole street lingo thing? Y-You can't really pull that off.
Doofenshmirtz,"...it turns you visible ag...Aagh! Ow! Oh, well that came out of nowhere."
Doofenshmirtz,"Oh, great. Now it's pointing in the wrong direction. The wrong direction!"
Doofenshmirtz-2,"You know, my crimes against humanity had just completely slipped my mind."
Doofenshmirtz,"(takes the balloon) Eh, a prize is a prize. (at the balloon) I'm going to call you...Balloony II. (hears mooing) What's that?"
Doofenshmirtz,"You know, your essay, th-the college application? I read the whole thing."
Doofenshmirtz,I am not here to apply for an internship. (looks at the first sheet) Ooh! You offer maternity leave.
Doofenshmirtz,"(at the bank teller) Yes, uh, hello. I just need to make a withdrawal from my account, please."
Doofenshmirtz,"(in the intensive care system) They should have called it ""Let's All Dance Til We're In Intensive Care""."
Doofenshmirtz,"If it can turn him ugly, it can turn anything ugly. Are you ready, Vance?"
Doofenshmirtz,"And the final tally is...unbearable pain. And, probably a herniated disc."
Doofenshmirtz,"Well, I want to meet this other dimension me, where-where can I find him?"
Doofenshmirtz,"A parking ticket?! That's it! I'm taking over! Dino-alien robots, deploy!"
Doofenshmirtz,"What's the matter, Perry the Platypus? Don't they feed you at the agency?"
Doofenshmirtz,(voice over)...and forget about changing your hairstyle; you... you'd end up in jail.
Doofenshmirtz,"Alright, everyone, back to class. Nothing to see here. Just a giant bell."
Doofenshmirtz,"Wow, you were smooth-tastic. Are you gonna introduce me to your new girl?"
Doofenshmirtz-2,"Heh, I've had just about enough of you, you... (Phineas hits him with the cushion Perry peed on) Ugh, what is on this? Ugh! (He takes it off and throws it at Phineas, who ducks)"
Doofenshmirtz,"Oh, so you got tape, you're not just using film, or-or-or hand shadows..."
Doofenshmirtz,"You know, I can't help but notice that your scar goes over your eyepatch."
Doofenshmirtz,"Perry the Platypus, we're running out of time! We're not gong to make it!"
Doofenshmirtz,"(via CB radio) A handle? Handle, handle. Oh, my name. Uh, yeah, you got Misfortune here."
Young Doofenshmirtz,Yeah! You go! You show them how you're more masculine than everyone else!
Doofenshmirtz,"Yeah, then I'm gonna take over the Tri-State Area! You know, like you do."
Doofenshmirtz,"Oh no. Now my luck's gonna go back to normal...which is, of course, bad!"
Doofenshmirtz,I know what handcuffs are. I'm not an idiot! (to Perry) And not one word outta you.
Doofenshmirtz,"Wait, I thought this was the talent competition! (skates off balance; falls head first into a toilet; muffled yelling) It won't stop flushing!"
Doofenshmirtz,"Although something seems to be missing. I know, it's Perry the Platypus!"
Doofenshmirtz,(gasps) Idea! I'll plug in more appliances to use up the electricity! Like this!
Doofenshmirtz,(Groans; pulls model of Pluto off his head) I suppose you are wondering why I am putting myself through all of this.
Doofenshmirtz,"Uh. Finally found an extension cord the right size! (plugs in the inator) Take that, bad guys! (The inator zaps the space station away and Candace appears just as it disappears.)"
Doofenshmirtz,"Ah, hello, Perry the Platypus! You shop here, too? Do you need a basket? (laughs)"
Doofenshmirtz,Keep breathing! She never loved you! Your gains are my gains! And squat!
Doofenshmirtz,"(in flashback) Scram, you flying gerbil! (Derek squeaks) Amscray! (Derek squeaks) You're making me miss the hootenanny!"
Doofenshmirtz,Steam Noir! Vanessa says the coolest people in town hang out right here.
Doofenshmirtz,"Is that a fact? My apologies straphanger. Wait, which one was your stop?"
Doofenshmirtz,"Oh, and-and by ""bigger and better"" you obviously mean me! Right? Right?"
Doofenshmirtz,Wait a minute. I'm-I'm confused. Why does their platypus fight so good?
Doofenshmirtz,"It's mine! The Tri-State Area's finally mine! (The building disappears and he falls into a throne and gets crowned. The throne floats into the air surrounded by herald trumpets.) Hey, wait a minute! Wait!"
Doofenshmirtz,"That should keep those kids away. (climbs up the spiral slide) From up here, I'll have a clear view."
Doofenshmirtz,"Now I'm ready. (His head suddenly turns to the side) Oh, I didn't realize it would affect me, too! Not ready!"
Doofenshmirtz,"Oh, my gosh! Everybody, it's Li'l Saul and the Breakingham Palace Crew!"
Doofenshmirtz,"Ah, it's a good thing I drove here in two trucks attached side by side. (He takes out keys to said trucks.)"
Doofenshmirtz,"Ha! I told you it was a layered idea! Now, to show the moon who's boss!"
Von Doofenshmirtz,You hear that Sweary the Swan? That is the sound of–- (Von Doofenshmirtz is cut off by a whistle of steam coming from his evil swan) --aerosol cheese!
Doofenshmirtz,"Peter the Panda! Wow, I never thought I'd be so glad to see my nemesis."
Doofenshmirtz,"Wait for me! (runs with her) Hold the door, please. (The door closes on him, and when the other door opens, Doofenshmirtz runs inside) Come on, come on, come on, come on! (Too late, as the pigeons assault the screaming Doofenshmirtz as the door closes)"
Doofenshmirtz,"(grabs the pink couch and tries to pull it to the portal) I got it, I got - Or maybe I- Come on, you want to give me a hand here?"
Doofenshmirtz,"Wow, you have everything. How about a nice cup of hot co... (The seat ejects him) COOOOOOO!!! (Doofenshmirtz lands on the mountain and begins to roll down, gathering snow and accidentally making a giant snowball)"
Doofenshmirtz,"Wait, I keep telling you; it's not me, it's him. (points to the right) Look over there. Look."
Doofenshmirtzs,Look at the puppies!/I can get these glasses for 10 bucks? What a deal! (All talking at once)
Doofenshmirtz,"Timeout, that's my good china. (He gives some white plates to Perry.) Here. This is my bad china. Have at you."
Doofenshmirtz,"Perry the Platypus? You can't come in here; this is a black-tie affair. (Perry closes the door, then reenters wearing a half of a tux)"
Doofenshmirtz,"Mini TV, mini mini-fridge. Ooh, it's so much cuter when it's mini-mini!"
Doofenshmirtz,"Very clever, you've completely dismantled my societal convention trap. (Doofenshmirtz runs off)"
Doofenshmirtz,"Alright everyone, we're here. Let's unpack so we can get a head start."
Doofenshmirtz,"Look, I don't need your life story. Spoiler alert: You die at the end."
Doofenshmirtz head 2,You guys get phantom pains? I got a heck of one in my elbow right now.
Doofenshmirtz,"Oh, hello, Perry the Platypus. I'd like to introduce you to something. (He zaps Perry, causing the latter to run in slow motion)"
Doofenshmirtz,Deal! I don't want your stupid pizza anyway. (Perry struggles to get out of the trap.) Don't bother! Chin strap!
Doofenshmirtz,"No, it's Heinz Doofenshmirtz. You borrowed sugar from me this morning!"
Doofenshmirtz,"No, the turnover-inator is to turn over the leadership of City Hall..."
Doofenshmirtz,"No, I lost the stupid box lid. Now I can't figure out how to solve it."
Doofenshmirtz,Wait! No no no! Don't open the door! You'll let in Perry the Platypus!
Doofenshmirtz,"Wait! Where are you going? (Media Erase-inator blows up) Curse you, Perry the Platypus! (Kitten falls into his hands) Oh, come on!"
Doofenshmirtz,"A hammer? Why would someone bury a hammer? Well, onto the pile you go. (tosses the hammer)"
Doofenshmirtz,"Hey, there's good evil and then there's bad evil. Am I right, Rodrigo?"
Doofenshmirtz,"A chisel? (picks it up) Well, it's no key but at least we're getting closer in size. (tosses it over his shoulder)"
Doofenshmirtz,"Oh, come on, you don't think that cat really plays the piano, do you?!"
Doofenshmirtz,"No, no, no overselling it! Ugh! You were supposed to stay in the game."
Doofenshmirtz,"Ooh, you monster. Watch and learn, Rodney. (clears throat; at mechanical mother) I am getting married again."
Doofenshmirtz,"Time for some Monster Truck Away-Inating! Okay, steady now... Here we-"
Doofenshmirtz,I picked the wrong day to stop carrying garlic scented throwing stars.
Doofenshmirtz,"Get ready, boys! When this baby powers up, it's gonna get hot in here!"
Doofenshmirtz,Yeah! What's with all the plastic plants? And the-And the plastic man?
Doofenshmirtz,"Ah, Perry the Platypus! How nice of you to join our little family vac—"
Doofenshmirtz,Bye bye now. Thanks for the evil motivation for destroying Christmas!
Doofenshmirtz,Would somebody please tell me why he would carry that in his wallet!?
Doofenshmirtz,"WHAT?!??!?! Well-Well, now I'm worried! See? Communication. It works."
Doofenshmirtz,"Alright, alright, enough with the cheering; this is my show, not his!"
Doofenshmirtz,and **Major Monogram**: This is an absolutely unacceptable situation!
Doofenshmirtz,"Wow. So, i-it's... It's really not about all the success-loser thing?"
Doofenshmirtz,"Just get out there on the dance floor, and strut your stuff, Normy-G."
Doofenshmirtz,"(offscreen) Yeah, meanwhile, you may have plunged the Earth into another ice age."
Doofenshmirtz,Ha ha! Roger's statue still got messed up. I'm gonna call that a win.
Doofenshmirtz,"Not so threatening now that you're back to your normal size, are you?"
Doofenshmirtz,"Ah, Perry the Platyp—You're not Perry the Platypus! Who are you guys?"
Doofenshmirtz,"Ugh, I really shouldn't have eaten that -- wait, is that Tiny Cowboy?"
Doofenshmirtz,"(stammers) Vanessa, you should just go, y'know, hang with your new friends, I..."
Doofenshmirtz,"This is fun. Pushy, pushy, push the buttons. I'm pushing the buttons."
Doofenshmirtz,"Finally. It's my turn. (He jumps into the Khaka Crawler) Now, let the master show you how evil is done!"
Doofenshmirtz,"Oh, that sounds good, too. I mean... Hang on, let me check. (Perry gives him a thumbs up) Let's go!"
Doofenshmirtz,"Well, if by ""working"", you mean ""functioning properly"", then, uh, no."
Doofenshmirtz,"I'm getting dizzy! Oh! Maybe I'm supposed to turn into a skid. (He does so, flying out of the tornado) Whoa!"
Doofenshmirtz,"Perry the Platypus, you're in on this, too? I am so out of the loop!"
Doofenshmirtz,"We live! See? See, one day you're gonna look back on this and laugh."
Doofenshmirtz,"I've really got to hand it to myself, Norm's Old Head. I'm a genius!"
Doofenshmirtz,"Now, now, now, wai-wait! (He walks out the building and looks both directions. He then runs and screams as the planetary race track goes by.) AAAaaah!!! Curse you, Perry the Platypus!!!"
Doofenshmirtz,"And, guess what? You get all of this for four easy payments of FREE!"
Doofenshmirtz,"Hey, Perry the Platypus, you want some fish with those chips? Ha ha!"
Doofenshmirtz,"No, no, no, just kidding! I—But I made you look, didn't I? Huh? Huh?"
Doofenshmirtz,Inner me?! Are you the one that's been making those good inators?!?!
Doofenshmirtz,"Huh? Okay. Time to fight fish with fish. Y'know, like surf and surf."
Doofenshmirtz,"You think I'm evil, right? (Perry gives him a grin) Thank you, Perry the Platypus. Thank you."
Doofenshmirtz,"Okay, if L.O.V.E.M.U.F.F.I.N. wins, you have to shave your mustache!"
Doofenshmirtz,"You know what, Perry the Platypus? I think it's time for you to go."
Doofenshmirtz,Seriously? You had this the whole time? Why were we taking the bus?
Doofenshmirtz,"Ow! Ow! No, no, no, not me! Not me! No bites! No bites! Bad plants!"
Doofenshmirtz,"Sayonara, dodo! (both balloons take off) Hey, how'd you start that with no opposable thumbs?"
Doofenshmirtz,"Who's this nincompoop? (realizes he called himself a nincompoop) Oh, right. CURSE YOU, PERRY THE PLATYPUS,..."
Doofenshmirtz,See? Another reason to hate twisting. Curse you Perry the Platypus. (The De-Twist-inator blows up)
Doofenshmirtz,"You know we can hear you, right? I mean, we're standing right here."
Doofenshmirtz,"Alright, number four... Wait, you don't know what that sounds like!"
Doofenshmirtz,"I'm just here to... to help. Yeah, help. D-D-D-Definitely not evil."
Doofenshmirtz,"Ready to fire. (Perry flings the screw out of one of the holes of the trap with his tail. It hits the inator and then hits Doof in the eye.) Ow! (He suddenly turns the inator aiming it at the trap. The metal bars turn into broccoli. Perry jumps onto Doof.) Ow! Yeah! Oh! (Perry pushes Doof's face into the inator several times.) Quit it, you annoying little pest! (The inator fires.)"
Doofenshmirtz-2,"Really? When I was your age, I did anything a puppet told me to do!"
Doofenshmirtz,"Ow! What, do you have a blowtorch under your tail or something? (Perry jump kicks Doof) Ow!"
Doofenshmirtz,"What's keeping him? Gee, I hope something horrible happened to him."
Doofenshmirtz,Now bow down before me. Bow down and I will spare your menial jobs!
Doofenshmirtz,Who could've guessed that my De-Evolutionator would backfire on me?
Doofenshmirtz,"According to this SPG, Vanessa's in some place called siraP. Hmm..."
Doofenshmirtz,"Take my advice, Perry the Platypus, stay single as long as you can."
Doofenshmirtz,"Perry the Platypus! Walk and talk, my nimble friend, walk and talk."
Doofenshmirtz,I don't know how I didn't see it before. He was... he was using me!
Doofenshmirtz,"Aww, well, he's a cute little fella. Hi there. (he tickles Perry's chin) Cootchie-- (Perry bites his finger) OW OW OW!"
Doofenshmirtz,"Mantis facts are a lot less fun when your life is on the line, huh?"
Doofenshmirtz,"No, no, look...eh...uh...""bilver"" and, and, and there's (Kelly scoffs) What, what?"
Doofenshmirtz,Ow! Does that mean this thing's been flying around since yesterday?
Doofenshmirtz,"(sighs) You know, I try to be a good parent, but sometimes it's -- (Vanessa screams in the distance.) VANESSA!"
Doofenshmirtz,"Uh, not to burst your bubble, but I don't think we're slowing down."
Doofenshmirtz,"I think his name was Sir Railing, or Doctor Stairway, or something."
Doofenshmirtz,"And that someone is Perry the Platypus. See you around, junk pile."
Doofenshmirtz,"Wait, wait; you guys are going to give me a ride back, aren't you?"
Doofenshmirtz,"Okay, okay, sheesh! Testy. First up is the Disintegrator-inator..."
Doofenshmirtz,I'm kind of low on funds right now. (shows potatoes) Do you take potatoes in trade?
Doofenshmirtz,"Surprise, baby girl! Happy sweet 16th birthday, my little Vanessa!"
Doofenshmirtz,"No, wait! Don't throw that out! No! Curse you, Perry the Platypus!"
Doofenshmirtz,"Ow! (he sees he pressed one of the buttons) Oh, well. Good-bye to musical instruments that start with ""B""!"
Doofenshmirtz,"(entering the party) Hello, Danville! (running up to a man) Hey you there, what's your New Year's resolution?"
Doofenshmirtz,"(to a woman) That's what you think! Ha-HA-ha-ha-ha! Oh, it never stops being... (gasps as Perry enters)"
Doofenshmirtz,"Well, maybe I should give you an emotionally scarring front-story!"
Doofenshmirtz,My name is Dr. Heinz Doofenshmirtz. Occupation..(giggles)...evil scientist!
Doofenshmirtz,"There you are! Perry the Platypus, grab a screwdriver and help us!"
Doofenshmirtz-2,"Welcome, doomed guests. Come on. Keep trudging. Doom is that away!"
Doofenshmirtz,"I was just going to say ""OOOP"". Looks like I struck a nerve there!"
Doofenshmirtz-2,"Hey, wait a minute! I'm the last man! D-Don't I get a say in this?"
Doofenshmirtz,Well how was he supposed to know you had a tracker on their truck?
Doofenshmirtz-2,"Oh, for badness sake, you can hash all this out in prison. Guards?"
Doofenshmirtz,"Yeah, well y— Ugh! I can never come up with anything quick enough!"
Doofenshmirtz,"Help me Perry the Platypus! I'm slipping! (Perry grabs a double dutch machine, and catches Doofenshmirtz by the ankle with the jump rope) Oh thank you Perry the-- (Perry activates the machine, repeatedly slamming Doofenshmirtz against the building)"
Doofenshmirtz,"Uh, well... No, not really, but I-- Here we have the Drill-Inator!"
Doofenshmirtz,"(laughing) My automatic tennis ball server can go all night, Perry the Plat-"
Doofenshmirtz,"(sarcastically) I'm so happy for you. Listen, could you get this platypus off me?"
Doofenshmirtz,"(Sips cucumber water, Spits it out) Oh, I don't even like cucumbers! Why do I always get the crazies?"
Doofenshmirtz,"And this is it, right here. (Gets off) Thanks for the ride! Keep the change!"
Doofenshmirtz,"Hang on, boys! I'm gonna bounce us back to headquarters! Yee-haw!"
Doofenshmirtz,"Are you ready? Don't peek. (Doofenshmirtz appears wearing an alien costume with a small crown on its head, a cape, and an inexplicable tan.) Ta-da! What, nothing? Wow, tough room."
Doofenshmirtz,"""To Uncle Phil, I'm wishing you the worst. Dr. Heinz Doofen—"" Ow! (He gets kicked by Perry.)"
Doofenshmirtz,"Knock it off with the babble talk, I can't stand it! (Doofenshmirtz stomps down several times on the button) TALK NORMAL!"
Doofenshmirtz,"Perry the Platypus, hold still so I can throw the book at ya! (Perry throws one at him) Ow! (The book hits the inator, which, as always, zaps out the window and hits an unsuspecting driver, who stops outside the backyard and sees the solar system.)"
Doofenshmirtz,"Yeah, I thought so. I thought so. Tell your story walkin', buddy!"
Doofenshmirtz,D-Does it feel like it stops too quickly? Eh... We'll work on it.
Doofenshmirtz,Co-hosts? I don't like the sound of that. Sounds like a demotion.
Doofenshmirtz,"Oh, come on, Vanessa. I came halfway around the world to get you!"
Doofenshmirtz,I'd prefer to play hide-and-seek because I don't want to see you.
Doofenshmirtz (cont'd),"Hee hee hee! Oh, yeah! Yeah, look at him go! Hee hee hee hee hee!"
Doofenshmirtz,"Alright, now, how're we gonna... Nobody has a crossbow, do they?"
Doofenshmirtz,"Oh, come on in. The Doonkelberry oil's fine. (He drops some oil drums.) And slippery, baby!"
Doofenshmirtz,My beautiful modern state of the art bathroom is changed into...
Doofenshmirtz,Wow! Such rudeness. This is working better than I ever imagined.
Doofenshmirtz,"Thank you, Perry the Platypus! You're the center of my universe!"
Doofenshmirtz,"Hey! Hey, wait! How does this toy castle have working catapults?"
Doofenshmirtz,"(offscreen, hums; enters carrying a tray of food) Ah, nothing like a nice snack before testing the Destructinator."
Doofenshmirtz,"Quiet, you! I will not let you ruin this moment of pure **joy**!"
Doofenshmirtz,"Okay, fine, but you didn't win, so I get to shave your mustache."
Doofenshmirtz,"Hee hee! Yes! Pack your bags! We're going to Gimmelshtump, baby!"
Doofenshmirtz,(sighs) Did you just bring me here to remind me how great my brother is?
Doofenshmirtz,It's the boots! I don't usually have...boogie fever! Y'know I... (stammers)
Doofenshmirtz,"Wow, we are shooting a lot more random inator blasts than usual."
Doofenshmirtz,"And you, go ride that new rollercoaster a couple of times, okay?"
Doofenshmirtz,"Oh, nothing, nothing. Just-Just put these back on. (Puts headphones back in her ears.) There you go."
Doofenshmirtz,"Boy, this Sal Tuscany guy is good. Let me crank it up some more."
Doofenshmirtz-2,"Ants at a picnic? So it's a...it's a rhetorical question, is it?"
Doofenshmirtz,You can go ahead if you want. I-I'm not in that much of a hurry.
Doofenshmirtz,"I used to have goals. (stinger plays, but stops; over the WDTVA logo) They were evil goals, but they were goals. (stinger plays last note)"
Doofenshmirtz,"Aah! (muffled) Hey, Perry the Platypus, why do you always go for the nose?"
Doofenshmirtz,I can't believe you fell for that (pulls down a fake window) fake window trick. Ha-ha-ha... (Perry swings through the window and kicks Doofenshmirtz)
Doofenshmirtz head,"Not with the ray, you nincompoop! Oh, point that somewhere else!"
Doofenshmirtz,"You're doing fine, just-just ignore me. I-I'll show myself out. (Opens a door)"
Doofenshmirtz,"(sighs) Oh, yeah. Good. I don't think I can keep up this vet thing for—"
Doofenshmirtz,"(scratching head) Uh, he's more of a—a frenemy, but our—our boundaries are fluid."
Doofenshmirtz,(He hears their hollers; Gasps) That sounded like screaming children! But it's not my birthday. (He falls off the balcony screaming)
Doofenshmirtz,"Perry the Platypus! Uh, uh, it's not what it looks like. I'm..."
Doofenshmirtz,"Go, go, my facsimiles! Go wait in line so that I never have to!"
Doofenshmirtz,"Uph! Oh, I'm sorry, that trap was meant for Perry the Platypus."
Doofenshmirtz,"(Laughs) Mono-grampa. I, I... That's good. I-Why didn't I think of that?"
Doofenshmirtz,I must destroy them! (riding hovercraft) NOTHING cuts into MY television face time!
Doofenshmirtz-2,"Alright, Platyborg, you see that platypus? You know what to do."
Doofenshmirtz,"(turns and sees that Perry has escaped) See, I told you he was good! Now, about your refund policy. . ."
Doofenshmirtz,I'm not here to beef. We need new strudel and I'm here to help.
Doofenshmirtz,"Aw, look at the Gnome-o-meter! (gnome settles at 5,000) We're practically starting over."
Doofenshmirtz,"No, no, please call me Supreme Leader Doofenshmirtz. The Great."
Doofenshmirtz-2,"Look, I would make myself do it, but apparently, he's an idiot."
Doofenshmirtz,"Uh, uh, oh, hi, Vanessa. Nothing to see here. Just hangin' out."
Doofenshmirtz,"Bills, bills, bills. Ooh, half off at Slushy Burger. Keepers..."
Doofenshmirtz,"Plus, it's waterproof, it's shockproof, (Camera pans back to him) it's windproof, it's..."
Doofenshmirtz,"See? This is exactly what I was talking about. Hey, watch this!"
Doofenshmirtz,"Hello, hi? We're here to turn in my nemesis. Where's our prize?"
Doofenshmirtz,Is this about the grape joke? Who told on me? Was it the duck?!
Doofenshmirtz,"No! No, we're not! We're having a rotten time, you stingy jerk!"
Doofenshmirtz,"I'm sorry, I-I didn't mean to talk all through our lesson time."
Doofenshmirtz,"And I owe it all to you, Perry the Platypus, my trusted butler."
Doofenshmirtz,"Left foot, right foot., left foot, right foot. Okay, now, skip!"
Doofenshmirtz,"Oh, hi, Vanessa. So tell me, how was Roger, your ""role model""."
Doofenshmirtz,"(flipping the switch as nothing happens) Norm, I told you not to use the blender while I'm powering up."
Doofenshmirtz,"Oh, I can't stop snapping so loudly when I say, ""Mantis fact."" (snaps fingers)"
Doofenshmirtz,(while cleaning an -inator) Huh. Perry the Platypus should be arriving right about... Now!
Doofenshmirtz,"We're Max Modem and the Mainframes! Thank you, Tri-State Area!"
Doofenshmirtz,"(Laughs) Oh, man, that was great.  (beat) Now put it back down and do it again."
Doofenshmirtz,"Yeah, ""uniformy."" If you look it up, there's a picture of you."
Doofenshmirtz,"(Offscreen) Stop what you're doing, McCraken! Step away from the platypus! (Liam looks up)"
Doofenshmirtz,"Here you go, Perry the Platypus. Enjoy your disintevaporation!"
Doofenshmirtz,Takes care of that. Let's plug this baby in and get her goin'!
Doofenshmirtz,"Ah, man! I looped too soon, and I didn't have time to be good! (He disintegrates his lamp again.)"
Doofenshmirtz,Oh! Perry the Platypus! Gross! That's worse than sidewalk gum!
Doofenshmirtz,Why not choke off the wellspring from which all OWCA goodness-
Doofenshmirtz,Don't tell me you're still bummed out about not having a date.
Doofenshmirtz,"You're welcome, Francis. Put 'er there! (Monogram holds his hand out, but Doof pulls his away) Psych! (laughs) I'm still evil! (walks away laughing)"
Doofenshmirtz,Yes! It is functioning properly! Oh no! Perry the Platy-- Oof!
Doofenshmirtz,(Gasps) Ya hear that?! It'll be like driving a really fast Ducky Momo!
Doofenshmirtz,"And, finally, my Disintegrator-inator. Pretty impressive, huh?"
Doofenshmirtz,"(laughs) Run, Perry the Platypus! But this time you're not likely to... (screams)"
Doofenshmirtz,"Well, that's done. And no comeuppance. (Pause. A sad violin plays in the background) Why do I feel so empty?"
Doofenshmirtz,"Wow, it's all so different. When did change become legal here?"
Doofenshmirtz,"Can you believe the service in this place, Perry the Platypus?"
Doofenshmirtz,"(sighs) I stand corrected. (Phineas and Ferb get out of the shuttlecock) Alright, what's with the giant shuttlecock?"
Doofenshmirtz,"Vanessa, take a look out that window and tell me what you see."
Doofenshmirtz,"Oh, Balloony, I-I've missed you so mu- (Balloony pops; Doofenshmirtz gasps) Baaaallllooooonnnyyyy!!"
Doofenshmirtz,Ha! This is more like it! This is the Gimmelshtump I remember!
Doofenshmirtz,(turns the inator around) Like this? (repeatedly fires ray) How is this helping? I don't understand your logic.
Doofenshmirtz,"No, Perry the Platypus, don't press the self-destruct button!"
Doofenshmirtz,"(runs to her and frantically waving Candace off the machine) Don't sit on that, a-and stop fussing with all of my Inators!"
Doofenshmirtz,"Again, ow. Oh, it's okay. Platypuses don't typically like me."
Doofenshmirtz,"Yeah, yeah, we- we've all seen this, Norm. Tha-That's enough."
Doofenshmirtz-2,"Well, it wasn't me. There is, however, another Doofenshmirtz."
Doofenshmirtz,"Why is it when people copy their butts, it comes out perfect?"
Doofenshmirtz,"Oh, several things, but my instrument of choice is the kazoo."
Doofenshmirtz,"Yes, yes. Enough of this awkward banter. I'm cutting in line."
Doofenshmirtz,"You always go for the wrong type of guy, these bad-boy types."
Doofenshmirtz,"Now, which Roomy the Roomypus would Perry the Platypus be in?"
Doofenshmirtz,"(Muffled by Perry's dress) Hey what the...? What going on here I got... Oh, it's on now!"
Doofenshmirtz,"Well, you know, you did dump water on me when we were little."
Doofenshmirtz,"Hey, look, it's The Beak. Awesome! I'm gonna go check it out."
Doofenshmirtz,"Now, was that a fantasy inside a flashback inside of a dream?"
Doofenshmirtz,"Playset? No, this is a non-scale model of the Tri-State Area."
Doofenshmirtz,"Of course not, you glorified waffle iron! Just launch it now."
Doofenshmirtz head 2,"Hey, that disappearing thing's not gonna happen to us, is it?"
Doofenshmirtz,"Again, it's free! I can't wait to use you, I mean, see you..."
Doofenshmirtz,"First of all, it's a Galactic-Travel-inator, not a spaceship."
Doofenshmirtz,Tell Francis that his evil scheme leaves a lot to be desired.
Doofenshmirtz,"Not all my electricity! Curse your gains, Perry the Platypus!"
Doofenshmirtz,(knocks and opens the door) Hello? Father? You're never going to guess what I brought y— (He trips on the floor mat and the gnome shatters to pieces.)
Doofenshmirtz,"Oh, give it a rest! (grunts) I must've left it in 'random fire' mode."
Doofenshmirtz,"Well, this is an unexpected escalation. Ride 'em, sheep boy!"
Doofenshmirtz,They've got us surrounded! Every evil scientist for himself!
Doofenshmirtz,"Uh, actually, it's Dr. Doofenshmirtz. But, y'know, whatever."
Jekyll Doofenshmirtz,"The angry mob?! Ooh, they're early. Show them to the parlor."
Doofenshmirtz,What is this? Some kind of Latin gorilla cha-cha gram? Hola.
Doofenshmirtz,Uh oh. Oh no no no! Stop stop stop stop stop! Stop! Stop it!
Doofenshmirtz,Ha! Did you see that? I just put a mustache on that dog's...
Doofenshmirtz,(to Perry) You have a poisonous ankle barb? How come I never knew that?
Doofenshmirtz,Well that's just crazy. Gotta be some kind of teenage thing. (starts walking back over to her after giving up on finding Perry)
Doofenshmirtz,"What? Huh, what? (rapidly pressing the remote) No no! No no! No no no no... OH NOOOOOO!!!!"
Doofenshmirtz,"Oh, Perry the Platypus, I'm so glad you're here to see this."
Doofenshmirtz,"Motivation? Oh, I think it will be clear to you in a second. (Shoots Vance with Ugly-Inator)"
Doofenshmirtz,"(to Perry) Oh, you've freed yourself with your amazing magician skills!"
Doofenshmirtz,"Fine! You want evil, Perry the Platypus? I'll give you evil!"
Doofenshmirtz,"Oh, you can have two negatives, just-just look at my family."
Doofenshmirtz,"No, it's not ""aunch-lerb"", talk normal. It's launch, launch!"
Doofenshmirtz,Now look at him! All full of pep! He's completely motivated!
Doofenshmirtz,"I am invincible! Wait, wait, wait, wait! Where are we going?"
Doofenshmirtz,"Yes, but before I was evil, I was a bratwurst street vendor. (clip starts)"
Doofenshmirtz,"Okay, I-I just need one more thing. A-A small piece of tape."
Doofenshmirtz,"Oh, great! Where am I supposed to find a paleo-orthodontist?"
Doofenshmirtz,"No, no, don't do that! (Perry punches Doofenshmirtz.) You never let me finish my sentences."
Doofenshmirtz,"(Screaming) Curse you, Perry the Platypus! And you too, Huge Hands Hans!"
Doofenshmirtz,"Okay yeah, yeah, I get it. A taste of my own medicine right?"
Doofenshmirtz,"Yeah, right, Francis. Wanna give me a hand with these boxes?"
Doofenshmirtz,"Oh! Heh heh. Whoops! Uh, I'm just gonna ""eczema"" this room."
Doofenshmirtz,"Oh, so you give a platypus a fish and he clogs your inator."
Doofenshmirtz,"Oh, well, that would explain why there are so many buttons."
Doofenshmirtz,"Hey, would you just stand still?! I can't get a clear shot!"
Doofenshmirtz,H-hello? Uhhh I think I may have come to the wrong address.
Dr. Doofenshmirtz,"See? It's just like we're in France! Oh, here's my bag now!"
Doofenshmirtz,"Okay, knock it off. Let's play with our inator for a while!"
Doofenshmirtz,"Okay, one more thing. (Walks her to a different room) This is going to blow your socks off."
Doofenshmirtz,"Uh, right at that X-shaped rock. Wow, that's serendipitous."
Doofenshmirtz,I'm feeling such an odd mixture of pride and mortal terror.
Doofenshmirtz,"""Hit it with a cold front."" Great idea! Thank you, Francis!"
Doofenshmirtz,Trying to chip me? How original! My idea! Copycat! Copycat!
Doofenshmirtz,"(voiceover) Next, I had to genetically modify a mouse so it could fly."
Doofenshmirtz,"It's no use, Perry the Platypus! I am in this to win this!"
Doofenshmirtz,"W-W-Wait a minute! Perry the Platypus, where are you—? Oh!"
Doofenshmirtz,"You have an evil tattoo. Look, look, look, just like mine."
Doofenshmirtz,"Oh, totally. So, you know, for continuity's sake, (hold out his hand) enemies?"
Doofenshmirtz,(voiceover) And I thought the bat was scary before when he was...tiny.
Doofenshmirtz,"(Watching the show) Ahh, he was right. This is better. I should have sold out."
Doofenshmirtz,"Don't gimme that look, Francis. You brought Megan Rapinoe."
Doofenshmirtz,"Well, you have to admit it, it did get rid of the clutter."
Doofenshmirtz,"Hmm, well, this should be easy. You've fallen for my trap! (cackles)"
Doofenshmirtz,"Wait, is that Love Händel? (crash!) Oh, that's gonna burn tomorrow!"
Doofenshmirtz,Heh. I have mice? I- I wouldn't go in there if I were you!
Doofenshmirtz,"Francis, prepare to shave your upper lip, and your intern."
Doofenshmirtz,"(on the ground moaning) Y'know, I'm gonna make a plug for you so I can unplug you."
Doofenshmirtz,"Yeah well, maybe not yet, but wait 'til Roger's a warthog! (he leaves)"
Doofenshmirtz,"It takes a while to get warmed up, but we're almost there."
Doofenshmirtz,"Hmm. Hey, I got an idea! Let's swap my couch for that one! (he enters the portal)"
Doofenshmirtz,She left me for that trash-talking 35-ton pile of blubber.
Doofenshmirtz,"I said things I shouldn't have, did things I shouldn't do,"
Doofenshmirtz,What are you telling me for? I'm the guy who installed it.
Doofenshmirtz,"Ooh, ooh, they're casting for Passion Villa! Wish me luck!"
Doofenshmirtz,"Well, it looks like you've totaled my Other-Dimensionator."
Doofenshmirtz,"Oh. Well, our work here is done. (the car leaves) Now it's space's problem."
Doofenshmirtz,"Oops, sorry. (He presses something on his desk again) Have you gotten the phone number of The Be--?"
Doofenshmirtz,Maybe-Maybe I could join you guys for a lively discussion.
Doofenshmirtz,"But where to store it all? Obvious answer, the water park."
Doofenshmirtz,"Ow! You know I think I""m going back to the Canadian side."
Doofenshmirtz,"Yeah, yeah, I think I'm just gonna eczema this room, too."
Doofenshmirtz,"No, ""Doofenshmirtz."" Doofen-- My-My brother is the mayor."
Doofenshmirtz,"(offscreen) Hey, hey, hey! I'm Drusselsteinian! I deserve to be here!"
Doofenshmirtz-2,THE PLATYPUS!!! THAT’S SECRET AGENT PERRY THE PLATYPUS!!!
Doofenshmirtz,"Oh, plenty! Plenty! (cross fade to the Doofenshmirtz family home) Back in Drusselstein, in the days of—"
Doofenshmirtz,"So what's this thing do? Ooh look, buttons! (Pushes buttons) Pushy, pushy! (Green ray comes out of inator)"
Doofenshmirtz,"(grunts) Hey! Ow! (He sees Perry starting to charge towards the Baby-Cry-inator.) Hey, I wouldn't, I wouldn't do that if I were..."
Doofenshmirtz,(to Perry) Now watch this. (to crowd) What is everyone's New Year's resolution?
Doofenshmirtz,"Wait, wait wait whoa whoa whoa, what do 'you mean, ""yet""?"
Doofenshmirtz,"Norm, you're spectacular. I never knew you could do that."
Doofenshmirtz,"Noooo, I give you...the Eradicate Rodney's-Inator-inator!"
Doofenshmirtz,"Alright, the first clue is in the letter. Let's see here:"
Doofenshmirtz,"Oh, is that what that was? I totally cannot recommend it."
Doofenshmirtz,"Yeah, baby! It worked! And now for the humiliatioooonnnn!"
Doofenshmirtz,"You know, Perry the Platypus, this is very uncool of you."
Doofenshmirtz,Aaaand it looks like we can add frying pans to that list.
Doofenshmirtz,"(Narrating) After that, my father and I became increasingly distant."
Doofenshmirtz,No! You know what? Why don't you do the backstory today?
Doofenshmirtz,(offscreen) This is yet another callback to something I didn't hear!
Doofenshmirtz,That can be your catchphrase! You're the grumpy one. (Pokes him) Eh?
Doofenshmirtz,"Wai-wai-wai-, w-what's goin' on here?! We are the hosts!"
Doofenshmirtz,I'm all tingly! I've actually got butterflies in my sto—
Doofenshmirtz,"Down you go, Perry the Sleepapus. (He turns on the ignition.) And away we go! (All the traffic lights turn green.) Sweet!"
Doofenshmirtz,(offscreen) I know traveling by cannon is a little unconventional...
Doofenshmirtz,Really? Wow. I should really read your instruction book.
Doofenshmirtz,"Yeah yeah. Qué bueno, Norm. Now, just stand right there."
Doofenshmirtz,"Perry the Platypus, how did you escape? (Perry beckons Doofenshmirtz to come closer, then punches him in the face) What's that? Oh!"
Doofenshmirtz,"Okay, slowly. Not so fast! I can hardly keep up with it! (A ball hits him in the head followed by Perry.)"
Doofenshmirtz,"Curse you, Perry the Platypus and Paul the Delivery Guy!"
Doofenshmirtz,"Oh, that's my -inator. It's probably just gonna blow up."
Doofenshmirtz,"Thanks for coming, Perry the Platypus! I appreciate you!"
Doofenshmirtz,"Alright, heads up hipsters, get ready to lose your cool!"
Doofenshmirtz,That can be your catchphrase! You're the grumpy one. (Pokes him) Eh?
Doofenshmirtz,"Wait, wasn't that Suzy stuff supposed to be in this one?"
Doofenshmirtz,"Well, I actually drew his face! Look, look, I signed it."
Doofenshmirtz,"Oh, go on now. You just got to get out of your own head."
Doofenshmirtz,"After that, my father and I became increasingly distant."
Doofenshmirtz,"Oh goody, it arrived. One last part for my Juice-inator."
Doofenshmirtz,But not that vending machine thing. That's gonna happen.
Doofenshmirtz,"I know, right? I've got to talk to my tailor about that."
Doofenshmirtz,I guess as long as you remember the code for take-off...
Doofenshmirtz,But she didn't mention the table itself being an inator!
Doofenshmirtz,"Wow, those guys have been playing cards really quietly."
Doofenshmirtz-2,"Fly! Fly, my Normbots! We've got some oppressing to do! (he laughs as they emerge)"
Doofenshmirtz,You like those? You like...? (the little kitty proceeds to start shredding the blueprints) No! Not my blueprints! (beeping) No!
Doofenshmirtz,"(Annoyed that Norm still caused damage using the door) Oh, great. Nice haircut, by the way. Where's my change?"
Doofenshmirtz,"It wasn't me, I tell you. (points to Mr. Fluffy Pants) I-It-It was Mr. Fluffy Pants."
Doofenshmirtz,"Hello, ladies! I'm here with homemade doonkelberry pie!"
Doofenshmirtz,"Just out of curiosity, does this thing have a lifeboat?"
Doofenshmirtz,"(The scene shifts back to Doofenshmirtz in the bus) Hey, wasn't that Suzy stuff supposed to be in this one?"
Doofenshmirtz,"(grunting) Now, now, how is this supposed to put anyone to sleep?!"
Doofenshmirtz,This is my new inator. I call it the Pick'em up-inator.
Doofenshmirtz,"Okay, uh, then we also have the Galaxy-inator, which..."
Doofenshmirtz,"Actually, um, I think those -inators kind of belong to—"
Doofenshmirtz,So kind of you to finally show up (pushes the button on the remote) and demolish my wall.
Doofenshmirtz,"Hello, inky shape hovering in the darkness, what gives?"
Doofenshmirtz,"A Gimmelshtumpian powder room. (scene switches to Dr. Doofenshmirtz) Ahh, that takes me back."
Doofenshmirtz,"Guess I forgot that you cannot spell ""us"" without ""you"""
Doofenshmirtz,But not the vending machine thing. That's gonna happen.
Doofenshmirtz,"(voice breaking in tears) Alright...um...Happy Father's Day. And...okay, bye-bye. (leaves)"
Doofenshmirtz,"Oh, hi, Vanessa! What do you think? My own country, eh?"
Doofenshmirtz,"Thanks for believing in your team, Perry the Platypus."
Doofenshmirtz,Perry the Platypus. More hat. Doofmoth needs more hat.
Doofenshmirtz,"(to Perry) Docents. (To ladies, causally) So, uh, what seems to be the problem, ladies?"
Doofenshmirtz,"You see, you see how I held that last note, good, huh?"
Doofenshmirtz,"Eh, good enough. Time to go. (Norm blows a noisemaker) You're squandering, Norm!"
Doofenshmirtz,"Ah, yes. How can you hate Christmas listening to that?"
Doofenshmirtz,"(Voice over) Yet, curiously, I still lost to a baking soda volcano!"
Doofenshmirtz,"You know, you guys are kind of annoying, too. GET HIM! (tosses heads at Perry)"
Doofenshmirtz,"Perry the Platypus? Oh, who's your little friend here?"
Doofenshmirtz,Hey where are you going? Curse you Perry the Platypus! (Rolls past the Wilkins brothers)
Doofenshmirtz,"Okay, fine. Hm, how 'bout ""Operation: Big Old Grouch""?"
Doofenshmirtz,"Well, yeah. You know, I, uh... I had a lot of... felt."
Doofenshmirtz,All I have to do is enter the coordinates then launch. (coughs)
Doofenshmirtz,I guess there's no more hats to eat. Hatmaker will do.
Doofenshmirtz,"Not interested right now, Shorty. Jeez, read the room."
Doofenshmirtz,"Wait, who's this guy? Who's the guy with the mustache?"
Doofenshmirtz,"Ah, Perry the Platypus, have I got a surprise for you!"
Young Doofenshmirtz,Can somebody please get me out of this? Anyone? Hello?
Doofenshmirtz,"Just for that, I'm not gonna tell you why the apple --"
Doofenshmirtz,I wasn't done talking yet. That-That was sort of rude.
Doofenshmirtz,Ha! You'll never get out of jury duty with that story!
Doofenshmirtz,"Curse you, Perry the Plat-- Wait, is that Love Händel?"
Doofenshmirtz,I need to shake things up. (pulls out an inator) With my Shake-It-Up-inator!
Doofenshmirtz,I got a twine ball bigger than this in my junk drawer.
Doofenshmirtz,"I guess in retrospect, I should've pressed that first."
Doofenshmirtz,"Heinz Doofenshmirtz, your neighbor, for like 12 years."
Doofenshmirtz-2,"And-And her, that banshee screaming girl. Get her too! (bots fly after her)"
Doofenshmirtz,"Is he fierce, cunning, and good with a grappling hook?"
Doofenshmirtz-2,"Alright, then. You've forced my hand! (he pulls out a dog sock puppet) (high pitched voice) Fix the machine!"
Doofenshmirtz,"No, he-he fights me. He doesn't really know this guy."
Doofenshmirtz,"Oh no! Now I'm ugly! Oh. Oh, I get it. Hardy-har-har."
Doofenshmirtz,"Me? Hahahahaha! It's me! It's me, Perry the Platypus!"
Doofenshmirtz,"That wasn't me. You... W-Wait, where's my chef's hat?"
Doofenshmirtz,"Oh, man. It must be hard getting through the airport."
Doofenshmirtz,"Curse you, inexplicably large and enigmatic zoetrope!"
Doofenshmirtz,"All right! (throws Perry) Perry the Platypus, you need to chill out!"
Doofenshmirtz,Can I get ya anything? Lemonade? Veggie dip? A trap?!
Doofenshmirtz,"Oh, look down there, that guy just fell off his bike."
Doofenshmirtz,"Oh, no, I didn't know you were so sick. Stay with me!"
Doofenshmirtz,(Yelling excitedly) PERRY THE PLATYPUS ALMOST ATE GUM OFF THE SIDEWALK!!!
Doofenshmirtz,"Hold still so I can hit you fair-and-square. (Perry kicks him into his -inator, causing it to fire) Really!? (The beam hits a lawn chair in Phineas and Ferb's backyard)"
Doofenshmirtz,"(Flailing in the water) Ah, I can't swim! I am a schnitzel! I am a schnitzel!"
Doofenshmirtz,"(Coughing) Now I'm going to... (Continues coughing) activate my... (Loses his balance, grabs onto the -inator, continues coughing) you know the rest."
Doofenshmirtz,"Ah, mail from the old country! Vanessa, it's for you!"
Doofenshmirtz,"Ah, Perry the Platypus! Just in time...To be trapped!"
Doofenshmirtz,Alright. But I can totally read that faster than you.
Doofenshmirtz,"I hitched a ride! You remember these guys, don't you?"
Doofenshmirtz,Pew! A handlebar. Pew! A pencil thin. Pew! Fu Manchu!
Doofenshmirtz,"And now, invisible boxes for everyone! (The ray zaps the inator. Doofenshmirtz looks at the empty space confused.) Sure! Why not?"
Doofenshmirtz,Ah... not quite. I tried that and it did not go well.
Doofenshmirtz,"I'm stealing your seat, Francis! You can sit in mine."
Doofenshmirtz,"No, he's, uh, just a regular crime-fighting platypus."
Doofenshmirtz,"Okay, here's an open socket. (He plugs in his -inator) That doesn't sound good. (The -inator sends out a blast destroying some of Doofenshmirtz's lair, and resulting in one beam from the -inator hitting Lawrence)"
Doofenshmirtz,"Well, I guess if you've got no one to monologue to..."
Doofenshmirtz,"I must apologize, all of my traps are platypus-sized."
Doofenshmirtz,"Well, these boots were made for dancin'... (closeup on the boots) literally."
Doofenshmirtz,"Ugh, I thought I deleted that from everyone's memory."
Doofenshmirtz,"But, pookie, I thought you loved the doonkel-boonkel."
Doofenshmirtz,And I am not your father. I'm fairly sure about that.
Doofenshmirtz,"Just for the record, that's not exactly what I meant."
Doofenshmirtz-2,"So tell me, other-dimension me. What do you see here?"
Doofenshmirtz,"If you can manage it, I need a ball-joint compressor."
Doofenshmirtz,"Hey, why are you guys still wearing the same clothes?"
Doofenshmirtz-2,"Well, how did you feel when you lost that toy train?"
Doofenshmirtz head,"Yeah, I'll give them a licking they'll never forget!"
Doofenshmirtz,"Oh, Perry the Platypus, welcome to my truck of doom. (Stops truck; Pushes a button)"
Doofenshmirtz,"Well, yeah, it's kinda my thing. I do a lot of these (stammers)"
Doofenshmirtz,He's not my pet! We have a complicated relationship.
Doofenshmirtz,"Uh, I-- I'm sorry, he does—He doesn't actually talk."
Doofenshmirtz,"Okay, wait. I'm almost there. Follow that side dish!"
Doofenshmirtz,I'm a good guy now! I believe you've met my partner?
Doofenshmirtz,"Oh, it's lucky for me you tripped on that rug again."
Doofenshmirtz,"No, no, I get it. Go ahead. Thwart me. I deserve it."
Doofenshmirtz,It's working! (the egg begins to hatch) It's wonderful! It's amazing! It's...! (giant dodo bird hatches)
Doofenshmirtz,"Whoop! (Laughs maniacally as he runs to the other side with the ugly-inator) Yoo hoo, Perry the Platypus, come and get it!"
Doofenshmirtz,"I need to stop at the bank, I-I don't have any cash."
Doofenshmirtz,"Um, wait. Mantises eat their husbands?! (snaps fingers sadly) Mantis fact!"
Doofenshmirtz,"Not so hotsy-totsy now! Are you, Perry the Platypus?"
Doofenshmirtz,"Oh, curse you, Perry the Mustachioed Tool Spokespus!"
Doofenshmirtz,"No, don't do that! I haven't vacuumed here in weeks."
Doofenshmirtz,"Doofy-Doofy-Doofy, Doofy-Doofy-Doofy, Doofenshmirtz!"
Doofenshmirtz,"Okay, we're all set. Now, where's whiny reptile boy?"
Doofenshmirtz,Too loud. Kids today with their rock and their roll.
Doofenshmirtz,"They don't just give these out to anybody, you know."
Doofenshmirtz,"Norm, let's bring out the big guns: Failed -inators! (montage set to 1812 Overture begins)"
Doofenshmirtz,"Hey, what about me? I helped. Do I get a patch, too?"
Doofenshmirtz,"It doesn't have to, I got a monster truck! Wooohooo!"
Doofenshmirtz,"Oh, great. Now I have to make an Outside-In-inator."
Doofenshmirtz,"Now that you mentioned it, that is unusual for him."
Doofenshmirtz,"Go ahead, Perry the Platypus. I don't care anymore."
Doofenshmirtz,What the? See I told you it took up a lot of juice.
Doofenshmirtz,"(here Perry's bass drum roll) And here he is. Norm, hand out the victory muffins."
Doofenshmirtz,"Nice try, but the mustache thing was still weirder."
Doofenshmirtz,"Hey! No, no! Wait, wait! Wait, wait, wait! Timeout!"
Doofenshmirtz,"(gets in the car) Oh, that's right. The trailer thing. Save Balloony!"
Doofenshmirtz,"(voice over) Uh, you couldn't change your channel on your TV,..."
Doofenshmirtz,"(continues) CURSE YOU, PERRY THE- (passes over the Summer Rocks stage) Wait, is that the Baljeatles?"
Doofenshmirtz,Of course not! What kind of evil scientist are you?
Doofenshmirtz,"Okay, now let's spell out ""collaborative alliance""."
Doofenshmirtz,What? It said it was all-inclusive in the brochure.
Doofenshmirtz,"This should take just a minute, Perry the Platypus."
Doofenshmirtz,"How're you're doin' back there, Perry the Platypus?"
Doofenshmirtz,"Wait, a little help? Curse you, Perry the Platypus!"
Doofenshmirtz,"Oh, yeah? Let me introduce you to my little friend!"
Doofenshmirtz,"Helmet, helmet, another helmet. What happened here?"
Doofenshmirtz,"We have term limits in L.O.V.E.M.U.F.F.I.N., right?"
Doofenshmirtz,Ugh. Everybody's already coupled up. Even this guy.
Doofenshmirtz,Why don't you let go? Doesn't it hurt your fingers?
Doofenshmirtz,"Wait, wait, I got it! I got it! Are you my dentist?"
Doofenshmirtz,"Wait, wait, why did the gum only hit me? (gets out) Take this!"
Doofenshmirtz,Wai-Wai-Wait! Those are my minions! Ohhh! Traitors!
Doofenshmirtz-2,"Hey, looks like someone's comin' late to the party."
Doofenshmirtz,"Vanessa, wait! (Vanessa stops) You have all the traveler's checks."
Doofenshmirtz,"Oh. Ohhh, where am I? Hey, check it out! An aglet!"
Doofenshmirtz,"Wow, this place has never looked neater than this!"
Doofenshmirtz,"Hey, wait! (The camera shows the Mom Attractor climbing to the top of the building.) There's too many mommies! Do something!"
Doofenshmirtz,"Oh, going for the more dramatic wide angle shot --"
Doofenshmirtz-2,What? I'm kind of in the middle of something here! (we see the arm is less than an inch away from impact)
Doofenshmirtz,"Man, these guys are really annoying. Doncha think?"
Doofenshmirtz,"Y'know, this is gonna be a backstory too, someday!"
Doofenshmirtz,"Ah! Ow! Ow! (goes back to the inator) Grrr! Big money, big money, no whammy!"
Doofenshmirtz,"And there they are. Curse you, Perry the Platypus!"
Doofenshmirtz,"Hey, what are you doing here?! This isn't a dream!"
Doofenshmirtz,Time to launch my pla-an! (runs on stage) Hee-hee-hee-hee-hee-hee!
Doofenshmirtz,"Ok Norm, you ready to head out to the block party?"
Doofenshmirtz,"Ow! Is this the plan? (they fly into the air and over the lava, he screams) Tell me this isn't the plan!"
Doofenshmirtz,"Oh, no, it's all fake. It's made out of cardboard."
Doofenshmirtz,"(leaving with Monogram) If I could get a Nehru jacket, I could get a cape."
Doofenshmirtz,"(drowsily) Hold the door, Barbara. I think this is our floor. (falls)"
Doofenshmirtz,Wasn't that Suzy stuff supposed to be in this one?
Doofenshmirtz,"Well, yeah, you know, tho- those were hard times."
Doofenshmirtz,A cape? Where am I gonna get a cape at this hour?
Dr. Doofenshmirtz,"No, no, Vanessa. We've got some guy tied up here."
Doofenshmirtz,"Blegh! Oh, why did I think that would taste good?"
Doofenshmirtz,"Perry the Platypus, what are you doing down here?"
Doofenshmirtz,"No, I fell asleep. I'll have to watch it tonight."
Doofenshmirtz,You know what they say about taking the easy way.
Doofenshmirtz,"Ow! Spitballs? Oh, I get it. Paper fight! (makes a figure used in paper football and throws it at Perry who ducks and raises two arms as the paper football flies between his arms) GOAL!!!"
Doofenshmirtz,"Oh, for crying out loud, Norm. I was in the zone!"
Doofenshmirtz,"And now, without further adieu, the grand finale!"
Doofenshmirtz,"Give me something to hit him with. (Takes the football helmet Karen is sitting in.) Thanks, Harry."
Doofenshmirtz,"Well, we're not destroyed, so that's a good sign."
Doofenshmirtz,I just called in a to-go order for Doofenshmirtz.
Doofenshmirtz-2,"What's that, are-are we doing a TV show together?"
Doofenshmirtz,"Well, Perry the Platypus, it looks like ano— Wai—"
Doofenshmirtz,"Perry the Platypus, what are you doing down here?"
Doofenshmirtz,"Hey, no fair! Now I can't reach my inator button!"
Doofenshmirtz,"A platypus balloon? (The balloon passes by a billboard with a man wearing a fedora, and the balloon picks the hat up.) A Perry the Platypus balloon!"
Doofenshmirtz,"He's ""P"" and you're ""OOO"", so together you spell-"
Doofenshmirtz,"Alright! You know, this one's really grown on me."
Doofenshmirtz,"Uh, I - I could be at that campsite right over --"
Doofenshmirtz,NO!!! But—But you don't even like almond brittle!
Doofenshmirtz,"Wait, we're in St. Louis? When did that happen?!"
Doofenshmirtz,"(walking up to a lawn mower with a sign above it) Push button, start mower. Does this really work?"
Doofenshmirtz,"Sorry, Perry the Platypus, but you are too late!"
Doofenshmirtz,"Oh, great! Thanks! (climbs in) Hey, you got new cup holders."
Doofenshmirtz,"(offscreen) ""By luck or by chance, you found your last clue."
Doofenshmirtz,I should always travel like this! This is gre --
Doofenshmirtz-2,That's not one of your choices. Fix the machine!
Doofenshmirtz,...just shut this baby—Oops! I almost hit the...
Doofenshmirtz,"Whoa, it was a trap?! I did not see that coming!"
Doofenshmirtz,Boy! (KABOOM!!!) That failure was spectacular...even for me!
Von Doofenshmirtz,"That's not a coin. That's my daughter, you dolt!"
Doofenshmirtz,"Hello? I'm right here! I can hear you, you know!"
Doofenshmirtz,I'd like you to meet my ladies. Ruth and Esther! (The old ladies from before appear on the scene)
Doofenshmirtz,"All right! (he speeds off) Woohoo! Yeehaw! (Perry gets a worried look, as the car crashes and Doof returns with only the steering wheel.) So, what else ya got?"
Doofenshmirtz,"Ha ha! Look at you, Perry the Rasta-Warthogapus! (laughs, but Perry kicks him backwards)"
Doofenshmirtz head,"Not the golf clubs, NOT THE GOLF CLUBS! (screams) SAVE ME!"
Doofenshmirtz,(scoffs) A left-boot trap? Whoever heard of such a thing?
Doofenshmirtz,Wow! I should really read your operation manual.
Doofenshmirtz,"(begrudgingly) ""We don't make inators out of Vanessa's things."""
Doofenshmirtz,"Well, well, when we win, you have to shave Carl!"
Doofenshmirtz,Now look what you've done. We're out of control!
Doofenshmirtz,"Ooh. Oh, well, now it's stuck. (Screams) Somebody help me!"
Doofenshmirtz,You're gonna be wearing that thing in a second.
Doofenshmirtz,Seafoam Green?! I'm actually more of an Autumn.
Doofenshmirtz,Why isn't the water coming off? It's beautiful.
Doofenshmirtz,"Asparagus tips, very classy. What's the entrée?"
Doofenshmirtz,But w-we have hosting contracts and everything!
Doofenshmirtz,"(getting out of the microbus) Oh, no, Roger, it is I who will be serving you."
Doofenshmirtz,No! No! Not the -inator! I-I totally need that!
Doofenshmirtz,"All right, all right. I guess that's a victory."
Doofenshmirtz,No! It's going to blow the roof off this place!
Doofenshmirtz,"All right, Mr. Smarty-pants. Come on, let's go."
Doofenshmirtz,"(On the hovercraft) Hey, check it out! It's my giant water balloon!"
Doofenshmirtz,"Let's see, how do you get outta here, now? (Perry swipes the inator off of Doof.) Hey!"
Doofenshmirtz,"""Spelled with an i? Wouldn't that be ""Frinces?"""
Doofenshmirtz,It's hard to forget when you keep reminding me.
Doofenshmirtz,"Yes, you are. Yes, you are. Who's a good plant?"
Doofenshmirtz,"I'm right, aren't I? Annoying. Yeah, I'm right."
Doofenshmirtz,"Wait, we have a fort? What am I doing out here?"
Doofenshmirtz,"(gasps) Now's my chance! (kisses) Peace out, Perry the Platypus!"
Doofenshmirtz,"CURSE YOU, CONCEPTUAL ELASTICITY OF SPACE-TIME!"
Doofenshmirtz,"Thank you for the blanket, Perry the Platypus."
Doofenshmirtz,"...No, not really; I told them it was for you."
Doofenshmirtz,"Oh, I forgot! You're too slow to catch me now! (Laughs)"
Doofenshmirtz,"No, it's authentic. I just still hate droogen."
Doofenshmirtz-2,They opened another portal! G-G-Go after them!
Doofenshmirtz,"Table! Table! Buffet! Ooh, prime rib! Wealthy!"
Doofenshmirtz,Aren't you a little old to be a Fireside Girl?
Doofenshmirtz,(as he and Agents P & Silent G fall) What do you guys think? How am I doing so far?
Doofenshmirtz,So we're not doing a trailer for the next one?
Doofenshmirtz,"Wow, I'm so glad I had this Helipad installed."
Doofenshmirtz,"Hey, check this place out. Suh-wanky. Melanie?"
Doofenshmirtz,"(tasting the juice) Mmm...tastes like pineapple. (Love Händel swims by him.) Hey, Love Händel!"
Doofenshmirtz,Ah! I thought you were my father's lawn gnome.
Doofenshmirtz,"Oh, well. I guess at least I'm back to normal."
Doofenshmirtz,"(offscreen, gravelly voice) Perry the Platypus, how nice of you to bug me."
Doofenshmirtz,Maybe I could trade you for some evil lessons?
Doofenshmirtz,"(Gasps) Really? Look. Look, I'm wearing one right now."
Doofenshmirtz,"Alright, let's get this show on the road, huh?"
Doofenshmirtz,Y-Y-You picked on me all through grade school.
Doofenshmirtz,(Goes face-to-face directly with Rodney) Am I gonna have to talk to your hand again?!?!
Doofenshmirtz,A ride-along? Sweet! I can wear my new fedora!
Doofenshmirtz,I have never been so happy in my entire life!
Doofenshmirtz,"Hey, you're not even a Doofenshmirtz anymore!"
Doofenshmirtz,Is it just me or is this getting out of hand?
Doofenshmirtz,Is this like a robot hug for a job well done?
Doofenshmirtz,But I wanted to help with the baking process.
Doofenshmirtz,"Uh, fellas, I think you might wanna hurry up."
Doofenshmirtz-2,"Cranky, cranky, cranky. Oh, I love the crank!"
Doofenshmirtz,"That's what I'm gonna do! Thank you, Francis!"
Doofenshmirtz,"Yes, you'll have your icicle-pop stick bride."
Doofenshmirtz,Did you enjoy your giant movie monster dream?
Doofenshmirtz,Even Perry the Platypus isn't this difficult.
Doofenshmirtz-2,Now you have no choice but to fix my machine.
Doofenshmirtz,"Hold my hand, Perry the Platypus! (sniff) I'm scared!"
Doofenshmirtz,I have never been so happy in my entire life!
Dr. Doofenshmirtz,"Curse you, Perry the Platypus!!!!!!!!!!!!!!!! (The giant robot spider's leg knocks Sergeant off the cliff.)"
Doofenshmirtz (2nd Dimension),"What's that, are we doing a TV show together?"
Doofenshmirtz,But when I turned the Translator-inator on...
Doofenshmirtz,Now I've got potato salad in my pants! Again!
Doofenshmirtz,"Alright, deal. Curse you, Perry the Platypus!"
Doofenshmirtz,Now all I need is to find Perry the Platypus.
Doofenshmirtz,"Aw, yeah! Get in my tummy! That is all mine!"
Doofenshmirtz,"Oh, haha, very funny! Everyone's a comedian."
Doofenshmirtz,His dazzling smile can't be that reflective.
Doofenshmirtz,"(Stops shouting and flailing) Curse you and thank you, Perry the Platypus."
Doofenshmirtz,"Wait, why are you moving so deliberately...?"
Doofenshmirtz,"Gesundheit, Perry the Platypus... Zzzzzzz..."
Doofenshmirtz,"One second, just wait 'til it goes to black."
Doofenshmirtz-2,"Now, tremble before me! (laughs) No, I-I'm down here."
Doofenshmirtz,"Curse you Perry the Plat... (Gimmelshtump-inator reverses his bathroom back to reality) Ohh, never mind!"
Doofenshmirtz,"I want to renew my driver's license, please."
Doofenshmirtz,What's the big deal? I blow up all the time.
Doofenshmirtz,Surprise! It's me! I've taken over the OWCA!
Doofenshmirtz-2,"Simple. I used an army of big, scary robots."
Doofenshmirtz,"Oh, don't be concerned, step right this way."
Doofenshmirtz,"Uh, yeah. Uh. Well, I'm looking for DAEHM23."
Doofenshmirtz,"Heh, heh, uh, good thing I appreciate irony?"
Doofenshmirtz,"Let's do this beholding al fresco, shall we?"
Doofenshmirtz,"Now's my chance! (he sprays the inator, but Perry blocks the shot) No! Oh, Perry the Platypus!"
Doofenshmirtz,"Ow! Hey, wait, wait, wait, no! No, Balloony!"
Doofenshmirtz,"Wait, has that time clock always been there?"
Doofenshmirtz,"Well, in a nutshell, yes. What do you think?"
Doofenshmirtz,"Oh, you know what? I think maybe it hit him."
Doofenshmirtz,"You know on paper, (sighs) this was the outcome too."
Doofenshmirtz,"Uh-oh, looks like, uh, coffee break is over."
Doofenshmirtz,We did it! We did it! Lo hicimos! We did it! (Perry puts on the rocket shoes and grabs Doofenshmirtz. They go through the tube before the lair blows up.)
Doofenshmirtz,"(Laughs; Zaps Perry with Ugly-inator) (Honk) (Snorts; Laughs) You-You should see yourself! You're so ugly! (Ugly-inator zaps TV) (Honk; Zaps recliner) (Honk; Lever flips, Anchor goes down)"
Doofenshmirtz-2,"(offscreen) Hey, kids! (cut to reveal Doof-2 on a dolly cuffed and facemasked) Where do you keep the silverware?"
Doofenshmirtz,"No sudden movements or loud noises, Vanessa!"
Doofenshmirtz,Wow! That guy is really good with computers!
Doofenshmirtz,Isn't this great? More father-daughter time!
Doofenshmirtz,"Perry the Platypus, hold still! I'll get it—"
Doofenshmirtz,"(screams) Oh, Perry the Platypus! Enjoying the sights?"
Past Doofenshmirtz,It's no use! It's no use; we are doooooomed!
Von Doofenshmirtz,Ha! Soon you will all see the power of my–-! (He is drowned out by a whistle of steam)
Doofenshmirtz,"(pushing him in the booth) Oh, get in the booth and do your civic duty."
Doofenshmirtz,"Oh, hello, Vanessa. I'm so glad you called."
Doofenshmirtz,"Perry the Platypus, what's gotten into you? (gets up and runs away)"
Doofenshmirtz,"You're just noticing this, huh? Go get him!"
Doofenshmirtz,"(laughs) Norm, you've really outdone yourself today."
Doofenshmirtz,Ah. I guess I coulda just done that myself.
Doofenshmirtz,See?! You never let me finish my sentences!
Doofenshmirtz,"Aw, he seems okay. He seems so wovey-dovey."
Doofenshmirtz-2,Does that mean you and I are exactly alike?
Doofenshmirtz,Vanessa! I'm so proud of you! You are evil!
Doofenshmirtz,I knew it! (He cries in joy) I's okay... I'm not gonna cry...
Doofenshmirtz,(in flashback) No no! Don't shoot it with that! That's my—
Doofenshmirtz-2,Choo-Choo is not a caboose. It's an engine.
Doofenshmirtz,It's... (sighs) not quite as terrifying as I hoped.
Doofenshmirtz,"""My treasure awaits you, keep on the trail."
Doofenshmirtz,The Aerosol-Propelled Ozone-Deplete-inator!
Doofenshmirtz,How did you get out of that!? It's two ply!
Doofenshmirtz,He looks teed off! That's what it was! (turns around) Huh?
Doofenshmirtz,"Okay, Perry the Platypus, I've got an idea."
Doofenshmirtz (2nd Dimension),Does that mean you and I are exactly alike?
Doofenshmirtz,"Oh, for Pete's sake! Will nothing stop you?"
Doofenshmirtz,That's what you think! (walking away) Ha-HA-ha-ha! HA-ha!
Doofenshmirtz,"Pew! (cackles) Actually, that was kind of a letdown."
Doofenshmirtz,"Oh, great. It's not working. Pyeow! Pyeow!"
Doofenshmirtz,"Yeah, I know, but I'm sure it's his fault."
Doofenshmirtz-2,"Well, that would explain the handsomeness."
Doofenshmirtz,"Up to no good! Thanks for asking, Vanessa!"
Doofenshmirtz,You see? And I don't even know what it is.
Doofenshmirtz,"My balloon! Curse you, Perry the Platypus!"
Doofenshmirtz (2nd Dimension),"Well, that would explain the handsomeness."
Doofenshmirtz,"Attention, miserable citizens of Danville!"
Doofenshmirtz,"Well, at least I still have all this loot."
Doofenshmirtz,Nostril Guy? Is she for real? Nostril Guy!
Doofenshmirtz,"Hey, what? No! The scheme wasn't that bad!"
Doofenshmirtz,Hey! Dude! You're standing on my lab coat!
Doofenshmirtz,Tough break. Thanks for the ticket though.
Doofenshmirtz,"Say goodbye to your street cred, hip-cats! (turns on the Cool-inator)"
Jekyll Doofenshmirtz,"Exactly! Oh, and clean your uniform. (Laughs) Evil!"
Doofenshmirtz,"So, what's wrong, Vanessa? You seem upset."
Doofenshmirtz,"Hmm, how does it feel, Perry the Platypus?"
Doofenshmirtz,"Perry the Platypus, I-- I had no idea. I--"
Doofenshmirtz,Don't let your ego hit you on the way out!
Doofenshmirtz,(Sighs) There's absolutely nothing going on today.
Doofenshmirtz,"(muffled) Well, at least he cared enough to do that."
Doofenshmirtz,(offscreen) He has Vanessa! (to the rest of the class) Who's up for a field trip?
Doofenshmirtz,"Yes, Giant Perry. Get him! Crush him! Yes! (chuckles)"
Doofenshmirtz,Hah! You don't mind if I borrow your boat. (laughs)
Doofenshmirtz,It was on sale. It's locked into overload.
Doofenshmirtz,Did that just come right out of the oven?
Young Doofenshmirtz,"Hey, wait! Where-Where's Bobo the rabbit? (Gets sprayed)"
Doofenshmirtz,"Excellent! Thank you, Perry the Platypus!"
Doofenshmirtz,"Still hanging around, (Slams keyboard on Agent P's fingers) Perry the Platypus? (the Slave-inator arrive upwards at the Brawl and spells out ""OOOOOOOOOOOOOOOOOOOOO""; horn blows)"
Doofenshmirtz,"(while gesturing and waving his arms around) No, no. You don't think I did all this..."
Doofenshmirtz,"Ohh, well, I do have unusually long arms."
Doofenshmirtz,"Thank you, Norm. Owwww!! Ow! This is hot!"
Doofenshmirtz,"Exactly, what better motivation is there? (zaps the entire audience and they storm the merchandise counter)"
Doofenshmirtz,"Norm! Norm, help me, I'm gonna be puréed!"
Doofenshmirtz,"Uch, you've always had metal teeth, Norm."
Doofenshmirtz,"Double 0-0? I-isn't that just triple ""O""?"
Doofenshmirtz,"It worked, Perry the Platypus! It worked!"
Doofenshmirtz,I-I-I-I-I'm still not gettin' it. Anyone?
Doofenshmirtz,"I am a superstar! (Grunting, falls into toilet; Toilet flushes) It won't stop flushing!"
Doofenshmirtz,"Ah, Perry the Platypus, how unexpected..."
Doofenshmirtz,"Yes, I'm looking for a purebred show dog."
Doofenshmirtz,Which is appropriate because... Behold...
Doofenshmirtz,Oh no! Ninja Vampires! I hate these guys.
Doofenshmirtz,"Oh, you're not... (turns to the other person -- the real Grulinda, who is astonishingly beautiful -- and clears throat) All right, Gruuuuuuu..."
Doofenshmirtz,"Oh, gross! (Derek grabs Doofenshmirtz with his feet and flies away.) Oh, yeah, this is much better!"
Doofenshmirtz,Don't you remember the Kinderlumper song?
Doofenshmirtz,"Yeah, that's the way you normally say it."
Doofenshmirtz,"Don't worry. I've got your back, partner."
Doofenshmirtz,What's wrong with it? Stop that! Stop it!
Doofenshmirtz,Ow! (Underwear-inator hits Perry) Ha! You look ridic-- (Underwear-inator hits Doofenshmirtz) Ah! Moth holes?!
Doofenshmirtz,"So then, the duck says, ""got any grapes?"""
Inner Doofenshmirtz,"I was trying to help you, you nincompoop!"
Doofenshmirtz,"Creeping me out a little, I'll be honest."
Doofenshmirtz-2,"(regular) Augh! My babies! No, what have you done?!"
Doofenshmirtz,"Oh, that's right. Uh, it can wait. Later."
Doofenshmirtz,"(voice over) ...you couldn't change your underwear,..."
Doofenshmirtz,"Quit your whining. Just go stag, like me."
Doofenshmirtz,"Mmm, you can really taste the Madagascar."
Doofenshmirtz,I call it my Turn Everything Evil-inator.
Doofenshmirtz-2,You dare to bring a secret agent in here?
Doofenshmirtz,"You know, this may be as good as it gets. (they walk onto a rocky area)"
Doofenshmirtz,"Now, Perry the Platypus, meet your doom. (screams)"
Doofenshmirtz,How did you get out of that double knot?
Doofenshmirtz,Now that's what I call getting the boot!
Doofenshmirtz-2,And now for my all-time favorite game...
Doofenshmirtz,Wait. Aren't--Aren't you Kelly Clarkson?
Doofenshmirtz,I have never seen him before in my life.
Younger Doofenshmirtz,"No way, dude! You're not the boss of me."
Doofenshmirtz #2,"Hey, don't hurt the little bunny rabbit."
Doofenshmirtz,"Ha-ha, yeah! Hit me with your best shot!"
Doofenshmirtz,"Okay, pumpkin. Stay safe. But what if --"
Doofenshmirtz,"Whoa! Wait, wait, wait. Watch out there."
Doofenshmirtz,"Hey, what's going on, Perry the Platyp–- (Perry sticks a mop in his mouth; muffled speech)"
Doofenshmirtz,We have to hit the self-destruct button!
Doofenshmirtz,"(to Perry) Dude, you just totally broke my -inator."
Doofenshmirtz,"You know, some people say we look alike."
Doofenshmirtz,I got a little something just for you...
Doofenshmirtz,"(in flashback) Aaaah!!! Get away, get away, get away!!!"
Doofenshmirtz,"(in flashback, offscreen) Aaaah!!! Get away, get away, get away!!!"
Doofenshmirtz,"Oh, did it go a little something like..."
Doofenshmirtz,That's what I needed the stabilizer for.
Doofenshmirtz,"(uncovers his ears; turns around) Perry the Platypus, you escaped already?"
Doofenshmirtz,"Oh, no! (coughs) That is.... What was I thinking?"
Doofenshmirtz,"Okay, wait for him to close his mouth..."
Doofenshmirtz,"Mmm. The plaid is delicious, by the way."
Doofenshmirtz,"Well, at least I found the key to the..."
Doofenshmirtz,"Oh, because I've got these big sad eyes."
Doofenshmirtz,"A ride up the stairs from under a veil."""
Doofenshmirtz,"Oh, brother! 2000 was so 4,000 days ago!"
Doofenshmirtz,What do you mean no? Hand me the remote!
Doofenshmirtz,"N-n-no, wait! Those are not the words!!!"
Doofenshmirtz,"You know, some people say we look alike."
Doofenshmirtz,"Okay, so-so I just gotta sit here and..."
Doofenshmirtz,B-but t-there must be some mistake! I --
Doofenshmirtz,Oh. This is gonna be a fun conversation.
Doofenshmirtz,Perry the Platypus? How did you escape?
Doofenshmirtz,"Served with butter! (He imitates a crab again and chuckles. The zoo platypus walks by him) Hey, where'd you..."
Doofenshmirtz,"I am so evil right now! I'm back, baby!"
Doofenshmirtz,"Y-Yeah, I'm you from another dimension."
Doofenshmirtz,Too late! Ha ha! (singsongy) You helped me be evil!
Doofenshmirtz,I have an intense BURNING indifference!
Doofenshmirtz,"(in flashback) Whoa! (crash!) Well, that's the end of that hat."
Doofenshmirtz,"C'mon, c'mon! ""Big"" me again! ""Big"" me!"
Doofenshmirtz,"Ah! Curse you, Planty the Potted Plant!"
Doofenshmirtz,"Okay, what'd I miss? Anything spoilery?"
Doofenshmirtz,"Ah, train metaphors, so that's how it--"
Doofenshmirtz,"Feels good doesn't it? Being evil, huh?"
Doofenshmirtz,"Fran, Francis, Franny. Yes, very macho."
Doofenshmirtz,"Okay, let's try this again. Eh, eh, eh. (He walks weirdly.)"
Doofenshmirtz,"Put him through. Helloooooooooo, Roger!"
Doofenshmirtz,"Hey, bub, it's just a piece of clipart."
Doofenshmirtz,"Ah, see? A cat always lands on my feet."
Doofenshmirtz,"Rodney. Wait, wait, this is your robot?"
Doofenshmirtz,"I'm ubiquitous, really, I'm everywhere!"
Doofenshmirtz,"Oh, I think I swallowed my mouth guard."
Doofenshmirtz,I'm not sure I understand the question.
Doofenshmirtz,Taste my bitter dark chocolatey wrath!
Doofenshmirtz,No. You're the breaker. I'm the fixer.
Doofenshmirtz,(caresses Perry) I hope I'm insured for thiiiiiiiiiiis!
Doofenshmirtz,Is it? I-I'm just making conversation.
Doofenshmirtz,"...here it comes, here it comes. (pause) Wait!"
Doofenshmirtz,(groans) Why does everything explode so easily?
Doofenshmirtz,I've got my finger in a bowl of mints?
Doofenshmirtz,Yes! No more stupid songs about moons.
Doofenshmirtz,(voiceover) I also had a mild phobia of shellfish.
Doofenshmirtz,Help me build my inator! Hurry! Quick!
Doofenshmirtz,Building a Time-Straighten-Out-inator.
Doofenshmirtz,"Ah! Eat that, Periwinkle the Platypus!"
Doofenshmirtz,Ah! Taah... Didn't I disintegrate you? (to the light)
Doofenshmirtz,Thank you kind sir. Why is it so warm?
Doofenshmirtz,"Okay, let's try this. (fires the inator at his head and laughs) At last, I am --"
Doofenshmirtz,"She didn't, uh- show up for the birth."
Doofenshmirtz,"Yeah, but whose skull is he caressing?"
Doofenshmirtz,"Rodney, I don't remember inviting you."
Doofenshmirtz,The Mountain-out-of-a-Molehill-inator!
Doofenshmirtz,"Hey, does anyone hear someone talking?"
Doofenshmirtz,Are you going to be like this all day?
Doofenshmirtz,"No, I mean tell him right now - LOOK!!"
Doofenshmirtz,"Okay, but the aliens are on their way."
Doofenshmirtz,"Well, you are definitely buying lunch."
Young Doofenshmirtz,"Father, may I play with my trains now?"
Doofenshmirtz,"(voiceover) I mean, he made me be that lawn gnome!"
Doofenshmirtz,"Stay back, Perry the Platypus! Back!!!"
Doofenshmirtz,"Can you belive he made me pay, anyway?"
Doofenshmirtz,"Man, that really is a convincing font."
Doofenshmirtz,"No-no, we are not changing the jingle!"
Doofenshmirtz,"Ah, crud. Can somebody drive me home?"
Doofenshmirtz,Remembered?! I never stopped looking!
Doofenshmirtz,"Oh, who's the Dummkopf now, Dummkopf?"
Doofenshmirtz,"Wait, wait, what tag and bag contest?"
Doofenshmirtz,(offscreen) I've been told so. Do you have a pen?
Doofenshmirtz,"Ugh, enough with the hugging! Let go!"
Doofenshmirtz,"What! That's Balloony, my best friend"
Doofenshmirtz,(muffling) Okay. I see you found the brick wall.
Doofenshmirtz,"Melanie, do we even have an intercom?"
Doofenshmirtz,"Jerry? Curse you, Perry the Platypus!"
Doofenshmirtz,"Aaaah! Thank you, Perry the Platypus!"
Doofenshmirtz,The Cake-O'-Hug-A-Fetti-inator! Fire!
Doofenshmirtz,"Wait, where are you going?! Oh, crud."
Doofenshmirtz,Prepare yourself to bring me a drink!
Doofenshmirtz,"Oh, yeah. Oh, yeah, you're in for it."
Doofenshmirtz,"Oh, they caught her! They caught her!"
Doofenshmirtz-2,"Ah, Choo-Choo, look! We have company!"
Doofenshmirtz,"H-Hey, wait, wait come back! I'm not-"
Doofenshmirtz,"Funny, I don't seem to remember much."
Doofenshmirtz,That's it for today. Class dismissed.
Doofenshmirtz,"Oh, great! Karen's here! We're saved!"
Doofenshmirtz,No. No. I-I'm part of the team! I am!
Doofenshmirtz,"Hey! Perry the Platypus, how did you—"
Doofenshmirtz,It's gone! Someone took the last one!
Doofenshmirtz,"Yeah, I'm you from another dimension."
Doofenshmirtz,I mean curse you Perry the Platypus!!
Doofenshmirtz,"(reopening the divider) Wait, you're the Capulet Bar Mitzvah?"
Doofenshmirtz-2,"You have no idea. (Ding! The doors open) Come along, people."
Doofenshmirtz,"Hey, that's my sandwich display case."
Doofenshmirtz,I don't know. Are you sure you can...
Doofenshmirtz,Oh so you went to an antique store...
Doofenshmirtz,"Yeah, things are tough all over, bub."
Doofenshmirtz,(bawling) BAAAALLLLLOOOOONNNNNNYYYYYYYYYY!!!!! (continues bawling over Norm's line)
Doofenshmirtz head 5,"Yeah, a microwave timer. Great idea. (disappears)"
Doofenshmirtz,Aaah! I don't want to be a smoothie!
Doofenshmirtz,"Oh, not for long, sweetie. Have fun!"
Doofenshmirtz,"What? (Perry jumps out of the suit while Doofenshmirtz begins to crash) Curse you, Perry the Beakapus!"
Doofenshmirtz,"Well, everyone else was dressing up."
Doofenshmirtz,"No, man, it's cool. They're with me."
Doofenshmirtz,It hurts less when you're a citizen.
Doofenshmirtz,(sighs) Some vacation this turned out to be. (the dodo makes a hole in his balloon)
Doofenshmirtz,"Wait, wh— Where did all the fish go?"
Doofenshmirtz,"Wait, you're not Perry the Platypus!"
Doofenshmirtz,"Wow, this kid's always on the clock!"
Doofenshmirtz,Ha-ha! Made you carry your own trap!
Doofenshmirtz,"Ah, see it's annoying, but it works!"
Doofenshmirtz,"All right, Norm, the anthem, please!"
Doofenshmirtz,Uh-oh. The whole universe? Not good.
Doofenshmirtz,"Excusez-moi. Con permiso, por favor."
Doofenshmirtz,"Okay, things are a-thawin'. Toodles!"
Doofenshmirtz,"Okay, party's over, Perry the Platy—"
Doofenshmirtz,"I do? Man, what kind of weirdo am I?"
Doofenshmirtz,"Well, all's ""wool"" that ends ""wool""."
Doofenshmirtz,"You can't give me anything, can you?"
Doofenshmirtz,Just going to leave me hanging here?
Doofenshmirtz,"Y'know, pink is not Francis's color."
Doofenshmirtz,"""Shess-so-davices?"" I-Is that Latin?"
Doofenshmirtz,I suppose you could put it that way.
Doofenshmirtz,Lack of communication. Gimme a beat. (A beat is somehow given and chorus girls appear out of nowhere.)
Doofenshmirtz,(grunts) Hold me back less! Hold me back l...
Doofenshmirtz,Sweet! It's air conditioned in here!
Doofenshmirtz,"(offscreen) Aaaah!! Go away, go away, go away!!!"
Doofenshmirtz,"OW, THAT SMARTS, PERRY THE PLATYPUS!"
Doofenshmirtz,Tell your mother you had fun though.
Doofenshmirtz,"(Reading a blimp) ""Heinz Doofenshmirtz, Your Leader”?!"
Doofenshmirtz,"""In the elevator, to the top you go,"
Doofenshmirtz,"Yeah, that picture's gonna haunt me."
Doofenshmirtz,You'd better believe it! Art killer.
Doofenshmirtz,Ahhh! Curse you Perry the Platypus!
Doofenshmirtz,"Uh, hello? Falling to my doom here! (Perry jumps out to go help him)"
Doofenshmirtz,Ow! I really should have stretched.
Doofenshmirtz,"You know, (Sighs)... I really am clueless."
Doofenshmirtz,"Oh, great, now this thing's broken. (The tube of Doofelium lowers into the hole Candace made)"
Doofenshmirtz,Typical. (groans) I should've zapped myself.
Doofenshmirtz,"(voiceover, talking over his younger self) To me, it was the coolest car ever!"
Doofenshmirtz,(over loudspeaker) You can do it! You're almost there!
Doofenshmirtz,Well now that our mission is done--
Doofenshmirtz,Behold! The Dull-and-Boring Inator!
Doofenshmirtz,"Nice kid. Well, back to the inator-"
Doofenshmirtz,"Dr. Gevaarlijk, so good to see you."
Doofenshmirtz,"Did you just say, ""Swart our plan""?"
Doofenshmirtz,"Hmm, all right, knock yourself out."
Doofenshmirtz,"No, wait! Even better. My goldfish!"
Doofenshmirtz,"Saskatchewan is that way, you dolt!"
Doofenshmirtz,"Mmm... No, just—Just me. (Chuckles) But, uh..."
Doofenshmirtz,"Re-certified? No, but that means..."
Doofenshmirtz,Oh no! The effects are wearing off! (Doofenshmirtz reverts back to his original self)
Doofenshmirtz,"We are back in business, baby girl! (hugs Vanessa)"
Doofenshmirtz,Come on! It's the commercial break!
Doofenshmirtz,(Now in the sandwich costume that fell from his -inator) Ugh… What smells like mustard? Huh? (He screams)
Doofenshmirtz,"I've got you now, Perry the Platyp— (He trips on a wing. The lair rams into the submarine and the boat begins speeding.)"
Doofenshmirtz,Time to turn this city on its head!
Doofenshmirtz head,"Don't just stand there, pick me up!"
Doofenshmirtz,Why would Vanessa want to move out?
Doofenshmirtz,I can't help it! I blog what I see!
Doofenshmirtz,So why are you being so nice to me?
Doofenshmirtz,"Oh, I forgot to make a reservation."
Doofenshmirtz-2,"Oh come on, you stupid thing, work! (the Normbots go back to normal and continue)"
Doofenshmirtz,"Yeah, I knew that was gonna happen."
Doofenshmirtz,"(offscreen) Ooh, hear that, Perry the Platypus?"
Doofenshmirtz,"Vanessa, is that you? Are you okay?"
Doofenshmirtz,Whoa! What! Are you threatening me?
Doofenshmirtz,"Wait, we have a gym down here? Ooh."
Doofenshmirtz,(Dancing) This party's gonna be off the hook!
Doofenshmirtz,Would you quit with the harmonica!?
Doofenshmirtz,"Oh great, you caught it! Unlock me!"
Doofenshmirtz-2,"Hmm, maybe we're not so much alike."
Doofenshmirtz,"By default, my favorite way to win!"
Doofenshmirtz,"Hit me! Hit me, I'm open! I'm open!"
Doofenshmirtz,"(on phone) Perry the Platypus, whatcha doin'?"
Doofenshmirtz,"(muffled) Help me, Perry the Platypus! Help!"
Doofenshmirtz,"You, here! Grab me some corn dogs!"
Doofenshmirtz,"Can you believe this, Perry the..."
Doofenshmirtz,"Oh, I-I-I am not calling Charlene!"
Doofenshmirtz,"See? See, I told you it wasn't me."
Doofenshmirtz,"(In his pajamas) Ah, finally, a good night's sleep. (Shuts his eyes. Crashes are heard in the background)"
Doofenshmirtz,What?! So I don't have the powers?
Doofenshmirtz,(offscreen) Uh-oh! I-I think it's overheating!
Doofenshmirtz,Blink twice if I'm getting warmer.
Doofenshmirtz,"And that, class, is DNA in action."
Doofenshmirtz,(singsongy) Perry the Platypus? Where are you?
Doofenshmirtz,Uhh... [The two wax robots appear]
Doofenshmirtz,"Well, okay, then! On to City Hall!"
Doofenshmirtz,"'Gelatin Monster:******(Growling) Master. (He climbs up Doofenshmirtz's building, and enters his lair)**"
Doofenshmirtz,Who wears a shoe this size anyway?
Doofenshmirtz,"It's too late, Perry the Platypus!"
Doofenshmirtz,"Besides, I've, I've given up evil."
Doofenshmirtz,"Aw, I see you found my blueprints."
Doofenshmirtz,"Turn the corner, favorite nephew."""
Doofenshmirtz,(Laughs) Tell it to the Abominable Snowman!
Doofenshmirtz,I'm never going to live that down.
Doofenshmirtz,(sighs) What'm I supposed to do with this?
Doofenshmirtz,Vanessa! We've come to rescue you!
Doofenshmirtz,"I always thought it was ""platypi""."
Doofenshmirtz,"Okay, Roger. Prepare to lose face."
Doofenshmirtz,(Outside pouring a cup of espresso into the Cool-inator) This is gonna take a lot of trips.
Doofenshmirtz,...I need ten gallons of espresso.
Doofenshmirtz (2nd Dimension),"Hmm, maybe we're not so much alike"
Doofenshmirtz,"Ladies and gentlemen, Love Händel!"
Doofenshmirtz,It's against the O.W.C.A. by-laws. (puts on reading glasses)
Doofenshmirtz,"Oh, I'm sorry, i-is this Studio A?"
Doofenshmirtz,(cont'd) ...which is weird and not helpful.
Doofenshmirtz,"Hey, my sheep! My yarn! My inator!"
Doofenshmirtz,"Way too soon for a callback, Norm."
Doofenshmirtz,"Ladies and gentlemen, Love Händel!"
Doofenshmirtz,(offended) Perhaps you shouldn't have asked.
Doofenshmirtz,I... I may have overshared there.
Doofenshmirtz-2,Great. Now I need those two boys?
Doofenshmirtz,"Hey! Hey! Let us go, you sky rat!"
Doofenshmirtz,"Oh, this is really surreal. Eugh."
Doofenshmirtz,Is it because I blew up your car?
Doofenshmirtz,A-Are you watchin' foreign films?
Doofenshmirtz,I'm just telling you as a friend!
Doofenshmirtz,"Not one word, Perry the Platypus."
Doofenshmirtz,"(Hanging under the balloon) Oh great, now everyone's staring."
Doofenshmirtz,"Oh, come on! I was just inhaling."
Doofenshmirtz,"So, I took it to an entomologist."
Doofenshmirtz-2,"Alright, who's interrupting my..."
Doofenshmirtz,and **Maggie**: Are we there yet?
Doofenshmirtz,"(dancing) Yeah, look at these swanky moves!"
Doofenshmirtz,"Ow! Okay, I've had enough of you! (to the light)"
Doofenshmirtz,Have you seen Perry the Platypus?
Doofenshmirtz,The Gloom-inator 3000!... inator.
Doofenshmirtz,"You, fetch me some movie tickets!"
Doofenshmirtz,(offscreen) Mostly terror! Mostly terror! Ah!
Doofenshmirtz,I could put a chip... in my goat!
Doofenshmirtz,"Yeah, knock yourself out, Rodney."
Doofenshmirtz,"Melanie, could you come in here--"
Doofenshmirtz,"Now, we can rule the Tri-State..."
Doofenshmirtz,"Hey, Norm, a little help, please!"
Doofenshmirtz,"Hey, buddy. Are you—are you busy?"
Doofenshmirtz,"Say, you're not my regular caddy."
Doofenshmirtz,(Repeatedly firing his ray) That's not it... That's not it...
Doofenshmirtz,"Curse you, Perry the Platypus...! (When hitting the ground, the turkey forms a massive explosion.)"
"Doofenshmirtz, Vanessa, Norm",and **Man 1**: At the Doofnasium!
Doofenshmirtz,That's not it... (Picks up an item) That is not it.
Doofenshmirtz,"You're messing up my trajectory! (Perry grabs the joystick, which drops the Giant Claw-inator and grabs hold of the jukebox)"
Doofenshmirtz head 2,Really? That's the best you got?
Doofenshmirtz,And we're home! Dropping anchor!
Doofenshmirtz,"Yeah, she really stinks at this."
Doofenshmirtz,Paperwork. That's the real evil.
Doofenshmirtz,"Anyhoo, on to today's monologue."
Doofenshmirtz,"Curse you, Perry the Platypus!!!"
Doofenshmirtz,"Uhhhh, did I miss Maia Mitchell?"
Doofenshmirtz,Yeah...that really feels good...
Doofenshmirtz,"Well, that could've gone better."
Doofenshmirtz,I'll rule the Tri-State Areaaaa! (bumps into a wall)
Doofenshmirtz,Perry the Platypus! Wait for me!
Doofenshmirtz,An evil monologue for one thing!
Doofenshmirtz,"(sees the 2nd dimension Monogram) Heh oh hello. Say, aren't you..."
Doofenshmirtz,Like a field trip! TO THE DEATH!
Doofenshmirtz,"Perry the Platypus, you're okay!"
Doofenshmirtz,"It's not a barrier. Aw, come on!"
Doofenshmirtz,"No, no. J-just enough for lunch."
Doofenshmirtz,"So, wife cooking dinner tonight?"
Doofenshmirtz,The Sandwich Suit Remove-inator!
Doofenshmirtz,Now just add some vinegar and... (Perry lands on his head; he screams)
Doofenshmirtz,"(gasps again) Well, two can play at that game."
Doofenshmirtz,My car has a turret that goes...
Doofenshmirtz-2,Fava beans... Heh heh heh heh...
Doofenshmirtz,Hee hee hee! You fired my inat-- (gets splashed by the wet mop)
Doofenshmirtz,My car has a turret that goes...
Doofenshmirtz,"Excuse me. Excuse me, pardon me."
Doofenshmirtz,"Wakey wakey, Perry the Platypus!"
Doofenshmirtz,You're really not wearing socks?
Doofenshmirtz,"(gasps) Perry the Platypus, you're back!"
Doofenshmirtz,Perry the Platypus! How did you… (Perry pours the tea into Doof's mouth. He falls right back asleep. The inator is about to blow. Perry punches it in slow motion and it explodes out the window shooting off a beam.)
Doofenshmirtz,"Now, now, Perry the Platypus..."
Doofenshmirtz,"(swiping the log out of her hands and giving her money) Alright, you talked me into it!"
Doofenshmirtz,Aw man! Missed it by that much!
Doofenshmirtz,"Balloony, I came to rescue you!"
Doofenshmirtz,"Wow, you guys really think big!"
Doofenshmirtz,You're right. I gotta trap you.
Doofenshmirtz,No... But that's not the point!
Doofenshmirtz,"Wait, I-I swear that wasn't me."
Doofenshmirtz,"Eh, well, eh, now, you hug now."
Doofenshmirtz,"Well, you know, also groceries."
Doofenshmirtz,"Yeah, halfway around the world."
Doofenshmirtz,"Oh, yes, yes! Hold on a second! (He attempts to fire the crossbow, but he and the bell topple off of the hovercar.)"
Doofenshmirtz,Curse you Perry the bobblehead!
Doofenshmirtz,"No, no, no! Wait! It's me! Ugh! (The date hits him with her purse, causing him to fall)"
Doofenshmirtz,"(Now disconnected) Hey, I can feel my knees again!"
Doofenshmirtz,"Yeah? Well, welcome to my life! (The Goozim roars. He hides behind a Normbot.)"
Doofenshmirtz,"Seriously, Norm, that's enough."
Doofenshmirtz,"So, how do you feel about evil?"
Doofenshmirtz,"Yeah? Well, welcome to my life! (the Goozim roars, he gasps and hides behind a robot)"
Doofenshmirtz,"Remember, lift with your legs."
Doofenshmirtz,"Curse you, Perry the Platypus!"
Bad Future Doofenshmirtz,"(groans) Joe, you're such a tattletale."
Past Doofenshmirtz,"Curse you, Perry the Platypus!"
Doofenshmirtz,"Curse you, Perry the Platypus!"
Doofenshmirtz,"Curse you, Perry the Platypus!"
Doofenshmirtz,"Ah, that is my Do-Over-Inator."
Doofenshmirtz,And here comes the payback...!
Both Doofenshmirtz's,"Curse you, Perry the Platypus!"
Doofenshmirtz,"Curse you, Perry the Platypus!"
Doofenshmirtz,"Curse you, Perry the Platypus!"
Doofenshmirtz,"(With his eyes closed while yawning) Curse you, Perry the Platypus!"
Doofenshmirtz,"Yeah. Yeah, I think it's nice."
Doofenshmirtz,Is every platypus named Perry?
Doofenshmirtz,(offscreen) And who do I make this out to?
Doofenshmirtz,"Curse you, Perry the Platypus!"
Mr. Doofenshmirtz,Are you a man or a schnitzel?!
Doofenshmirtz,"Well, I was raised by ocelots!"
Doofenshmirtz,"Oh man, what the... (Seeing Mitch) Oh, hello."
Doofenshmirtz,"(Screams) Curse you, Perry the Platypus!"
Doofenshmirtz,"(Bubble pops) Curse you, Perry the Platypus!"
Jekyll Doofenshmirtz,"Top of the morning, angry mob."
Doofenshmirtz,"You're right, let's make more."
Doofenshmirtz,"Curse you, Perry the Platypus! (Perry hears this and smiles)"
Doofenshmirtz,"Hey, look at me! I'm a cowboy!"
Doofenshmirtz,"(cntd) Curse you, Perry the Platypus!"
Doofenshmirtz,"Curse you, Perry the Platypus!"
Doofenshmirtz,Wow! Metaphorical and literal!
Doofenshmirtz,"There's a pun here, I know it."
Doofenshmirtz,"Well, it all started at the..."
Doofenshmirtz,"Wait, what does it smell like?"
Doofenshmirtz,"(inside Pinky) Curse you, Perry the Platypus!"
Doofenshmirtz,The Atomic Leaf Blower-inator!
Doofenshmirtz,If you don't let me down I'll-
Doofenshmirtz head,"Thanks! (a few of the arms tickle him, he laughs) That tickles! Quit it! (grunts)"
Doofenshmirtz,"Well, what if I make it short?"
Doofenshmirtz,"Heads, I win, tails, you lose!"
Doofenshmirtz,Look! It's the mayor! Get him! (leaps at Roger)
Doofenshmirtz,"Curse you, motor vehicle code! (he gets towed away)"
Doofenshmirtz,"Excuse me, Perry the Platypus! (jumps into the lake)"
Doofenshmirtz,"""In the dungeon, you will find"
Doofenshmirtz,"Woo-hoo! Top of the world, Ma!"
Doofenshmirtz,"Curse you, Perry the Platypus! (gasps)"
Doofenshmirtz,"Thank you, Perry the Platypus."
Doofenshmirtz,You said you hated Mr. Tomato.
Doofenshmirtz,"Curse you, Perry the Platypus!"
Doofenshmirtz,"Oh, you wanna go public? Fine."
Doofenshmirtz,"They're union, they'll travel."
Doofenshmirtz,I should have rotated the sun.
Doofenshmirtz,What? Peter the Panda is here?
Doofenshmirtz,"(Voice rising) CURSE YOU, PERRY THE PLATYPUS! (the crash causes an explosion)"
Doofenshmirtz,"Ooh, ow(clutches knee in pain) . . . Steven!! (Perry, some distance away, on top of a small hill, looks up) Heelp!!"
Doofenshmirtz,"Over here, Perry the Platypus."
Doofenshmirtz,(Chuckles) 'Tis the season to be naughty!
Doofenshmirtz,Where's Perry... the Platypus?
Doofenshmirtz,"(Perry flips the sheet music upside down and takes the guitar and strums. He plays the guitar behind his head and plays the riff in reverse. Steve covers his ears. The saucers all fly away. Steve eats the amplifinator and Perry jumps on him.) Curse you, (He Townsends the guitar) Perry the Platypus!"
Doofenshmirtz,The Monster-Truck-Away-inator.
Doofenshmirtz,"(weakly) Curse you, Perry the Platypus."
Doofenshmirtz,"No, that's not it eith...Aah! (Perry pulls him away from the hovercraft controls)"
Doofenshmirtz,"I hope so, because I said it."
Doofenshmirtz,"Whoa, whoa, whoa, whoa, whoa!"
Doofenshmirtz,Nothing. I'm-I'm sure it's...
Doofenshmirtz,"Dr. Shlussel, so good to—Hey!"
Doofenshmirtz,"(He leaves it through a boarded-up window.) Farewell, Perry the Platypus! (Agent P follows after him. The two then uses the magnet belts to reach the top of the giant vacuum cleaner.)"
Doofenshmirtz,"The next clue is down below."""
Doofenshmirtz,AH! Ow! Why!? Ow! Why!? Why!?
Doofenshmirtz-2,"Yeah. Oh! You mean me, right?"
Doofenshmirtz,You have no idea where he is.
Doofenshmirtz,Jinx! You owe me THREE sodas!
Doofenshmirtz,"(Laughs triumphantly) We did it, Steven! High five!"
Doofenshmirtz,"Well, uh, that can't be good."
Doofenshmirtz,"How'm I doing? I rock, right?"
Doofenshmirtz,Curse you Honest Abe Lincoln!
Doofenshmirtz,I'm a citizen! Just like you.
Doofenshmirtz,YOU LEAVE MY BABY GIRL ALONE!
Doofenshmirtz,"Wow, this is really exciting!"
Doofenshmirtz,"Oh, goody, trick-or-treaters."
Doofenshmirtz,"I got it! I got it! (Perry moves the alarm sensor at the entrance, causing the security alarm to go off) I got it! (two security guards show up)"
Doofenshmirtz,What? But--but that's my job!
Doofenshmirtz,"Curse you, Phil the Neighbor!"
Doofenshmirtz,Yep! That means it's working!
Doofenshmirtz,"Oh, great. Now I am a nutjob."
Doofenshmirtz,Are you sure you're not evil?
Doofenshmirtz,(on TV) ...maybe repaint the kitchen.
Doofenshmirtz,"Oh, yeah, right. Here you go."
Doofenshmirtz,But not for long... En garde!
Doofenshmirtz,"Tell 'em all about it, girls!"
Doofenshmirtz,"Yeah, yeah, one for you, too."
Doofenshmirtz,He wants me to take the shot.
Doofenshmirtz,"Really? Oh, this is too easy!"
Doofenshmirtz,"Nice! Curse you, Perry the..."
Doofenshmirtz,Who? Not me. I gotta go. Bye!
Doofenshmirtz,No. I just wanted to do this! (He zaps Norm with the inator.)
Doofenshmirtz,"Hey, don't step on my moment."
Doofenshmirtz,"Well, goody gumdrops for you!"
Doofenshmirtz,"You're a jerk, you know that?"
Doofenshmirtz,"Oh, yeah! Great throw, Harry!"
Dr. Doofenshmirtz,"Come on, let's go get a taxi."
Doofenshmirtz,(Sighs) I'm going to go get some air.
Doofenshmirtz,"Oh, yes, that's a great idea!"
Inner Doofenshmirtz,"Well, let me put it this way. (Slaps Doofenshmirtz.)"
Doofenshmirtz,(from outside) ...self-destruct button here!
Von Doofenshmirtz,"Man, how long was I up there?"
Doofenshmirtz,It's a...water moving thingy.
Doofenshmirtz,Vanessa! Where are you going?
Doofenshmirtz,"(sighs) Curse you, Tyler the Spoiler!"
Doofenshmirtz,...the Stinkelkrampen-inator!
Doofenshmirtz,Absolute worst-case scenario.
Doofenshmirtz,"(off-screen) Francis! Hi, it's me, Heinz."
Doofenshmirtz,"Aaahh! Ow, ow, ow, ow, owww!"
Doofenshmirtz,"Oh, really? (Turns to Perry) And what's that?"
Doofenshmirtz,(singsong) Yoo-hoo! Perry the Platypus!
Doofenshmirtz,I'm not making any promises.
Doofenshmirtz,"Oh, great, now I'm confused!"
Doofenshmirtz,Since none o' your business!
Doofenshmirtz,"Hey...hey, where's my caddy?"
Doofenshmirtz,(noticing the size of his right ear) Okay. This I don't even get.
Doofenshmirtz,"Oh, come on. You know. Like:"
Doofenshmirtz,What the? No way! How did...
Doofenshmirtz,"Well, you're my little girl!"
Doofenshmirtz,Finally! My hour of triumph!
Doofenshmirtz,"Eh, it's the least I can do."
Doofenshmirtz,"Well, that can't be... good. (The Structures of Doofania tip over and sink into the ocean's surface)"
Doofenshmirtz,Now you've gone and done it!
Doofenshmirtz,What? I'm evil. I-I am evil!
Doofenshmirtz,"Yeah, I'll have more cake...(falls asleep)"
Doofenshmirtz,No! Not Perry the Platypus!!
Doofenshmirtz,I never lost that toy train.
Doofenshmirtz,I'm not makin' any promises.
Doofenshmirtz,I'm on vacation! Ya miss me?
Doofenshmirtz,"Oh, what the heck. Kickline!"
Doofenshmirtz,(sobbing) Nooo-ho-ho....It's not fair!
Doofenshmirtz,Wait 'til Vanessa sees this!
Doofenshmirtz,I have to do this 400 times?
Doofenshmirtz,Now I can't make up my mind- (Perry punches Doof repeatedly in the face)
Doofenshmirtz,"Aw, shmirtz! I was so close! (He tears the lamp from the ceiling.)"
Jekyll Doofenshmirtz,I don't think that's a word.
Doofenshmirtz,"Well, I-I'm 6'2"". I slouch."
Doofenshmirtz,That's what I'm calling it.
Doofenshmirtz,That's because it's a trap!
Doofenshmirtz,"Over there, that's me, too."
Doofenshmirtz,Jinx! You owe me two sodas!
Doofenshmirtz,"Gwan, Karen, do your thing."
Doofenshmirtz,"Eh, that tracks, I suppose."
Doofenshmirtz,"Aw, but it was fun, though!"
Doofenshmirtz,See you on the dance floor!
Doofenshmirtz,"Oh, pull on the yellow tab."
Doofenshmirtz,"Okay, resting now. Resting."
Doofenshmirtz,"Get your own profile, Norm!"
Doofenshmirtz,"Vanessa, over here! Hop in!"
Doofenshmirtz,It's no use! We are doomed!
Doofenshmirtz,"Less talking, more running."
Doofenshmirtz,Freeze punk-fake mayor guy!
Doofenshmirtz,"Thanks, Perry the Platypus."
Doofenshmirtz,Don't you people have jobs?
Doofenshmirtz,What about my TV and chair?
Doofenshmirtz-2,Now finish him off! (Charlene-2 is about to shoot but Candace-2 drops down.) Ahhh...
Doofenshmirtz,"(Walks into the superstore) It's a conundrum, isn't it?"
Doofenshmirtz,"Now, hand over that amulet!"
Doofenshmirtz,I don't have very good aim.
Doofenshmirtz,You're standing on my hand.
Doofenshmirtz,(Chuckles; to Perry) See? I know what I'm doing.
Doofenshmirtz,"(flashback ends) Whatever, I-I'm so over it. (his father walks up to him)"
Doofenshmirtz,"Right back at'cha, big guy."
Doofenshmirtz,"Over there, that's me, too."
Doofenshmirtz,I-I still need a few parts.
Doofenshmirtz,Perry the platypus plumber?
Doofenshmirtz,How weird. I am outta here.
Doofenshmirtz,"You're a weird robot, Norm."
Doofenshmirtz,It's working! It's working!
Doofenshmirtz,Like a...Like a new inator?
Doofenshmirtz,"Ow, that snail is dynamite!"
Doofenshmirtz,How do you stay so current?
Doofenshmirtz,"That's it? Goodbye, Dr. D."
Doofenshmirtz,"Well, thanks for the lift."
Doofenshmirtz,Not if you're not kidding.
Doofenshmirtz,I'm evil for extra credit!
Doofenshmirtz,I never approved overtime!
Doofenshmirtz,Quit it! Quit it! Quit it!
Doofenshmirtz,I was! I was going to pay!
Doofenshmirtz,But how? He took your jet!
Doofenshmirtz,Wait! W-Where is it going?
Doofenshmirtz,"(during black screen) All right, now you can go."
Doofenshmirtz,"What are you, part-salmon?"
Doofenshmirtz,(returns inside) I have an ouchie. (points to his chest) In here.
Doofenshmirtz,"Curse you, Perry the—WHOA!"
Doofenshmirtz,This boy's a secret agent?
Doofenshmirtz,Yahhh! Swim for your life! (the taffy engulfs Perry and Doofenshmirtz and starts spinning them around)
Doofenshmirtz,"Curse you, Perry the Plat-"
Doofenshmirtz,"It's pronounced ""-inator""."
Doofenshmirtz,"You are chipped now, baby!"
Doofenshmirtz,"OK, now you're on my list."
Doofenshmirtz,(on the video) Perry the Platypus? (gets kicked) Aaaah!
Doofenshmirtz,(voiceover) And I never saw him again.
Doofenshmirtz,"Hm... okay, push up and..."
Doofenshmirtz,So who are you going with?
Doofenshmirtz,"Behold this, you stupid... (kicks Stain-inator, causing one stain ball to fly out)"
Doofenshmirtz,NOOOOOOoooohoohoohooooo...
Doofenshmirtz-2,"Hey, be careful with that!"
Doofenshmirtz,"Yes, yes, an evil country."
Doofenshmirtz,(voiceover) And I never saw her again.
Doofenshmirtz,You-You-You gave me a wig?
Doofenshmirtz,"""Sucrose acetate, isobut."""
Doofenshmirtz,The Metal Destruct-inator!
Doofenshmirtz,Y'see? That means nothing!
Doofenshmirtz,"Yeah, that's me. That's..."
Doofenshmirtz,"(voiceover) Then and there, I swore..."
Doofenshmirtz,"Right back atcha, big guy."
Doofenshmirtz,Uh...distract them for me!
Doofenshmirtz,Prepare to be Dooflicated!
Doofenshmirtz,"Hey, Charlene. (giving her the headphones) Here ya go."
Doofenshmirtz,"Alright, you asked for it! (grabs Perry and they roll on the ground, knocking over the Combine-inator. The contraption fires off a ray that reaches a nearby park)"
Doofenshmirtz,"You're a monster, Francis!"
Doofenshmirtz,Nope. Doesn't ring a bell.
Doofenshmirtz,See? I told you. A whiner.
Doofenshmirtz,"I'm outta here! Oh, great!"
Doofenshmirtz head,We've got to do something.
Jekyll Doofenshmirtz,"(While doing rabbit ears on two people having their picture taken) I'm winging it, actually."
Doofenshmirtz,"Hehe, exactly as planned."
Doofenshmirtz,Do you have a short form?
Doofenshmirtz,"(gets caught in one of the car wash rolling brushes) Ahh-ahh-ahh-ahh-ahh! Aah! (Beeping; Explosion, Perry blasts into space on the car)"
Doofenshmirtz,"No, no, I'm not. Shut up."
Jekyll Doofenshmirtz,"Well, not a plan so much."
Doofenshmirtz,"Good and evil, wink wink."
Doofenshmirtz,"(dials phone) No, those are my clothes."
Doofenshmirtz,You're right. (throws the head) Go get him.
Doofenshmirtz,I'm not talking to YOU!!!
Doofenshmirtz,Gotta get to that button!
Doofenshmirtz,"Hey, the shark jumped us!"
Doofenshmirtz,"It spells ""OOO"", does it?"
Doofenshmirtz,"There's so much at stake,"
Doofenshmirtz,I gotta stay awake... OW!
Doofenshmirtz,I'm just resting my eyes!
Doofenshmirtz,"Oh, good for you-Uh WHA?!"
Doofenshmirtz,"NO, NO, NOT YET! NOT YET!"
Doofenshmirtz,"Yeah, that's unfortunate."
Doofenshmirtz,"I'm a total catch, really (he's handsome)"
Doofenshmirtz,"Wait, I'm not a plant. I—"
Doofenshmirtz-2,(Slow-Mo) riiiiiiight... nooooooow!
Doofenshmirtz,"(Groans) Okay, just roll the film."
Doofenshmirtz,Aw come on! I'll tip 15%!
Doofenshmirtz,(voiceover) Step two: Immobilization.
Doofenshmirtz,"Seriously, I need a ride."
Doofenshmirtz,"Why not? So long, freaks!"
Doofenshmirtz,Doreen! What's happenin'?
Doofenshmirtz,I think we're in trouble.
Doofenshmirtz,"An elevator out of time."""
Young and Present-day Doofenshmirtz,(together) Stop pouring water on me!
Doofenshmirtz,"Norm, you're in my light!"
Doofenshmirtz,"Everybody, back in class."
Doofenshmirtz,Hmm... what are the odds?
Doofenshmirtz,My Blow-Itself-Up-inator! (explodes)
Doofenshmirtz,"Oh, of course. Bratwurst!"
Doofenshmirtz-2,"Hey, didn't I banish you?"
Doofenshmirtz,What the? How did he...?
Doofenshmirtz-2,"(narrating) Then one day, I lost it."
Doofenshmirtz,"(screams as he skids on the way out of the bathroom, stopping at the counter, sighs) ... You're out of paper."
Doofenshmirtz,"Great, we can be a team!"
Doofenshmirtz,We mixed it up a little!
Doofenshmirtz-2,And now what do you see?
Doofenshmirtz-2,"You know, I can see you!"
Doofenshmirtz,Behold! The Mime-inator!
Doofenshmirtz,(He activates the vacuum and all the bees get sucked inside) Ha ha! Sucks to bee you!
Doofenshmirtz,"Oh, sportsmanship. Fine."
Doofenshmirtz,Time to turn the tables.
Doofenshmirtz,Wait! Where's my remote?
Doofenshmirtz,"Oh, just like that, see?"
Doofenshmirtz,"Oh, uh, wow, uh, okay..."
Doofenshmirtz,"Hey, what are you doing?"
Doofenshmirtz,"And now, Plati-padapbra!"
Doofenshmirtz-2,"Okay, doom for him, too."
Doofenshmirtz,"Out of my way, luge boy!"
Doofenshmirtz,"Blech, no, that's gross!"
Doofenshmirtz,Dr. Heinz Doofenshmirtz!
Doofenshmirtz,Have fun up there. (chuckles nervously; looks to the kid next in line) So...
Doofenshmirtz,"There, (To Norm.) Now, who are you?"
Doofenshmirtz,I-I-I-I-I-I must insist.
Doofenshmirtz,(To the tied up conductor) You did that on purpose!
Doofenshmirtz,Jinx! You owe me a soda!
Doofenshmirtz #4,"Right back at ya, fella."
Doofenshmirtz,"Goodnight, Gimmelshtump!"
Doofenshmirtz,"Blech, no, that's gross!"
Doofenshmirtz,Aha! Perry the Platypus!
Doofenshmirtz,"No, no, I meant Lorenzo."
Doofenshmirtz,But it's a very big bat!
Doofenshmirtz,So much for that inator.
Doofenshmirtz,"Uh... (zoom out to reveal the building's power is out again.) Oh, wait. Hold on."
Doofenshmirtz,Morning talk show hosts!
Doofenshmirtz,Perry the Plat...! (gets punched by Perry) Hey!
Doofenshmirtz,"Hey, what was that for?"
Doofenshmirtz,"Yeah, what did you say?"
Doofenshmirtz,What? He- Who did that?
Doofenshmirtz,"Yeah, yeah, I heard it."
Doofenshmirtz,(running over to Norm) Wait! What did she say?
Doofenshmirtz,"Well, that was awkward."
Doofenshmirtz,(growls) Mine. Mine. Hat's mine! (He flies all over the room in search of hats to chew.)
Doofenshmirtz,"Wait, was that sarcasm?"
Doofenshmirtz,"What? But, but I'm you!"
Both Doofenshmirtz's,"Ah, Perry the Platypus!"
Doofenshmirtz,"No, no, I meant Lorenzo"
Doofenshmirtz,I'll give you a dollar.
Doofenshmirtz,We're saved. We did it! (everybody cheers)
Doofenshmirtz,Ha! (opens the buckle door) Perry the Platypus?
Doofenshmirtz,He backed out of range!
Doofenshmirtz,He's coming into range.
Doofenshmirtz,"Oh, you've heard of me?"
Doofenshmirtz,"Ow! Oh, I am awake now."
Bad Future Doofenshmirtz,"(on hologram) Aagh, get back to work!"
Doofenshmirtz,Take my advice: Own it.
Doofenshmirtz-2,What do you wanna know?
Doofenshmirtz,Hmmmm... (gasps) I got nothin'.
Doofenshmirtz,"Well, that didn't work."
Doofenshmirtz,See? That's what it is.
Doofenshmirtz,"Oh, THAT she remembers."
Doofenshmirtz,"(offscreen) Testimonials, take one."
Doofenshmirtz,Batteries not included!
Doofenshmirtz,"(On top of the tower) Well, It's about time! (He presses a remote, the rocket engines fire, and Big Ben starts rumbling)"
Doofenshmirtz #6,You bet your britches!
Doofenshmirtz,"Okay, okay, I promise."
Doofenshmirtz,(fighting over the controls) Wh-What are you doing?
Doofenshmirtz,"Hey, I was using that!"
Doofenshmirtz,Penalty fee? How much?
Doofenshmirtz,"Pow! We're back, baby!"
Doofenshmirtz,What? Lindana is here?
Doofenshmirtz,Aaa-ah. Hey nice clip.
Doofenshmirtz,...Ehhh... Continuing. (Carl grabs his nose)
Inner Doofenshmirtz,"Ugh, tell me about it!"
Doofenshmirtz,"So are we clear, Norm?"
Doofenshmirtz-2,I think they get that.
Doofenshmirtz,"Oh, finally! (drinks) Quenched!"
Doofenshmirtz,"Norm, stuff your cake!"
Doofenshmirtz,Not the Bigger-inator!
Doofenshmirtz,(Chuckles while sweating) Who's up for charades?
Doofenshmirtz,"Oh, that's just great! (He slams down on the console)"
Doofenshmirtz,Oh yeah! Oh yeah baby! (He is standing on a descending totem pole)
Doofenshmirtz,I-I was sick that day!
Doofenshmirtz,"Well, excuuuuuuuse me!"
Doofenshmirtz,(Chuckles while sweating) Who's up for charades?
Doofenshmirtz,"You're kidding, right?"
Doofenshmirtz,I'm your teacher now.
Doofenshmirtz,Why do I even bother? (The giant boot crushes Doof.)
Doofenshmirtz,"Oh, my. Wait, what..."
Doofenshmirtz,(gasps) Perry the Platypus!?!
Doofenshmirtz,So what's your point?
Doofenshmirtz,I'm going to take it.
Doofenshmirtz,Run! It's gonna blow!
Doofenshmirtz,"(Perry smashes the inner workings of the -inator) Hey, hey did you say, (He mimics a few electrical noises)"
Doofenshmirtz-2,They're getting away!
Doofenshmirtz,Great. Tell her what?
Doofenshmirtz,"Uh, that would be me?"
Doofenshmirtz,"Okay, I deserve that."
Doofenshmirtz,One piece? That's it?
Doofenshmirtz,(talking over) Excuse me. Pardon me.
Doofenshmirtz,(via CB radio) Hello? Cheeky Monkey?
Doofenshmirtz-2,"Oh didn't I? Observe! (He motions to a doorway, it opens, and something steps out)"
Doofenshmirtz,Hey! That's my lunch!
Doofenshmirtz,This is a hair dryer?
Doofenshmirtz-2,"Okay. Okay. (He puts his hand on the scanner, then his eye in the retina scanner.) Aaahhh... (A machine scans his tongue and ear.)"
Doofenshmirtz,An ordinary platypus.
Doofenshmirtz,"Oh no noooooooo! (Perry takes out a pin) AHH! (Perry pops the balloon, then jumps off, floating down safely by using his dress as a parachute)"
Doofenshmirtz,(groans) I feel like a giblet.
Doofenshmirtz,Oopsy-daisy. Heh heh.
Doofenshmirtz,What are you doing?!
Doofenshmirtz,Didn't she dump you?
Doofenshmirtz,"(selecting himself) Oh, hello, handsome."
Doofenshmirtz,Let's find out. Huh?
Doofenshmirtz,Heh-heh... Charlene!
Doofenshmirtz,"So, it was the duck! (Looks at the duck. The dog and crocodile do the same)"
Doofenshmirtz,"Ooh, what about him?"
Doofenshmirtz,"Okay, that's enough."
Doofenshmirtz,(in the film) Make me your leader.
Doofenshmirtz,Perry the Platypus?!
Doofenshmirtz,She thinks I'm cool!
Doofenshmirtz,PERRY THE PLATYPUS?!
Doofenshmirtz-2,"I can hear you, too!"
Doofenshmirtz-2,"(Sarcastic) Yeah, right, a team."
Doofenshmirtz,That's... That's it?
Doofenshmirtz,Really? I like that?
Doofenshmirtz,I had a lot of felt!
Doofenshmirtz,"Hmm, how is my hair?"
Doofenshmirtz,Come here. (Perry steps forward and a cage falls on him) Ha-ha-ha!
Doofenshmirtz,She thinks I'm cool!
Doofenshmirtz,Perry the Platypus?!
Doofenshmirtz,Hey! (He closes the door) That's private!
Doofenshmirtz,"(standing on top of Big Ben) Ha ha ha ha ha! Hey! (Perry appears behind him, kicks him off the tower, and catches his remote)"
Doofenshmirtz,What else do I like?
Doofenshmirtz,The Overhang-inat...
Doofenshmirtz,"Hey, what are you..."
Doofenshmirtz,The Pickle-Slicer...
Doofenshmirtz,She thinks I'm cool!
Doofenshmirtz,"Man, I am on a roll!"
Doofenshmirtz,"Hey, I knitted that!"
Doofenshmirtz,"(sitting up, stopping before he hits the lamp) Ah! (moves around the lamp and points at it) Ah! Ha-a! (gets out of bed) Ha-ha!"
Doofenshmirtz,...you fight evil...
Doofenshmirtz,Heinz Doofenshmirtz.
Doofenshmirtz,Count the she— Whoa!
Doofenshmirtz,"Take it. Here, just…"
Doofenshmirtz,"Oh, no! The mission!"
Doofenshmirtz,What? Who says that?
Doofenshmirtz,"Ooh, I cannot wait!"
Doofenshmirtz,A platypus plumber?
Doofenshmirtz,"Hi, fellas! (2nd Dimension Doofenshmirtz grabs him) Whoops!"
Doofenshmirtz,"Hold me back, Norm!"
Doofenshmirtz,The Upper-decker...
Doofenshmirtz,(on TV) Perry the Platypus!
Doofenshmirtz,I think I did okay.
Doofenshmirtz,Ahh! The humanity!!
Doofenshmirtz,Perry the Platypus.
Doofenshmirtz,"(grasping her by the shoulders) Honeey, just watch! (turns on the television to DANVILLE 7, where Roger is speaking live from in front of City Hall)"
Doofenshmirtz,It's you. Balloony.
Doofenshmirtz,"Okay, okay, grumpy."
Doofenshmirtz,Really? What is it?
Doofenshmirtz,"Yeah, I thought so."
Doofenshmirtz,(groans) Demoted to co-host.
Doofenshmirtz,(voiceover) But bats are worse.
Doofenshmirtz,"Ah, thank goodness."
Doofenshmirtz,It wasn't a secret.
Doofenshmirtz,(walking back against the wall) No! No! Noooooo!!!!
Doofenshmirtz,Nooooooo-hooooo!!!!
Doofenshmirtz,(gasps) PERRY THE PLATYPUS!
Doofenshmirtz,"No no, wait... (she hangs up) Aww!"
Doofenshmirtz,"Oh, I keep missing!"
Doofenshmirtz,"Vanessa, your line."
Doofenshmirtz,I think I did okay.
Doofenshmirtz,"(pushing button on remote repeatedly) No! No, no, no, no."
Doofenshmirtz,Wow! You're strict.
Doofenshmirtz,I can't believe it.
Doofenshmirtz,"Yes, Doofenshmirtz."
Doofenshmirtz-2,It's in this pouch.
Doofenshmirtz,Uh... (pops back into the frame) ...enshmirtz!
Doofenshmirtz,"It's a word, it is! (he's handsome)"
Doofenshmirtz,Get in line ladies! (he's handsome)
Doofenshmirtz,(He groans) This should be fun. (The ray-gun begins firing wildly)
Doofenshmirtz (2nd Dimension),It's in this pouch.
Doofenshmirtz,Perry the Platypus!
Doofenshmirtz,(excitedly) I'm getting tingly!
Doofenshmirtz,No! Get back! Ahhh!
Doofenshmirtz-2,"Alright, I'll talk."
Doofenshmirtz,(pants) I think I lost it.
Doofenshmirtz,"Nulla, per favore."
Doofenshmirtz,But how did you...
Doofenshmirtz head,You're telling me?
Doofenshmirtz,(quickly sits on Rodney's lap) I'll zap me first!
Mr. Doofenshmirtz,Bewege dich nicht! (Don't move!)
Doofenshmirtz,"Hey, dentist girl!"
Doofenshmirtz,"Oh, no! My inator!"
Doofenshmirtz,"No! No, thank you!"
Doofenshmirtz,"Yeah, it's swanky!"
Doofenshmirtz,(offscreen) Wa-wa-wait for us!
Doofenshmirtz,What? What? What?!
Doofenshmirtz,...out of control.
Doofenshmirtz-2,Ahh! Brain freeze!
Doofenshmirtz,Um... (clears throat) have we met?
Doofenshmirtz,"Yeah, it's swanky!"
Doofenshmirtz,I'm quite fetching (fetching/handsome)
Doofenshmirtz,And also scissors.
Mr. Doofenshmirtz,"Bewegen sie nicht! (""Don't move!"")"
Doofenshmirtz,Ha-ha-ha. Bad dog!
Doofenshmirtz,"Ooo, refreshments!"
Doofenshmirtz,"Hold that thought! (runs over to a balcony and sees Phineas, Ferb, and Perry are looking out)"
Future Doofenshmirtz,AAAAAH! AAAAHHHH!!
Doofenshmirtz,No! Not Vanessa!!!
Doofenshmirtz,The Smudge-inator!
Mr. Doofenshmirtz,"Bewege dich nicht! (""Don't move!"")"
Mr. Doofenshmirtz,Bewege dich nicht!
Mr. Doofenshmirtz,Bewege dich nicht!
Mr. Doofenshmirtz,(from inside) Bewege dich nicht! (Don't move!)
Doofenshmirtz,The Derezz-inator?
Doofenshmirtz,You don't pay him?
Mr. Doofenshmirtz,Bewegen Sie nicht! (Don't Move!)
Mr. Doofenshmirtz,Bewegen Sie nicht!
Mr. Doofenshmirtz,Bewegen Sie nicht!
Doofenshmirtz,"Wow, you are good!"
Mr. Doofenshmirtz,Bewegen Sie nicht!
Doofenshmirtz,Was that too mean?
Doofenshmirtz,Old Norm Head: Oh.
"Doofenshmirtz, Rodney",Mine! Mine! Mine!
Doofenshmirtz,"Wow, he's strict!"
Doofenshmirtz-2,"No, not- No, HIM!"
Doofenshmirtz-2,What do you mean?
Doofenshmirtz,What?! No...! No!
Doofenshmirtz,Whoa-ho-ho-ho-ho!
Doofenshmirtz,"Okay, big finish!"
Doofenshmirtz head,"(chuckles) Now, this is fun!"
Doofenshmirtz,Huh? But I-- (Perry kicks Doofenshmirtz) Oof!
Dr. Doofenshmirtz,What do you mean?
Doofenshmirtz-2,Yeah. Here we go.
Doofenshmirtz,"What's up, Ricky?"
Young Doofenshmirtz,That's some mole!
Doofenshmirtz-2,"Oh, that's right!"
Doofenshmirtz,"Yes. Yes, I have."
Doofenshmirtz,AAAAAAAAAAHHHH!!!
Doofenshmirtz,"Go get her, Norm."
Doofenshmirtz,No! Vanessa! NOO!
Doofenshmirtz (2nd Dimension),"Oh, that's right."
Doofenshmirtz,"That was awesome! (He slides up to a desk, a chair turns to reveal 2nd Dimension Doofenshmirtz)"
Doofenshmirtz,Is that Vanessa?! (babbles incoherently)
Doofenshmirtz,I like to tinker.
Doofenshmirtz head,Hit him! Hit him!
Doofenshmirtz,Now's our chance.
Doofenshmirtz,I'm the man-baby!
Doofenshmirtz,(Gasps) Aah!  Oh no! Argh!
Doofenshmirtz,"No. No, it isn't."
Doofenshmirtz,"Mama, I'm pretty."
Doofenshmirtz,Is this...Waaaah!
Doofenshmirtz,Don't they just?
Doofenshmirtz,Magnetic robots?
Doofenshmirtz,I'll never tell.
Doofenshmirtz,Ahh! He's armed!
Doofenshmirtz,"Uh oh. Not good. (the Bum-Bum-inator shorts out and flies across the sky, yanking Doofenshmirtz along with it)"
Doofenshmirtz,This is awkward.
Doofenshmirtz,"Oh, hi, Vanessa."
Doofenshmirtz,AAAAAAAAHHHHH!!!
Doofenshmirtz,"Oh, hi, Vanessa."
Doofenshmirtz,No! No! Get off!
Doofenshmirtz,Are you serious?
Doofenshmirtz,Psst! Down here!
Doofenshmirtz,I'm his brother.
Doofenshmirtz,Ha-HA! I gotcha!
Doofenshmirtz,Ooh! I hate you!
Doofenshmirtz,(ejected from the dragon) Now you tell me!
Doofenshmirtz,The Stand-And...
Doofenshmirtz,"Not funny, Norm."
Doofenshmirtz,"Nice touch, kid."
Doofenshmirtz,"Wait, tomorrow?!"
Doofenshmirtz,(Pounding his computer screen) Ohh. Work! Work!
Doofenshmirtz-2,FIX THE MACHINE!
Doofenshmirtz,What a marksman!
Doofenshmirtz,Norm are you ok?
Doofenshmirtz,"Uh, paid intern."
Doofenshmirtz,I'll never tell.
Doofenshmirtz,"And... finished! (presses a button that picks up parts of the dam; one of the beavers sees Perry in the bubble. They chatter and the beaver takes a log and chews it down to a toothpick, but uses his own teeth to burst the bubble that has Perry trapped. They shake hands and slap tails and Perry runs back to the beaver dam)"
Doofenshmirtz,Don't I know it.
Doofenshmirtz-2,"Yes! Go, Goozim!"
Doofenshmirtz,My Smell-inator!
Doofenshmirtz,"No, you shut it!"
Doofenshmirtz,Aah! Thank you!
Doofenshmirtz,Dr. Diminutive?
Doofenshmirtz,Pizza delivery!
Doofenshmirtz #8,Now I have two!
Doofenshmirtz,Not too shabby.
Doofenshmirtz,Send them over. (he's handsome)
Doofenshmirtz,I have evolved!
Doofenshmirtz,"Oh, we're next."
Doofenshmirtz,Dr. Diminutive!
Doofenshmirtz,"Ugh, don't ask!"
Doofenshmirtz,"Aw, spoilsport."
Doofenshmirtz,How did you...?
Doofenshmirtz,"(thinking) Hmm, repeating."
Doofenshmirtz,Any more tests?
Doofenshmirtz,A bet is a bet!
Doofenshmirtz #3,"Hiya, handsome."
Doofenshmirtz,Ha! You missed!
Doofenshmirtz,(laughs) Right in there.
Doofenshmirtz,Prepare to dry!
Doofenshmirtz,Aaannny second.
Doofenshmirtz,Do you like it?
Doofenshmirtz-2,YES! I knew it!
Doofenshmirtz,That's my girl.
Doofenshmirtz,Dr. Feelbetter: (flips switch)
Doofenshmirtz-2,"Wow, nice shot!"
Doofenshmirtz,Inator! Inator!
Doofenshmirtz,"(passing him and leaving the bedroom) Stuff it, Norm!"
Doofenshmirtz,Yes. Yes I did.
Doofenshmirtz,Is that better?
Doofenshmirtz head 6,Kinda obvious.
Doofenshmirtz (2nd Dimension),(voice-over) Now go to bed!
Doofenshmirtz-2,Do I know you?
Doofenshmirtz-2,You're broken! (hits him with a muffin)
Doofenshmirtz,Yes obviously.
Doofenshmirtz,That's not it.
Doofenshmirtz,Get back here!
Doofenshmirtz,"No, don't! Oh!"
Doofenshmirtz-2,Eh. Weird kid.
Doofenshmirtz,What?! No!!!!!
Doofenshmirtz,"(sadly) Hello, Father."
Doofenshmirtz,I know people.
Doofenshmirtz,Get thwartin'!
Doofenshmirtz,A huginator?!!
Doofenshmirtz,"Yes, yes I do. (He opens the cage door and lets Isabella out)"
Doofenshmirtz,She's sixteen!
Doofenshmirtz (2nd Dimension),Do I know you?
Doofenshmirtz,The quiet one?
Doofenshmirtz,"(whilst slowly gliding his feet along the door, constantly checking his watch while doing so) Just a second!"
Doofenshmirtz,"Sure, why not?"
Doofenshmirtz,What was that?
Doofenshmirtz,(on phone) I'll take two!
Doofenshmirtz,Aah! Aah! Aah!
Doofenshmirtz,(climbing back onto the Stain-inator) Right on time.
Doofenshmirtz,But- But- But-
Doofenshmirtz,"Oh, good idea! (repeatedly fires the ray at Perry, cloning his arms and tail)"
Doofenshmirtz,She's sixteen!
Doofenshmirtz,"I know, right? (laughs)"
Jekyll Doofenshmirtz,That's right.
Doofenshmirtz,Into my trap!
Doofenshmirtz,"Uh, um, uh..."
Doofenshmirtz,"Bye-bye, now."
Doofenshmirtz,I suppose so.
Doofenshmirtz,"Smooth, Norm."
Doofenshmirtz,I try. I try.
Doofenshmirtz,"(turns around) Oh, it's you."
Doofenshmirtz,Don't say it!
Doofenshmirtz-2,You wouldn't!
Doofenshmirtz-2,MORE GUARDS!!
Doofenshmirtz,I suppose so.
Inner Doofenshmirtz,"Oh, isn't it?"
Doofenshmirtz,I wonder who.
Doofenshmirtz,...Nothing...
Doofenshmirtz,(Gasps) The -inators!
Doofenshmirtz,(grinning) It's working!
Doofenshmirtz,...Nothing...
Flashback Doofenshmirtz,Nooooooo!!!!!
Doofenshmirtz,"Oh, I'm next!"
Doofenshmirtz,(as he falls from the pipe into Meap's ship) Woohoo! Whee!
Doofenshmirtz,(Touched) You're right.
Doofenshmirtz,But—But—But—!
Doofenshmirtz,"""Platypuses""?"
Doofenshmirtz,Costume shop!
Doofenshmirtz,"Yes, exactly!"
Doofenshmirtz,(mumbles) ...so evil...
Doofenshmirtz,(continues gliding feet) Almost there!
Doofenshmirtz,"Okay, thanks!"
Doofenshmirtz,I wonder who.
Doofenshmirtz,(Gasps) The sea hag!
Doofenshmirtz,Whoa!! Whoa!
Past Doofenshmirtz,(jumps to safety) I'm ALIVE!!!
Doofenshmirtz,"Oh, come on!"
Doofenshmirtz,M-hmm. (Vanessa growls and starts frowning) Yeah!
Doofenshmirtz,Here you go.
Doofenshmirtz,"Oh, come on!"
Doofenshmirtz,"Wow, really?"
Doofenshmirtz,"Oh, come on!"
Doofenshmirtz,"No, I don't!"
Doofenshmirtz,"Oh, shut up."
Doofenshmirtz,"Oh, come on!"
Doofenshmirtz-2,"No, not him!"
Doofenshmirtz,There ya go.
Doofenshmirtz,"Bah, humbug."
Doofenshmirtz,"(holding a clipboard with drawings of Perry the Platypus and traps and with an ""I can handle anything"" look on his face) Hush (holds his hand up and puts both hands on her shoulders) I know."
Doofenshmirtz,Stand still.
Doofenshmirtz,"Oh, come on!"
Doofenshmirtz,I knew that.
Doofenshmirtz,Upsy-daisy!
Doofenshmirtz,This! This!
Doofenshmirtz,What? What?
Doofenshmirtz,"Well, okay. (Derek snarls at Doofenshmirtz and grabs him in his mouth.)"
Doofenshmirtz -2,(slow-mo) NOOOOOOO!!!
Dr. Doofenshmirtz,"Quiet, you!"
Doofenshmirtz,Ow! Ow! Ow!
Doofenshmirtz 8,"Oh, me too!"
Doofenshmirtz,"Yes, I did."
Doofenshmirtz #7,Okey-Dokey!
Doofenshmirtz,The Boar...
Doofenshmirtz head 4,I liked it.
Doofenshmirtz,(gathering the flea with tweezers) And gotcha!
Doofenshmirtz,(trailing off) What? What?
Doofenshmirtz,"Yeah, baby!"
Doofenshmirtz,It's a FLY!
Doofenshmirtz,Gesundheit.
Doofenshmirtz,"Yeah, baby!"
Doofenshmirtz,What the...
Doofenshmirtz,What is it?
Doofenshmirtz,"Oh, no, no!"
Doofenshmirtz,Nice serve!
Doofenshmirtz,"Quiet, you."
Doofenshmirtz,"Oh, yeah..."
Doofenshmirtz,"Quiet, you."
Doofenshmirtz #5,Sure thing!
Doofenshmirtz,"Oh, yeah..."
Doofenshmirtz,Kazoo solo!
Doofenshmirtz,"Okay, what?"
Doofenshmirtz,Me neither.
Doofenshmirtz,(from inside) It's open~.
Doofenshmirtz,Enough now. (remix stops)
Doofenshmirtz,"Yeah, baby!"
Doofenshmirtz,This plant?
Doofenshmirtz-2,That's it?
Doofenshmirtz,Who is it?
Doofenshmirtz,Take that!
Doofenshmirtz,My inator!
Doofenshmirtz,We'll see.
"Doofenshmirtz heads 2, 3, 5, 6 and 7",You would!
Von Doofenshmirtz,"Oh, for-–! (He is drowned out by another whistle of steam)"
Doofenshmirtz,Elizabeth? (pause)
Doofenshmirtz,"Oh, sassy."
Young Doofenshmirtz-2,Choo Choo?
Doofenshmirtz,So cold...
Doofenshmirtz,Uh-oh! (All the bees surround Doofenshmirtz) Ah!
Doofenshmirtz-2,Like what?
Doofenshmirtz-2,Dismissed.
Jekyll Doofenshmirtz,That's me!
Doofenshmirtz,Huh. What? (dodo falls in and lands on him)
Doofenshmirtz,My inator!
Doofenshmirtz,Huh? What?
Doofenshmirtz,All right.
Doofenshmirtz,But... (The Kickinator kicks Doof again) OW!
Doofenshmirtz-2,(joyous) Choo-Choo!
Doofenshmirtz,(Gasps) Such evil!
Doofenshmirtz,Wow again.
Doofenshmirtz,No tattoo.
Doofenshmirtz,All right. (gives him a bag)
Doofenshmirtz,Like that!
Doofenshmirtz,It wasn't?
Doofenshmirtz,He's evil!
Doofenshmirtz,Your doom. (drops a cage on Monogram)
Doofenshmirtz,He's evil!
Doofenshmirtz,He's evil!
Doofenshmirtz,Cool flag.
Doofenshmirtz,He's evil!
Doofenshmirtz,Number 7!
Doofenshmirtz,Ha-ha-ha!
Doofenshmirtz,Good one!
Doofenshmirtz,(spits) Feathers?
Doofenshmirtz,Platypus.
Doofenshmirtz,He-hello? (Presses button on remote)
Doofenshmirtz,"No, I am!"
Doofenshmirtz,It works!
Doofenshmirtz,"No, mine!"
Doofenshmirtz,"No, mine!"
Doofenshmirtz,Balloony!
Doofenshmirtz,Told you!
Doofenshmirtz,"No, I am!"
Doofenshmirtz,Get back!
Doofenshmirtz,I didn't!
Doofenshmirtz,"No, mine!"
Doofenshmirtz,Ya think?
Doofenshmirtz,Adulting!
Doofenshmirtz,"Oh, okay."
Doofenshmirtz-2,GET THEM!
Inner Doofenshmirtz,"Oh, crud."
Doofenshmirtz,"(Wincing) Oh, mama!"
Doofenshmirtz,Huh? Aah!
Doofenshmirtz,Occupied.
Doofenshmirtz,"Aw, pooh."
Doofenshmirtz head 7,Juvenile.
Doofenshmirtz-2,What? Oh!
Doofenshmirtz,Balloony! (Balloony is wearing an armored suit with energy axes)
Doofenshmirtz,Hee hee!
Doofenshmirtz,Vanessa!
Doofenshmirtz,Present!
Jekyll Doofenshmirtz,EVIL!!!!
Doofenshmirtz,I-I see.
Doofenshmirtz,Save me!
Doofenshmirtz-2,Already?
Doofenshmirtz's clone,"Me, too!"
Doofenshmirtz,Exactly!
Doofenshmirtz,Awkward!
Doofenshmirtz,Told ya.
Doofenshmirtz,Come on!
Doofenshmirtz,Come in.
Doofenshmirtz,"Aw, you."
Doofenshmirtz,Silence!
Doofenshmirtz,"Oh, boy."
Doofenshmirtz,Shut up!
Doofenshmirtz,"Uh, nah."
Doofenshmirtz,Melanie?
Doofenshmirtz (2nd Dimension) 's VO,Get off!
Doofenshmirtz,But how?
Doofenshmirtz,"Oh, man!"
Doofenshmirtz,"No, no!! (Kaboom! We hear massive clucking inside)"
Doofenshmirtz,Francis?
Doofenshmirtz,Noooo!!!
Doofenshmirtz (2nd Dimension),Me too!
Doofenshmirtz,Awwwww.
Doofenshmirtz,(gasps) Hmmm...
Doofenshmirtz-2,Me too.
Doofenshmirtz,A what?
Young Doofenshmirtz,Oooooh!
Doofenshmirtz,Coming!
Doofenshmirtz,Uh-huh.
Doofenshmirtz,(gasps) NOOOOO!
Doofenshmirtz,Woohoo!
Doofenshmirtz-2,Fix it!
Doofenshmirtz-2,(incredulous) Really?
Doofenshmirtz,(trying to find Perry) Uh-huh.
Doofenshmirtz,Really? (signs the form)
Doofenshmirtz (2nd Dimension),Yeah...
Doofenshmirtz,(Pouring the last cup into the Cool-inator) Finito!
Mr. Doofenshmirtz,Zu nah! (Too close!)
Doofenshmirtz,(tosses the remote) Gotcha!
Doofenshmirtz,Really?
Young Doofenshmirtz,Booyah!
Doofenshmirtz,I know!
Doofenshmirtz,Thanks
Doofenshmirtz,(On Phone) Hello?
Doofenshmirtz,M-hmm.
Doofenshmirtz,Never!
Doofenshmirtz,Mela--
Doofenshmirtz,I am!!
Doofenshmirtz,Ha ha!
Doofenshmirtz,The...
Doofenshmirtz,Ready.
Doofenshmirtz,The...
Doofenshmirtz,Uh-oh.
Doofenshmirtz,(pressing a remote) Ha ha!
Doofenshmirtz,-ypus!
Doofenshmirtz,Uh-oh.
Doofenshmirtz,What?!
Doofenshmirtz,He-ha!
Doofenshmirtz,Uh-oh.
Doofenshmirtz,Perry?
Doofenshmirtz,Moooo!
Doofenshmirtz,Uh-oh!
Doofenshmirtz,(With disdain) Roger.
"Rodney, Doofenshmirtz",Uh-oh.
Doofenshmirtz,M-hmm.
Doofenshmirtz #2,Duh...
Doofenshmirtz,Wheee!
Doofenshmirtz,Mine!
Doofenshmirtz,I do.
Doofenshmirtz,Well?
Doofenshmirtz,Ouch!
Doofenshmirtz,Mine!
Doofenshmirtz,Nooo!
Doofenshmirtz,Mine!
Doofenshmirtz,Well?
Doofenshmirtz,Uh...
Doofenshmirtz-2,Yeah?
Doofenshmirtz,Okay.
Doofenshmirtz,What?
Doofenshmirtz,Mine!
Both Doofenshmirtz's,Doom!
Doofenshmirtz,What?
Doofenshmirtz,Nice! (he's handsome)
Doofenshmirtz-2,(sticks out the puppet) Doom!
Doofenshmirtz-2,Doom!
Doofenshmirtz,Yeah.
Doofenshmirtz,Nice.
Doofenshmirtz-2,(Sarcastic) No...
Doofenshmirtz,Aaah! (thud)
Doofenshmirtz,Mama!
Doofenshmirtz,A-ha! (runs to the balloon)
Doofenshmirtz,Phew!
Doofenshmirtz,Moi?!
Doofenshmirtz,Yeah. (He drops the garlic roach cone to the ground.)
Doofenshmirtz,Yeah.
Doofenshmirtz,Yeah!
Doofenshmirtz,Here!
Doofenshmirtz,Yeah.
Doofenshmirtz,Okay.
Doofenshmirtz,Ouch!
Doofenshmirtz,What?
Doofenshmirtz,What?
Doofenshmirtz,Ouch!
Doofenshmirtz,Agh!
Doofenshmirtz,Ugh!
Doofenshmirtz,(A vine chomps down on Doofenshmirtz's nose) AHH!
Doofenshmirtz,Aha!
Doofenshmirtz,Aah!
Doofenshmirtz,Aah!
Doofenshmirtz,(Opens his eyes) Hmm?
Doofenshmirtz,Hey!
Doofenshmirtz,Hmm?
Doofenshmirtz,Ugh.
Doofenshmirtz,"Oof! (The volcano starts sucking down all of the water, splashing down on Perry and Doof.)"
Doofenshmirtz,Hey!
Doofenshmirtz,Aha!
Doofenshmirtz,Aah!
Doofenshmirtz,Aah!
Doofenshmirtz,Aah!
Doofenshmirtz,See?
Doofenshmirtz,Yes.
Doofenshmirtz,Hey!
Doofenshmirtz,Hey!
Doofenshmirtz,Now!
Doofenshmirtz,Hey!
Doofenshmirtz,Hmm? (Perry taps Doof's shoulder and grabs his nose.)
Doofenshmirtz,Huh? (gasps)
Doofenshmirtz,Hey!
Doofenshmirtz,(screams) Huh?
Doofenshmirtz,Aah!
Doofenshmirtz,Yes.
Doofenshmirtz,Hey!
Doofenshmirtz,Hey!
Doofenshmirtz,(in flashback) Eh?
Doofenshmirtz,No.
Doofenshmirtz,Ow!
Doofenshmirtz,No.
Doofenshmirtz,... (Two helicopters are seen fighting)
Doofenshmirtz,Ow!
Doofenshmirtz,(in flashback) Ow!
Doofenshmirtz,Ah!
Doofenshmirtz,No!
Doofenshmirtz,'(Perry straps Doofenshmirtz tightly into the jetpack)
Doofenshmirtz,(screaming)
Doofenshmirtz,(screaming)
Young Doofenshmirtz,(Screams)
Doofenshmirtz,(screams)
Doofenshmirtz,(screaming; falls into a whale's blow hole; Pause)
Doofenshmirtz,(Inhales)
Doofenshmirtz,(gasps dramatically)
Doofenshmirtz,(drives into the Norm Truck)
Doofenshmirtz,(pops up from behind a nearby stand)
Doofenshmirtz,(screaming; falls into the submarine)
Doofenshmirtz head,(continues screaming)
Doofenshmirtz,(Shift to the aglet concert)
Doofenshmirtz,(laughing)
Doofenshmirtz,(Shift downward to the boxing ring)
Doofenshmirtz,(Grunting and screaming)
Doofenshmirtz,(opens door)
Doofenshmirtz,(doing a karate yell and wearing rubber gloves on his arms and head)
Doofenshmirtz,(gasps)
Doofenshmirtz,(laughs)
Doofenshmirtz,(laughs)
Doofenshmirtz,(screams)
Doofenshmirtz,(Chuckling/humming)
Doofenshmirtz,(gasps)
Doofenshmirtz,(A shadowy figure grabs him and he screams)
Doofenshmirtz,(groaning)
Doofenshmirtz,
