Name,Dialog
Isabella,"Okay, listen up, ladies. The Mayor has tasked us, Troop 46231, with baking the official droogen strudel for the tasting today. The key to making droogen strudel is the raisin-like dried doonkelberries called the droogen. Now, there are going to be actual Drusselsteinian emissaries here at the fair. And these emissaries are real sticklers about their droogen strudel, so no distractions. Every fiber of our full attention must be laser-focused on this task! I wonder what Phineas and Ferb are up to."
Isabella,"(Reading a placard near the ride) ""Stickiness is the most underrated of all the -nesses, and of all the stickinesses, the sap of the maracanut tree is the sticky-messiest. This Temple of Sap attraction is a monument to the rare and beautiful maracanut tree, the world's greatest stickerizer."" Looks like we've tracked our quarry to its lair, girls! Although, if their biggest attraction was a sap-themed ride, I understand why this place closed down. Girls, get your gear. We're climbin' up."
Isabella,"We're in luck! Looks like we're here before the mail's come! Okay, girls, let's seal off this area! Holly, you go take up a scanning position one half-klick to the north! Ginger, you got the south! The rest of you, fan out! We've got to intercept that letter! I'm going in back to keep Phineas distracted. Any questions?"
Isabella,"It looks like a T. rex footprint to me. (notices a message in the dinosaur footprint) Hey, look! A message! ""Time machine destroyed! Stuck in 300,000,000 BC. Please help! Signed Phineas, Ferb, and Candaaaaaccccce."" Our friends need our help. Please turn to the ""time travel"" section of your Fireside Girls handbook. Hey, has anyone seen Perry?"
Isabella,"(in her head) Oh, come on, Isabella. What's so bad about writing a letter and expressing my feelings? Feelings are natural. Phineas is natural. We are both natural beings in the world. With feelings? (back to normal) Aw. (in her head) Did I really refer to him as ""my little crumb cake""? Who does that? (back to normal) Come in, Fireside Girls!"
Isabella,"So, let me get this straight; You'll do all the work, while I spend the day with Phineas? Hmm.... Deal. But do you know anyone that can work a state-of-the-art soundboard? Someone who can edit huge digital files? Someone who can understand basic mic-ing techniques?"
Isabella,"And it's not over now! Cause when the going gets tough... the tough get going! Come on, girls, we've got enough patches between all of us to make this work! We can do this! Gretchen, Milly, Katie, you've got the exploring patch, right?"
Isabella,"Well, here we are, I guess. Oh, I get it! It was actually called ""The Old Abandoned Amusement Park""! And now it's old and abandoned. Hence, ""old abandoned"" twice. Girls, we're goin' in. We have a tree to find! (The girls race to various attractions in the park) Fireside Girls, report!"
Isabella,"(offscreen) Candace, we are all very impressed. You earned more patches in one day than anyone in the history of the Fireside Girls: 49 patches, which pretty much blows away the previous record of 6 patches held by our own Adyson Sweetwater."
Isabella,"(inhales, man's voice) Wednesday, Wednesday, Wednesday! Giant monster truck rally right here in Danville! Candace the Crusher takes on all comers! Be there, be there, be there! We'll give you the whole seat, but you'll only need the edge! (normal voice) Thanks, Dink."
Isabella,"Ooh, I know! It's all right here in Tween Bleep magazine. ""Three Sure-Fire Ways to Lift Your Friend Out of a Serious Funk. Number one: Give her a complete make-over. A completely different look will often do the trick."""
Isabella,"Hey, Phineas. You might wanna go check up on Baljeet. I was walking by his house and heard him scream... ""**AIIIEEEE!!! I'M DOOMED TO BE AN INCOMPETENT FLUNKEE FOREVER!!!** Ever...ever...ever..."" (pause) I added the echo part."
Isabella,"Phineas, where are you? There's this giant robot machine attacking downtown Danville! I'm all alone here! Call me as soon as you get this. (To herself) Come on, Isabella, this is what being an intrepid reporter is all about!"
Isabella,"My mother, New Hampshire Garcia-Shapiro, was searching for the Temple when she disappeared! I'm afraid something terrible has happened to her! You've just gotta help me! (Hands Ohio another card) I'm also a certified Damsel in Distress."
Isabella,"According to my Fireside Girls manual each one of those flags has a meaning. The blue flag means crab season and the yellow flag means hold the mustard, and that last one, I'm not sure what that one means."
Isabella,"Look. My client gets 3% of the gross and a piece of the back end, or he walks. Yeah, that's right. You mess with the bull, you get the horns, buddy. (Phone rings) Hello? Syd, baby, you got that 3rd act in line yet?"
Isabella,"Well, I just came by to tell you I can't join in on the fun today. I've been charged of the task of recording the audio book version of the Fireside Girls Compendium Guide, it's gonna take forever."
Isabella,"Did you know the African chapter of the Fireside Girls has its own special edition survival patches? (Listing some of the patches) ""Identifying fauna and flora."" Easy. ""Finding water."" Hmf. Child's play. And, ""eating a grub""?"
Isabella,"Dude! This is just the table of contents. The actual book is being transported from a secret bunker to our recording studio at the Fireside Girl Lodge. (The book is seen being air-lifted into the lodge) Seriously, this is going to take me a week."
Isabella,"Well, according to our data, this is the relative position of the sun, and this is where the Earth should be on its orbit this summer. But for some reason, we're here. (sighs) Tennis balls don't lie. (Throws the ball.)"
Isabella,"Wow! Humans really take for granted not being sucked into the nearest vacuum cleaner. I'm gonna see if the queen knows anything. (She buzzes up to the queen bee) Excuse me, Your Majesty, do you have any idea how to get out?"
Isabella,"Hi, guys! Food's up! Aw, just think, this may be the last time I'm stuffing your faces before I'm off to school. (the phone rings) I got it, Mom! (to the girls) Anyway, enjoy! Gotta treat my Fireside Girl alums right. (she leaves)"
Isabella,"We may be the only non-pharmacists left in Danville. I think I figured out where this started. And if we could get there, we might be able to figure out how it started and reverse it."
Isabella,"Thanks for letting us host the French Fireside Girls at your cabin this afternoon, Mr. and Mrs. Flynn. This'll be a great place for them to get their North American Tracking patches."
Isabella,"Right, right! You're right. (Walks outside to a yard with a bee hive in the middle.) But still, if we don't succeed today, the 'two strikes and you're out' rule kicks in, which means this spot will stay empty on all of our sashes forever! (Close up on her sash showing an outlined mark, she gasps and sniffles)"
Isabella,"Well, that's not the Phineas Flynn that I fell in...(She pauses, and quickly rephrases what she was going to say) ...to...this...situation with. You showed us all on Ferb's map how this is possible and I'm not gonna let you sit there and --"
Isabella,"(from inside) Thanks for showing me the old scrapbooks, Nana. (cut to her with Nana and other senior citizens.) I love hearing about the old days. Tell me again about string art. And what was it like to get up and change the channel on the TV?"
Isabella,"Alright, girls, come to order. (to Candace, throwing the following on her) Now, just fill out this application, read through the training manual, sign the insurance waivers, and you can be sworn in at our meeting next week."
Isabella,"Thanks, Ferb. I just don't know what to do... we were in Paris! The most romantic city in the world, and... (She sobs and holds the handkerchief up to her nose) he didn't even notice me! (She blows in the handkerchief) I just feel like giving up, and look at him!"
Isabella,What have you guys gotten me into?! We're caught in a tractor beam! My engines can't pull us free! (puts on goggles) Looks like we're gonna have to shoot our way out! I'm powering up the turrets!
Isabella,"Sorry, but you know, it was the best day for me! Due to my incurable case of the hiccups, I spent an entire day showered with undivided attention from Phineas! It was wonderful!"
Isabella,But we do have access to Phineas and Ferb. And they have access to a sorbet machine that turned Candace into a fly. They've gotta be able to modify it to turn people into bees.
Isabella,"(looks at her watch) I have just earned my 24 Hours of Silence Patch! I can see why you don't talk much, Ferb. I actually quite enjoyed it. I ended up having an inner dialogue with myself all day."
Isabella,"Hey, Ferb! (Ferb takes off his fedora) We were just discussing our plans for Phineas' birthday. The circus we ordered won't be arriving until later in the day, (Irving walks up) but Irving had a great idea for a warm-up."
Isabella,"Oh, um... we don't celebrate Christmas. But I got the coolest stuff for Hanukkah: Eight straight days of dreams come true! (sees Phineas looking confused; pauses) I mean... I'm with you guys. Boo, no Christmas."
Isabella,"Yeah, I once saw Ferb playing an entire game of soccer using a pumpkin! And he didn't even break it! To this day, his motivation for doing so remains shrouded in mystery."
Isabella,"I just earned my milking badge, and it was so easy. All you do is squeeze and pull and squeeze and pull and squeeze and pull and squeeze and pull, and- so, whatcha doin'?"
Isabella,"What?! You mean this was your fault the whole time?! This isn't over. (She goes over to the Fireside Girls to present their patches.) Okay, ladies. I think we've more than earned these Preventing-an-International-Incident patches."
Isabella,"I just mailed a letter stating my true feelings to Phineas and we need to stop him before he reads it! This mission is top priority! I call it ""Operation Crumb Cake""!"
Isabella,"Solo's been a thorn in my side for years. My ship, the Centennial Chihuahua, was on pace to finish the Kessel Run in eleven parsecs, and that nerf-herder cut me off!"
Isabella,"That's what I kept trying to tell you, Candace, but you were so insistent on becoming a Fireside Girl. (Candace simply stares in disbelief.) Maybe you can start working on your Good Listener Patch next."
Isabella,"We'll never catch them this way! But we will get that letter back, no matter how nicely or politely we have to ask! We'll cut them off at Phineas's house. Let's go!"
Isabella,"Okay, girls, festivities are over. Let's focus on getting our beekeeping patches. It's the only patch that we've ever tried to get and failed. Remember last year?"
Isabella,"Le Filles à côté du Feu, to earn your North American Tracking Patch, you'll have to capture the most dangerous of creatures, the vicious, American, (She pulls away the tarp, revealing Buford in a bear costume) grizzly bear."
Isabella,"I can't lie, girls. I'm tempted to join you all in the chaos. Maybe there's a patch at the end of this very dark tunnel, but for the first time, I don't know..."
Isabella,"""A troop leader may award full Fireside Girl status to any girl who has earned 50 patches."" But, Mrs. Feyersied, 50 patches in one day?! Is that even possible?!"
Isabella,"Oh, Phineas! (sniffles) Get it together, Fireside Girl! It's up to you to save Phineas! (climbs up the tower) It's up to you to save Danville! It's up to you... (Realizes what she is doing) to stop talking to yourself!"
Isabella,"Oh no! Meap needs our help, Phineas, Phineas! (She drags him down) Come on Phineas, snap out of it! Phineas, Meap is down, he's been out-cuted. (She takes off her helmet and briefly swishes her hair from side to side) What are we gonna do? Phineas?"
Isabella,"Thanks for helping me set up for the Latke Festival this year, guys! It'll really go a long way toward helping me get that Golden Years Assistant patch."
Isabella,"(romantically, as Phineas and Ferb are confused) Oh, Phineas, yes! I've been right here in front of you all along just waiting for you to -- (romantic music distorts) Oh...wait. You were talking about the puppet, weren't you?"
Isabella,"Yeah. It was like, ""Isabella...blah blah blah blah blah...Isabella...blah blah blah blah blah..."" He was dressed like an astronaut! I was distracted!"
Isabella,"(sighs, to herself) So you see, Phineas, I can only earn the patch by walking up to someone I care about and telling them face-to-face that I've got a huge crush on you."
Isabella,"Oh! Um, well, eh... It says here, ""In the incredibly unlikely event of a tie vote, just vote again."" Hmm. All in favor of vanilla, raise your hand."
Isabella,"Seems like only yesterday I walked through that side gate and asked ""Whatcha doin?"" when you were building that rollercoaster for the first time."
Isabella,"Hey, do you think it would work on my dog, Pinky? He barks at the door when a doorbell rings on TV. I'd love to explain the whole concept to him."
Isabella,"What? Over? Did you say ""over""? Nothing is over until we decide it is! Was it over when we helped Candace get fifty patches in one day? Heck no!"
Isabella,"No, (stops him from bouncing) I really need to talk to you and I'm just gonna jump right to it! The thing about that Emotional Bravery Patch is that I need to tell you..."
Isabella,"Oh, no, this is terrible! I'm so glad you're here with me, Phineas! (She takes off her bike helmet revealing her fedora underneath.) Come on, we can cover the action better from the top of City Hall! (She starts running toward city hall, before she notices Phineas isn’t with her.) Phineas?"
Isabella,"An All Terrain Vehicle. With an electromagnetic motor, super rubber tank treads, high speed ceramic body, hydraulics and all remote controlled."
Isabella,"So, we've gotten water from a cactus, witnessed a mirage, and learned the difference between sunstroke and heatstroke. Thanks for that, Adyson."
Isabella,"Uh, sorry, I -- I only have one extra ticket, and...it's sold out. So, I thought maybe Phineas and I would go—uh, not to necessarily exclude --"
Isabella,"Ooh! What's it gonna be? Suspense, stalker, horror, action adventure, or my personal favorite, the campy costume alien teen romance dramedy?"
Isabella,"I'm sorry, but the traditional procedure comes straight from the Fireside Rules of Order, (shows her what looks like a portrait of an old lady in a rocking chair) as established by our founder, Eliza M. Feyersied."
Isabella,"You do realize that's a worst-case scenario, right, Candace? But I do feel for ya. I've been trying to ask Phineas to that same dance all–"
Isabella,"Isabella Garcia-Shapiro. Femme fatale, ingenue, amateur archeologist, and licensed tile and grout installer. (A Tarzan-like figure in a loincloth swings from a vine behind them) A girl has to earn a living!"
Isabella,"(offscreen) Yes, it's true that the Paisley Sideburn Brothers tickets (cut to inside the lodge) can only be ordered by an active-duty Fireside Girl. But if you just want to—"
Isabella,"Great job on the snow chalet, guys! It's amazing how the cocoa stays hot in these double-walled ice cups. How are you feeling, Phineas?"
Isabella,"(sighs, shakes Doof's hand) Okay. But if we're doing this, we're doing it Isa-style! We're making the ultimate droogen strudel. The biggest one they've ever seen!"
Isabella,"So I guess we'll go ahead and start! (flipping through the handbook) Our trusty Fireside Handbook has some guidelines to follow, starting with the compliment session."
Isabella,"I'm sorry. (chuckles nervously) Let's just, um... (picks up the handbook) Okay. Here's an idea from the ""One of those days"" section. Let's all hold hands and sing a jovial song."
Isabella,"Hey, Ferb. We should bring Phineas in for a pit stop. (The race car enters the pit stop.) All right, Fireside Girls, let's move, move, move! (The girls work on fixing the car) That helmet looks so manly."
Isabella,You built a rollercoaster through downtown! You made giant tree-house robots! You traveled through time for crying out loud! Twice!
Isabella,And I need your help to find him. I thought there might be some clues in the photos I took that could help him stop Khaka Peu Peu.
Isabella,"You guys are the greatest! Okay, according to the Fireside Girl handbook, we can find water in cacti. (The camera pans to a cactus. She pulls a zipper, and the cactus is revealed to have just been fabric covering a water cooler.) Now, don't make it too easy!"
Isabella,"Okay, girls. We're dealing with a 426 cubic inch, fully-blown V8, with hypo lifters, radical cam, and a limited-slip differential."
Isabella,"It could be the biggest game in the world, and girls could still beat boys. (pauses) Biggest game in the world. Did you get that, Phineas?"
Isabella,"Add this to your bag, my good sir. (hands over the letter about her true feelings about Phineas) So Nana, when Grandpa got your letter, did he come running to you and sweep you into his arms?"
Isabella,"I did, it's the time machine that moved. I brought back a woolly mammoth's tusk, a Viking helmet, and smallpox. And the vaccine."
Isabella,"Yeah, not a hard and fast rule, I guess. What's that? I hear a sash calling me to earn it some more new patches. Come on, Pinky."
Isabella,"Mrs. Feyersied? (to Phineas) One second please. (Isabella runs over, lifts up her belt and instantly changes into her Fireside Girl uniform.) Good evening, ma'am. Fireside Girl Isabella Garcia-Shapiro Troop 46231. What's the emergency?"
Isabella,"There you are, Isabella! (Laughs) I made a funny. It's always humorous when one refers to oneself in the third-person. You try it, Pinky."
Isabella,"Okay, let's see if it fools them. (speaks in a ""New Jersey"" accent) Uh, Dockin' Bay control, ya got us cott in a track-ta beam heeyuh! Ya guys want donuts or not?"
Isabella,"It worked! All right, Pinky-Winky, time for some cheesy-weesy! (A black cat yowls and Pinky's ears perks up. The cat hisses then runs off with a barking Pinky in pursuit.; While running after Pinky) No, Pinky! Chasing the cat is so cliche! You're better than that!"
Isabella,"(angry) Well, I do have the most patches. So yes, I probably do have that basic patch! (she looks around) Um, what I mean to say is... (sighs) Let's focus, girls."
Isabella,"You know, Buford's kind of right. These smoothies are sort of exotic, but I think we can do better. What do you think, Phineas?"
Isabella,"I hear you. None of the women superheroes showed up, so it's all about testosterone and...powers and...fighting, which... (shrugs) yeah."
Isabella,"Wow, guys, this is amazing! I was afraid you guys were gonna go overboard and build some giant sundae contraption or something!"
Isabella,"This is it, Isabella: The day you're going to insist on spending some time alone with Phineas! I can do this! (walks into backyard) What'cha doooin'?"
Isabella,"I would harness the power of rainbows, unicorns, and sweetness to defend all that is good and just. I'd become... The Rainbow."
Isabella,"Okay. We've got 78 complaints about food quantity, 42 requests for belly rubs, and we're still trying to explain TV to Pinky."
Isabella,"So, uh, Phineas, I was wondering if maybe after this, you'd like to go to the premiere of the new Stumbleberry Finkbat movie."
Isabella,"Noooo, through teamwork! See that mountain over there? It used to be over there. With a little teamwork, you can do anything."
Isabella,"Hey, Phineas. The girls have finished pitching the tents. (The Fireside Girls salute in front of their tents) Can you sign here for our Tent Pitching achievement patches please?"
Isabella,"(picking up a piece of hair) These pieces of hair and dust are like rope! Holly, Ginger, you girls have the advanced knot-tying patch. What do you think?"
Isabella,"Yay! We made it across the desert! Say, Phineas, I don't suppose you could help us out with our Rainforest Navigation Patch?"
Isabella,"(Sadly) Not very well. We started a bake sale... (cut to Holly, whose face and hair are all blown up, holding a burnt bag, Isabella continues off screen) ...then we tried cat-sitting... (pan to Ginger with scratch marks, torn clothes and a similar sign, cat hair falls from her) ...even a lemonade stand... (pan to Katie, body nearly wrapped in bandages) ...but, nothing worked."
Isabella,Well it's a lucky thing you accidentally hammered yourself into that crate marked temple expedition supplies then isn't it?
Isabella,"Well, when my favorite series, The Goblin's Filibuster, ended, I made an undisclosed amount of fan-fiction to hold me over."
Isabella,"Well, I'm totally blowing it! I feel strong when I walk up to Phineas, but as soon as I open my mouth, I completely choke!"
Isabella,"(into her earpiece) Alright girls, Union Jack is back. Operation: Perfect Picnic is now Operation: Ginormous Non-romantic Overblown Picnic."
Isabella,What am I going to do? Have you ever seen senior citizens riot? It's like a slow gray tornado of canes and false teeth!
Isabella,"Hey, I've seen one of these before. According to the Fireside Girls' Manual, that lizard is a North American chameleon."
Isabella,"Tell you what I'm going to do, Buford. I'm going to take this ball and I'm going to hit it into your goal in one shot."
Isabella,"Under normal circumstances, I'd say yes. But this one seems to have a ...(Puts her hand on Buford's shoulder, Suspense music plays) ...""Storming of the Bastille"" sort of vibe."
Isabella,"I'm sorry, Candace. Y'know, you may not have lit up the entire board, but you did demonstrate remarkable persistence."
Isabella,"It's okay, Phineas. (hugs him) I still appreciate all the help. (quietly) And something tells me I'm gonna treasure this photo even more."
Isabella,(acting) Just doing my Fireside Girl thing! I packed it with some Mexican-Jewish delicacies like... (She shows a cheesecake like meal with a gelatin fish head.) gefilte-flan! (close up of it) It wobbles.
Isabella,"This is not a friendship, it's a spaceship! So don't invade mine! (something beeps) We're coming out of hyperspace! Buckle up, ladies!"
Isabella,(Gasps) The Amulet of Juatchadoon! The legend says it can awaken an evil corn colossus with the power to destroy the world!
Isabella-2,"Something like that. In the meantime, I'd like to introduce you to a little thing the kids are calling ""ice cream"". (runs down the hill)"
Isabella,"Hmm. I don't remember a single time we didn't unanimously pick the same thing, then rejoice in a harmonized shriek."
Isabella,"Phineas, since you obviously won't figure this out on your own, I think I'm the one causing the cute interference."
Isabella,It's as if I don't exist! I would give anything if he would just sit down with me and enjoy this beautiful sunset.
Isabella,"It has to be around here somewhere. Creepy roadside hippie gurus are generally reliable. Wait, I think I found it! (Points at a tall ride in the back of the park)"
Isabella,"They're here! The French Fireside Girls! Or Le Filles à côté du Feu, as they're known in their country of origin. (As she says this, the French Fireside Girls arrive.)"
Isabella,"You need another jump-start? Candace, didn't you have the engine running when we were talking on the videophone?"
Isabella,I love it when Phineas uses unnecessarily long words for common things like brushing your teeth and washing up.
Isabella,"(clears throat) Adyson, you were the first to earn a Cupcake Delivery patch. How about you deliver your trash to the trash can?"
Isabella,"Phineas, what are you doing? You're putting your entire world view on the line. And for what? A bunch of bikes?"
Isabella,"Right. While you two were busy making sure your summer day was ""fun"", other people were busy saving Danville. (She holds out a newspaper showing the Beak)"
Isabella,"It's been great sharing this bonding moment with you two, but we need to get off this crumbling mountain now!"
Isabella-2,"There's no reason you can't do that, but you have to make room in your life for other things like fun and..."
Isabella,"Wait, what's happening? We've never gone off pitch! (consults the handbook) Is there a full moon tonight? Is Mercury in retrograde?"
Isabella,"Don't worry, Candace. The week will be over before you know it. (A bit bitterly) At least you got a love scene on a bridge."
Isabella,"Well, the old hippie didn't mention how to get to the top of that, all he gave us was this Key of Wisdom."
Isabella,"(snaps out) Oh! Right. (chuckles) Right. The Fireside Girls are going for our Beekeeping patch, and we need to borrow something."
Isabella,"Guys, what would you rather do? Watch paint dry or lasso wild dolphins and ride em' across the high seas?"
Isabella-2,"Candace, I thought you were going to take it easy. Whatever happened to that whole Jeremy Johnson thing?"
Isabella,"(in her head) Well, Isabella, here it is. He's finally going to know how you really feel. There's no turning back now."
Isabella,"Calm down, girls. Have you forgotten who we are? We're Fireside Girls Troop 46321, and we never give up!"
Isabella,(showing Candace a book) Yeah! Mockmacaws! Rare migratory birds that can camouflage themselves with their color-changing plumage.
Isabella,Uh-uh-uh! (She unfurls her Fireside Girls sash.) Some would say I got most of these Safety Patches from pullin' your biscuits out of the fire.
Isabella,"As you all know, the annual Fireside Cupcake Jamboree is coming up, and we have a big decision to make—"
Isabella,"Yeah. I'm going two weeks early because I'm an R.A., and in soccer, debate camp, student government..."
Isabella,Look! Ooh! It's the rare bent-bill nuthatch! Isn't she beautiful? (The bird begins to pick at the rock climbing wall) She's finding material for her nest.
Isabella,"Meap! Your planet's so cute! Except, I guess, for that evil-looking fortress under that ominous cloud."
Isabella,How can you tell they're Capri pants? Maybe they're just regular pants for someone with shorter legs.
Isabella,"Now we just need to either collect a sand sample, measure the temperature, or milk a camel. (A camel suddenly pops up out of the ground.) You guys!"
Isabella,"Okay... Now that we want to get across, it sure would be nice to have a grappling hook and some rope."
Isabella,"Awww, they're so cute and tiny a squirrel could surf on them. Now, if we only had a box of squirrels."
Isabella,"Isabella Garcia-Shapiro, the Fireside Girl Gazette. Would it be okay if I asked you a few questions?"
Isabella,"As promised, the Millennium Falcon. I should be able to catch him before he gets to that small moon."
Isabella,"Do we have chopped liver? What do you think this place is? Chopped li— Oh, that doesn't really work."
Isabella,"Oh, no, thanks. I already had breakfast. (Picks up the cereal box) You know, I've never really seen one of these in real life."
Isabella,"(Sarcastically) Sure, I still have to get my ""You wouldn't know cute if it bit your legs off"" accomplishment patch."
Isabella,"Oh. (She giggles) Thanks. So, would you like to go to the Night of the Falling Stars Girls' Choice Dance tonight?"
Isabella,"Okay, Buford, pop the balloon and win a prize! (under her breath) Miss it and my future mother-in-law is gone forever."
Isabella,"(Holding her sash) Well, it looks like the Unearthing Ancient Container patch I earned is finally gonna come in handy."
Isabella,"Well yeah, but...it's an Emotional Bravery Patch that I can only earn by walking up to somebody I—"
Isabella,"Oh, okay. I understand. You know, you want to keep yourself open to other drink options. I get it."
Isabella,They've been appearing in fields all over Danville! Some people think they're made by spaceships!
Isabella,Augh! What I was going to say is all I want for my birthday is some alone time with-- (motions to Phineas) Never mind. (She walks out)
Isabella,"Well, the mockmacaws are here, but they keep camouflaging every time I try to take their picture."
Isabella,(gasps) Look! The last shard of Darkling Dungeon! That's what we need to complete the quest in the story!
Isabella,"Well, good luck. My troop and I are going to the local fossils exhibit. Catch up with you later!"
Isabella,Little Duffers has closed its doors forever. And I was all set to destroy you on the mini links.
Isabella,"Phineas, I'm back! Phineas? Ferb? (She sighs) Well, I guess there goes my Early Mid-Morning Edition story..."
Isabella,"I don't know, I can't see the bottom. But it almost doesn't matter, so long as we get across it."
Isabella,"You're either really brave or really stupid! Well, kid, looks like your luck hasn't run out yet."
Isabella,I found some coat hangers from that Leaning Tower of Closet Space and an old college sweatshirt.
Isabella,"Well, we have to do something. We can't have nothing to show for our day when Phineas gets here."
Isabella,Okay. I hereby nominate Candace Flynn into membership in the Loyal Sisterhood of Fireside Girls.
Isabella,I wonder what would make someone want to build something to destroy romance in the first place.
Isabella,He's been gone all morning! He didn't even touch his breakfast burrito. What am I going to do?
Isabella,"Okay, ladies. I think we should stick to cupcakes. Let's just pick one. Red velvet or vanilla?"
Isabella,"Gross, but cool! But Pinky will eat anything but dog food. He likes grilled cheese sandwiches. (Pinky pants excitedly)"
Isabella,Awesome! I knew I could count on you for the coolest story ever! Have you attempted a run yet?
Isabella,"Phineas, uh...let's switch places. The light catches the foons so beautifully from this angle."
Isabella,"Well, that's okay. It's just kind of weird for me not to know where you are or whatcha doin'."
Isabella,Very impressive! Need any help? (Shows the Fireside Girls holding dressmaking equipment) The Fireside Girls and I are trying to get our sewing badges.
Isabella,Can me and the other Fireside Girls be lifeguards? We need to earn our Aquatic-Safety badges.
Isabella,"It's safer than being eaten by a giant fish monster! (takes the wheel) Move over, Candace! Everybody, hold on!"
Isabella,"Okay, let's see...setting, targets... (she types in the control panel) ""Fireside Girls..."" And that should do it. (She presses a red button.) Here we go."
Isabella,Cool. See you tomorrow. (goes to the gate) It really was the coolest coaster ever. You guys make a great team.
Isabella,"Umm, okay. I'll just stay here with my ""Expert Makeover"" patches and... Hey, where's Perry?"
Isabella,"Okay, Phineas! Oh, my gosh. What did he say? What does he need? (Sighs) I was in Phineasland again."
Isabella,"Can You Hit That Thing with a Stick! Where we... well, try to hit that thing with a stick."
Isabella,"Okay, I'll be back in an hour. Hopefully I can make the Early Mid-Morning Edition! See ya! (She leaves)"
Isabella,Heads up. More random construction equipment for an as-yet-unidentified project comin' in! (Oh COME ON!)
Isabella,"Uh, Phineas? We've been thinking, too, and isn't it time we, you know, found our way back?"
Isabella,So it says here we should vote on our preferred cupcake flavor. That should be super easy.
Isabella,"Oh no! Baljeet's in trouble. I've got to get him out of there. (pulls Baljeet away) Baljeet, focus! Come back."
Isabella,"Hi, Mrs. Flynn-Fletcher. What'cha doin? Um, I said… (music playing; as Baljeet and Buford enter the backyard) Rocking out with the headphones, huh?"
Isabella,I just can't believe you guys built a portal to Mars and didn't go through it yourselves.
Isabella,"Maybe he came this way for food. Ugh, how am I ever going to get that grub-eating patch."
Isabella,Look! The collection tank! There's something glowing in there! It's gotta be the powers!
Isabella,"And I'll be Helen because- (Realizing she wrapped her arm around Phineas's) Ah, my... name... starts... with... I which is right after H. (smiles awkwardly)"
Isabella,Ooh! I hope to finally see a real life seahorse! And get my Underwater Equestrian Patch!
Isabella,"Hold it. I think I know what the problem is. It says ""Tie Machine"". He left off the ""M""."
Isabella,"Girls, I think we all just earned our Passing-Through-A-Semi-Permeable-Membrane patches! (Fireside Girls cheer)"
Isabella,"All right, girls. Are we ready to get that ""Reckless Disregard for Life and Limb"" patch?"
Isabella,"Wow, it's some kind of high wire challenge, good thing I got my high wire patch, twice."
Isabella,"Baljeet, your perspective will never change if you don't put in a little bit of effort."
Isabella,"I forgot to give you this one. (She hands Ohio a card that reads ""Isabella, Dirty Double Crosser"". He looks up unamused.) Okay, I've kept up my end of the bargain. Now where's..."
Isabella,The impossible is possible! With a little teamwork. That's what the Fireside Girls say.
Isabella,"Wow, he was a lot easier to defeat than I thought he would be. (The colossus emerges from the flames, much to everyone's disdain) Great, now he's on fire! (The now flaming colossus continues to pursue the group)"
Isabella,"Hi, Phineas. What'cha doooin'? You're not planning something for my birthday, are you?"
Isabella,"Candace, when we were up at the space station, we were collecting and containing data."
Isabella,"You're right! I should tell Phineas how I feel! Later, girls! Gotta bounce! (jumps out the window and bounces back up) Literally!"
Isabella,Quick! We've only got one shot or this sub is toast! Hit the dead man's drop maneuver!
Isabella,Then we'll get the first photo of one uncamouflaged! (She gives the gang Polaroid cameras.) Everyone got their cameras ready?
Isabella,"Anyway, we're gonna need high-pressure hull insulation, RADAR, SONAR, and a periscope."
Isabella,"Have you forgotten who we are? We're Fireside Girls Troop 46321, and we never give up!"
Isabella,"I'll have one of those. (she gets a juice box and some peanuts. Han and Chewie sit next to her.) What happened, Solo? Garbage scow tip over and dump you here?"
Isabella,I don't have to have every- ugh! Do you even hear the words coming out of your mouth?
Isabella,"(Showing her Fireside sash) Hey, check out my new sash! It's got all my accomplishment patches sewn onto it. (holds aforesaid sash in front of him) See?"
Isabella,"Absolutely, and you want to know the funny part? There's nothing you can do about it!"
Isabella,"Fine, if you guys aren't going to take this seriously, I'll find The Beak on my own."
Isabella,I say we take off and nuke the entire site from orbit! It's the only way to be sure.
Isabella,"(in the garage) Phineas, where are you? Pinky ran away, and when I came back, the sandwich was gone!"
Isabella,The Fireside Girls and I just got our Shrimp Net Repair Patches. What are you doing?
Isabella,I should've known getting this close to Solo was a bad idea! Hurry it up back there!
Isabella,"Hmm... (Hiccups) Well, there was this haunted house at the state fair-- (Hiccups) that was pretty scary."
Isabella,"It was the lead story on the 5:00 news. Let me guess. You guys need a stage, right?"
Isabella,What? You don't think I can handle ugly? I've been hangin' out with you all summer!
Isabella,"You, too? So it wasn't just me. All the droogens in the festival are now chocolate."
Isabella,"And, of course, there's the other tradition of kissing someone special at midnight."
Isabella,"(walks over with Pinky) Hey, I been lookin' everywhere for you guys! Pinky threw up and I got my sash back!"
Isabella,Look! It's one of Klimpaloon's threads and it's trying to find its way back to him.
Princess Isabella,It must be Doofus Khan's secret weapon. He's heading for the castle! What do we do?
Isabella the Good Witch,She doesn't have to give you anything! You have no real power in this part of Odd!
Isabella-2,"It's on the floor! (looks) There's too much track, sir. I don't think we're gonna make it!"
Isabella,"Phineas, I'm sorry I doubted you. I should have known you were The Beak all along."
Isabella,"Easy, I've been rubbing his belly with Pinky's squeak toy. Now he's got the scent!"
Isabella,I'm going for my Intrepid Reporter Patch. Can I report on what you guys are doing?
Isabella,Or just five minutes in my Quick-E-Bake Oven. Fireside Girls are always prepared. (She places the glasses in the oven)
Isabella,"(cont'd) Let's welcome another day for us to be chipper, cooperative, and cheer in unison!"
Isabella,"Well, actually, that's not the pattern! The pattern is that they disappear after—"
Isabella,"Woah! It looks like every bee in Danville is here! Fireside Girls, forward, buzz!"
Isabella,The guard just took our only connection back to Earth! Now what are we gonna do?!
Isabella,We've gotta make our way to that building! I'm sure we'll find our answers there!
Isabella,There's no way we can catch him. He moves too fast. Maybe we should just give up.
Isabella,(opening up a laptop) I'm linking up with the other rockets. Is everyone ready out there? Mount Elbrus?
Isabella,"(acting) Wow. What a great idea! And I just happen to have... (shows picnic basket, singy-songy) a picnic basket right here!"
Isabella,"Hit it, Ferb. (The car takes off) I'm so proud of you girls. And the bow was a nice touch, Gretchen."
Isabella,The war started because Paris fell in love with Helen of Troy. It's so romantic.
Isabella,It's survival of the fittest! A test of wills! Only one contestant will survive!
Isabella,"(gasps) This can't be happening! Baljeet, you speak boring. See if you can do anything."
Isabella,"Phineas, Candace's fuel is running out! You have to think of a way to save her!"
Isabella,"Gone? F-f-f-fighting flashforward to potential catastrophe! (Screen ripples, record scratches) Hey, where's Pinky?"
Isabella,"Everybody loves Solo! Twelve parsecs! If I ever hear his name again, I'll just—"
Isabella,"Um, Phineas, one of the main locking bolts came loose on the rocket, and, uh..."
Isabella-2,"Unless I miss my guess, I'd say she's making room in her life for other things."
Isabella,She's my neighbor from across the street. But I thought you were an only child.
Isabella,"If the trebuchet can't go to Drusselstein, bring Drusselstein to the trebuchet!"
Isabella,"A parasitic arachnid that attaches itself to larger, warm-blooded vertebrates?"
Isabella,"Hello, boys. We would like to inquire as to what you are doing at this moment."
Isabella,"(sighs) We were going to go for our desert trekking patch today, but now it's raining."
Isabella,"Oh, you're just too stressed. You should take a moment to relax, and enjoy it."
Isabella,"Oh, you're just too stressed. You should take a moment to relax and enjoy it."
"The Good-Witch, Isabella",Take the yellow sidewalk. Take the yellow sidewalk. Take the yellow sidewalk.
Isabella,"Hi. Excuse me. Um, hello. Earth to hippie. (Imitates Didgeridoo reverb) Excu-u-u-u-u-u-use Me-e-e-e-e-e-e."
Isabella,"(in her head) At least you told the truth and you spoke from your heart, (smiles) I can accept this."
Isabella,"It's called the ""Help Thy Neighbor"" patch, Adyson. Don't make up patch names."
Isabella,"(running up to Candace) Candace! Candace, you found him! Thank you! (Candace gives Pinky to Isabella) You said he'd turn up and he did!"
Isabella,"Okay, girls, turn to the giant robot section of your Fireside Girls manuals."
Isabella,"Oh no! Pinky, I need that sash for a Fireside Girls ceremony this afternoon!"
Isabella,"So, did you guys decide what patch to get today? 'Cause I have a suggestion!"
Isabella,"It's not too much for me, Gretchen. It's a cupcake vote. Just pick a flavor."
Isabella,"Yeah, I can't wait for tomorrow! The official first day of summer vacation!"
Isabella-2,"Ugh, him I know. Buford, what do you want? I thought you were resisting us?"
Isabella,"Then late at night, the Greeks climbed out of the horse, opened the gates--"
Isabella,"Oh, where is Phineas? He'd know what to do. Please, Phineas. Where are you?"
Isabella the Good Witch,"So, remember, if you wanna bust your brothers, stay on the yellow sidewalk! (floats away)"
Isabella-2,This'll take us as far as the underground entrance to Doof's headquarters.
Isabella,"Here it is. Okay. According to this, you should get the heck out of there!"
Isabella,"Russell, Waylon and Mona? They're like, themed for Halloween or something!"
Isabella,"Excellent. So, Phineas, speaking of home, there's that dance tonight, and– (An alarm begins beeping)"
Isabella,"Yeah, what can we make for it? (gasps) How about the world's biggest bounce house?"
Isabella,"(excitedly) YES!! (calming down) I mean... (playing it cool) I mean yeah, sure, you know, whatever. It's all good, bro."
Isabella,"We're gonna have so much fun! We've got noisemakers, balloons, confetti..."
Isabella,Yay! The bees are back! Now we just need to get them back into their hive.
Isabella,"Thanks for the loan, Phineas! We're sure to get our Beekeeping patch now."
Isabella,The Fireside Girls and I are going to work on our accomplishment patches.
Isabella,Jungle Navigation Patch: complete! Anybody up for a little rock-climbing?
Isabella,"Sorry, Baljeet, but we had to keep it a secret to get you into character."
Isabella,"I remember building the vortex sprayer, but after that, I've got no clue."
Isabella,"Hold on, Phineas! (at the Fireside Girls) A little more to my left. (at Phineas) Franchise locations are a go."
Isabella,What do you think the chances are that anyone at the North Pole saw that?
Isabella,I think the Good-Job-Cleaning-Up-Your-Own-Mess patch suits you perfectly.
Isabella,(shudders) But we have to figure out a way to save summer or it'll be gone forever!
Isabella,"Oh, here it is. The red flag with the black box means... storm warning!!"
Isabella,"(slaps herself, acting normal) Oh. Oh yeah. We-We can spend the day together, that'll be fun! Whatever."
Isabella and Baljeet,"And now, for your in-flight entertainment; The Paper Pelican Floor Show!"
Isabella,I was over at Phineas' house and was rubberized by a machine they built.
Isabella,The Fireside Girls are trying to raise money to save the star-nose mole.
Isabella,"Cool! Isabella Garcia-Shapiro, the Fireside Girl Gazette. Whatcha doin'?"
Isabella,"(Drusselsteinian accent) Nevertheless, our long-necked nemesis, your thwarting days are numbered!"
Isabella,"You know what they say, the bigger they are the harder they de-pixelate."
Isabella,"Roger that, Phineas! We're on our way! Okay, girls, let's light 'em up!"
Isabella,What do you mean by that? I've got friends! I've got plenty of friends!
Isabella,"Wow. I've been wanting to tell someone how I feel for a long time, now."
Isabella,"Cool. Well, I brought this cute little toy over for Perry. Where is he?"
Isabella,"Phineas! No matter how many times you try that, it's not going to work."
Isabella,"Great idea, Phineas. A Ferris wheel ride is the perfect end to the day."
Isabella,"Oh, thank goodness! Now I can... Uh, Phineas, those potatoes have eyes."
Isabella,See what I mean? One woman's Capri pants is another's... What'd I miss?
Isabella,"Sure. Who wouldn't want to be a part of the ""Phineas and Ferb"" project?"
Isabella,"(to the Fireside Girls) Come on, ladies, those Prop Design Patches won't iron earn themselves!"
Isabella,"That's great, Phineas. Listen, uh, there's something I wanna tell you."
Isabella,"Well, you might not know, but I have a little bit of crush on Phineas."
Isabella the Good Witch,"What'cha doin'? (walks up to Candace) I'm The Good Witch, Isabella. Welcome to Patchkinland!"
Isabella,"Uh-oh! Mount Haggenhuge, your rocket has gone offline! Can you fix it?"
Isabella,"All right, ladies! Looks like there's only one solution. Who's hungry?"
Isabella,"Whoop, whoop! Ooh, I feel the rush of hitting that thing with a stick!"
Isabella,"""Chosen""? Baljeet, you charged to that empty chair like a crazed bull."
Isabella,"Here we go. Well let's just take a look -- (gets a thoughtful look, sounds like a valley girl) You know, I'm kinda hungry."
Isabella,But that was just one big puff of air! How can we fly kites like that?
Isabella,"Gretchen, we have a Code Pink! Romeo is alone! Repeat: Romeo is alone!"
Isabella,"All right, gang, Danville Day! How can we crank this party up a notch?"
Isabella,"Well, there's no engine, but it looks like gravity will do the trick."
Past Isabella,Did you hear that? Aunt Isabella! That means I'm gonna marry Phineas.
Isabella,"Hey, Irving. Did you hear? Phineas and Ferb are building a fun house."
Isabella,"Really? Are you sure there's nothing, or no one that's more adorable?"
Isabella,How come you think Meap is so cute? What does that mean anyway? Cute.
Isabella,"Hmm, a four-pronged fork in the road. How do we know which way to go?"
Isabella,"Come on, guys! Do what you do better than anybody else! Get creative!"
Isabella,"It's just...If this is the end, there's something I have to tell you!"
Isabella,"We'll traverse puzzles and traps, creating our own end to the story."
Isabella,"(in video) I saw the best girls of my troop, hungry, patchless, out of uniform."
Isabella,"My pleasure, Sankei. Well, I should get back to the research center."
Isabella,We can start cooking as soon as Baljeet gets back with the potatoes.
Isabella,"Okay, let's find Solo's ship and the droid, and then I'm outta here!"
Isabella,"Ooh! Maybe we should build a Perry Palace next! Hey, where is Perry?"
Isabella,Wow! That was amazing! I can't believe Phineas and Ferb missed it...
Isabella,"What's wrong, Phineas? You don't look very happy for Christmas Eve."
Isabella,They're here trying to figure out why Danville was branded naughty.
Isabella,"Why, yes. How about a romantic dinner for two? (Ferb zaps the romantic dinner ) Want a sip, Phineas?"
Isabella,Would you possibly know where the maracanut trees might be located?
Isabella,"Good job, everyone. I think we've earned our Rock Climbing Patches."
Isabella,I don't need your charity. So how bad is this guy we're up against?
Isabella,"Okay. That's enough triumph for one day. Are we done here, Baljeet?"
Isabella,This is a situation the Fireside Girls have never had to deal with.
Isabella,"Something's going on over there, the Baljeets seem to be gathering."
Isabella,"They're so good at camouflage, they must've slipped right past us."
Isabella,Wait! Don't go! We've got one more droogen strudel for you to try!
Isabella,"Look, you know that Emotional Bravery Patch I was all set to earn?"
Isabella,"Did you just say ""the old abandoned Old Abandoned Amusement Park""?"
Isabella,"Okay, this droogen strudel is going to knock your rockenhosen off!"
Isabella,"Wow, Candace, you're probably the most progressive Ant Queen ever!"
Isabella,"Guys, is it just me or does that cloud kind of look like your mom?"
Isabella,"I just mentioned that, I thought it would be so fun to shoot at--"
Isabella,"Maybe you could play something a little more, you know, up-tempo."
Isabella,"Candace, if-if you don't really want to be a Fireside Girl, then—"
Isabella,"""Step number two: Make her laugh. Laughter is the best medicine."""
Isabella,He's right. Remember what happened to the last kid Buford fought?
Isabella,"Uh, well, I thought you said...uh...never mind. It was too weird."
Isabella,That's great. (Her face becomes sheepish) But don't you need Perry to be here for it to work?
Isabella,(giving one to Milly) Here's your patch and here's my patch! Yay! Time to paaaarrr-tay!
Isabella,It's a good thing something else came along for me to report on.
Isabella,Alright! All you need is a cadet uniform and we can get started.
Isabella,"Milly, we really need to add a section for this in the handbook!"
Isabella,"Wow, what a great painting! (Phineas is playing his guitar) How did you get permission for that?"
Isabella,"Yeah, the leaves turn such pretty colors in the fall. I love it."
Isabella,My friend has graciously agreed to be the bear for today's hunt.
Isabella,"My gosh, you were right. Hey, it's this way. Come on, let's go!"
Isabella,Hot tub?! Why on earth would you build a hot tub on this thing?
Isabella,"Wow, she just flew through a barn and her lips are still shiny!"
Isabella,I know! But the only way to save him is to keep going! Come on!
Isabella,You might want to buckle up. I'm makin' the jump to hyperspace!
Princess Isabella,Doofus Khan! He has been a plague on our land for far too long!
Isabella,That's wrong! These poor creatures shouldn't be locked up here.
Isabella,Any guesses on what Phineas and Ferb have planned for us today?
Isabella,"Hey Phineas, can I ask you something? Will you go to the dance-"
Isabella,Now we just need droogens! But they've all turned to chocolate.
Isabella,My bee instincts are buzzing! This must be where our bees went!
Isabella,"Okay, Mom, what have you have been doing since you last saw it?"
Isabella,"Well, I think you're going to love the droogen strudel we made."
Isabella,"All right, team, that should do it. Pile in. Okay, let 'er rip!"
Isabella,"Cool! Coincidentally, we're going for our aeronautics patches."
Isabella,"Remember that ""brave or stupid"" thing? I know which one it is!"
Isabella,...we're reaching out to everyone to share our love of summer!
Isabella,"Wait a minute! That was a pretty grim ending, don't you think?"
Isabella,You're the girl one who got fifty Fireside patches in one day.
Isabella,"Everyone was so bummed out, I guess they never turned them on."
Isabella,(shrieks) We've gotta find those bees before the sun goes down! But how?
Isabella,"Well, Buford, that was a great game. Come on, be a good sport."
Isabella,"(Raspy voice) Oh, just recovering. But I finally got my tonsillectomy patch."
Isabella,"Oh, creating a whole new form of communication today, are we?"
Isabella the Good Witch,You can always try Bustopolis. That's where the wizard lives.
Isabella,I am the only Fireside Girl to secure the High Society Patch.
Isabella-2,"Candace, you have to eat the ice cream slowly. What is that?!"
Past Isabella,No you don't. Here's the wood-and-steel fusing tool you need. (Hands him the tool)
Isabella,"We're going home to the Fireside Lodge! Everybody, follow me!"
Isabella,That's okay. Buford. You don't have to hang with us everyday.
Isabella,The rocket is blocking the signal! We've got to get up there!
Isabella,"So, what exactly are we supposed to do with this information?"
Isabella,"But, Buford, you've been in a space ship. Several, actually."
Isabella,"Good thing, 'cause we're stacking up quite a pile of orders."
Isabella,"It's me! I'm endangering the mission, I shouldn't have come!"
Isabella,"Phineas, Candace is going to fall and only you can save her!"
Isabella,"Hey Phineas, how are we going to know when to stop building?"
Isabella,"So, what? Are you gonna stay here for the rest of your life?"
Isabella,I bet the rope you threw away was longer than your shoelace.
Isabella,"Phineas, we've got to get to that machine across the street."
Princess Isabella,Regent Monogram? When can I meet some of the local children?
Isabella,"(to Phineas) Hey, he does a good you! (to Gretchen and Holly) Come on, girls! Let's hit the pool!"
Isabella,"(coming down from the tree) That was great, Phineas! So, what are you gonna do tomorrow?"
Isabella,"That was great, Phineas! So, what are you gonna do tomorrow?"
Isabella,"Thought so, I'm doing six! See you at the summit, slowpokes!"
Isabella,"You know, traditionally, these things don't have much range."
Isabella,"Would you two excuse me? (Isabella fires her blaster and we hear Vanessa groan.) Yeah, we should probably get going."
Isabella,What are the names of the girls in my Fireside Girls troop?
Isabella,Maybe we should try giving the cupcake flavor another vote.
Isabella,"They're headed straight for town! (Cars honking, cows mooing) We've gotta do something!"
Isabella,and **Candace**: But but but but but but but but but but...
Isabella,Sensors are indicating a massive power source in your area.
Isabella,"Just keep your paws off my ship! (beat, takes out a notepad) Reroute thermal couplings."
Isabella,Allowing him to explore the consequences of both timelines?
Isabella,Just do what you need to do fast and meet us at the Falcon!
Isabella,"Now if I take the shoelace and... voilá! (She throws it, creating a gripping hook, latching onto some of the piping.) Everyone, hold on!"
Isabella,Why does your grandmother's house smell like ant pheromone?
Isabella,Great! You just earned your Honesty Patch! Congratulations!
Isabella,"Wow! We're really tiny! Phineas, your coffee table is huge!"
Isabella,"(walks up) Oh no! Now, how are we s'posed to save the star-nose mole?!"
Isabella,"(onscreen, acting) That's one of my own creations! I call it the Enchillatke!"
Isabella,Buford! You can't! That's Phineas's tree. That's the tree!
Isabella,I seriously hope I never have to work with you ever again.
Isabella,"Ah, I know I shouldn't eat those before the sale tomorrow."
Isabella,"Here, Adyson! Catch this! (Throws the lasso) Swift Water Rescue Patch! Bonus!"
Isabella,Don't bring that smack-talk around here. This is my house!
Isabella,"This is Bambina, my bamboo. Only, she's not doing so well."
Isabella,"Oh, Melissa. You remind me of me, when I was a Lil' Spark."
Isabella,"Whoa, whoa, stop, stoppez! That's all the French I've got."
Isabella,"Well, it was really pretty, but it's not my first rainbow."
Isabella,Your latest invention is... a normal-sized ball of dough?
Isabella,"(pulling Gretchen aside) Gretchen, what's going on? We're always on the same page!"
Isabella,"I'm usually here, and Phineas is usually right beside me."
Isabella,I love it when you guys tamper with the forces of nature.
Isabella,"(nervously) Nothing! I uh, was just...heh heh heh—Hey, where's Perry?"
Isabella,"Oh, just a little birthday video I'm editing for Phineas."
Isabella,I don't wanna waste one minute of our last day of summer!
Isabella,Tri-State State. Have you decided where you're going yet?
Isabella,"Wait there's a lever in the middle, but I can't reach it."
Isabella,(voiceover) We borrowed your spaceship and traversed an alien planet?
Isabella,(cont'd) Ms. Feyerseid will be here soon to guide the proceedings—
Isabella,I'll just follow the Fireside Handbook. Feel better! Bye!
Isabella,"Well, I guess we'll always have giant plastic baguettes."
Isabella,"Looks great, ladies! Everything's going without a hitch!"
Isabella,Sure! How do you think I got this mountain-moving patch?
Isabella,"Oh, it looks like this game could go into sudden death!!"
Isabella,I've been scripting this thing out in my head for years.
Isabella,So how the heck do we get ride of all that water weight?
Isabella,Well I can get the Fireside Girl Manual for inspiration.
Isabella,That's just...so wrong. They're...they're just horrible!
Isabella,(sighs) Maybe a little midnight snack will put me back to sleep. (gasps)
Isabella,"Let's see. What's next on the list? (reads a list of patches until she comes to the right one; snaps fingers) ""Rodeo Clown"" patch!"
Isabella,"Oh, Phineas, I think your new language is onderful-werb!"
Isabella-2,"Well, we may have someone who can help you. Dr. Baljeet!"
Isabella,"Well, this was fun, but I'm gonna go wash my hair, now."
Isabella,"If I lose a slipper tonight, you know where to find me."
Isabella,"C'mon, let's find that last shard and finish the story!"
Isabella,"Folks, you can cut the tension with a child-safe knife!"
Isabella,"(sips) Hmmm. Five out of ten. Lovely bouquet, but unsatisfied."
Isabella,They're doing a pyramid! I didn't even teach them that.
Isabella,(over monitor) Baljeet is way too smart to fall for a trick like that.
Isabella,"Butterflies? I love butterflies! Oh, thank you Phineas!"
Isabella,"Well, I guess we'll never know what was in that letter."
Princess Isabella,"You know, I think these blocks would make a great wall."
Isabella,"Hi, Candace. Hi, Stacy. Hey Jenny. How'd the number go?"
Isabella,"""Help?"" You? Tchh. You couldn't even remember who I am."
Isabella,"(coming out of the knot) Well, I just earned my Overcoming Claustrophobia Patch!"
Isabella-2,Doing pull-ups in your room and watching your brothers?
Isabella,We gotta hurry if we're gonna make it by Christmas Day.
Isabella,"Wow, that was fun. Thank you for teaching me the Adumu."
Isabella,Stickiness is the most underrated of all the -nesses...
Isabella,"Excellent work! Recon Team, is the escape path charted?"
Isabella,"Katie, for crying out loud, look it up on the Internet!"
Isabella,"And Adyson, you and I have the appliance repair patch!"
Isabella,"Oh, hi, Candace, what are you doing here? In my house?"
Isabella,Umm... that was a joke. They're way too small to ride.
Isabella,It's getting dark. Doesn't anyone care where Perry is?
Isabella,They're fine. The Firestar Girls got them out earlier.
Isabella,"What about regular-sized lacrosse, but rocket-powered?"
Isabella,"Bonjour, Le Filles à côté du Feu. Je m'appelle Isabel. (""Greetings, Fireside Girls. My name is Isabella."")"
Isabella,"Hey, Buford. What happened to your bread bowl hot tub?"
Isabella,"Captain Dirk, the Necroslug seems to have spotted us!"
Isabella,OMG! Coolest sentence ever! Somebody write that down! (Rhode Island writes it down on a notepad while Ohio picks up an ear of corn)
Isabella,"Undisclosed, Baljeet! That means I don't disclose it!"
Isabella,"It looks good, but will it hold up to the taste test?"
Isabella,"Hey, where's Perry? (Cut to Perry sleeping by the fireplace.) Oh, there you are. 'Night, Perry!"
"Isabella, Baljeet and Buford","(at different times) Come on, guys! Let's go! You can do it! Come on guys!"
Isabella,It's mine! (takes the figurine) Don't you worry your little head about it.
Isabella,"Sorry we're late, Phineas. Our bee ceremony ran long."
Isabella,"Sorry we're late, Phineas. Our bee ceremony ran long."
Isabella,Pull up alongside! (proceeds to suck up the potatoes) I got three more. How're we doing?
Isabella,It must be part of the Public Art Relocation Program!
Isabella,We've gotta stop her before she attacks someone else!
Isabella,(She stands) No! You are not going to enjoy this beautiful sunset!
Isabella-2,"Everyone, grab a hat! We've got cyborgs to reprogram!"
Isabella,"With your enthusiasm, you'll probably earn even more."
Isabella,They said something about needing to find themselves.
Isabella,"Come on, everyone! Let's take this show to the crowd!"
Isabella,"It's the music, like this little number: Let it Snow."
Isabella,"(Sitting down at the table as the boys remove their hats) Oh, it exists all right! And I know where to find it!"
Isabella,"Well, that's weird that our floats are floating away."
Isabella,World heavyweight boxing champion Evander Holyfield?
Isabella,You two keep yappin'! I'm gonna work on my own idea.
Isabella,"Oh, hi, Ms. Feyerseid. (frowning) You won't make it in today..."
Isabella,You're asking me to go to the City of Love with you?
Isabella,"Hi, Phineas. Seriously, Phineas, what are you doing?"
Isabella,Oh no! The line's breaking! We're not gonna make it!
Isabella,"I bet Perry's gonna love Steve. Hey, where is Perry?"
Isabella,"Well, that would explain why it's noticeably colder."
Isabella,Let's go see what the ants think of our new cologne.
Isabella,"It's alright, big guy. You guys just do what you do."
Isabella,"Sure! Something more...well, I don't know...Candace!"
Isabella-2,Why would you want to come to this dimension anyway?
Isabella,"(One Build-Up later...; walks in with Pinky) One grilled cheese sandwich, hot off the- Oh, cool!"
Isabella,But we followed the recipe to a T! What went wrong?
Isabella,"I've heard of that, but I can't remember the story."
Isabella,"Wow! This thing's so cool, Phineas! Everyone ready?"
Isabella,I am totally gonna wash my hands after this. Twice.
Isabella,"So, it had nothing to do with crop circles or UFOs?"
Isabella,We did a Portal to Mars. Maybe...a Portal to Venus?
Isabella,"Ooh, I think you just earned your Enthusiasm Patch!"
Isabella,"Hey, Phineas! We got the sap you guys needed. Here! (hands him a vial)"
Isabella,Let me try! (She pushes buttons on her controller) Cool! I've got control of his left leg!
Isabella,"Phineas, I really liked the butterflies. Thank you."
Isabella,"Hey, Phineas! Whatcha do—Whoa! That's a lotta deli!"
Isabella,"(Salutes; is standing with other Fireside Girls as they all hold giant piles of pamphlets) Girls, get ready to get our Flyer Delivery Patches!"
Isabella,Well... I know a few people who work well together.
Isabella,(Gasps in delight) You want me to come on a romantic cruise with you?!
Isabella,"Unravel? (climbs up the net) I've got this! (she frees them out of the net) Knot Untying Patch, check!"
Isabella,This had better work or you two are floating home!
Isabella,"I don't know what you want, but I don't have time."
Isabella,Great! Does that mean we can go to the movies now?
Isabella,"Melissa, I'm sure they don't want to hear about..."
Isabella,"So Phineas, what do you think of the City of Love?"
Isabella,Yeah. I don't have any reason to stay here either.
Isabella,You know what I love best about this time of year?
Isabella,"Hey Phineas, watch this! I'm jumping clouds! Whee!"
Isabella,"I was gonna go to the pool, you wanna go swimming?"
Isabella,"Quick, across this incredibly fragile rope bridge! (The group runs safely across, then stops at the other side. The colossus attempts to follow them, but the rope snaps under its weight)"
Isabella,"So Phineas, what do you think of the City of Love?"
Isabella,(pointing to the destroyed inator) There it is! That must be where the ray came from!
Isabella,"Hmmm, a fine vintage, but I'm still not satisfied. (Holds up a ""four"" score card.)"
Isabella,"So, how about red velvet... with vanilla frosting?"
Isabella,(wearing a Candace suit) I'm obsessed with Ducky Momo and I'm 16 years old.
Isabella,Phineas! But all I really want for my birthday is-
Princess Isabella,"Doofus Khan, (budges free from the grasp of two warriors) Regent Monogram will have your head!"
Isabella,We're helping Mom's aunt's sister's landlord son.
Isabella,"Ferb, we'll handle it down here! (she fires, hitting a bot) Go help Phineas!"
Isabella,"Darn. It didn't work, Phineas. (Phineas comes out of the costume) What else you got?"
Isabella,Medieval Siege Engine Patch. It was my first one.
Isabella,"Well, for one, the mall closes in twenty minutes."
Isabella,Better eighty-six the gum. It's a choking hazard.
Isabella,It happens. There's not much you can do about it.
Isabella,"Hey, Buford, are you...sweating out of your eyes?"
Isabella,How do you know I won't just go back to Tatooine?
Isabella,"Hold on to something, Ginger! We're almost there!"
Isabella,"Pinky, no! Down! Bad dog. Where are your manners? (Pinky wanders off)"
Isabella,"Wow, Buford had Mongolian barbecue for breakfast?"
Isabella,"But all I did was sneak one tiny, little cupcake!"
Isabella,"I had doubts, but it's pretty awesome, isn't it?"
Princess Isabella,"(Everyone gasps) Ew, who puts armpit hair on a mechanical dragon?"
Isabella,"(chasing after him) No, Buford, you're supposed to be finding Pinky!"
Isabella,(romantically) And butterflies. You always give me butterflies.
Isabella,"Oh! Does that mean we can, uh, go to the movies?"
Isabella,Perhaps your drones could help us untangle this?
Isabella,Wow! Look at that! We may be the only ones left.
Isabella,(overexcited) It's the most extreme batting experience ever!!!
Isabella,"(Whispered) Tomorrow, we should work on Buford's penmanship."
Isabella,I just got my magic patch. Let's try this again.
Isabella,"No, thanks! This Baking Patch ain't for nothin'! (gasps)"
Isabella,"Phineas, where'd you go? You really let me down."
Isabella,That's a very irrational and reckless deduction.
Isabella,"Hey, that sounds like it's coming from my house!"
Isabella,"(A little sadly) Yeah, sure. It's super cool. But I didn't need--"
Isabella,"Yeah, we're working on our broadcasting patches."
Isabella,"Candace, you're not listening to me. You don't—"
Isabella,"Candace, would you like to join Melissa and me?"
Isabella,Isn't that that pretty girl from the math team?
Isabella,She is really serious about getting this patch.
Isabella,You know what would be good? Let's get a snack.
Isabella,"(in her announcer voice) Hockey Z-9! (in her normal voice) Thanks, Dink. Gotta get on the ice!"
Isabella,"Fireside Girls field trip. Um, is Phineas here?"
Isabella,Yeah. I just came by to see whatcha do-- (Hiccups) --ing.
Isabella,"So, why not a hot-air balloon, or a helicopter?"
Isabella,"Candace, can you be on the girls' team with me?"
Isabella,Doesn't matter. They're distracted. Let's move!
Isabella,And that sounds like a hitch waiting to happen.
Isabella,Ooh! That's something we've never built before.
Isabella,Oh no Meap! You lost your translation mustache.
Isabella,"I don't care what it is, the hairdryer is mine."
Isabella,"Now that...was scary. Hey, my hiccups are gone!"
Isabella,(To Candace) Its sweet of you to help us find my mom Ms...?
Isabella,"Sorry, guys. My throat still hurts like crazy."
Isabella,We even did that whole song sequence together?
Isabella,"We should do something about that helmet, huh?"
Isabella,"Yeah, what did happen to your first invention?"
Isabella recording,"Maybe, we should try flattery to win him over."
Isabella,"Hey, Phineas. We got that sap you guys needed."
Isabella,Cool! The first-ever game of lacrosse-country.
Isabella,"Is there something you'd like to say, Adyson?"
Isabella,"Phineas! Hey, Phineas, I need to talk to you!"
Isabella,"Oh, no! What happened? Where did they all go?"
Past Isabella,"Wow, rollercoaster ride, and now this. Bonus."
Isabella,"Well, look on the bright side! (pause) I got nothing."
Isabella,Good thing we're all wearing parachute pants.
Isabella,"So what you're saying is, you think I'm cute?"
Isabella/Buford/Baljeet,Oh no...I mean how could...well I guess it...
Isabella,I sort of gave up when we got to high school.
Isabella,"(lying) Well, I would but this is a new bathing suit."
Isabella,Only whoever holds the handbook should speak!
Isabella,What'cha doin' back from debate camp so soon?
Isabella,"If we don't leave now, we'll lose the Falcon."
Isabella,See? Everything works out when you cooperate.
Isabella,"Hi Phineas. Hi... Ferb? Okay, what'cha doin'?"
Isabella,"(offscreen) Yeah, too bad about the rest of civilization."
Isabella,So what do we do with all these banana peels?
Isabella,Wow! An antique that locates other antiques.
Isabella,"I don't know, it was here just a moment ago."
Isabella,"You know, you really ought to pace yourself!"
Isabella,Our cheese eating contest is about to begin!
Isabella,"Um... (Scoffs, cut to the other girls working on a scale model on a table, continues offscreen) it's...something of a delicate matter."
Isabella,"It's weird that Perry's a secret agent, huh?"
Isabella,If only we could get them down here somehow.
Isabella,See you guys. Thanks Blay'n. Thanks Clewn't.
Isabella,"Buford, I've never seen you so enthusiastic."
Isabella,"Intergalactic Planetary Racing Patch, check!"
Isabella-2,"Okay, so you're not a hat guy. Take it easy."
Isabella,"I'd love to, but actually, I need your help."
Isabella,"Lord, look at the size of that gator! Ha-ha!"
Isabella,Yeah! What was your favorite thing we built?
Isabella,I actually came by to... say goodbye to you.
Isabella,"And remember the rollercoaster, where we..."
Isabella,You could clean up the whole house for her!
Isabella,"You know, there's an ""M"" in ""Time Machine""."
Isabella,"Wow Phineas, it's really beautiful up here!"
Isabella,"Oh, no, he di'n't! Phineas, how can I help?"
Isabella,"What are you doing here, Dr. Doofenshmirtz?"
Isabella,How can I panic when I'm holding your hand?
Isabella,"Hey, Ferb. (Ferb waves with the hammer.) Does your stepbrother ever talk?"
Isabella,"Hey, everybody! My Mom's got hot chocolate! (People cheering)"
Isabella,"Oh, Kelly Clarkson, can you sing us a song?"
Isabella,"Oh, Nana, I'm sorry we ruined the festival."
Isabella,"Yeah, what are those things called, anyway?"
Isabella,Just have one side turn their goats around.
Isabella,Do you want to go through the maze with me?
Isabella,Wrestling an Alligator in a Sewer Patch...
Isabella,(After Candace leaves) Hm… I have to talk to her about her exits.
Isabella,I-I got ya! There you are. Liquid poultry.
Isabella,"So, we, uh, got everything sorted out now."
Isabella,(Candace runs to the other side and lays down her marker as she is chased by Buford and other street toughs.) And Running with the Bullies Patch: check.
Isabella,"He knows it's not really Christmas, right?"
Isabella,Ballooths? Where'd you get ballooths from?
Isabella,"It says... ""Introduce her to someone new."""
Isabella,"So, none of us will remember any of today?"
Isabella,Just vote for a flavor! Who wants vanilla?
Isabella,(looking over the fence) The rest of the tracks lead into the city.
Isabella,No inventions. Are you guys gonna be okay?
Isabella,Didn't you build a fail-safe or something?
Isabella,Why not blast ourselves with anti-gravity?
Isabella,You're right. It was a call for attention.
Isabella,I don't get it. Cheesetopia was just here!
Isabella,"Well, we only have so many folding chairs."
Isabella,I know you were just trying to protect me.
Isabella,"Candace, I didn't know you were a fangirl."
Isabella,What? No! You seriously don't remember me?
Isabella,(looking down) Uh... (she kneels down and picks up a pebble) Guys? Look at where you're standing.
Isabella,"Well, it's nice to have you back, Baljeet."
Isabella,"It's okay, I was about to ask that anyway!"
Isabella,"But Baljeet, if the atmosphere is gone --"
Isabella,"(flirtatious) By the way, Phineas, you were very brave."
Isabella,"Now, let me see if I got this straight..."
Isabella,"So Phineas, whatcha doin'... Up so early?"
Isabella,Really? I thought I was being so obvious!
Isabella,"Hey, farm boy. We're not related, are we?"
Isabella,Thanks for helping me earn my surf patch!
Isabella,"Oh, my goodness, what a cute little tree!"
Isabella,"Here's my ship, the Centennial Chihuahua."
Isabella,"If I just walk backwards, it should work."
Isabella,Exactly how does this capture my essence?
Isabella,"Well, that was impressive. (leaves) See you, guys."
Isabella,"Yeah, before we know it, it'll be autumn."
Isabella,"Aw, because Venus is the goddess of love?"
Isabella,"Oh, right. Okay, I'll see you later then. (leaves)"
Isabella,We have to figure out how to activate it!
Isabella,Oh no! Baljeet! We've gotta go after him!
Isabella,Candace is gonna go lie down for a while.
Isabella,I was so looking forward to Junior High.
Isabella,"Phineas Flynn, welcome to your birthday! (rockets and stars appear on the TV screen)"
Isabella,"Bee-autiful! Prepare for exit, everyone!"
Isabella,Yeah. We don't have a team without Ferb.
Isabella,"Oh, uh, okay. Bye. Thanks for saving me."
Isabella,How will we know when we get to Seattle?
Isabella,(Excited) Great! Meet me downtown in five minutes!
Isabella,"Perfect! Come on, girls! And pharmacist."
Isabella,"Phineas, we're not getting lost, are we?"
Isabella,Everything here is so gray and lifeless.
Isabella,"Phineas, where are the life preservers?!"
Isabella,"Set me up, Shady Joe. I'm feelin' lucky."
Isabella,This'll turn that tin frown upside-down!
Isabella,You're gonna get the bends or something. (Baljeet sighs)
Isabella,"Well, I guess I'll see you in two weeks."
Isabella,"We can add rope swings, secret passages."
Isabella,Are you calling me picky? Respectfully?
Isabella,"No rules? Well, if those are the rules!"
Isabella,"""Thanks."" He really does appreciate me."
Isabella,"Nope, I didn't get any of that footage."
Isabella,"Buford, what's with the lack of effort?"
Isabella,So that would mean the Earth has moved?
Isabella,"Hi, Phineas. Whatcha do... Ph--Phineas? (She hiccups and sees the haunted house and bats flying over it, she then sees something that makes her scream in utter terror)"
Isabella,We've got some droogen strudel to bake!
Isabella,It must be so cool to be in the circus.
Isabella,"Okay, girls. It's time to tap that sap!"
Isabella,Who wants a Concussion First Aid Patch?
Isabella,"Yo, tech support. Got something for ya."
Isabella,Phineas! But what happened to The Beak?
Isabella,"Wow, the periodontal level was awesome."
Isabella,"Well, Phineas, I still like your style."
Isabella,"Remember, girls! Cooperate! Appreciate! (ducks under a thrown log, exclaims)"
Isabella,"So, what's the name of your restaurant?"
Isabella,"Oh my gosh! Buford, what are you doing?"
Isabella-2,"Wait a minute, are you standing sentry?"
Isabella,"Hey Phineas, what'cha doin' over there?"
Isabella/Buford/Baljeet,"Well, no, but...nobody ever told... (sighs) no."
Isabella,"Um, it's a little wordy for a headline."
Isabella,Are you sure we're going the right way?
Isabella,How are we going to round them all up?
Isabella,(pets Perry) Maybe you can teach Perry some tricks.
Isabella,There's the next crop circle up ahead.
Isabella,They're your brothers. They'll listen.
Isabella-2,Can we make those turns at this speed?
Isabella,"So, let's procure the sap for Phineas!"
Isabella,"Phineas, you've only got one butt jet!"
Isabella,I'm not so sure how I feel about that.
Isabella,But we still don't know what it means.
Isabella,"Actually, it's just a giant chameleon."
Isabella-2,Candace has two sets of twin brothers?
Isabella,Huh. Can't argue with logic like that.
Isabella,"Yes, and Ferb. (She gasps as she notices the holograms suddenly sitting on her head. Ferb is reeling in Phineas' head with a fishing pole.) Is there an off switch?"
Isabella,"That's very thoughtful of you, Irving."
Isabella,Ah-buh-bup! We'll talk about it later.
Isabella,"Oh, great. What do you farm boys want?"
Isabella,There he goes. Let the tracking begin. (The girls run after him)
Isabella,"Oh, that must be it. That's it, right?"
Isabella,She's in some sort of holding pattern.
Isabella,Well stop fooling around and let's go.
Isabella,"Great, but I had to double the recipe."
Isabella,"Great, we can still catch the matinee!"
Isabella,"Phineas, don't you leave me! Phineas!!"
Isabella,"Uh, guys? I think you should see this."
Isabella,"So, how are we gonna retrieve my sash?"
Isabella,What if we help set the scene for you?
Isabella,"But, Phineas, Phineas... I LIKE YOU!!"
Isabella,Very funny. So where are you heading?
Isabella,"Yes! I mean, no. no./**Baljeet:** No!"
Isabella,"Oh, no! The Latke Festival is ruined."
Isabella,"(Running with Phineas) Phineas, look, on the umbrella stand!"
Isabella,"Oh, I thought it was someone's phone."
Isabella,Which is clearly a lemonady iced tea.
Isabella,"Yeah, but the movie almost started --"
Isabella,"(sighs) Hey, Phineas? What'cha still doooin'?"
Isabella,There's only 58 seconds 'til sundown!
Isabella,"Less talky-talky, more fighty-fighty!"
Isabella,Why don't you just text or call them?
Isabella,There's no time! We have a job to do!
Isabella,"Oh, no, we're not. Everybody... lean! (They all lean on the port side of the van, causing it to spiral down to the ground. As it lowers, it snaps the wire on Pinky's grappling hook. The van lands successfully on the ground. The Fireside Girls cheer.)"
Isabella,"Then you rock that camp song, Irving!"
Isabella-2,"So, how do I dress in your dimension?"
Isabella,"What was your favorite part, Phineas?"
Isabella,I'll bring it up at the next meeting.
Isabella,"(She is putting on a pair of boots whilst talking to Meap, who is taking mirrors out of a box) Meap, why are you taking the mirrors?"
Isabella,Sounds cool. What'd ya have in mind?
Isabella,"Phineas, what are you talking about?"
Isabella,"(cont'd, offscreen) Picking the cupcake flavor to bring."
Isabella,"""I'm Buford and I like to eat bugs!"""
Isabella,"Ginger, now really isn't the time t—"
Isabella,"Oh, they're adorable! What are they?"
Isabella,"Actually, I'm not wearing a costume."
Isabella,"Fireside Girls, start your pedaling! (The blimp takes off.)"
Isabella,"(cont'd) In D major. And a-one, two, a-three—"
Isabella,"STEAKS! You– you had me at ""steaks."""
Isabella,It's extreme!!! It's EX-TREEEEEME!!!
Isabella,"I'm not gonna buy your hat, Buford."
Isabella,(In her thoughts) I wish for time alone with Phineas.
Isabella,...That was...weird. What happened?
Isabella-2,"Candace? Candace? Come in, Candace!"
Isabella-2,"Y'know, you're not foolin' anybody."
Isabella recording,"Yeah, he's so amazingly smart, now."
Isabella,"We got the device, but it's broken!"
Isabella,Mount Haggenhuge? (no response) Mount Haggenhuge?
Isabella,I'll help with the super structure.
Isabella,Wait! Grubs! Platypuses love grubs!
Isabella,There's too many of them! PHINEAS!! (The platypuses attack Isabella and Baljeet.)
Isabella,"Hey, Iggy, these s'mores are great."
Isabella,"Come on, girls! Let's hit the pool!"
Isabella,So you built the Statue of Liberty?
Isabella-2,"Alright, everybody! Go go go go go!"
Isabella,I can't wait for Phineas to see it!
Isabella,"Come on Melissa, lets get you home. (She guides Melissa away.)"
Isabella,(dreamily) Ah... the magic of digital editing.
Isabella,Wow. Isn't that kind of impossible?
Isabella,"Check it out, Pinky, your favorite."
Buford/Isabella/Baljeet,"Oh, me!/Me, me, me!/Me, me, me!/Me!"
Isabella,"Well, that's nice, Phineas, but I--"
Isabella,"(a bit scared) Phineas, are you sure this is safe?"
Isabella,Oh. Yeah. I had a big crush on you.
Isabella,(present day) I don't want that to happen to you.
Isabella,"Well, at least we're out of danger."
Isabella,"Great! Come on, let's check it out!"
Isabella,All systems go. Commence countdown.
Isabella,"You had me at ""our grandchildren."""
Isabella,"But Phineas, what about the curse?"
Isabella,Really? Do you remember any of it?
Isabella,"This is about the plane, isn't it?"
Isabella,This fog is making my hair frizzy!
Isabella,Why? To make sure it's newsworthy?
Isabella,So... which side has the restroom?
Isabella,"This was the best ride ever, guys."
Isabella,"Good morning, Perry. Whatcha doin?"
Isabella,"Yes, like, four times today alone!"
Isabella,"Thank you for the lemonade, Rusty."
Isabella,"Thanks, guys. It was a lot of fun."
Isabella,"That's impossible! Right, Baljeet?"
Isabella,"No, no, I've never seen a unicorn."
Isabella,You guys are gonna need some help. (Whistles; the Fireside Girls appear to help)
Isabella,"Hey, guys, the crowd is loving it!"
Isabella,"But, Phineas, I keep tellin' you--"
Isabella,"(romantically) Wow, Phineas! This is so romantic!"
Isabella,I think our guest should go first.
Isabella,"Hey, I wonder where they're going."
Isabella,"(fanning herself) Wait, did you say ""luge the heat""?"
Isabella,"Well, that's what friends are for."
Isabella,"Hey, Phineas, you guys were great."
Isabella,River?! How big is this basement?!
Isabella,Give me one of your roller-skates.
Isabella,"Seems counter-intuitive, but okay."
Isabella,"Always go for the long shots, kid."
Isabella,"Cut me off a slice of that action,"
Isabella,Maybe it was a different platypus.
Isabella,"Oh boy, it's worse than I thought."
Isabella,"Right this way to your table, sir."
Isabella,We could talk about our feelings. (Pause)
Isabella,We're not using the flamethrower.
Isabella,"Fireside Bees, follow your noses!"
Isabella,"A wrench, (affecting the King's English) with an English accent."
Isabella,Aren't you gonna need a pit crew?
Isabella,(pulls the two brothers onto the ship) Move it! We gotta get outta here!
Isabella,"Guys, out of time! How's the net?"
Isabella,"If I leave, I am not coming back!"
Isabella,But how? It's in Pinky's stomach!
Isabella,"(Dreamily) Hi, Phineas. I got your pit crew."
Isabella,"Buford, why are there so... many?"
Isabella,"Wow, he's really selling it hard."
Isabella,"Hey, Phineas. What'cha doooooin'?"
Isabella,"Yeah, it was really, really nice."
Isabella,"(acting, sounds a bit sad) Yeah, it's how he doesn't say it."
Isabella,We could formally begin courting.
Isabella,We can sew up some arty costumes.
Isabella,I know. They're driving me crazy. (Hiccups)
Isabella,Why are you guys walking so slow?
Isabella,"Wow, it's like I'm seeing double."
Isabella,Yeah! We can definitely do that.
Isabella,Whoa! This might be the big one!
Isabella,"Speaking of pets, where's Perry?"
Isabella,Quick! Throw the life preserver!
Isabella,Or a scratching post for... HEY!
Isabella,"Yeah, we can definitely do that."
Isabella,"(walks up with her dog) Hi, Phineas! You remember Pinky."
Isabella,"Hey, Phineas. What'cha dooooin'?"
Isabella,Enough! We have to get upstairs!
Isabella,"Okay, Phineas, we're good to go!"
Isabella,"Hey, Phineas! What'cha dooooin'?"
Isabella,"Ugh, do I even need to be here?!"
Isabella,I got it at the Googolplex Mall.
Isabella,"If by ""weird"" you mean ""dreamy""."
Isabella,The power transformer is online.
Isabella,"Hey, everybody. This is Melissa."
Isabella,"Still a man of few words, I see."
Isabella,"Gretchen, you have the controls."
Isabella,(Pulls out a map) Would this map she sent me help?
Isabella,"Well, that's unfortunate timing."
Isabella,"Or, we could hit it with a rock. (She throws a stone at the glass and it shatters)"
Isabella,"Hey, Candace. What'cha dooooin'?"
Isabella,"and **Buford**: ""And Baljeet's""?"
Isabella,Sounds fun! What do you call it?
Isabella,"Ain't that how it works, Buford?"
Isabella,It's not as cute when you do it.
Isabella,"Hold on, this is gonna be rough!"
Isabella,Cool! Gravity or tension spring?
Isabella,"Candace, how are you doing that?"
Isabella,"(enters) Hey, Phineas. What'cha dooooin'?"
Isabella,"Thanks for coming back, Phineas."
Isabella,I'm not in this to make friends.
Isabella,Great! How's that sling comin'?
Isabella,Hey Phineas! What'cha dooooin'?
Isabella,"(she walks up the driveway while Candace rides off on her bike.) Hey, Candace. Is Phineas… home?"
Isabella,No! I mean I like-you like you!
Isabella,"Hi, Phineas. What'cha dooooin'?"
Isabella,It says they don't corner well.
Isabella,"Well, no wonder he disappeared."
Isabella,"What did you wish for, Phineas?"
Isabella,"Gentlemen, start your engines!!"
Isabella,Aaah! (grunting) Got...to...Go! (She presses the button successfully but still transforms and grunts) Lots of...
Isabella,(As Melissa boards the Little Sparks bus) Bye Melissa. See you next week.
Isabella,We can't show these to Phineas.
Isabella,(happily) Sounds exciting! (concerned) And dangerous!
Isabella,"Well, water neutralizes static."
Isabella,Hurry! There's no time to lose!
Isabella,The emissaries are here! Mitzy!
Isabella,"Sorry about the betrayal, guys."
Isabella,"Well Phineas, awesome as usual!"
Isabella,"Whaddya think, Fireside Girls?"
Isabella,"Well, that was worth the wait."
Isabella,I guess that's it. Fun's over.
Isabella,(fist bumping Adyson) That's what I'm talkin' about!
Isabella,I love you! (chuckles) I'll call! (She gets her wallet out and something drops out of it.) Whoops. (She picks it up to reveal a picture of Phineas.)
Isabella,Klimpaloon! Yay! We found him!
Isabella,"(cont'd, offscreen) I guess I can run the meeting."
Isabella,"(rubs off the ""planet"" to reveal it's just dirt) Yeah, your planet's over here."
Isabella,Ugh! Let's get this over with!
Isabella,I know. What's that all about?
Isabella,You're gonna leave me again?!?
Isabella,Volcano!! (slides down a palm tree) We need to move now! (She grabs Phineas and Ferb as the bubbles take the shelter away with it.)
Isabella,"It's getting a little ""rainy""."
Isabella,"Oh, that's probably me. Sorry."
Isabella,"Hi, Phineas. What'cha doooin'?"
Isabella,"What are we gonna do, Phineas?"
Isabella,"(scores) ...to score like that, Buford?"
Isabella,"(screams) Exterra, you're our only hope!"
Isabella,What else could we do to help?
Isabella,(walks in with a wilted bamboo in her hand) Hey Phineas! What'cha dooooin?
Isabella,"(Walking into the backyard) Hi, Phineas! What'cha doooin'?"
Isabella,Sounds like he's still hungry.
Isabella,It's like a normal pogo stick.
Isabella,"Son of a patch! (the handbook is shot to the wall, and this infuriates Isabella) **That's it!**"
Isabella,"Hi, Phineas. What'cha doooin'?"
Isabella-2,"Sir, we're nearing the target."
Isabella,"Phineas, did you find Candace?"
Isabella,"Steve! Steve, where are you?!"
Isabella,Hit me with your bounce shot! (She gets zapped.)
Isabella,(bumps Baljeet) I'm going for my bumper patc— (gets bumped by Ferb)
Isabella,I feel alive! So alive! Whee!
Isabella,"Hey, Phineas! Whatcha' doin'?"
Isabella,"Wow, Phineas! Another strike!"
Isabella,Phineas! No! Don't touch him!
Isabella,"Okay, the camera's all ready!"
Isabella,"Oh no! Bummer, I have a flat!"
Isabella,"Whatcha do—Oh, it's just you."
Isabella,"Hi, Phineas! What'cha makin'?"
Isabella,It's because of the humidity!
Isabella,"Well, I'll go after him then."
Isabella-2,Pinky! (she hugs him) Good to have you back! (kisses him)
Isabella,Who wants to play volleyball?
Isabella,"Hey, Buford. Where's Baljeet?"
Isabella,"Hey, Phineas. Whatcha eatin'?"
Isabella,"(As she walks into the backyard) Hey, Phineas? What'cha doin'?"
Isabella,"Just believe we can, Candace!"
Isabella,Let's see what else I've got.
Isabella-2,"What do you mean, ""suddenly""?"
Isabella,(flirtatiously) I bet you'll get a bulls-eye.
Isabella,That doesn't even make sense!
Isabella,Well what are we waiting for?
Isabella,"Oh, Russell, like the leaves."
Isabella,"(sadly) Hey, Candace. What'cha doin'?"
Isabella,I've never heard that phrase!
Isabella,"So, how does this work again?"
Isabella,Of course! Wouldn't miss it!
Isabella,"Hey, isn't that your sister?"
Isabella,They're watching grass grow.
Isabella,"Hey, Phineas. Whatcha doin'?"
Isabella,"Hey, Phineas. Whatcha doin'?"
Isabella,They're trashing everything!
Isabella,Why didn't he just say that?
Isabella,"That's pretty good, Baljeet."
Isabella,I thought the last two were.
Isabella,"Hey, Phineas! Whatcha doin'?"
Isabella,Come on! We're almost there!
Isabella,"Is that everything, Phineas?"
Isabella,"Hey Phineas, what'cha doin'?"
Isabella,(Interrupting Phineas) Or we could have a car wash!
Isabella,"Hey, Phineas; Whatcha doin'?"
Isabella,Would you like some peanuts?
Isabella,"(enters) Hi, Phineas! What'cha doin'?"
Isabella,"You'd better hurry, Phineas!"
Isabella,Of course! Wouldn't miss it!
Isabella,"Hey, Phineas! Whatcha doin'?"
Isabella,"Oh, that's what it's called!"
Isabella,Buford and Baljeet are tied!
Isabella,"Hey, Phineas. Whatcha doin'?"
Isabella,Phineas? (She gets out of the car) What are you doing?
Isabella,"Hey, Phineas. Whatcha doin'?"
Isabella,I don't know how to do that!
Isabella,"(offscreen) Hey, Phineas, whatcha doin'?"
Phineas and Isabella,"Steve? Steve, where are you?"
Isabella,"(dreamy voice) Hi, Phineas. What'cha doin'?"
Isabella,"Hey, Phineas. Whatcha doin'?"
Isabella,"Yeah, that's one mean gator."
Isabella,Nice! Now to get it toasted!
Isabella,Isn't that kinda impossible?
Isabella,"Hey, Phineas! Whatcha doin'?"
Isabella,Never getting that day back.
Isabella,I know exactly how you feel.
Isabella,I can't believe that worked!
Isabella,"Ready when you are, Captain."
Isabella,"Hey, Phineas! Whatcha doin'?"
Isabella,"(She, alongside Ginger and Holly of the Fireside Girls enter the front door of the house looking sad, while she shakes the rain drops off of her umbrella.; sad voice) Hey Phineas. What'cha doin'?"
Isabella,I got my missing Mindy doll.
Isabella,(looking through binoculars) Senior-service patch: Check.
Isabella,"Okay, girls, star formation!"
Isabella,"Hey, Phineas! Whatcha doin'?"
Isabella,"...trying to help, Phineas."
Isabella,Glad we got outta that one!
Isabella,That sounds just like Ferb!
Isabella,"Yeah, but these eyes blink!"
Isabella,(saunters past) You don't wanna drink that.
Isabella,They're headed for a cliff!
Isabella,That's what he almost said.
Isabella,"HI Phineas, what'cha doin'?"
Isabella,(placing objects between Candace's toes) What if they can't get out?
Isabella,"Hi, guys. What'cha doooin'?"
Isabella,"(sadly) Hi, Phineas. Whatcha doin'?"
Isabella,All in favor of red velvet?
Isabella,"Girls, you know what to do!"
Isabella,"Come on, guys! We gotta go!"
Isabella,She made us come over here.
Isabella,Hey Phineas. Whatcha doin'?
Isabella,But he never says anything.
Isabella,"Hi, guys. Where ya goooin'?"
Isabella,Are you describing a couch?
Isabella,"Oh, would you look at that."
Isabella,I'm going to miss you guys!
Isabella,Good. Then let's get going!
Isabella,"Well, well, well, Han Solo."
Isabella,Hey Phineas. Whatcha doin'?
Isabella,(panicked) You can't see us like this!
Isabella-2,"Alright girls, release 'em."
Isabella,Hey guys. What'cha doooin'?
Isabella,A huge chameleon footprint.
Isabella,That was the most fun ever!
Isabella,"Hey. (chuckles nervously) So, er, whatcha doin'? (chuckles again)"
Isabella,We can wait till it rains.
Isabella,"You've got this, Isabella!"
Isabella,I know whose ship that is.
Isabella,Yeah. Just a little foggy.
Isabella,Power Hitter Patch: check!
Isabella,"Eh, I've waited this long."
Isabella,"(dryly) Stand down, Fireside Girl."
Isabella,"Hi Phineas, what'cha doin?"
Isabella,"Well, he may have a point."
Isabella,"Yeah, Phineas is a genius."
Isabella,"(takes the tablet) Ooh, what about a western?"
Isabella,"Wow, animation is so easy."
Isabella,I think it's cupcake time!
Isabella,"Uh, it's about this patch."
Isabella,(enraged) He's more than a triangle!
Isabella,"Stand down, Fireside Girl."
Isabella,"Come on, come on, come on!"
Isabella,Phineas! Phineas! Phineas!
Isabella,"Hey, guys! What'cha doin'?"
Isabella-2,So much for our ride home.
Isabella,I did not see that coming!
Isabella,Anything I can do to help?
Isabella,"Hey, guys, what'cha doin'?"
Isabella,The very thing I live for.
Isabella,"Really? Thank you, Africa!"
Isabella,"They're all so, beautiful."
Isabella,"Hey, guys, what'cha doin'?"
Isabella,(They approach the top of the temple. The corn colossus is still in hot pursuit of the group) Running out of steps here!
Isabella,It doesn't look very safe.
Isabella,AAAAHHHHH!!! We're doomed!
Isabella,(Runs off) Great! I'll be right back.
Isabella,"How's it lookin', Phineas?"
Isabella,"So, there aren't any left?"
Isabella the Good Witch,Right there... on Candace.
Isabella,He's bound to notice that.
Isabella,Race ya to the front-line!
Isabella,Look! It's Amelia Earhart!
Isabella,"That was awesome, Phineas."
Isabella,"Ooh, that sounds like fun."
Isabella,"(giggles) No, really. Whatcha doin'?"
Isabella,"Aye, aye, captain Phineas."
Isabella,Hi Phineas! Whatcha doin'?
Isabella,"Hey, guys! What'cha doin'?"
Isabella,"Hey, guys! Whatcha doin'?"
Isabella,"Okey-Dokey! (At Fireside Girls) Ready, girls?"
Isabella,"Phineas, Pinky's missing!"
Isabella,"Hey, guys. Whatcha doin'?"
Isabella,"No, but I'd sure like to."
Isabella,I've never moved so fast!
Isabella,"You don't understand, I--"
Isabella,I think I hear their car!
Isabella,For us to shine together.
Isabella,(in Buford's earpiece) What do you see in there?
Isabella,(Taps the x-ray glasses) Looks like they're ready. (Hands them to Phineas)
Isabella,"Hey Mitch. (Mitch turns around. Isabella also turns around, though she is surrounded with a pink flashing aura) Whatcha doin'? (The last syllable echoes in the chamber)"
Isabella,I think Buford found him!
Isabella,What is it? What's wrong?
Isabella,"Great, let's get started!"
Isabella,Wait. What's this button?
Isabella,They're only superheroes.
Isabella,I can't get a clear shot.
Isabella,"I gotta go. Bye, Phineas. (She leaves.)"
Isabella-2,"It's all the way in, sir!"
Isabella,"How's it comin', Phineas?"
Isabella,Where have you guys been?
Isabella,"Hey, guys! Whatcha doin'?"
Isabella,Oh no! Road construction!
Isabella,"Oh, good, you found Biff! (Screams)"
Isabella,But what about the party?
Isabella,"Oh, hello, Ferb. Phineas."
Isabella,"(sighs) Eh, the Wookiee is right. (she leaves)"
Isabella,Why? You're on a... roll! (evil laugh)
Isabella,"Hi, guys. What'cha doin'?"
Isabella,What does that even mean?
Isabella,"(uncapping a marker) Well, I'm glad you asked."
Isabella,"Okay, I got her. Yee-haw!"
Isabella,"Coincidentally, we're in."
Isabella,"Oh, okay. What'cha doin'?"
Isabella,Forty-two point one six!
Isabella,(In a slightly annoyed tone) Close enough. I'm on it.
Isabella,I'm going back for them!
Isabella-2,"We're slowing down, sir!"
Isabella,"I'll miss you, too, Mom!"
Isabella,"Oh, no! What's going on?"
Isabella,We gotta get outta here!
Isabella-2,The motor's overheating!
Isabella,"Hi, Mrs. Flynn-Fletcher."
Isabella,"Oh, wow! Huh-huh. Artsy!"
Isabella,Glad I was able to help.
Isabella,WOULD YOU STAY FOCUSED?!
Isabella,"All right, ladies! Lean!"
Isabella,"Hi, Mrs. Flynn-Fletcher."
Isabella,(referencing the invention) Looks pretty mega to me!
Isabella,I know. Don't remind me.
Past Isabella,"That was great, Phineas."
Past Isabella,You guys coming or what? (drinks soda)
Isabella,It's a figure of speech!
Isabella,"Thanks so much, Candace!"
Isabella,"Hey, guys! Watcha doin'?"
Isabella,Hey guys. Whatcha doin'?
Isabella,Dance patches we've got!
Isabella,What was that all about?
Isabella,"Aww, that's so romantic!"
Isabella,"Phineas, please help us."
Isabella,"Quick, everyone! Sashes!"
Isabella,You're right. But where?
Isabella,I've got a mountain yam.
Isabella,We also have sleepovers!
Isabella,They look just the same.
Isabella,"Woo hoo, that was great."
Isabella,"Hey, Phineas. What's up?"
Isabella,Look. There's the chest.
Isabella,Are you sure about this?
Isabella,Hi guys. Whatcha doin'?
Isabella,I think it's beautiful.
Isabella,Hi guys. Whatcha doin'?
Isabella,(sighs) What might have been...
Isabella,I wish I had my camera!
Isabella,"I'm getting tired, too!"
Isabella,Hi guys! Whatcha doin'?
Isabella,You got all that from (imitates C-Suit)?
Isabella,Hi guys. Whatcha doin'?
Isabella,How do you say goodbye?
Isabella,For the longest time...
Isabella,"Hey, Phineas! Hi, Ferb!"
Isabella,Really? That's so cool!
Isabella,Do you think he's okay?
Isabella,Wow! We're really tiny!
Isabella,"The sooner, the better!"
Isabella,Quick! Back to my ship!
Isabella,Well...where are yours?
Isabella,(runs back a final time) Who am I telling again?
Isabella,"Again? Cool. (At Ferb) Hey, Ferb!"
Isabella,Hi guys! What'cha doin?
Isabella,Hmm. What'cha eaaatin'?
Isabella,Leave my friends alone!
Isabella,The glasses work great!
Isabella,This... is... AWESOME!!
Isabella,Hey guys. Whatcha doin?
Isabella,"(offscreen) Well, this is the spot."
Isabella,That was great Phineas!
Isabella,So when's it gonna pop?
Isabella,Do you smell Pinky yet?
Isabella,"Cooperate, you animals!"
Isabella-2,Don't you remember me?
Isabella,Oh! It's wearing off!! (screams)
Isabella,No doubt. What's that?
Isabella,But how do we do that?
Isabella,Of course! Watch this. (Presses play)
Isabella,"Well, that's just sad."
Isabella,"Well, that's a bummer!"
Isabella,You're going to Paris?
Isabella,"Oh, I hope it's Pinky!"
Isabella,"(awkwardly) Oh, um, heh-heh, sure!"
Isabella,Picked out a favorite?
Isabella,(suddenly standing next to Phineas) Do you need some help?
Isabella,"Aw, he found a friend."
Isabella-2,What's he doing here?!
Isabella-2,"Pinky, I just wanna..."
Isabella,Where should we start?
Isabella,Where's everyone else?
Isabella,"(lovelorn) Phineas! (normally) Hey, Phineas."
Isabella,All systems are green!
Isabella,(cntd) (Candace and Linda are coming up the stairs) She's getting closer!!
Isabella,"""Old abandoned"" twice?"
Isabella,"Hey, that's our stuff!"
Isabella,Phineas! Do something!
Phineas and Isabella,"Steve, where are you?!"
Isabella,I'm feeling the ozone!
Isabella,Let's get to the ship.
Isabella,Did you order a pizza?
Isabella,But not enough power!
Isabella the Good Witch,"Well, listen to this."
Isabella,That was so much fun.
Isabella,He's just over there.
Isabella,What are we gonna do?
Isabella,I can't hold on! (She falls.) Aah!
Isabella,"Well, I guess I'm up. (walks to the gate)"
Isabella,Phineas is The Beak?!
Isabella,And air conditioning.
Isabella,"(indignantly) Tick-tock, tick-tock!"
Isabella,"In your face, Buford! (Sniffles)"
Isabella,You'd do that for me?
Isabella,(She hugs Phineas) You guys are amazing!
Isabella,Where's he taking us?
Isabella,(on radio) ...you're good to go!
Isabella-2,There's a flying one!
Isabella,Bumper cars that fly!
Isabella,O...kay....why Steve?
Isabella,"Well, there they are."
Isabella,Yes! Very cool! Ferb.
Isabella,"Hi, Perry! Can I try? (scratches Perry's neck and the baseball is catapulted out of the yard)"
Isabella,(romanticizes) He trusts me... (leans over the lever and transports her in time) Oops!
Isabella,How did we miss that?
Isabella,A giant Whack-a-Pest!
Isabella,Looks pretty rickety.
Isabella,Wow! She looks scary!
Isabella,Where have you been?
Isabella-2,Pinky! You're alive!
Isabella,Then... who is this?
Isabella,Cool! Can I ride it?
Isabella,First time in space?
Isabella,We're already on it.
Isabella,He's a living thing!
Isabella,Candace! Be careful!
Isabella,Get down from there!
Isabella,What was that about?
Isabella,How'd you land that?
Isabella,"(angrily) Hey, whatcha doin'?!"
Isabella,"(Sighs, romantically) Yeah, it's so acute!"
Isabella,"Sure, Phineas. (she lifts her ride upward) Whee!"
Isabella,"Be careful, Baljeet!"
Isabella,"Phineas, that's you!"
Isabella,What does that mean?
Isabella,Thank you very much.
Isabella,This sounds serious.
Isabella,"Nice hat, Mr. Flynn."
Isabella,"Strangely, still no. (She leaves them.)"
Isabella,He's like a new man!
Isabella,"You do you, Candace."
Isabella,(runs back) Where's it gonna be?
Isabella,"Yes. Yes, we should."
Isabella,"Who's that, Phineas?"
Isabella,(surprised) To the City of Love?
Isabella,"(Giggles) Right this way, sir."
Isabella,(Annoyed.) I need a new pencil.
Isabella,How did you do that?
Isabella,Whoa! Whatcha doin'?
Isabella,What'cha doooooin'?
Isabella,"Wow, that was fast!"
Isabella,(looks to the other side to see Thaddeus and Thor building their fort) What are you doing?
Isabella,Fire**side** Girls.
Isabella,"Girls, sashes! Now!"
Isabella,"Hi, Fireside Girls."
Isabella,"All right, Phineas!"
Isabella,(to herself) That's not like me.
Isabella,Origami mech suits?
Isabella,"Well, actually, I –"
Isabella,"Hey, where's Pinky?"
Isabella,(whispering) I think we lost it.
Isabella,Not by a long shot.
Isabella,Did anybody see it?
Isabella-2,"Aw, that's so cute!"
Isabella,"Yeah, that was fun."
Isabella,Ahhhhhhhhhhhhhhh!!!
Isabella,(runs back) Wait! At what time?
Isabella,No. No you weren't.
Isabella,"Thank you, Phineas!"
Isabella,"Um, Phineas? I, uh—"
Isabella,I ran out of shoes. (lifts up her gown to reveal she is now barefoot)
Isabella,"This way, everyone!"
Isabella,(At the camera) He is so hard-core!
Isabella,Whoops! (separates the eyes) How's this?
Isabella,"No, sudden death!!!"
Isabella,"Uh, Major Monogram?"
Isabella,What's Rochambeau?
Isabella,What's happening?!
Isabella,"Great job, Adyson!"
Isabella,"(as she, Buford, and Baljeet raise their hands) We are, of course."
Isabella,What'cha dooooin'?
Isabella,(unimpressed) Just a pogo stick?
Isabella,"Phineas, use this! (Tosses the Emotional Bravery Patch to him.)"
Isabella,"Yeah, why is that?"
Isabella,You guys amaze me.
Isabella,What'cha dooooin'?
Isabella,New Baljeet rocks!
Isabella,Glad I could help!
Isabella,How do we stop it?
Isabella,(Walks up) What's the matter?
Isabella,What'cha dooooin'?
Isabella-2,How do we do that?
Isabella,Thanks. (to Buford and Baljeet) Gentlemen.
Isabella,"Hi, Mrs. Fletcher."
Isabella,You're a good boy!
Isabella,Who's a good boy?!
Isabella,"Hey, where's Ferb?"
Isabella,"(sarcastically) Gee, I don't know."
Isabella,And where's Pinky?
Isabella,Let's do that one!
Isabella,Is that a volcano?
Isabella,Hey! Put him down!
Isabella,Mount Kilimanjaro?
Isabella,"Uh, guys, I'm out!"
Isabella,"Mom, what's wrong?"
Isabella,Woo! Woohoo! Yeah!
Isabella,Let's get Baljeet.
Isabella,(dryly) Not active enough.
Isabella,Who's a good boy?!
Isabella,"On my mark, guys!"
Isabella,"Wow, it's pretty."
Isabella,"Sooo, what is it?"
Isabella,You were amazing!
Isabella,What's your name?
Isabella,That was amazing!
Isabella,What's happening?
Isabella,Don't look at me.
Baljeet and Isabella,"No, Buford, wait!"
Isabella,"(looking at Doofenshmirtz) Oh, he's so cute!"
Isabella,(approaches to them) What'cha doooin'?
Isabella,That was awesome.
Isabella,You're a poacher!
Isabella,"Look, look, look!"
Isabella,What did you say?
Isabella,"Oh, and Ferb too!"
Isabella,What did you say?
Isabella,(offscreen) What'cha doooin'?
Isabella,I regret nothing!
Isabella,"Hey, what's that?"
Isabella,How can you tell?
Isabella/Buford/Baljeet,"Pretty much, yes!"
Isabella,We're on our way! (She parks the blimp and the Fireside Girls slide down the ladders.)
Isabella-2,"Alright, fan out! (Isabella-2 runs up to Pinky the Chihuahuaborg.)"
Isabella,That was awesome!
Isabella,Totally worth it.
Isabella,In your backyard?
Isabella,"Phineas, help us."
Isabella,Nope. 'Fraid not.
Isabella,I-- (Hiccups) g-g-guess so.
Princess Isabella,Regent Monogram!
Isabella,(offscreen) Let's take five.
Isabella,Just go with it.
Isabella,Mend the fences!
Isabella,Phineas! Ah! No!
Isabella,"Okay, Candace..."
Isabella,(on the driveway) Ready spaghetti!
Isabella,What's he doin'?
Isabella,Totally awesome!
Isabella,Hey what's that?
Isabella,(out loud) Never mind! Now!
Isabella,Oh my gosh! Wow.
Isabella,"Yes. Yes, it is."
Isabella,What will we do?
Isabella,Hold on Melissa.
Isabella,Don't be a fool!
Isabella,Sounds like fun.
Isabella,What's an aglet?
Isabella,"See ya, Candace!"
Isabella,Sorry. No rules.
Isabella,Covered in soup.
Isabella,How do we do it?
Isabella,Your mom's ring!
Isabella,How do you mean?
"Phineas, Ferb, Baljeet, and Isabella","Hi, Carl's dad!"
Isabella,I'm right here.
Isabella,(bounces) Let's go! (lands on the roof of the Flynn-Fletcher house) Cool!
Isabella,Who's that guy?
Isabella,What'cha doin'?
Isabella,(enters) What'cha doin'?
Isabella,It's beautiful.
Isabella-2,Apparently not.
Isabella,You don't mean—
Isabella,I have no idea.
Isabella-2,(tough voice) What'cha doin'?
Isabella,Awberry-Strerb.
Isabella,(pulls him in) Good. (she kisses him and Phineas faints in a daze) Mmmmmwah!
Isabella,I've been busy.
Isabella,I don't...um...
Isabella,Here they come!
Isabella,(acting) Yes. Yes it is.
Isabella,This afternoon.
Isabella,You guys ready?
Isabella,That's awesome!
Isabella,"Wow, he's good!"
"Phineas, Isabella, Buford, Baljeet, Vivian",Happy New Year!
Isabella,"C'mon, Baljeet!"
Isabella,She needs help.
Isabella,Um... I'm good.
Isabella,(offscreen) Needs more ice!
Isabella,That's so cute.
Isabella,"(also going after him) Dangit, Buford!"
Isabella,"Sorry, Candace."
Isabella,"No, not lately."
Isabella,What'cha doin'?
Isabella,What'cha doin'?
Isabella,"Ready, Candace?"
Isabella,(Humbly) I'm syndicated.
Isabella and Baljeet,"(as flight attendants, direct everyone inside; in two different tones, switch in the third saying) Welcome aboard. (3x)"
Isabella,Let's do this!
Isabella-2,(skating past Candace-2) On your right!
Isabella,(gestures to Phineas and Ferb) And this is --
Isabella,Whatcha doin'?
Isabella,Whatcha doin'?
Isabella,Phineas! Aaah!
Isabella,What's it for?
Isabella,"(on bullhorn) Plan B, girls!"
Isabella,Whatcha doin'?
Isabella,Whatcha doin'?
Isabella,I got nothin'!
Isabella,I'm all right.
Isabella,Whatcha doin'?
Isabella,It's a twofer!
Phineas and Isabella,Yeah! Woo-hoo!
Isabella,Yippee-ki-yay!
Isabella,"Oh, Phineas..."
Isabella,Get 'em girls!
Isabella,What are they?
Isabella,"Oh, good idea. (UFO takes off)"
Isabella,What was that?
Isabella,"(on phone) Okay, Baljeet!"
Isabella and the Fireside Girls,"Leeeeaaaannnn! (they all slam against the side of the bubble and it swerves, avoiding the power lines. Everyone cheers)"
Isabella,Whatcha doin'?
Isabella,(forcing a smile) Sure. No prob.
Isabella,"Oh, no bother."
Isabella,Still looking.
Isabella,Sure. No prob.
Isabella,Sure. No prob.
Isabella,What'cha doin?
Isabella,Already on it.
Isabella,Just trust me!
Isabella,Whatcha doin'?
Isabella-2,Do I know you?
Isabella,This is great!
Isabella,"Beak, save me!"
Isabella,Mount Everest?
Isabella,"Oh, Phineas..."
Isabella,Whatcha doin'? (Sneezes)
Isabella,"So then, what?"
Isabella,Whatcha doin'?
Isabella,Fireside Girl!
Isabella,It's personal.
Isabella,"Sure, Phineas. (leaves)"
Isabella,Whatcha doin'?
Isabella,She's crying!
Isabella,Well I'm out.
Isabella,Are you okay?
Isabella,Oh. My. Gosh.
Isabella,Oh Phineas...
Phineas and Isabella,Whoa! Woohoo!
Isabella,"(she walks into the backyard; hearts in eyes) Hey, Phineas."
Isabella,Where's Ferb?
Isabella,Just breathe.
Isabella,They're here!
Isabella,What is that?
Isabella,Are you done?
Isabella,"Hit it, Carl!"
Isabella,"(Parachuting down from the helicopter) Hey, Candace!"
Isabella,"Yes, you are!"
Isabella,(singsong) She's coming!
Isabella,"Yes, you are!"
Isabella/Fireside Girls,Wow! Amazing!
Isabella,You got this!
Isabella,"Hey, Phineas."
Isabella,He licked it.
Isabella,"Yes, you are!"
Isabella,It's working!
Isabella,"Phineas, go!"
Isabella,That's nice.
Isabella,Who is this?
Isabella,"(walks in) Hi, Phineas."
Isabella,"(Walks up; dreamy look and voice) Hi, Phineas."
Isabella,"Hi, Phineas."
Isabella,Whatcha do-- (Hiccups)
Isabella,Where is he?
Isabella,Nice hustle. (She and Gretchen walk inside.)
Isabella,I heard you.
Isabella,"Hi, Phineas."
Isabella,"Uh, Phineas?"
Isabella,For a price.
Isabella,Upside-down?
Isabella,What's that?
Isabella,"Baljeet, in!"
Isabella,Kinda small.
Isabella,(confused) Both of you?
Isabella,Thanks guys!
Isabella,Abracapocus!
Isabella,"(dreamy look and voice) Hi, Phineas. (Walks up to him)"
Isabella,"Wow, chatty."
Isabella,No no! Wait!
Isabella,Astonishing!
Isabella the Good Witch,You bet'cha!
Isabella,Love Händel?
Isabella,There it is!
Isabella,(running with sticks like a crazy person) More sticks!
Isabella,"(firm) Girls, stop!"
Isabella,"Oh, Phineas! (laughs)"
"Phineas, Isabella, Buford, and Baljeet","Hi, Candace."
Isabella,(At Doofenshmirtz) Here you go! (She gives him the amulet and her map)
Isabella,That's Meap?
Isabella,Wha...Howdy?
Isabella,"Oh, Phineas!"
Isabella,Have a seat.
Isabella,What's that?
Isabella,Wait for it.
Isabella,"Hey, Buford."
Isabella,(Said in the same manner as her catchphrase) Juatchadoon?
"Phineas, Isabella",Could it be?
Isabella,Was it hard?
Isabella,You got it!
Isabella/Baljeet/Buford,(clamoring) Me! Me! Me!
Isabella,Me neither.
Isabella,What color?
Isabella,Phineas...?
Isabella,She's good.
Isabella,(She appears at the entrance) Hi Phineas-
Isabella,Can I come?
Isabella,"Wait, what?"
Isabella,Is this it?
Isabella,"Whoa! (She falls off City Hall and screams, barely grabbing onto the edge of the building as her camera plummets to the sidewalk.) Help!"
Isabella,But what I-
Isabella,You got it! (She rushes to trees and looks with her binoculars; birds squawking)
Isabella,We made it!
Isabella,(At Ohio and Rhode Island) Sorry boys.
Isabella,Wait. Look!
Isabella,Reality TV!
Isabella,"Hi, Gretch!"
Isabella,Go! Go! Go!
Isabella,"Mmm, minty."
Isabella,You betcha.
Isabella,(into her earpiece) Roger that! (opens gate and walks in)
Isabella,Blue cargo.
Isabella,Can I help?
Isabella,"(over the WDTVA logo) Boy, howdy!"
Isabella,"Yo, doggie!"
Isabella,"(Western drawl) Boy, howdy!"
Isabella,(she wrote this down) You got it!
Isabella,"(angrily) Um, hello?!"
Isabella,Great idea!
Isabella,And pianos.
Isabella,"Yeah, wow."
Isabella,He's cute!
Isabella,Excuse me?
Isabella,(a little nervously) Um...okay.
Princess Isabella,Party now?
Isabella,...Rocked.
Isabella,I believe!
Isabella,Great job!
Isabella,Get teeny.
Isabella,"(offscreen) Yeah, Mom!"
Isabella,All right.
Isabella,Thank you.
Isabella,And say...
Isabella,Now what?!
Isabella,(noticing Perry's absence) He's gone!
Isabella,Excuse me?
Isabella,That's it.
Isabella,"Okay, Mom."
Isabella,Seahorses!
Isabella,"Oh, I see."
Isabella,Now what?!
Isabella and Baljeet,All right!
Isabella-2,I got it!
Isabella-2,"Aye, aye!"
Isabella,And this.
Isabella-2,"Yes, sir!"
Isabella,And Ferb.
Isabella,S'Winter?
Isabella,Have fun!
Isabella,Let's go.
Isabella,I see it!
Isabella,"(From behind the boss) Hey, you!"
Isabella,(gasps) I got it!
Isabella,Paranoid.
Isabella,Look out!
Isabella,Han Solo.
Phineas and Isabella,Ahhhhh...
Isabella,I got it!
Isabella,Incoming!
Isabella,The Beak!
Isabella,Good boy!
Isabella-2,Bo staff.
Isabella,I'm good!
Isabella,Bye Meap!
Isabella,Ya think?
Isabella,(she and Baljeet applaud) Nice one!
Isabella,"Uh, yeah."
Isabella,"Hi, guys!"
Isabella,(Off screen) I got it!
Isabella,"(Screams while zooming through the life ring tube. Finally, she lands at the top) Awesome."
Isabella,Phineas?
"Isabella, Buford, Baljeet, Vivian",Goodbye!
Isabella,Aye-aye.
Isabella,Woo-woo!
Isabella,You bet.
Isabella,But how?
Isabella,Striped.
"Isabella, Baljeet and Irving",Ohhhhhh.
Isabella,Phineas?
Isabella,Hi guys.
Isabella,Phineas!
Isabella,So long!
Isabella,Phineas!
Isabella,Phineas!
"Fireside Girls, Isabella and Buford",Yes sir! (Everyone hyperventilates and the bubble floats high over the buildings)
Isabella,Really?!
Isabella,Oh. Huh.
Isabella,Oh yeah!
Isabella,Woo-hoo!
Isabella,Phineas! (She screams as she gets taken in by the beasts)
Isabella,Goodbye! (Meap's ship takes off)
Isabella,Dang it!
Isabella,Woo-hoo!
Isabella,"""Couch""."
Isabella,(opens mouth) Ahhhh...
Phineas/Isabella,Yee-haw!
Isabella,Candace!
Isabella,Quickly!
Isabella and Buford,(before he finishes) Baljeet!
Isabella,Candace!
Isabella,Come on!
Isabella,Candace!
Doof zombie (Isabella),...me...
Princess Isabella,My hero!
Isabella,Nothing!
Isabella and Phineas,Baljeet?
Phineas and Isabella,Baljeet!
Phineas and Isabella,Woo-hoo!
Isabella,(gets nervous) Oh boy!
"Buford, Isabella, Ferb, Phineas",Hooray!
Isabella,Really?
Isabella,Buford!
Isabella,Thanks. (She walks off)
Isabella,Woohoo!
Isabella,"Oh, no!"
Isabella,See ya!
Isabella,Hasn't!
Phineas and Isabella,Buford!
Isabella,Woohoo!
Isabella,Thanks.
Isabella,(romantically) Really?
Isabella,Really?
Isabella,(holds it) Gladly!
Isabella,Me too.
Isabella,Wheeee!
Isabella,Really?
Isabella,"(""accidentally"" losing a slipper) Whoops!"
Isabella,Extras!
Baljeet and Isabella,Oooooh!
Isabella,Really?
Isabella,See ya.
Isabella,No! No!
Isabella,Me too!
Isabella,Forced?
Past Isabella,Thanks. (She disappears.)
Isabella,Okay...
Isabella,Really?
Isabella,See ya.
Isabella,(in the hair dryer) Boo-ya!
Isabella,Denied!
Isabella,I know! (squirts some shaving cream on Candace's head)
Isabella,Milly!!
Isabella,"(after a pause, annoyed) Peachy."
Phineas/Ferb/Isabella,WooHoo!
Isabella,Buford!
Isabella,Sweet!
Isabella,Check.
Isabella/Buford,Maybe.
"Buford, Isabella",Ready!
Isabella,Uh-oh!
Candace/Baljeet/Isabella,Aww...
Isabella/Baljeet/Buford,Oh no!
Phineas and Isabella,Steve?
"Phineas, Isabella, Buford, and Baljeet",Ferb!!
Isabella,Grrrr!
Isabella,"(Takes out a ""camera"") Smile."
Isabella,Won't!
Isabella,"Grrrr! (Isabella reacts the same way as before but instead of breaking her pencil, her head explodes.)"
Isabella,Girls! (taps again)
Isabella,What?!
Isabella,Bravo.
Isabella,Ready!
Isabella,...No.
Princess Isabella,Great!
Isabella,Nope.
Isabella and Ginger,(Sliding down) I do!
Isabella,Look!
Phineas and Isabella,Ferb!
Isabella,Ahoy!
"Isabella, Buford and Baljeet",Yeah.
Isabella,I am!
Isabella,(Looks embarrassed at Candace) Hehe…
Isabella,(sighs) 10.0!
Isabella,Cool!
Isabella,What?
Isabella,(Completely deadpan) What.
Isabella,Whoa.
"Linda, Lawrence, Phineas, Ferb, Isabella, Buford, Baljeet",Awww.
Isabella,I do.
Isabella,Tube?
Isabella,Okay.
Isabella,But--
Isabella-2,What?
Isabella,Hmmm.
Isabella,Yeah!
Isabella,Yeah.
Isabella,Ooh?!
Phineas and Isabella,(After cutting Rover off) A-ha!
Isabella,What?
Isabella,What?
Isabella,"(firmly) Good. (she grabs him and kisses him right on the lips, Phineas gasps)"
Isabella,Cool!
Phineas and Isabella,Whoa.
Isabella,Okay.
Isabella,(Hiccups) Darn.
Isabella,Nope.
Isabella,Um...
Isabella,Whoo!
Isabella,"Lean! (this time, everyone slams against the side and the bubble swerves into an alleyway)"
Isabella,Sure.
Isabella,Yeah!
Isabella,Ah...
Phineas and Isabella,Whoa! (They run away but Ferb stays put.)
Isabella,Yay!
Phineas/Isabella,Eww! (laugh)
Isabella,Yay!
Isabella,Yes!
Isabella,"Ooh. (She notices a pony, Harp strumming, pony whinnies)"
Isabella,Hey!
Isabella,(At the camera) Yes!
Isabella/Baljeet/Buford,Aww.
Phineas & Isabella,Duh!
Isabella,(gasps) Wow! (takes his hand)
Buford and Isabella,Duh!
"Ferb, Isabella, Baljeet, Buford",(without looking around) Hey.
Isabella,Yes!
Isabella,Yep.
Isabella,Why?
Isabella,"Mom! (She rushes over to a trench in the ground, where she finds her mom)"
Isabella,Wow!
Isabella,Yay!
Isabella,Ooh.
Isabella/Buford/Baljeet,Yes.
Isabella,Ooh!
"Phineas, Ferb, Buford, Baljeet, Isabella, Django, Luc Robitaille",Ham! (Linda takes the picture)
"Phineas, Ferb, Meap and Isabella",RUN!
Isabella,Wow!
Isabella,Yes.
Isabella,Ah! (The boys land on Isabella with a thud and everyone laughs about it)
Isabella,Oh.
Phineas/Buford/Isabella,Me!
Isabella,Oh.
Isabella,Uh-
Isabella,Me?
Isabella and Buford,(Slow motion) No!
"Isabella, Buford and Baljeet",No!
Isabella,(gasps) Oh! (gasps)
Buford and Isabella,(raising their hands) Me!
"Phineas, Ferb, Buford, Baljeet, Isabella",Me!
Isabella,Oy. (runs off)
Isabella,Uh-
Isabella,Ah!
"Isabella, Baljeet and Irving",Me!
Isabella,Me!
Phineas & Isabella,Ew!
Isabella,Ew!
Isabella,(Hiccups)
"Isabella-2, Holly-2 and Adyson-2",(gasp)
Phineas and Isabella,(scream)
Isabella,(Hiccups)
Isabella,(gasps)
Isabella,(gasps before running over)
Isabella,(cackles)
Isabella,(gasps)
Isabella,(gasps)
Isabella,(gasps with her cute eyes)
Isabella,(points and clicks tongue in a bored manner)
"Isabella, Baljeet, Carl, and Phineas",(cheering and laughing)
Isabella,(gasps)
Isabella,(Hiccups)
Isabella,(screams)
Isabella,(screams)
Isabella,
Isabella,
Isabella,
